node,betweeness_centrality,node_type
ETS1,0.0117727130078189,gene/protein
RELA,0.005308070139536568,gene/protein
type 2 diabetes mellitus,0.0050682024653943515,disease
UBC,0.004972769407021046,gene/protein
X-linked intellectual disability,0.004838565113749333,disease
NFKB1,0.004581574950921495,gene/protein
EGFR,0.004375823992910721,gene/protein
SOD1,0.004013845533640048,gene/protein
Immunodeficiency,0.0038255261494082467,immune_effect/phenotype
HNF4A,0.003513809461107816,gene/protein
SIRT1,0.003103453850108164,gene/protein
TNF,0.002840048548622717,gene/protein
TGFB1,0.002165698015126895,gene/protein
PPARG,0.0021225190503230927,gene/protein
diabetes mellitus (disease),0.001989588336706413,disease
hepatocellular carcinoma,0.0017696929546520157,disease
TNFRSF1A,0.0017596397085084144,gene/protein
autosomal recessive spinocerebellar ataxia,0.001628755830517506,disease
PTPN1,0.0016194742362976135,gene/protein
PAX6,0.0015107407715766164,gene/protein
PPARGC1A,0.0014682053320987409,gene/protein
PRKCB,0.0014093084621502867,gene/protein
BCL2L11,0.001367754523415539,gene/protein
retinitis pigmentosa,0.0013566230581585005,disease
PSMD6,0.001290643658939488,gene/protein
INSR,0.0011915835228046082,gene/protein
HMGA1,0.0011173603404865016,gene/protein
UBE2E2,0.0011007935269671946,gene/protein
MTNR1B,0.00098403009850958,gene/protein
ADIPOQ,0.000976511741703972,gene/protein
PPARA,0.0009372108413493096,gene/protein
SOD2,0.0009120267979098937,gene/protein
ID1,0.0009084324560144372,gene/protein
HMGA2,0.000885523102242001,gene/protein
HNF1A,0.0008736374639495868,gene/protein
NOS3,0.0008254516898742177,gene/protein
IRS2,0.0007255930004568717,gene/protein
VPS26A,0.0007117926331733544,gene/protein
SMAD5,0.0006897463953007651,gene/protein
CASP8,0.0006882302688400427,gene/protein
USP27X,0.0006855949041099068,gene/protein
HMG20A,0.0006766726163362016,gene/protein
lipodystrophy,0.0006751344137226898,disease
myopathy and diabetes mellitus,0.0006640706290555698,disease
STUB1,0.0006048197243350729,gene/protein
SNAP25,0.0005950380126473013,gene/protein
STAT3,0.0005932310661788642,gene/protein
GLP1R,0.0005892457319488331,gene/protein
VWA3B,0.0005810460654708142,gene/protein
NOTCH2,0.0005785545504459484,gene/protein
TCF7L2,0.0005751632914066784,gene/protein
TAF1,0.0005584315643555463,gene/protein
PRKCA,0.0005555831647826801,gene/protein
INS,0.0005517017234505666,gene/protein
NOS2,0.0005279862792695772,gene/protein
monosomy X,0.0005221719587303817,disease
IRS1,0.0005056231486060599,gene/protein
microcephalic osteodysplastic primordial dwarfism,0.0004895883598483575,disease
PIN1,0.0004864152032084182,gene/protein
SLC30A8,0.0004634466539736615,gene/protein
SMAD3,0.0004576572400779437,gene/protein
GATA2,0.00045297854849645375,gene/protein
MID2,0.00043486838755207305,gene/protein
CASP3,0.00042938858196735696,gene/protein
TCF4,0.000414910745855882,gene/protein
Peripheral neuropathy,0.0004136557142274136,effect/phenotype
WFS1,0.00040478769183421306,gene/protein
JUN,0.0004024303322717177,gene/protein
AURKA,0.0004024074358576655,gene/protein
ICAM1,0.0004002340627885191,gene/protein
CNKSR2,0.0003778994902082036,gene/protein
maturity-onset diabetes of the young,0.0003752234273471991,disease
EGR1,0.00037306597305524706,gene/protein
INPPL1,0.0003535569972475091,gene/protein
GNB3,0.0003488157009927212,gene/protein
CERKL,0.00033718947147893494,gene/protein
maternally-inherited diabetes and deafness,0.0003369554496323999,disease
NFYC,0.00033675288667302667,gene/protein
neonatal diabetes mellitus,0.0003352187572541133,disease
TNFRSF1B,0.000333183115312093,gene/protein
NFATC2,0.00032676855990299133,gene/protein
PRKDC,0.0003223181704705525,gene/protein
RNF6,0.00031353233334901906,gene/protein
VIM,0.0003019164267931106,gene/protein
MYC,0.0002991036837566711,gene/protein
HUWE1,0.0002982035928073777,gene/protein
YBX1,0.0002900213514647287,gene/protein
MAEA,0.00028747572181364773,gene/protein
SFRP4,0.00028564559356105963,gene/protein
melioidosis,0.00028534111671977267,disease
CISD2,0.000277733539365268,gene/protein
SHBG,0.0002741339694573607,gene/protein
FTO,0.00027212698151662023,gene/protein
REST,0.00026988569794810657,gene/protein
PCNT,0.00026909554257794564,gene/protein
MAPK8IP1,0.0002659004321437842,gene/protein
NEUROD1,0.0002657048667304504,gene/protein
ATF3,0.00026427848764226273,gene/protein
PKP2,0.00026228814936308235,gene/protein
PROX1,0.00025635682745717283,gene/protein
USP9X,0.00025446771486919333,gene/protein
SUMO2,0.0002527701562791017,gene/protein
SMAD4,0.00025266314019173396,gene/protein
EP300,0.00024998927469526875,gene/protein
RPS6KA3,0.00024519595025566113,gene/protein
ECE1,0.0002444635924809883,gene/protein
congenital bile acid synthesis defect,0.00024349949649561588,disease
SNAI1,0.00024206511776084043,gene/protein
SLC2A1,0.00023822817873173,gene/protein
NFKBIA,0.00023809846032487922,gene/protein
TIMP1,0.00023420240581807397,gene/protein
SP1,0.00023377002291213376,gene/protein
HNF1B,0.00023289114868936506,gene/protein
YWHAB,0.00022921525831985418,gene/protein
STAT1,0.00022810299398339043,gene/protein
KCNQ1,0.00022485712852657439,gene/protein
UCP2,0.00022053207769324605,gene/protein
RNU4ATAC,0.00021904953830046084,gene/protein
ABCD3,0.00021827947082265014,gene/protein
HP,0.00021547086461139644,gene/protein
LEP,0.00021099759935648674,gene/protein
CPT1A,0.0002109915782623869,gene/protein
S100A6,0.0002093124238689181,gene/protein
MAPK1,0.00020671306062612505,gene/protein
FLNA,0.00020644162627884936,gene/protein
NUS1,0.00020437760763253204,gene/protein
SRC,0.0002038716996432985,gene/protein
STMN1,0.00020329070181697342,gene/protein
EDN1,0.00020142485951623693,gene/protein
THADA,0.00019707540457821092,gene/protein
LEPR,0.00019501115764910092,gene/protein
EPHA2,0.00019479753680193032,gene/protein
PAM,0.00019436534181002278,gene/protein
CCL5,0.00019199927334755362,gene/protein
EPAS1,0.00019183582550106468,gene/protein
GRB2,0.00019070911473463255,gene/protein
HK1,0.00018106708874552472,gene/protein
GNG4,0.00017971432874746337,gene/protein
IRAK1,0.00017263848313384608,gene/protein
UBE2A,0.00017263848313384608,gene/protein
HMOX1,0.0001726316817802654,gene/protein
IDE,0.00017136390773460266,gene/protein
SLC1A2,0.000164661419091364,gene/protein
BCL2,0.00016455879704026615,gene/protein
Kennedy disease,0.00016018106635746975,disease
HIF1A,0.0001580112633238063,gene/protein
ATF6,0.0001544409711867162,gene/protein
BCL2L1,0.00015028987300628514,gene/protein
DGKD,0.00014647782791712147,gene/protein
PLS3,0.0001464292476641158,gene/protein
SNX14,0.0001421685349241902,gene/protein
PRPF6,0.00014107204580260965,gene/protein
GLI1,0.0001410056697961099,gene/protein
HSPA5,0.0001383543855837515,gene/protein
ESR2,0.00013496596352648307,gene/protein
FOXP3,0.00013471912990363496,gene/protein
IGF2BP2,0.00013394363235381553,gene/protein
JADE2,0.00013378252116447555,gene/protein
KPNA1,0.0001324931820774617,gene/protein
ZC3HC1,0.00013191475562204596,gene/protein
ITGA1,0.00013185423049423683,gene/protein
KRT17,0.00013160719670107408,gene/protein
KPNA5,0.00013160719670107408,gene/protein
obesity disorder,0.00013056188241873065,effect/phenotype
PFN1,0.0001291847936148834,gene/protein
Autosomal dominant inheritance,0.00012795223175892447,effect/phenotype
JUND,0.00012639687269109476,gene/protein
EPHA4,0.0001248635710633033,gene/protein
PTK2B,0.0001243624408738642,gene/protein
GRB14,0.0001233662459006019,gene/protein
FOS,0.0001216629716017333,gene/protein
KCNK16,0.00012053933394300607,gene/protein
EPC2,0.00011997965784099261,gene/protein
USP48,0.00011801886672305247,gene/protein
SMAD2,0.00011767636481902585,gene/protein
CTNNB1,0.00011629778594227075,gene/protein
SPI1,0.00011601787107338574,gene/protein
IKBKG,0.00011594902547606532,gene/protein
BRAF,0.00011560068953826669,gene/protein
PRKACA,0.00011422871331752516,gene/protein
MDM2,0.00011238429717721666,gene/protein
CTCF,0.00011183515336028454,gene/protein
HTT,0.00011136308194926989,gene/protein
CDKAL1,0.00011118810567232363,gene/protein
PPM1B,0.0001109887417193187,gene/protein
NR3C1,0.00010620154103106463,gene/protein
UBE3A,0.00010596642886050156,gene/protein
CCND2,0.00010480515356080533,gene/protein
MEN1,0.00010444463790879181,gene/protein
KCNJ11,0.00010420241368899763,gene/protein
SOCS3,0.00010415154693426422,gene/protein
GCG,0.00010279951582407425,gene/protein
AUTS2,0.00010244508895140975,gene/protein
MIRLET7D,0.00010213405606032748,gene/protein
diabetic ketoacidosis,0.00010087625066905881,disease
HHEX,9.912812095808654e-05,gene/protein
SREBF1,9.883793037381887e-05,gene/protein
RNF2,9.77253694572446e-05,gene/protein
RAF1,9.658558580816185e-05,gene/protein
ATP6AP2,9.64565689898449e-05,gene/protein
MOK,9.542281042793823e-05,gene/protein
KSR2,9.291123378873122e-05,gene/protein
sideroblastic anemia,9.095688186931267e-05,disease
E2F4,8.947664318828744e-05,gene/protein
PAX4,8.946718530741355e-05,gene/protein
GNAI2,8.943700229541164e-05,gene/protein
STX1A,8.92993901091624e-05,gene/protein
IRF7,8.658293983206769e-05,gene/protein
DNA ligase IV deficiency,8.615175902359801e-05,disease
BTRC,8.499228114376386e-05,gene/protein
PRKAA1,8.49273753030711e-05,gene/protein
PSME2,8.40837154459818e-05,gene/protein
CAT,8.265673835285633e-05,gene/protein
osteomyelitis (disease),8.225550940365289e-05,disease
PHF8,8.174096758260193e-05,gene/protein
CASK,8.174096758260193e-05,gene/protein
RETN,8.153241361735538e-05,gene/protein
PIM1,8.118301342587753e-05,gene/protein
RBM4,8.054918838671986e-05,gene/protein
tuberculosis,8.024453094902712e-05,disease
HBA1,7.900566754359567e-05,gene/protein
PPP2CA,7.88752050793003e-05,gene/protein
ZNF263,7.868842001540412e-05,gene/protein
LYL1,7.8664356868786e-05,gene/protein
PDX1,7.849053316316133e-05,gene/protein
MAPK6,7.748822377625152e-05,gene/protein
PML,7.743837244363923e-05,gene/protein
BCL10,7.679854168665031e-05,gene/protein
GATA3,7.673256667442715e-05,gene/protein
TSC1,7.654316865730606e-05,gene/protein
periodontitis,7.640126752459856e-05,disease
AKT2,7.560566984653206e-05,gene/protein
AP3S2,7.508083907108199e-05,gene/protein
OGG1,7.405113141160072e-05,gene/protein
NR2E3,7.392089042759725e-05,gene/protein
SLC2A4,7.348073690125411e-05,gene/protein
ENPP1,7.33220193792091e-05,gene/protein
ARHGEF6,7.325344493106532e-05,gene/protein
HSPE1,7.302231935620787e-05,gene/protein
CYP1A2,7.258900746218234e-05,gene/protein
MAP3K5,7.083461125415327e-05,gene/protein
KIAA1549,7.053295475498767e-05,gene/protein
PLEKHA1,6.953971317585149e-05,gene/protein
CCDC92,6.945505304060138e-05,gene/protein
PIK3R1,6.917346684096458e-05,gene/protein
MIR126,6.914929049753355e-05,gene/protein
TBP,6.913721543679546e-05,gene/protein
REL,6.905094696641586e-05,gene/protein
MRAS,6.905052872383554e-05,gene/protein
SUMO1,6.800691435486416e-05,gene/protein
RIPK1,6.763912263080168e-05,gene/protein
TRAF6,6.741290051625823e-05,gene/protein
pneumonia,6.672133501397107e-05,disease
ST6GAL1,6.665677889936008e-05,gene/protein
FGF21,6.656040934372832e-05,gene/protein
MAPK14,6.538839788096725e-05,gene/protein
PPARD,6.471406722584794e-05,gene/protein
TRIM28,6.444775928984914e-05,gene/protein
FLOT1,6.437898904324582e-05,gene/protein
NEDD4,6.30409635406737e-05,gene/protein
ITGB1,6.266358660486418e-05,gene/protein
urinary tract infection (disease),6.207801285523456e-05,disease
UBA1,6.180507143416165e-05,gene/protein
narcolepsy,6.102197763149224e-05,disease
XRCC1,6.0974620862705725e-05,gene/protein
IFNGR2,6.034255629055123e-05,gene/protein
CDO1,6.025689699536333e-05,gene/protein
TNIK,5.9689979294749016e-05,gene/protein
PCMT1,5.903142216210408e-05,gene/protein
HLA-DRB5,5.8753246960307176e-05,gene/protein
HNRNPD,5.8655254193097215e-05,gene/protein
KPNB1,5.821094242335369e-05,gene/protein
RUBCN,5.7790790454392114e-05,gene/protein
APEX2,5.765717921881433e-05,gene/protein
PKM,5.7587802135705415e-05,gene/protein
ABCC8,5.73610460460916e-05,gene/protein
TRIM37,5.6298597782776955e-05,gene/protein
GLIS3,5.598451890877766e-05,gene/protein
PMPCA,5.548845184632244e-05,gene/protein
WWOX,5.548845184632244e-05,gene/protein
CAPN10,5.5147594325937855e-05,gene/protein
IQGAP1,5.5062787791361865e-05,gene/protein
Hyperglycemia,5.500890031483565e-05,effect/phenotype
MAPK11,5.430521702283953e-05,gene/protein
TRAF4,5.416655862045947e-05,gene/protein
SLC22A3,5.368425509045378e-05,gene/protein
SCTR,5.321208634279533e-05,gene/protein
XRCC4,5.2695223251832436e-05,gene/protein
folliculitis,5.268549420563075e-05,disease
NCK1,5.260258305982323e-05,gene/protein
CEBPB,5.2338675005743526e-05,gene/protein
HMGB1,5.223203581472377e-05,gene/protein
GNAS,5.1997765553600165e-05,gene/protein
PRDX3,5.13296319681085e-05,gene/protein
ZBTB5,5.07871115852145e-05,gene/protein
PSTPIP1,5.0745352848011717e-05,gene/protein
IL13RA1,4.941894906701029e-05,gene/protein
YWHAG,4.8603083646006824e-05,gene/protein
HBG2,4.834194854895317e-05,gene/protein
NEK2,4.7912513339713454e-05,gene/protein
GNAI3,4.770623870176467e-05,gene/protein
IFT140,4.738224256777234e-05,gene/protein
AHI1,4.738224256777234e-05,gene/protein
UBXN7,4.650799809005695e-05,gene/protein
FGFR1,4.579968734257423e-05,gene/protein
PSMD2,4.579220116338171e-05,gene/protein
PTPN6,4.527543556855272e-05,gene/protein
PPM1A,4.5073116737735154e-05,gene/protein
GNB1,4.49993363200781e-05,gene/protein
EDNRA,4.4580550541556655e-05,gene/protein
PCSK2,4.446846765444587e-05,gene/protein
LDHA,4.423461350443495e-05,gene/protein
GATA1,4.385998831035866e-05,gene/protein
RELB,4.374129924032823e-05,gene/protein
ZFAND3,4.350775049895072e-05,gene/protein
MTOR,4.337018302696845e-05,gene/protein
RBBP6,4.328783010548896e-05,gene/protein
YWHAZ,4.3229172568503035e-05,gene/protein
PSEN1,4.2368464963619695e-05,gene/protein
ATP2A2,4.228292352758919e-05,gene/protein
MAPT,4.216080992253419e-05,gene/protein
IL7R,4.190338923393769e-05,gene/protein
Penetrating foot ulcers,4.176023745472596e-05,disease
SET,4.1741433016291374e-05,gene/protein
UBE2I,4.1409847946138356e-05,gene/protein
PSMD8,4.0636929876812366e-05,gene/protein
NFYB,4.0287542476656175e-05,gene/protein
ERBB2,3.9856115664430446e-05,gene/protein
KPNA2,3.952057502023899e-05,gene/protein
SH3KBP1,3.951873484332555e-05,gene/protein
NFATC3,3.944377806774005e-05,gene/protein
HNRNPAB,3.930186219857035e-05,gene/protein
MAPK8,3.9200600748875766e-05,gene/protein
EDNRB,3.915132503669773e-05,gene/protein
GSTM1,3.85707052930554e-05,gene/protein
LMNA,3.856101748177551e-05,gene/protein
CCN3,3.775133006383004e-05,gene/protein
ITLN1,3.762224049938697e-05,gene/protein
BCL2L13,3.762043882059625e-05,gene/protein
SMARCD2,3.759710944274203e-05,gene/protein
RAC1,3.748697924098837e-05,gene/protein
NFE2L2,3.741277119894513e-05,gene/protein
GSK3B,3.735083131347927e-05,gene/protein
PSMC1,3.715708290914915e-05,gene/protein
PSMD11,3.700998712740632e-05,gene/protein
SOX2,3.672887614338152e-05,gene/protein
KAT2A,3.653409267280831e-05,gene/protein
HLA-B,3.6529196510208275e-05,gene/protein
PSMD4,3.621251619550345e-05,gene/protein
CTNND1,3.613459103261486e-05,gene/protein
SGK1,3.607487905278566e-05,gene/protein
KAT5,3.576960678918852e-05,gene/protein
MIR203A,3.5769390347289806e-05,gene/protein
DAXX,3.574696001517671e-05,gene/protein
PLA2G4A,3.5558351691975476e-05,gene/protein
JAK2,3.546676877508572e-05,gene/protein
Recurrent bacterial infections,3.530762828429998e-05,effect/phenotype
MORF4L1,3.519440329430939e-05,gene/protein
IGF1R,3.516423724074871e-05,gene/protein
PIK3CD,3.4907122516207245e-05,gene/protein
DTL,3.4679071579272685e-05,gene/protein
PRKCZ,3.4495516033856394e-05,gene/protein
SUZ12,3.404683513601402e-05,gene/protein
UBE2K,3.396996512444938e-05,gene/protein
TNS2,3.387417633469494e-05,gene/protein
LIG4,3.378960014944613e-05,gene/protein
JUP,3.3332259414342043e-05,gene/protein
USF2,3.312928486459547e-05,gene/protein
GNB2,3.3079933951571e-05,gene/protein
H1-3,3.280758811471499e-05,gene/protein
IKBKB,3.27068713176196e-05,gene/protein
C3,3.249464615294914e-05,gene/protein
PICK1,3.246468485564296e-05,gene/protein
TP53,3.233265547965113e-05,gene/protein
ESR1,3.21622445114081e-05,gene/protein
JAZF1,3.188757994995354e-05,gene/protein
MAP3K7,3.1639513607191905e-05,gene/protein
H1-5,3.114605986851196e-05,gene/protein
MAPK3,3.109896794775996e-05,gene/protein
MUC1,3.102202413663582e-05,gene/protein
TNFAIP3,3.0332057857311116e-05,gene/protein
STAT2,3.0299765894273704e-05,gene/protein
FOXO3,3.0243027460508688e-05,gene/protein
CMIP,3.0149768912953225e-05,gene/protein
PSMD5,3.0095220865498785e-05,gene/protein
CCL4,2.998398814848926e-05,gene/protein
ERBB3,2.9727059756636995e-05,gene/protein
VASN,2.9684222913451372e-05,gene/protein
ELAVL1,2.944055839436966e-05,gene/protein
KL,2.9152599645698325e-05,gene/protein
H3C7,2.910319432913336e-05,gene/protein
PRKCD,2.8977445560398212e-05,gene/protein
HSPA4,2.8658763422551235e-05,gene/protein
SOCS2,2.8635024006852214e-05,gene/protein
PIAS1,2.854346307944287e-05,gene/protein
HSPB1,2.8212453915449776e-05,gene/protein
EIF6,2.8134675802115575e-05,gene/protein
SUOX,2.8093877955166816e-05,gene/protein
ADAM17,2.7917864762517552e-05,gene/protein
cellulitis (disease),2.749768346113881e-05,disease
MAPK7,2.740302473526663e-05,gene/protein
DYNLL1,2.7348980827301268e-05,gene/protein
E2F1,2.732280138069208e-05,gene/protein
RAD23B,2.6663249612460108e-05,gene/protein
TYK2,2.6395465528182125e-05,gene/protein
RB1,2.630590361732976e-05,gene/protein
GAPDH,2.5843246735566274e-05,gene/protein
PTEN,2.527778874176536e-05,gene/protein
RPGRIP1,2.5009615783428602e-05,gene/protein
PSMD1,2.4940037688691037e-05,gene/protein
SLC2A2,2.4919308044368947e-05,gene/protein
HSPA8,2.4767327119426434e-05,gene/protein
GNAQ,2.439633682909761e-05,gene/protein
GNA12,2.439633682909761e-05,gene/protein
C2CD4A,2.4237797166476278e-05,gene/protein
CDK1,2.423032933710128e-05,gene/protein
RUVBL2,2.4215799068642574e-05,gene/protein
GNAI1,2.393426345167537e-05,gene/protein
GCGR,2.375047501088038e-05,gene/protein
PPP2R1A,2.362314476829176e-05,gene/protein
RAB4A,2.3262668556025277e-05,gene/protein
SMARCA2,2.3262668556025277e-05,gene/protein
GCKR,2.300527599219277e-05,gene/protein
GPM6B,2.2644388273033762e-05,gene/protein
PRKN,2.2125383971636535e-05,gene/protein
TP73,2.2022841711500822e-05,gene/protein
CTNND2,2.1767620673943865e-05,gene/protein
TRAF1,2.1728597420637628e-05,gene/protein
YWHAE,2.1613830479934128e-05,gene/protein
ILF3,2.1532283103916835e-05,gene/protein
C5AR2,2.1432475074458774e-05,gene/protein
TCTN2,2.0912480517611834e-05,gene/protein
ST14,2.0864827365315086e-05,gene/protein
BAX,2.0864091245313963e-05,gene/protein
TMEM18,2.0838485634912126e-05,gene/protein
PRDX1,2.078822761707478e-05,gene/protein
FN1,2.075022607747938e-05,gene/protein
IFNG,2.0648075182985078e-05,gene/protein
MET,2.0604091331328823e-05,gene/protein
PIK3CA,2.053648913981052e-05,gene/protein
PTPN12,2.0325448174633896e-05,gene/protein
HSP90AA1,2.0268153280691633e-05,gene/protein
PRCC,2.0257956845133687e-05,gene/protein
FEN1,2.0257956845133687e-05,gene/protein
CYBA,1.9980324152199733e-05,gene/protein
PSMD10,1.992582283530699e-05,gene/protein
MECP2,1.9912979467287087e-05,gene/protein
Recurrent Staphylococcus aureus infections,1.988650383137794e-05,effect/phenotype
RANBP9,1.987038820021037e-05,gene/protein
Recurrent Klebsiella infections,1.952565603535608e-05,effect/phenotype
MAFK,1.9488054057341764e-05,gene/protein
HLA-A,1.9058447433550628e-05,gene/protein
BLK,1.88906786987743e-05,gene/protein
HSPD1,1.8771462592284103e-05,gene/protein
Recurrent streptococcus pneumoniae infections,1.8635814405624207e-05,effect/phenotype
PCNA,1.861856224577269e-05,gene/protein
PSMA7,1.851806656478299e-05,gene/protein
FAM234A,1.847243353222104e-05,gene/protein
PSMA4,1.8201347088371e-05,gene/protein
CRK,1.813967677787505e-05,gene/protein
CCT7,1.8009939350337318e-05,gene/protein
PRKAR1A,1.7807154760188813e-05,gene/protein
VCAM1,1.7780229698681773e-05,gene/protein
SRP72,1.7536687067143677e-05,gene/protein
PTPN11,1.748249676303919e-05,gene/protein
NR4A1,1.7473659809028472e-05,gene/protein
CREBBP,1.7279653737412323e-05,gene/protein
PSMB9,1.7244454049232385e-05,gene/protein
MMP3,1.7223450337810074e-05,gene/protein
PLK1,1.7049019160661585e-05,gene/protein
LRP2,1.7020927321086025e-05,gene/protein
RAP1A,1.66141977223776e-05,gene/protein
SQSTM1,1.646546542474284e-05,gene/protein
FYN,1.6441358783585253e-05,gene/protein
HSP90AB1,1.6420689918608326e-05,gene/protein
RUVBL1,1.6313757092528814e-05,gene/protein
ITK,1.597572371624914e-05,gene/protein
CMTM7,1.5889958059020538e-05,gene/protein
LYN,1.5754386189137498e-05,gene/protein
NR3C2,1.5582582683240326e-05,gene/protein
NUBP2,1.5525496568362206e-05,gene/protein
Bacteremia,1.5471363114935443e-05,disease
CLDN14,1.5443367954394e-05,gene/protein
GPANK1,1.5435631257154385e-05,gene/protein
IFNAR2,1.538156094418628e-05,gene/protein
IFNGR1,1.538156094418628e-05,gene/protein
DFFA,1.529572456913171e-05,gene/protein
PSMB1,1.513189364412922e-05,gene/protein
NCOA1,1.5107581433862663e-05,gene/protein
PPP1CA,1.495398483371077e-05,gene/protein
JAK1,1.479912747028791e-05,gene/protein
PRKAB2,1.47780735264797e-05,gene/protein
RXRA,1.4728810166931191e-05,gene/protein
CHUK,1.4724905499899574e-05,gene/protein
CD247,1.4695437764448419e-05,gene/protein
RRAS,1.4622875110862146e-05,gene/protein
MDH2,1.4484087826105352e-05,gene/protein
PRKCSH,1.4484087826105352e-05,gene/protein
AR,1.4432958507948209e-05,gene/protein
MIR141,1.4370212634109093e-05,gene/protein
LMNB2,1.422408261095862e-05,gene/protein
PKN1,1.4173475823250628e-05,gene/protein
UBE2V2,1.4129054917559818e-05,gene/protein
MYO9A,1.412426333596777e-05,gene/protein
H2BC21,1.4073146029123112e-05,gene/protein
PSMB3,1.4045518219665766e-05,gene/protein
craniopharyngioma,1.4031476432041988e-05,disease
PKMYT1,1.4003411624020647e-05,gene/protein
WDR45B,1.3935164970135088e-05,gene/protein
PPP1R15A,1.3935164970135088e-05,gene/protein
IL4,1.3842692398741519e-05,gene/protein
CD99L2,1.3743165370206975e-05,gene/protein
Increased risk of pathogen mutation,1.3406212829539284e-05,effect/phenotype
TGFBR1,1.3353362448865636e-05,gene/protein
HSD3B7,1.3156591893450133e-05,gene/protein
GDF15,1.3021056716799393e-05,gene/protein
CDC42,1.2815597782931354e-05,gene/protein
STAT6,1.2759511360444602e-05,gene/protein
POU1F1,1.272422214235977e-05,gene/protein
TMUB1,1.2696005608471195e-05,gene/protein
NR1H4,1.2634837280147055e-05,gene/protein
HSPA1B,1.242534363950122e-05,gene/protein
MIR27A,1.236994956416215e-05,gene/protein
ST13,1.2326742403974175e-05,gene/protein
STK4,1.220375309066734e-05,gene/protein
PCBD1,1.2114565972259938e-05,gene/protein
NFYA,1.2013963973171385e-05,gene/protein
SERPINA1,1.1981293308502448e-05,gene/protein
RAB7A,1.187870077469549e-05,gene/protein
POU2F1,1.1865955375700339e-05,gene/protein
HBA2,1.1849692849285051e-05,gene/protein
HBB,1.1849692849285051e-05,gene/protein
APPL1,1.165798248874811e-05,gene/protein
HSPA9,1.1561022118611579e-05,gene/protein
SRPK1,1.1461239132990286e-05,gene/protein
RYBP,1.1405483012453471e-05,gene/protein
MYOC,1.1352489968655369e-05,gene/protein
FOXA1,1.1350647347724617e-05,gene/protein
TERF1,1.1310156031950823e-05,gene/protein
YY1,1.1295372018405206e-05,gene/protein
RAP1GDS1,1.123933746391909e-05,gene/protein
CREB3L1,1.117532456658837e-05,gene/protein
IGF2R,1.0937775523427966e-05,gene/protein
INPP5D,1.0869248924357329e-05,gene/protein
PKP4,1.065988244878959e-05,gene/protein
NRAS,1.0655151539073284e-05,gene/protein
JAK3,1.054432334220756e-05,gene/protein
SOCS1,1.0487618099754683e-05,gene/protein
CDK4,1.0403405420063305e-05,gene/protein
PAK1,1.030380012794286e-05,gene/protein
TPP1,1.0272080902334327e-05,gene/protein
TRIM27,1.0260864288077903e-05,gene/protein
AHCYL1,1.0201659611955359e-05,gene/protein
NFATC1,1.01899807409492e-05,gene/protein
YWHAH,1.0110075028084199e-05,gene/protein
MAP3K10,1.0042471996505112e-05,gene/protein
otitis externa,9.959587088130688e-06,disease
IRF1,9.953421060446729e-06,gene/protein
SSMEM1,9.888635831498495e-06,gene/protein
DCAF7,9.851754558193859e-06,gene/protein
CCDC6,9.786926638760885e-06,gene/protein
CD82,9.782690715205125e-06,gene/protein
BRCA1,9.719424313991076e-06,gene/protein
CAVIN1,9.660877331887776e-06,gene/protein
ATF2,9.607378370449021e-06,gene/protein
RAD51,9.28269799559455e-06,gene/protein
CD7,9.19271766079793e-06,gene/protein
MKRN3,9.192190252246731e-06,gene/protein
H2BC9,9.12042142205964e-06,gene/protein
EEF1A1,9.092180532659841e-06,gene/protein
NCOA4,9.012701848822745e-06,gene/protein
IL10,8.989223437147966e-06,gene/protein
SNX1,8.979147945436131e-06,gene/protein
SNX2,8.979147945436131e-06,gene/protein
autoimmune polyendocrine,8.909472102953307e-06,disease
HIPK2,8.893155596712236e-06,gene/protein
RIN1,8.882239005257204e-06,gene/protein
KRT1,8.882239005257204e-06,gene/protein
CUL2,8.881274504888035e-06,gene/protein
PPP4C,8.747081589058136e-06,gene/protein
Insulin resistance,8.632159728974992e-06,effect/phenotype
TOPORS,8.535573702802167e-06,gene/protein
IL13RA2,8.431911303809883e-06,gene/protein
SUV39H1,8.337394041519867e-06,gene/protein
BHMT,8.266781211206867e-06,gene/protein
CDK2,8.218079537331213e-06,gene/protein
PIAS2,8.091504336625087e-06,gene/protein
MBP,8.032091104545249e-06,gene/protein
MPZL1,7.885913578256287e-06,gene/protein
CCNK,7.852866461929188e-06,gene/protein
PHF14,7.852866461929188e-06,gene/protein
ELOVL4,7.846454893407375e-06,gene/protein
HSD17B11,7.817751161312359e-06,gene/protein
PRMT1,7.710826437319216e-06,gene/protein
MAT2A,7.675364317461814e-06,gene/protein
EIF2AK3,7.655237942427143e-06,gene/protein
AK2,7.649470519152934e-06,gene/protein
RNF5,7.58966786500329e-06,gene/protein
NR0B2,7.434106936878916e-06,gene/protein
NCF2,7.414147183086192e-06,gene/protein
RMDN3,7.3476483549732566e-06,gene/protein
PPP1R3A,7.245164285315185e-06,gene/protein
PITX3,7.184457541082514e-06,gene/protein
TSC2,7.164133130861236e-06,gene/protein
TFAP2C,7.142596543538361e-06,gene/protein
ATP6V0B,7.062191168232897e-06,gene/protein
AURKB,7.055104036957108e-06,gene/protein
HSPA1A,7.039621891182539e-06,gene/protein
HPX,6.949930135590307e-06,gene/protein
VDAC1,6.93775258606908e-06,gene/protein
ITGB2,6.914208333950532e-06,gene/protein
MYCN,6.8990760035528135e-06,gene/protein
YIPF6,6.895446977109924e-06,gene/protein
ERP29,6.889251091822508e-06,gene/protein
alpha-mannosidosis,6.86482689552581e-06,disease
PIK3R3,6.725356263079149e-06,gene/protein
DVL2,6.717448327886744e-06,gene/protein
MAD2L2,6.658005302668828e-06,gene/protein
MSN,6.5675360991517315e-06,gene/protein
FOXO1,6.524833265016001e-06,gene/protein
IL6,6.448941405648247e-06,gene/protein
IL2,6.443747026317668e-06,gene/protein
GP2,6.442922939992966e-06,gene/protein
CD44,6.411325561037555e-06,gene/protein
IL2RA,6.330200264214556e-06,gene/protein
NEDD8,6.243455456568612e-06,gene/protein
MED1,6.20733026643956e-06,gene/protein
SLC25A3,6.193845363250305e-06,gene/protein
HNRNPA1,6.078249222609601e-06,gene/protein
CLU,5.98661374488991e-06,gene/protein
EPRS1,5.905911094000599e-06,gene/protein
PSMA3,5.905188218227202e-06,gene/protein
ATG5,5.878193313514043e-06,gene/protein
MDFI,5.8042610418997015e-06,gene/protein
PTGDS,5.7875780068096325e-06,gene/protein
MCM3,5.773869019028315e-06,gene/protein
ILF2,5.773869019028315e-06,gene/protein
GSTP1,5.773869019028315e-06,gene/protein
MCM6,5.773869019028315e-06,gene/protein
MCM4,5.773869019028315e-06,gene/protein
Glucose intolerance,5.749986409123033e-06,effect/phenotype
APP,5.720376176820337e-06,gene/protein
BCR,5.650924056763619e-06,gene/protein
GRB10,5.612418509362761e-06,gene/protein
EBP,5.591240018428565e-06,gene/protein
NPM1,5.5211880129630645e-06,gene/protein
FAM9B,5.511088161115175e-06,gene/protein
KRT18,5.483934645402681e-06,gene/protein
IL2RG,5.4472133333032955e-06,gene/protein
TPR,5.349563986630476e-06,gene/protein
LNPEP,5.338734752781174e-06,gene/protein
GRM1,5.304402193740169e-06,gene/protein
CDH13,5.262825171245602e-06,gene/protein
ANKRD11,5.1440952534342205e-06,gene/protein
MTNR1A,5.1438109073303e-06,gene/protein
DDIT3,5.114615536752721e-06,gene/protein
UCHL1,5.1083590564136636e-06,gene/protein
NFKB2,5.1023788536719545e-06,gene/protein
RARA,5.096466798502076e-06,gene/protein
CEP55,5.088503870207395e-06,gene/protein
MAPK10,5.078711686031863e-06,gene/protein
ATP5F1A,5.070036333321353e-06,gene/protein
DBP,5.042712543143602e-06,gene/protein
ADAMTS9,5.00948016359569e-06,gene/protein
RBM39,4.948167311449494e-06,gene/protein
MED16,4.948167311449494e-06,gene/protein
MED14,4.948167311449494e-06,gene/protein
ZNRD2,4.9422085106075e-06,gene/protein
ITSN1,4.920018485080205e-06,gene/protein
LIPC,4.869021018698015e-06,gene/protein
GRK6,4.832842672581601e-06,gene/protein
UBB,4.831069535222681e-06,gene/protein
CD83,4.787884763936411e-06,gene/protein
SHC3,4.752109186587081e-06,gene/protein
HNRNPL,4.752019461596791e-06,gene/protein
CHEK2,4.696555892836969e-06,gene/protein
KMT2A,4.6351819602687245e-06,gene/protein
CLEC4G,4.619164422531815e-06,gene/protein
COPS5,4.589008873232792e-06,gene/protein
MAP2K6,4.586978762883114e-06,gene/protein
POU6F2,4.546561503961119e-06,gene/protein
MEF2D,4.526250115530959e-06,gene/protein
CTTN,4.48628619576872e-06,gene/protein
IGFBP1,4.4706415666532685e-06,gene/protein
ZMPSTE24,4.4447953451685855e-06,gene/protein
PLK3,4.359136800175195e-06,gene/protein
SFPQ,4.310390360213321e-06,gene/protein
ZBTB33,4.299711366299376e-06,gene/protein
GAB1,4.295898512830222e-06,gene/protein
EFEMP2,4.285037830707954e-06,gene/protein
TMEM237,4.279389849588511e-06,gene/protein
SCN3B,4.279389849588511e-06,gene/protein
SIX3,4.262694663864517e-06,gene/protein
TMEM63A,4.235819915564116e-06,gene/protein
CAV1,4.197016406101478e-06,gene/protein
AP3D1,4.186077154882994e-06,gene/protein
GP1BB,4.156632851807046e-06,gene/protein
KPNA3,4.156632851807046e-06,gene/protein
NR4A2,4.156632851807046e-06,gene/protein
NOTCH1,4.156632851807046e-06,gene/protein
DAG1,4.1222308416502414e-06,gene/protein
TRIB3,4.088663123979649e-06,gene/protein
MAPK9,4.048800770324044e-06,gene/protein
OTX1,4.035127768472323e-06,gene/protein
STK11,4.0303768414128715e-06,gene/protein
FANCC,4.019084437190756e-06,gene/protein
S100A4,4.007433125296092e-06,gene/protein
FKBP4,4.007433125296092e-06,gene/protein
CASP1,3.981211959209715e-06,gene/protein
PARK7,3.974720651760408e-06,gene/protein
CSNK1A1,3.909349201388096e-06,gene/protein
ELOC,3.908639542947712e-06,gene/protein
NDUFV1,3.908597895339861e-06,gene/protein
MAX,3.892784492767932e-06,gene/protein
UBL4A,3.85074843212003e-06,gene/protein
TP63,3.7891244902226265e-06,gene/protein
NCOR1,3.786067379049519e-06,gene/protein
ZPR1,3.7215501660729176e-06,gene/protein
ERCC4,3.7215501660729176e-06,gene/protein
SKI,3.6878734653955136e-06,gene/protein
CDKN1A,3.685429165110057e-06,gene/protein
TOP2A,3.6809609467330973e-06,gene/protein
MIR30A,3.6544586208397927e-06,gene/protein
ARVCF,3.652346009203022e-06,gene/protein
DERL1,3.6289171092980504e-06,gene/protein
CRYAB,3.6146075008079985e-06,gene/protein
IGF1,3.560863171388248e-06,gene/protein
VDR,3.548448413184164e-06,gene/protein
MIR10B,3.5249313304519317e-06,gene/protein
LCK,3.5069798191340406e-06,gene/protein
ZNF257,3.4971759656452236e-06,gene/protein
TMEM70,3.494037466691882e-06,gene/protein
PRDX6,3.4444498798193174e-06,gene/protein
PRDX2,3.4444498798193174e-06,gene/protein
TAGLN2,3.4444498798193174e-06,gene/protein
EIF3H,3.4444498798193174e-06,gene/protein
CIAO1,3.442951570161952e-06,gene/protein
Recurrent infections,3.3169996223379482e-06,effect/phenotype
MAP3K11,3.279254344355205e-06,gene/protein
IL16,3.273130493730371e-06,gene/protein
CLN3,3.222026320598696e-06,gene/protein
CALM3,3.2216844098322756e-06,gene/protein
SYK,3.2099365209695083e-06,gene/protein
SOS1,3.2099365209695083e-06,gene/protein
STRN,3.2099365209695083e-06,gene/protein
LMNB1,3.199575182590016e-06,gene/protein
SOCS6,3.136262833726539e-06,gene/protein
MAP2K1,3.131714532507247e-06,gene/protein
APOB,3.0922303841760057e-06,gene/protein
PEX19,3.073865749333582e-06,gene/protein
MLH1,3.068848522888439e-06,gene/protein
SNRNP200,3.0684414947947453e-06,gene/protein
RECQL5,3.0204961703502172e-06,gene/protein
TRIP6,2.952289928563193e-06,gene/protein
DAD1,2.9335516428876667e-06,gene/protein
DIRAS3,2.9182012194170156e-06,gene/protein
PLXNB1,2.8927264119448115e-06,gene/protein
PKLR,2.8927264119448115e-06,gene/protein
IFNB1,2.8612108472623366e-06,gene/protein
CCL2,2.8058371150009965e-06,gene/protein
PPP2R3A,2.792245593491686e-06,gene/protein
PTPRJ,2.792245593491686e-06,gene/protein
PRKAR1B,2.792245593491686e-06,gene/protein
KIF20B,2.7512549487713483e-06,gene/protein
SREBF2,2.726192504721838e-06,gene/protein
MEAF6,2.7048181240903873e-06,gene/protein
MAFG,2.680008585513882e-06,gene/protein
PPP2CB,2.6599771657007347e-06,gene/protein
FUS,2.6599771657007347e-06,gene/protein
CDC37,2.6595020519406932e-06,gene/protein
USP2,2.652863558937649e-06,gene/protein
TP53BP2,2.64300549054221e-06,gene/protein
RANBP1,2.6096554097562726e-06,gene/protein
EIF2S1,2.562585756943246e-06,gene/protein
SGTA,2.5567573839387047e-06,gene/protein
aromatase deficiency,2.5534935622171474e-06,disease
obesity due to CEP19 deficiency,2.4517238912592176e-06,disease
SEC23A,2.423257166931387e-06,gene/protein
C1orf109,2.40562242546389e-06,gene/protein
VAMP2,2.401739621376072e-06,gene/protein
TLE1,2.389052145901032e-06,gene/protein
CCL14,2.3787912230097045e-06,gene/protein
USP22,2.341200142751412e-06,gene/protein
obesity due to melanocortin 4 receptor deficiency,2.3407024320323853e-06,disease
ATP6V1C1,2.336192409107967e-06,gene/protein
PAX5,2.323806339585745e-06,gene/protein
STAM,2.3146795304880677e-06,gene/protein
BATF,2.3105013518122937e-06,gene/protein
CLNK,2.3092838413983547e-06,gene/protein
VPS35,2.3055238593164943e-06,gene/protein
TSLP,2.3038050300256766e-06,gene/protein
USF1,2.2787044365970827e-06,gene/protein
FZR1,2.2669668848349087e-06,gene/protein
SH2B3,2.1272248638532055e-06,gene/protein
EHHADH,2.1125855421313818e-06,gene/protein
ZC4H2,2.0704041604598143e-06,gene/protein
KAT2B,2.0643776098877283e-06,gene/protein
H4C14,2.0643776098877283e-06,gene/protein
NUTF2,2.0255670654674377e-06,gene/protein
CCND3,2.0011575870925184e-06,gene/protein
ataxia telangiectasia,1.954574870724676e-06,disease
BIK,1.9239816495577872e-06,gene/protein
TRAIP,1.910505987436673e-06,gene/protein
CORO1A,1.9079877477384004e-06,gene/protein
CCL20,1.8873937834702326e-06,gene/protein
IGFBP3,1.8782961793198482e-06,gene/protein
SNTA1,1.875153057972614e-06,gene/protein
BID,1.872120396598028e-06,gene/protein
PDPK1,1.8700765956483135e-06,gene/protein
GPX1,1.8672436250521777e-06,gene/protein
DHDDS,1.8607749278767355e-06,gene/protein
FOXA2,1.8207616211833979e-06,gene/protein
CDH1,1.813931904218545e-06,gene/protein
TIAM1,1.81181612922146e-06,gene/protein
IRF2,1.807158578030334e-06,gene/protein
IRF5,1.807158578030334e-06,gene/protein
SPARC,1.7944772574130509e-06,gene/protein
APOL2,1.7843915309281785e-06,gene/protein
CUL1,1.7784528384266249e-06,gene/protein
BMX,1.7686924568319935e-06,gene/protein
TRIM24,1.7631082533516918e-06,gene/protein
KMT2C,1.7631082533516918e-06,gene/protein
FANCI,1.7631082533516918e-06,gene/protein
PTGS2,1.761207053006789e-06,gene/protein
PSMB6,1.7509776597741602e-06,gene/protein
UCHL5,1.746675529099282e-06,gene/protein
IER3,1.7256153842961241e-06,gene/protein
ADRM1,1.7017372705173955e-06,gene/protein
ZFP36,1.6857852221875744e-06,gene/protein
KIF2C,1.6639091765943436e-06,gene/protein
KIF14,1.6639091765943436e-06,gene/protein
CYBC1,1.644595394824537e-06,gene/protein
UMPS,1.6440539903880781e-06,gene/protein
HDAC1,1.6394638358505932e-06,gene/protein
UBAC1,1.636336623171143e-06,gene/protein
GTF2B,1.613126504101922e-06,gene/protein
KCNA5,1.5927220868283833e-06,gene/protein
RHEB,1.5726376282635675e-06,gene/protein
PLEKHA5,1.5143031215285783e-06,gene/protein
NR1H2,1.5092099442440606e-06,gene/protein
BECN1,1.5080437424543767e-06,gene/protein
PCDHAC2,1.4832561548151053e-06,gene/protein
GPD2,1.4715152510002882e-06,gene/protein
GATA6,1.4465840038360126e-06,gene/protein
AXIN2,1.4279731294638915e-06,gene/protein
NEK6,1.4232358875796473e-06,gene/protein
BRAP,1.4069112037829336e-06,gene/protein
TERT,1.3967610126461505e-06,gene/protein
NRG1,1.3938396802514858e-06,gene/protein
BNIP3L,1.3657641722337597e-06,gene/protein
NKX6-1,1.3631695386517598e-06,gene/protein
YEATS4,1.354573492288526e-06,gene/protein
Increased inflammatory response,1.3514846758949681e-06,immune_effect/phenotype
ISG15,1.3469119908870602e-06,gene/protein
TFPI2,1.3469119908870602e-06,gene/protein
IQGAP2,1.3469119908870602e-06,gene/protein
FANCD2,1.324270554405777e-06,gene/protein
PIK3R2,1.3165199965325268e-06,gene/protein
PLCG1,1.3165199965325268e-06,gene/protein
Recurrent sinopulmonary infections,1.3160662002230515e-06,effect/phenotype
MYOG,1.307058893906343e-06,gene/protein
TLR4,1.2929839890662314e-06,gene/protein
ILVBL,1.2854591606734065e-06,gene/protein
CDK9,1.2648702945339911e-06,gene/protein
CDK3,1.264394806080906e-06,gene/protein
HDAC4,1.2629142666164383e-06,gene/protein
XPC,1.2534269235362018e-06,gene/protein
LRRTM1,1.2454253293476325e-06,gene/protein
PDAP1,1.2393867339777625e-06,gene/protein
IDH3B,1.2393867339777625e-06,gene/protein
RHOA,1.2244105619858008e-06,gene/protein
HAMP,1.2236400993316817e-06,gene/protein
CDK5,1.2072024778797911e-06,gene/protein
NEO1,1.2051267829876697e-06,gene/protein
IQGAP3,1.1981323324769778e-06,gene/protein
RAI1,1.177761957136933e-06,gene/protein
PRDX4,1.1643841608950974e-06,gene/protein
FOSL2,1.1457568181492112e-06,gene/protein
USP14,1.1362984716319087e-06,gene/protein
PAG1,1.1125260153615316e-06,gene/protein
Increased body weight,1.1030598521105464e-06,effect/phenotype
HRAS,1.099280548973949e-06,gene/protein
PSME1,1.093951766001944e-06,gene/protein
PEX5,1.0754272081903202e-06,gene/protein
MEOX2,1.0681077699436876e-06,gene/protein
NR2C2,1.0662157982066836e-06,gene/protein
IL27,1.0530740451325506e-06,gene/protein
BACH2,1.0373151285344677e-06,gene/protein
CDKN2A,1.0172772963120387e-06,gene/protein
MAP2K3,1.0148163713790189e-06,gene/protein
APOA1,1.0145897716428153e-06,gene/protein
PSMD14,9.99750057342049e-07,gene/protein
XIAP,9.88088941366125e-07,gene/protein
NR1H3,9.78939172302954e-07,gene/protein
ZYX,9.78939172302954e-07,gene/protein
PCK1,9.778113933539938e-07,gene/protein
NR1I3,9.778113933539938e-07,gene/protein
CANX,9.673299781603208e-07,gene/protein
SYS1,9.667476883022395e-07,gene/protein
SELENOK,9.667476883022395e-07,gene/protein
RTN3,9.667476883022395e-07,gene/protein
ATP13A1,9.667476883022395e-07,gene/protein
Abnormality of the dentition,9.584852646583205e-07,effect/phenotype
CCL3,9.56893039138617e-07,gene/protein
SKP2,9.56893039138617e-07,gene/protein
PKP1,9.56893039138617e-07,gene/protein
CASP10,9.356970898461206e-07,gene/protein
Recurrent gram-negative bacterial infections,9.326230443713956e-07,effect/phenotype
GAA,9.294433954873381e-07,gene/protein
CCL11,9.235355833617043e-07,gene/protein
MAP3K12,9.220788342248265e-07,gene/protein
MAP2K7,9.220788342248265e-07,gene/protein
GTF2H3,9.133432859251986e-07,gene/protein
acatalasia,8.973681608516524e-07,disease
SIN3A,8.87410109853167e-07,gene/protein
PTPN22,8.801921968863749e-07,gene/protein
VRK2,8.762979220671494e-07,gene/protein
SHH,8.7628765319806e-07,gene/protein
SLC35B4,8.745646490229308e-07,gene/protein
TMEM43,8.745646490229308e-07,gene/protein
TSC22D3,8.735780676757976e-07,gene/protein
CX3CL1,8.64260211271066e-07,gene/protein
HAGH,8.631985508569978e-07,gene/protein
GHRL,8.337509348416389e-07,gene/protein
ITPR3,8.228198555007182e-07,gene/protein
PTK2,8.0782332440926e-07,gene/protein
PPID,7.977869983791548e-07,gene/protein
HNRNPC,7.948783611393767e-07,gene/protein
UGDH,7.859274620214974e-07,gene/protein
MCL1,7.730463363333563e-07,gene/protein
Recurrent streptococcal infections,7.72258714377082e-07,effect/phenotype
DISC1,7.691314380525025e-07,gene/protein
CD55,7.660700967324515e-07,gene/protein
MIR130A,7.58622463076439e-07,gene/protein
SH2B1,7.531722493908644e-07,gene/protein
EZH2,7.491003192040427e-07,gene/protein
RNF123,7.47531285254817e-07,gene/protein
POLR2A,7.422641785229477e-07,gene/protein
PVR,7.392510604526458e-07,gene/protein
VPS4B,7.35785952480134e-07,gene/protein
IL1RN,7.288921830489555e-07,gene/protein
MSH5,7.288921830489555e-07,gene/protein
LCAT,7.288921830489555e-07,gene/protein
TK1,7.288921830489555e-07,gene/protein
EPS8L3,7.288921830489555e-07,gene/protein
CCL19,7.149520644897196e-07,gene/protein
BAG3,6.974103470337262e-07,gene/protein
ANGPTL4,6.929990841838731e-07,gene/protein
GNG13,6.877105232412982e-07,gene/protein
CFTR,6.834518688242885e-07,gene/protein
RALGDS,6.664402364230394e-07,gene/protein
TRPV1,6.630562408857552e-07,gene/protein
APC2,6.590944557520862e-07,gene/protein
HLA-DPA1,6.541014306114214e-07,gene/protein
RRM2,6.540720412240375e-07,gene/protein
Recurrent lower respiratory tract infections,6.519361330253941e-07,effect/phenotype
RACGAP1,6.409723982156742e-07,gene/protein
SLC39A4,6.303548612968949e-07,gene/protein
PPP5C,6.27563964561459e-07,gene/protein
TMPRSS3,6.171190052307138e-07,gene/protein
F2RL1,6.104214897221649e-07,gene/protein
PAWR,6.091144921284416e-07,gene/protein
PITX1,6.04328039708933e-07,gene/protein
SUGT1,6.014136521436107e-07,gene/protein
KCNC4,5.983041122479855e-07,gene/protein
BCL2L10,5.93310666024527e-07,gene/protein
IL24,5.894331496946767e-07,gene/protein
RAPGEF3,5.87136591664178e-07,gene/protein
FKBP5,5.853302502163578e-07,gene/protein
ENO1,5.734877215547039e-07,gene/protein
HNF4G,5.729121265403789e-07,gene/protein
ZFP36L2,5.720471499838611e-07,gene/protein
KIFC1,5.659862052316467e-07,gene/protein
ORC1,5.659862052316467e-07,gene/protein
ROBO1,5.659862052316467e-07,gene/protein
KRAS,5.645938993564181e-07,gene/protein
BTK,5.617065635876097e-07,gene/protein
VHL,5.579592437003578e-07,gene/protein
MIR98,5.372225390061495e-07,gene/protein
SLIT2,5.302707719411025e-07,gene/protein
MBTPS1,5.302707719411025e-07,gene/protein
HHIP,5.302707719411025e-07,gene/protein
CHAF1B,5.302707719411025e-07,gene/protein
WDR76,5.302707719411025e-07,gene/protein
PRKCE,5.302707719411025e-07,gene/protein
CDC45,5.302707719411025e-07,gene/protein
RPS6,5.302707719411025e-07,gene/protein
NCAPG,5.302707719411025e-07,gene/protein
UBE2T,5.302707719411025e-07,gene/protein
IL1RAP,5.302707719411025e-07,gene/protein
WDR17,5.302707719411025e-07,gene/protein
ZSCAN22,5.302707719411025e-07,gene/protein
YAP1,5.302707719411025e-07,gene/protein
MELK,5.302707719411025e-07,gene/protein
TGFA,5.302707719411025e-07,gene/protein
SCAP,5.302707719411025e-07,gene/protein
GNAO1,5.302707719411025e-07,gene/protein
AXIN1,5.302707719411025e-07,gene/protein
SFN,5.302707719411025e-07,gene/protein
UBE2C,5.302707719411025e-07,gene/protein
TTK,5.302707719411025e-07,gene/protein
CCNB2,5.302707719411025e-07,gene/protein
TNK2,5.302707719411025e-07,gene/protein
STAT4,5.302707719411025e-07,gene/protein
GNAZ,5.302707719411025e-07,gene/protein
PBK,5.302707719411025e-07,gene/protein
SBK1,5.268863684575608e-07,gene/protein
PRKCQ,5.237663951595552e-07,gene/protein
PDGFRB,5.199852791687391e-07,gene/protein
EMD,5.192750312285548e-07,gene/protein
CAMK4,5.137845887167753e-07,gene/protein
PXK,5.04515692620659e-07,gene/protein
LRP1,4.995965665207462e-07,gene/protein
ERGIC3,4.988065384341174e-07,gene/protein
PSMA1,4.946645470391624e-07,gene/protein
ZBTB7B,4.922364667358712e-07,gene/protein
SAT1,4.922364667358712e-07,gene/protein
SUFU,4.863279946752027e-07,gene/protein
PRKAA2,4.7614514081364517e-07,gene/protein
PTPRF,4.747783332162952e-07,gene/protein
PLN,4.738158716077954e-07,gene/protein
RNF4,4.6775694193532504e-07,gene/protein
IL6ST,4.6302084745887605e-07,gene/protein
FASLG,4.58144272788127e-07,gene/protein
PRKCH,4.555256394674827e-07,gene/protein
UQCRC2,4.555256394674827e-07,gene/protein
H3C1,4.5309123475144154e-07,gene/protein
IL19,4.458388004787796e-07,gene/protein
AIFM1,4.458388004787796e-07,gene/protein
CAPN2,4.4365587247030297e-07,gene/protein
PHB,4.401941250555046e-07,gene/protein
IL33,4.342943428356942e-07,gene/protein
FLNC,4.294806209844961e-07,gene/protein
TMEM208,4.2727130454111446e-07,gene/protein
TNPO2,4.219537618734351e-07,gene/protein
EMC8,4.142488197401187e-07,gene/protein
MMP1,4.0647760207462594e-07,gene/protein
FHL2,3.7050134269503165e-07,gene/protein
BCL2L2,3.526109335646787e-07,gene/protein
LGALS1,3.4638505937423725e-07,gene/protein
CRMP1,3.4638505937423725e-07,gene/protein
CYP17A1,3.460168812569612e-07,gene/protein
VAV3,3.41103486238624e-07,gene/protein
SCGB1D1,3.3856061869088793e-07,gene/protein
ALG9,3.330643776804975e-07,gene/protein
PEBP1,3.2760336465764503e-07,gene/protein
ZFP36L1,3.117151497914946e-07,gene/protein
Recurrent bacterial skin infections,2.9605722460488667e-07,effect/phenotype
ATP6V1G1,2.9566493151350624e-07,gene/protein
MTHFR,2.9566493151350624e-07,gene/protein
TBC1D1,2.9066250028218887e-07,gene/protein
RBX1,2.8984831638503264e-07,gene/protein
Recurrent mycobacterial infections,2.87307807206646e-07,effect/phenotype
GADD45A,2.872152242500161e-07,gene/protein
CCR2,2.865310861382219e-07,gene/protein
STX12,2.8353937558100395e-07,gene/protein
SEC24A,2.804471309088509e-07,gene/protein
MAD2L1,2.775525524681601e-07,gene/protein
MAP3K3,2.7170641796332757e-07,gene/protein
REEP4,2.6539969380112877e-07,gene/protein
RLF,2.570546497300564e-07,gene/protein
FAM210B,2.5608784644776616e-07,gene/protein
TMEM14B,2.5608784644776616e-07,gene/protein
PNKP,2.511457523559609e-07,gene/protein
BLVRA,2.50791512163585e-07,gene/protein
H1-1,2.491625692806816e-07,gene/protein
TF,2.489192103050387e-07,gene/protein
NR1I2,2.489192103050387e-07,gene/protein
PPARGC1B,2.489192103050387e-07,gene/protein
AKAP1,2.489192103050387e-07,gene/protein
TFRC,2.479001247829585e-07,gene/protein
HSF1,2.4308118122848886e-07,gene/protein
RBL2,2.36553283864696e-07,gene/protein
NTRK2,2.2014475997625038e-07,gene/protein
MTCH2,2.199701951352066e-07,gene/protein
CGRRF1,2.1155755841557523e-07,gene/protein
FRS2,2.0889539894410057e-07,gene/protein
PCK2,2.0617265708478194e-07,gene/protein
DHRS2,2.0617265708478194e-07,gene/protein
PNN,2.0617265708478194e-07,gene/protein
C4orf3,2.0119484077304062e-07,gene/protein
AIG1,2.0119484077304062e-07,gene/protein
STX7,1.901989897641708e-07,gene/protein
GSK3A,1.8741678884015595e-07,gene/protein
MAP3K13,1.6374093138462178e-07,gene/protein
PTPA,1.630836996226303e-07,gene/protein
Recurrent staphylococcal infections,1.4802861230244333e-07,effect/phenotype
ITGAM,1.449402156490429e-07,gene/protein
TRIB1,1.394983306688017e-07,gene/protein
STK24,1.394983306688017e-07,gene/protein
AAK1,1.394983306688017e-07,gene/protein
WIPI2,1.394983306688017e-07,gene/protein
TRIB2,1.394983306688017e-07,gene/protein
DTX4,1.394983306688017e-07,gene/protein
KIF21B,1.394983306688017e-07,gene/protein
GAB2,1.3220808729452438e-07,gene/protein
PTPN13,1.3119549753541202e-07,gene/protein
MIR335,1.299149313551701e-07,gene/protein
hyperinsulinism due to glucokinase deficiency,1.295250357646379e-07,disease
VSIG4,1.252520768773602e-07,gene/protein
CFP,1.252520768773602e-07,gene/protein
RYR3,1.2249708277350222e-07,gene/protein
DPH1,1.1175921341388975e-07,gene/protein
NAMPT,1.0988310888828938e-07,gene/protein
TNFSF10,1.0083563026488156e-07,gene/protein
GMNN,1.0083563026488156e-07,gene/protein
Adult onset,9.744222160634627e-08,effect/phenotype
SLC11A1,9.699048453066167e-08,gene/protein
CEBPA,9.654844273253065e-08,gene/protein
STIM2,8.769682490488416e-08,gene/protein
HK2,8.611135843146922e-08,gene/protein
SPP1,7.820934744108404e-08,gene/protein
SPINT2,7.7406628516486e-08,gene/protein
PCDHA3,7.7406628516486e-08,gene/protein
IL18,7.505432445229384e-08,gene/protein
NR4A3,6.834044331618066e-08,gene/protein
PACC1,6.636314879698937e-08,gene/protein
SELENOP,6.360604434870613e-08,gene/protein
GOLM1,6.265002310208763e-08,gene/protein
CCR4,6.087792212100374e-08,gene/protein
CFHR5,5.251491245967632e-08,gene/protein
CYCS,5.171283961484903e-08,gene/protein
CDKN2C,4.984902175909055e-08,gene/protein
CDKN1B,4.984902175909055e-08,gene/protein
HGF,4.984902175909055e-08,gene/protein
CCNE1,4.984902175909055e-08,gene/protein
XBP1,4.964623976460262e-08,gene/protein
KIF23,4.700023971764968e-08,gene/protein
AFF4,3.887624595539709e-08,gene/protein
CLEC16A,3.302674765372128e-08,gene/protein
PFKFB3,2.7755364806708127e-08,gene/protein
PCSK1,2.7755364806708127e-08,gene/protein
Respiratory tract infection,1.8503576537805417e-08,effect/phenotype
IL1R1,1.727000476861839e-08,gene/protein
Skin ulcer,1.4428384086026843e-08,effect/phenotype
IL17RB,8.121014147147932e-09,gene/protein
ASIC4,8.121014147147932e-09,gene/protein
Cholestatic liver disease,0.0,effect/phenotype
GALNT2,0.0,gene/protein
Babinski sign,0.0,effect/phenotype
Shoulder girdle muscle weakness,0.0,effect/phenotype
NTRK1,0.0,gene/protein
NCAM1,0.0,gene/protein
CASR,0.0,gene/protein
MIR33B,0.0,gene/protein
MARCKS,0.0,gene/protein
CDC34,0.0,gene/protein
PIK3CG,0.0,gene/protein
DAB2,0.0,gene/protein
GAP43,0.0,gene/protein
C5AR1,0.0,gene/protein
Madelung deformity,0.0,effect/phenotype
Nevus,0.0,effect/phenotype
Premature ovarian insufficiency,0.0,effect/phenotype
Reduced bone mineral density,0.0,effect/phenotype
Numerous congenital melanocytic nevi,0.0,effect/phenotype
Attention deficit hyperactivity disorder,0.0,effect/phenotype
Pes planus,0.0,effect/phenotype
Low posterior hairline,0.0,effect/phenotype
"High, narrow palate",0.0,effect/phenotype
Autoimmunity,0.0,effect/phenotype
Splayed toes,0.0,effect/phenotype
MIR744,0.0,gene/protein
Aplasia/Hypoplasia of the mandible,0.0,effect/phenotype
MIR92B,0.0,gene/protein
External ear malformation,0.0,effect/phenotype
MIR1908,0.0,gene/protein
CCNJL,0.0,gene/protein
Gonadoblastoma,0.0,effect/phenotype
Celiac disease,0.0,effect/phenotype
External ophthalmoplegia,0.0,effect/phenotype
Cardiomyopathy,0.0,effect/phenotype
Renal insufficiency,0.0,effect/phenotype
Athetosis,0.0,effect/phenotype
Pigmentary retinopathy,0.0,immune_effect/phenotype
Small for gestational age,0.0,effect/phenotype
Elevated hemoglobin A1c,0.0,effect/phenotype
KIF1A,0.0,gene/protein
Glycosuria,0.0,effect/phenotype
Difficulty standing,0.0,effect/phenotype
Interictal epileptiform activity,0.0,effect/phenotype
Muscle weakness,0.0,effect/phenotype
Ketonuria,0.0,effect/phenotype
Reduced C-peptide level,0.0,effect/phenotype
DRD3,0.0,gene/protein
MIR204,0.0,gene/protein
CDIPT,0.0,gene/protein
CHRNA9,0.0,gene/protein
POMGNT1,0.0,gene/protein
Neonatal onset,0.0,effect/phenotype
HNRNPH2,0.0,gene/protein
PLAC1,0.0,gene/protein
RPL18,0.0,gene/protein
HMG20B,0.0,gene/protein
SSRP1,0.0,gene/protein
SLC9A3,0.0,gene/protein
WNT1,0.0,gene/protein
ACVR1B,0.0,gene/protein
ITGA11,0.0,gene/protein
NPHS1,0.0,gene/protein
ACVR2A,0.0,gene/protein
DUSP9,0.0,gene/protein
MIR181C,0.0,gene/protein
MIR200A,0.0,gene/protein
MIR144,0.0,gene/protein
MIR195,0.0,gene/protein
MICB,0.0,gene/protein
MIB1,0.0,gene/protein
MIR222,0.0,gene/protein
TMEM243,0.0,gene/protein
PLPPR2,0.0,gene/protein
NAPB,0.0,gene/protein
MIR125B1,0.0,gene/protein
MIR192,0.0,gene/protein
MIR939,0.0,gene/protein
MIR885,0.0,gene/protein
ATP6V0A1,0.0,gene/protein
MIR1296,0.0,gene/protein
RUNX1,0.0,gene/protein
GHR,0.0,gene/protein
CHAT,0.0,gene/protein
ARRB2,0.0,gene/protein
GRK2,0.0,gene/protein
NR5A1,0.0,gene/protein
KIR3DL2,0.0,gene/protein
KIR3DL1,0.0,gene/protein
MIR1226,0.0,gene/protein
MIR1306,0.0,gene/protein
MIR628,0.0,gene/protein
COL5A1,0.0,gene/protein
ATP6V1B2,0.0,gene/protein
FMR1,0.0,gene/protein
CD36,0.0,gene/protein
ALOX15B,0.0,gene/protein
MIR532,0.0,gene/protein
MIR1307,0.0,gene/protein
NTRK3,0.0,gene/protein
HHATL,0.0,gene/protein
TTPA,0.0,gene/protein
VKORC1L1,0.0,gene/protein
CLDN10,0.0,gene/protein
TSPAN33,0.0,gene/protein
NSG1,0.0,gene/protein
BMPR2,0.0,gene/protein
MYORG,0.0,gene/protein
PCDHB7,0.0,gene/protein
SPEG,0.0,gene/protein
GRK3,0.0,gene/protein
MIR1249,0.0,gene/protein
MIR215,0.0,gene/protein
MIR214,0.0,gene/protein
MIR205,0.0,gene/protein
MIR140,0.0,gene/protein
MIR130B,0.0,gene/protein
MIR127,0.0,gene/protein
C3AR1,0.0,gene/protein
LTK,0.0,gene/protein
GPR21,0.0,gene/protein
ASS1,0.0,gene/protein
CLK2,0.0,gene/protein
MIR221,0.0,gene/protein
Dehydration,0.0,effect/phenotype
positive regulation of glycogen (starch) synthase activity,0.0,biological_process
AMIGO1,0.0,gene/protein
DUSP3,0.0,gene/protein
CSNK1E,0.0,gene/protein
EPHA3,0.0,gene/protein
CLK1,0.0,gene/protein
EGR4,0.0,gene/protein
AGO1,0.0,gene/protein
IL13,0.0,gene/protein
DYNC1H1,0.0,gene/protein
COPA,0.0,gene/protein
PDIA3,0.0,gene/protein
HTR2C,0.0,gene/protein
FTL,0.0,gene/protein
CREB1,0.0,gene/protein
CD40LG,0.0,gene/protein
CX3CR1,0.0,gene/protein
MS4A1,0.0,gene/protein
CD86,0.0,gene/protein
BMPR1B,0.0,gene/protein
CALM1,0.0,gene/protein
CCND1,0.0,gene/protein
adult behavior,0.0,biological_process
cellular response to extracellular stimulus,0.0,biological_process
telencephalon development,0.0,biological_process
Flexion contracture,0.0,effect/phenotype
cellular response to cocaine,0.0,biological_process
transepithelial transport,0.0,biological_process
PD-1 signaling,0.0,pathway
Generation of second messenger molecules,0.0,pathway
Aplasia/Hypoplasia of the cerebellum,0.0,effect/phenotype
Abnormality of limbs,0.0,effect/phenotype
Distal lower limb amyotrophy,0.0,effect/phenotype
Prominent metopic ridge,0.0,effect/phenotype
ion transport,0.0,biological_process
Abnormal heart morphology,0.0,effect/phenotype
Respiratory distress,0.0,effect/phenotype
Sternocleidomastoid amyotrophy,0.0,effect/phenotype
Macroglossia,0.0,effect/phenotype
visual behavior,0.0,biological_process
lipid phosphorylation,0.0,biological_process
ANXA6,0.0,gene/protein
SLC25A5,0.0,gene/protein
CAMK2A,0.0,gene/protein
COX11,0.0,gene/protein
CDH4,0.0,gene/protein
CDH11,0.0,gene/protein
HARS1,0.0,gene/protein
MYLK,0.0,gene/protein
AP1B1,0.0,gene/protein
CKS1B,0.0,gene/protein
LTBR,0.0,gene/protein
AKT1,0.0,gene/protein
MKNK2,0.0,gene/protein
CSE1L,0.0,gene/protein
CTNNA1,0.0,gene/protein
MAP3K8,0.0,gene/protein
CALM2,0.0,gene/protein
BMPR1A,0.0,gene/protein
ADCY3,0.0,gene/protein
EBF1,0.0,gene/protein
Failure to thrive,0.0,effect/phenotype
Ketoacidosis,0.0,effect/phenotype
Hypsarrhythmia,0.0,effect/phenotype
Myoclonic seizure,0.0,effect/phenotype
Global developmental delay,0.0,effect/phenotype
Abnormality of the kidney,0.0,effect/phenotype
Abnormality of the urinary system,0.0,effect/phenotype
Abnormality of the nervous system,0.0,effect/phenotype
Hypothyroidism,0.0,effect/phenotype
Hypotonia,0.0,effect/phenotype
CD99,0.0,gene/protein
GIPC1,0.0,gene/protein
negative regulation of macrophage differentiation,0.0,biological_process
negative regulation of platelet-derived growth factor receptor signaling pathway,0.0,biological_process
negative regulation of tumor necrosis factor-mediated signaling pathway,0.0,biological_process
negative regulation of granulocyte differentiation,0.0,biological_process
negative regulation of DNA biosynthetic process,0.0,biological_process
L-glutamate transmembrane transport,0.0,biological_process
AMPK inhibits chREBP transcriptional activation activity,0.0,pathway
IRF4,0.0,gene/protein
positive regulation of fatty acid metabolic process,0.0,biological_process
NOX4,0.0,gene/protein
DNAJA3,0.0,gene/protein
PARP1,0.0,gene/protein
ITGB4,0.0,gene/protein
CD79A,0.0,gene/protein
IRF3,0.0,gene/protein
CXCL8,0.0,gene/protein
regulation of fatty acid biosynthetic process,0.0,biological_process
SLC25A6,0.0,gene/protein
CD69,0.0,gene/protein
LTB,0.0,gene/protein
IFIT3,0.0,gene/protein
CIITA,0.0,gene/protein
FCER2,0.0,gene/protein
CYLD,0.0,gene/protein
BIRC3,0.0,gene/protein
MRPL1,0.0,gene/protein
CD80,0.0,gene/protein
ISG20,0.0,gene/protein
HSPA6,0.0,gene/protein
B2M,0.0,gene/protein
CD40,0.0,gene/protein
HECTD3,0.0,gene/protein
negative regulation of synaptic transmission,0.0,biological_process
L-aspartate transmembrane transport,0.0,biological_process
IRF8,0.0,gene/protein
FEZ1,0.0,gene/protein
IGSF21,0.0,gene/protein
SREK1,0.0,gene/protein
Effects of PIP2 hydrolysis,0.0,pathway
negative regulation of protein kinase C signaling,0.0,biological_process
Astrocytic Glutamate-Glutamine Uptake And Metabolism,0.0,pathway
Transport of inorganic cations/anions and amino acids/oligopeptides,0.0,pathway
MMP9,0.0,gene/protein
HIVEP1,0.0,gene/protein
CDK7,0.0,gene/protein
CD74,0.0,gene/protein
BCL3,0.0,gene/protein
HSPA1L,0.0,gene/protein
HNRNPM,0.0,gene/protein
IL1B,0.0,gene/protein
DDR1,0.0,gene/protein
ELF1,0.0,gene/protein
CXCL10,0.0,gene/protein
ANXA4,0.0,gene/protein
GLUL,0.0,gene/protein
KLF5,0.0,gene/protein
DST,0.0,gene/protein
GADD45B,0.0,gene/protein
ABCC2,0.0,gene/protein
CHEK1,0.0,gene/protein
LCP1,0.0,gene/protein
diacylglycerol metabolic process,0.0,biological_process
AMPD3,0.0,gene/protein
NEMP1,0.0,gene/protein
COQ9,0.0,gene/protein
cysteine transmembrane transport,0.0,biological_process
neurotransmitter reuptake,0.0,biological_process
STK17B,0.0,gene/protein
second-messenger-mediated signaling,0.0,biological_process
L-glutamate import across plasma membrane,0.0,biological_process
D-aspartate import across plasma membrane,0.0,biological_process
CRP,0.0,gene/protein
Inability to walk,0.0,effect/phenotype
Proximal amyotrophy,0.0,effect/phenotype
Neurodevelopmental delay,0.0,effect/phenotype
KLK3,0.0,gene/protein
KRT15,0.0,gene/protein
HMGB2,0.0,gene/protein
BAG1,0.0,gene/protein
HDAC2,0.0,gene/protein
ESRRG,0.0,gene/protein
CSF2,0.0,gene/protein
LTA,0.0,gene/protein
IGHA2,0.0,gene/protein
RING1,0.0,gene/protein
AP2M1,0.0,gene/protein
PDGFRL,0.0,gene/protein
AQP6,0.0,gene/protein
ANXA2,0.0,gene/protein
ELF3,0.0,gene/protein
HOXC8,0.0,gene/protein
AGER,0.0,gene/protein
ALOX5,0.0,gene/protein
ASAH1,0.0,gene/protein
RLN1,0.0,gene/protein
TXN2,0.0,gene/protein
YAF2,0.0,gene/protein
ZBED4,0.0,gene/protein
Lower limb hyperreflexia,0.0,effect/phenotype
Impaired vibratory sensation,0.0,effect/phenotype
Dementia,0.0,effect/phenotype
Myalgia,0.0,effect/phenotype
Exercise intolerance,0.0,effect/phenotype
Bilateral tonic-clonic seizure,0.0,effect/phenotype
Bilateral tonic-clonic seizure with focal onset,0.0,effect/phenotype
Delirium,0.0,effect/phenotype
Type I diabetes mellitus,0.0,effect/phenotype
PDCD4,0.0,gene/protein
Progressive cerebellar ataxia,0.0,effect/phenotype
"Intellectual disability, moderate",0.0,effect/phenotype
Diabetic ketoacidosis,0.0,effect/phenotype
Insulin-resistant diabetes mellitus,0.0,effect/phenotype
Hypoinsulinemia,0.0,effect/phenotype
Sinusitis,0.0,effect/phenotype
Hyperconvex fingernails,0.0,effect/phenotype
Short toe,0.0,effect/phenotype
GOLGA2,0.0,gene/protein
negative regulation of release of cytochrome c from mitochondria,0.0,biological_process
TDGF1,0.0,gene/protein
CLNS1A,0.0,gene/protein
MID1,0.0,gene/protein
FHL1,0.0,gene/protein
EPB41,0.0,gene/protein
NR0B1,0.0,gene/protein
PLAGL1,0.0,gene/protein
lipoxygenase pathway,0.0,biological_process
TRIM23,0.0,gene/protein
ANXA11,0.0,gene/protein
SIAH1,0.0,gene/protein
AMY1A,0.0,gene/protein
FLG,0.0,gene/protein
SERPINB4,0.0,gene/protein
AMY1B,0.0,gene/protein
MUC7,0.0,gene/protein
Skeletal myopathy,0.0,effect/phenotype
SERPINB3,0.0,gene/protein
PIGR,0.0,gene/protein
PRDM1,0.0,gene/protein
GRB7,0.0,gene/protein
Frequent falls,0.0,effect/phenotype
Difficulty climbing stairs,0.0,effect/phenotype
Difficulty running,0.0,effect/phenotype
Progressive proximal muscle weakness,0.0,effect/phenotype
Hyporeflexia of upper limbs,0.0,effect/phenotype
CST2,0.0,gene/protein
Generalized hypotonia,0.0,effect/phenotype
Motor delay,0.0,effect/phenotype
Mitochondrial inheritance,0.0,effect/phenotype
Mitochondrial myopathy,0.0,effect/phenotype
Severe failure to thrive,0.0,effect/phenotype
Peripheral axonal neuropathy,0.0,effect/phenotype
HOXC9,0.0,gene/protein
ATP4A,0.0,gene/protein
SIGLEC6,0.0,gene/protein
BUB1,0.0,gene/protein
CALR,0.0,gene/protein
MCC,0.0,gene/protein
CYB5A,0.0,gene/protein
TLE5,0.0,gene/protein
CRX,0.0,gene/protein
ATF1,0.0,gene/protein
CDX2,0.0,gene/protein
ACTN1,0.0,gene/protein
MMP2,0.0,gene/protein
CTBP2,0.0,gene/protein
MAT1A,0.0,gene/protein
ACKR1,0.0,gene/protein
ARHGAP1,0.0,gene/protein
GGT7,0.0,gene/protein
ARNTL,0.0,gene/protein
HOXA1,0.0,gene/protein
Ataxia,0.0,effect/phenotype
EMG: myopathic abnormalities,0.0,effect/phenotype
Pelvic girdle muscle weakness,0.0,effect/phenotype
Tip-toe gait,0.0,effect/phenotype
Elevated serum creatine kinase,0.0,effect/phenotype
Facial palsy,0.0,effect/phenotype
Weakness of orbicularis oculi muscle,0.0,effect/phenotype
Proximal muscle weakness,0.0,effect/phenotype
Dysarthria,0.0,effect/phenotype
Decreased activity of mitochondrial complex IV,0.0,effect/phenotype
HEXIM1,0.0,gene/protein
LINC01587,0.0,gene/protein
NME5,0.0,gene/protein
GLIS1,0.0,gene/protein
NOD2,0.0,gene/protein
RPL13,0.0,gene/protein
CXCR4,0.0,gene/protein
arachidonic acid metabolic process,0.0,biological_process
DHPS,0.0,gene/protein
Hyporeflexia,0.0,effect/phenotype
PFKM,0.0,gene/protein
PMS2,0.0,gene/protein
HABP2,0.0,gene/protein
GLI3,0.0,gene/protein
BIN1,0.0,gene/protein
AMY1C,0.0,gene/protein
MITF,0.0,gene/protein
Ragged-red muscle fibers,0.0,effect/phenotype
HNRNPU,0.0,gene/protein
EPHA1,0.0,gene/protein
EPB41L2,0.0,gene/protein
SMAD1,0.0,gene/protein
HMGB3,0.0,gene/protein
CSNK2A1,0.0,gene/protein
MFAP1,0.0,gene/protein
NR5A2,0.0,gene/protein
Neonatal hypotonia,0.0,effect/phenotype
SRSF7,0.0,gene/protein
ACTB,0.0,gene/protein
ADH6,0.0,gene/protein
CST4,0.0,gene/protein
Bilateral ptosis,0.0,effect/phenotype
Translocation of ZAP-70 to Immunological synapse,0.0,pathway
Downturned corners of mouth,0.0,effect/phenotype
Achilles tendon contracture,0.0,effect/phenotype
Weakness of facial musculature,0.0,effect/phenotype
SEL1L,0.0,gene/protein
SLC30A3,0.0,gene/protein
THSD7B,0.0,gene/protein
PGRMC2,0.0,gene/protein
TSPAN2,0.0,gene/protein
GPR42,0.0,gene/protein
FAXDC2,0.0,gene/protein
SERP2,0.0,gene/protein
Delayed skeletal maturation,0.0,effect/phenotype
OTULINL,0.0,gene/protein
ANK1,0.0,gene/protein
REEP6,0.0,gene/protein
SFT2D1,0.0,gene/protein
YIPF4,0.0,gene/protein
THAP4,0.0,gene/protein
PTPN9,0.0,gene/protein
SLC18A1,0.0,gene/protein
TMEM11,0.0,gene/protein
endothelial cell development,0.0,biological_process
"regulation of gene expression, epigenetic",0.0,biological_process
purine nucleotide catabolic process,0.0,biological_process
myoblast proliferation,0.0,biological_process
positive regulation of supramolecular fiber organization,0.0,biological_process
neuron apoptotic process,0.0,biological_process
protein oxidation,0.0,biological_process
SPAG4,0.0,gene/protein
intrinsic apoptotic signaling pathway in response to oxidative stress,0.0,biological_process
TAF4B,0.0,gene/protein
PPP1R8,0.0,gene/protein
SUMOylation of immune response proteins,0.0,pathway
hair follicle development,0.0,biological_process
2-LTR circle formation,0.0,pathway
DNA unwinding involved in DNA replication,0.0,biological_process
TMEM139,0.0,gene/protein
regulation of proteasomal protein catabolic process,0.0,biological_process
NCL,0.0,gene/protein
OLA1,0.0,gene/protein
response to xenobiotic stimulus,0.0,biological_process
regulation of mammary gland epithelial cell proliferation,0.0,biological_process
ACVR2B,0.0,gene/protein
BSND,0.0,gene/protein
Intrauterine growth retardation,0.0,effect/phenotype
VAMP1,0.0,gene/protein
Decreased body weight,0.0,effect/phenotype
Hearing impairment,0.0,effect/phenotype
FUBP1,0.0,gene/protein
CEP95,0.0,gene/protein
humoral immune response,0.0,biological_process
ARL8B,0.0,gene/protein
GPR37L1,0.0,gene/protein
FKBP6,0.0,gene/protein
Weight loss,0.0,effect/phenotype
NKG7,0.0,gene/protein
RUSF1,0.0,gene/protein
FCER1G,0.0,gene/protein
HMOX2,0.0,gene/protein
PSCA,0.0,gene/protein
C2CD4B,0.0,gene/protein
Synthesis of 12-eicosatetraenoic acid derivatives,0.0,pathway
skeletal muscle tissue regeneration,0.0,biological_process
angiogenesis involved in wound healing,0.0,biological_process
TTN,0.0,gene/protein
PCBP2,0.0,gene/protein
ECT2L,0.0,gene/protein
DNAJC8,0.0,gene/protein
ORC2,0.0,gene/protein
PCBP1,0.0,gene/protein
MST1L,0.0,gene/protein
POU2F2,0.0,gene/protein
PTBP1,0.0,gene/protein
SMIM1,0.0,gene/protein
PLPP4,0.0,gene/protein
IL1R2,0.0,gene/protein
PGAP2,0.0,gene/protein
C14orf180,0.0,gene/protein
TMEM86A,0.0,gene/protein
MIR377,0.0,gene/protein
response to symbiotic bacterium,0.0,biological_process
LEPROTL1,0.0,gene/protein
TMEM52B,0.0,gene/protein
FAM241B,0.0,gene/protein
SLC13A3,0.0,gene/protein
MIP,0.0,gene/protein
KIR2DL3,0.0,gene/protein
NRG4,0.0,gene/protein
GALNT15,0.0,gene/protein
MAN2B2,0.0,gene/protein
CAVIN4,0.0,gene/protein
AKAP9,0.0,gene/protein
POU3F1,0.0,gene/protein
ADCK1,0.0,gene/protein
RARG,0.0,gene/protein
TERF2,0.0,gene/protein
KRTAP5-9,0.0,gene/protein
KRTAP2-4,0.0,gene/protein
CIB1,0.0,gene/protein
KRTAP5-7,0.0,gene/protein
ATXN3L,0.0,gene/protein
SOX6,0.0,gene/protein
BET1,0.0,gene/protein
BMP10,0.0,gene/protein
JSRP1,0.0,gene/protein
GRM2,0.0,gene/protein
E2F6,0.0,gene/protein
METAP2,0.0,gene/protein
MIR487B,0.0,gene/protein
MIR483,0.0,gene/protein
MIR17HG,0.0,gene/protein
BTN2A2,0.0,gene/protein
MIR432,0.0,gene/protein
MIR485,0.0,gene/protein
MIR409,0.0,gene/protein
SYT2,0.0,gene/protein
ORMDL1,0.0,gene/protein
TRRAP,0.0,gene/protein
MYCL,0.0,gene/protein
MORF4L2,0.0,gene/protein
MIR142,0.0,gene/protein
VAMP4,0.0,gene/protein
MIR151A,0.0,gene/protein
ZFYVE27,0.0,gene/protein
CLDN6,0.0,gene/protein
TMEM50A,0.0,gene/protein
C2CD2L,0.0,gene/protein
TMEM187,0.0,gene/protein
SEC22A,0.0,gene/protein
PCDHAC1,0.0,gene/protein
SNORC,0.0,gene/protein
GAST,0.0,gene/protein
HLA-C,0.0,gene/protein
RTP2,0.0,gene/protein
MIR423,0.0,gene/protein
KLF14,0.0,gene/protein
MIR375,0.0,gene/protein
KCNU1,0.0,gene/protein
MIR339,0.0,gene/protein
AQP10,0.0,gene/protein
STS,0.0,gene/protein
LRP10,0.0,gene/protein
CHRND,0.0,gene/protein
positive regulation of catalytic activity,0.0,biological_process
anterograde axonal transport,0.0,biological_process
glutathione metabolic process,0.0,biological_process
regulation of organ growth,0.0,biological_process
MTREX,0.0,gene/protein
auditory receptor cell stereocilium organization,0.0,biological_process
TIMM13,0.0,gene/protein
response to amphetamine,0.0,biological_process
positive regulation of osteoblast differentiation,0.0,biological_process
cellular response to potassium ion,0.0,biological_process
ZC3H18,0.0,gene/protein
NOP10,0.0,gene/protein
RTRAF,0.0,gene/protein
MOB1B,0.0,gene/protein
UQCC2,0.0,gene/protein
cardiac conduction system development,0.0,biological_process
H2AC4,0.0,gene/protein
GDPD1,0.0,gene/protein
EPDR1,0.0,gene/protein
ZNF346,0.0,gene/protein
NUDT21,0.0,gene/protein
MARCHF5,0.0,gene/protein
DYNLT1,0.0,gene/protein
STXBP2,0.0,gene/protein
regulation of multicellular organism growth,0.0,biological_process
RAB9A,0.0,gene/protein
bone development,0.0,biological_process
positive regulation of oxidative stress-induced intrinsic apoptotic signaling pathway,0.0,biological_process
cellular response to ATP,0.0,biological_process
retrograde axonal transport,0.0,biological_process
GANAB,0.0,gene/protein
embryo implantation,0.0,biological_process
negative regulation of cholesterol biosynthetic process,0.0,biological_process
AASDHPPT,0.0,gene/protein
CCT2,0.0,gene/protein
CCS,0.0,gene/protein
sensory perception of sound,0.0,biological_process
thymus development,0.0,biological_process
cellular iron ion homeostasis,0.0,biological_process
regulation of protein kinase activity,0.0,biological_process
placenta development,0.0,biological_process
germ cell development,0.0,biological_process
response to copper ion,0.0,biological_process
transmission of nerve impulse,0.0,biological_process
regulation of T cell differentiation in thymus,0.0,biological_process
cell aging,0.0,biological_process
reactive oxygen species metabolic process,0.0,biological_process
regulation of GTPase activity,0.0,biological_process
GAR1,0.0,gene/protein
POTEKP,0.0,gene/protein
spermatogenesis,0.0,biological_process
response to antipsychotic drug,0.0,biological_process
negative regulation of BMP signaling pathway,0.0,biological_process
Signaling by BMP,0.0,pathway
embryonic pattern specification,0.0,biological_process
anatomical structure morphogenesis,0.0,biological_process
positive regulation of transcription from RNA polymerase II promoter involved in cellular response to chemical stimulus,0.0,biological_process
cartilage development,0.0,biological_process
TBCA,0.0,gene/protein
CENPV,0.0,gene/protein
BANF1,0.0,gene/protein
PRR12,0.0,gene/protein
cellular response to cadmium ion,0.0,biological_process
PDCD6,0.0,gene/protein
peripheral nervous system myelin maintenance,0.0,biological_process
BASP1,0.0,gene/protein
positive regulation of phagocytosis,0.0,biological_process
response to axon injury,0.0,biological_process
NSUN2,0.0,gene/protein
Steppage gait,0.0,effect/phenotype
Waddling gait,0.0,effect/phenotype
HRNR,0.0,gene/protein
SRP19,0.0,gene/protein
RNF19A,0.0,gene/protein
PDCD6IP,0.0,gene/protein
Hypothermia,0.0,effect/phenotype
COPG1,0.0,gene/protein
Retinal atrophy,0.0,effect/phenotype
Unsteady gait,0.0,effect/phenotype
Shuffling gait,0.0,effect/phenotype
Scissor gait,0.0,effect/phenotype
response to antibiotic,0.0,biological_process
RPL11,0.0,gene/protein
GADD45G,0.0,gene/protein
ADAMTS4,0.0,gene/protein
SSB,0.0,gene/protein
SACS,0.0,gene/protein
Retinal degeneration,0.0,effect/phenotype
PHF21A,0.0,gene/protein
CPLX1,0.0,gene/protein
regulation of neuron projection development,0.0,biological_process
STX5,0.0,gene/protein
SRCIN1,0.0,gene/protein
DNAAF2,0.0,gene/protein
Spastic gait,0.0,effect/phenotype
SCAMP1,0.0,gene/protein
SNAPIN,0.0,gene/protein
exocytosis,0.0,biological_process
VAMP7,0.0,gene/protein
LARS1,0.0,gene/protein
MAVS,0.0,gene/protein
ZNF177,0.0,gene/protein
Skeletal muscle atrophy,0.0,effect/phenotype
SYT1,0.0,gene/protein
CHCHD2,0.0,gene/protein
TPI1,0.0,gene/protein
PABPC4,0.0,gene/protein
HECW1,0.0,gene/protein
CLDN17,0.0,gene/protein
NME2P1,0.0,gene/protein
CUTA,0.0,gene/protein
ICE2,0.0,gene/protein
VKORC1,0.0,gene/protein
WASL,0.0,gene/protein
H1-10,0.0,gene/protein
SUMO4,0.0,gene/protein
MAP4K1,0.0,gene/protein
neurofilament cytoskeleton organization,0.0,biological_process
response to carbon monoxide,0.0,biological_process
MYBBP1A,0.0,gene/protein
TRIM32,0.0,gene/protein
CUEDC1,0.0,gene/protein
TPD52,0.0,gene/protein
VAT1,0.0,gene/protein
PDIA4,0.0,gene/protein
YES1,0.0,gene/protein
CPSF7,0.0,gene/protein
CCAR2,0.0,gene/protein
METTL14,0.0,gene/protein
WTAP,0.0,gene/protein
HSP90AA5P,0.0,gene/protein
STXBP6,0.0,gene/protein
NAPA,0.0,gene/protein
DSTN,0.0,gene/protein
SPIN1,0.0,gene/protein
NPEPPSP1,0.0,gene/protein
KLC3,0.0,gene/protein
GSTK1,0.0,gene/protein
SSR4,0.0,gene/protein
KRTAP19-1,0.0,gene/protein
Erythrocytes take up carbon dioxide and release oxygen,0.0,pathway
Hodgkin lymphoma,0.0,immune_effect/phenotype
Non-Hodgkin lymphoma,0.0,immune_effect/phenotype
FLOT2,0.0,gene/protein
ITGB3,0.0,gene/protein
ESRRA,0.0,gene/protein
FBXO38,0.0,gene/protein
TSC22D1,0.0,gene/protein
GABPA,0.0,gene/protein
CLP1,0.0,gene/protein
TTC19,0.0,gene/protein
ZNF77,0.0,gene/protein
ALX3,0.0,gene/protein
CIAO2B,0.0,gene/protein
DNM1,0.0,gene/protein
NXF1,0.0,gene/protein
DIRAS2,0.0,gene/protein
NBN,0.0,gene/protein
SNW1,0.0,gene/protein
PRKCG,0.0,gene/protein
CAPN1,0.0,gene/protein
Gastrointestinal angiodysplasia,0.0,effect/phenotype
Myoclonus,0.0,effect/phenotype
H3-4,0.0,gene/protein
LSP1,0.0,gene/protein
Aplasia/Hypoplasia of the nipples,0.0,effect/phenotype
Abnormality of the immune system,0.0,immune_effect/phenotype
Recurrent bronchitis,0.0,effect/phenotype
Tremor,0.0,effect/phenotype
Abnormal spermatogenesis,0.0,effect/phenotype
response to gamma radiation,0.0,biological_process
UPF2,0.0,gene/protein
Delayed social development,0.0,effect/phenotype
KRTAP10-5,0.0,gene/protein
KRTAP2-3,0.0,gene/protein
TRMT6,0.0,gene/protein
ABI2,0.0,gene/protein
Integration of viral DNA into host genomic DNA,0.0,pathway
oncogene-induced cell senescence,0.0,biological_process
Short 5th metacarpal,0.0,effect/phenotype
DNM3,0.0,gene/protein
CTAG1B,0.0,gene/protein
ELAVL2,0.0,gene/protein
PLPP1,0.0,gene/protein
IGF2BP1,0.0,gene/protein
SALL2,0.0,gene/protein
CCNB1,0.0,gene/protein
GPX7,0.0,gene/protein
ATP2B1,0.0,gene/protein
Kyphosis,0.0,effect/phenotype
SDC1,0.0,gene/protein
USP20,0.0,gene/protein
HOXB5,0.0,gene/protein
LRPPRC,0.0,gene/protein
FGF10,0.0,gene/protein
RPL6,0.0,gene/protein
RAD50,0.0,gene/protein
FGB,0.0,gene/protein
mRNA export from nucleus,0.0,biological_process
HMMR,0.0,gene/protein
HBE1,0.0,gene/protein
protein localization to nucleus,0.0,biological_process
DNA conformation change,0.0,biological_process
poly(A)+ mRNA export from nucleus,0.0,biological_process
negative regulation of cyclin-dependent protein serine/threonine kinase activity,0.0,biological_process
B cell differentiation,0.0,biological_process
positive regulation of Wnt signaling pathway,0.0,biological_process
ZNF232,0.0,gene/protein
Recurrent respiratory infections,0.0,effect/phenotype
MTA1,0.0,gene/protein
TULP3,0.0,gene/protein
CDC25A,0.0,gene/protein
PCGF3,0.0,gene/protein
NR1D2,0.0,gene/protein
H3C3,0.0,gene/protein
ENDOG,0.0,gene/protein
ZC3HAV1,0.0,gene/protein
H3C12,0.0,gene/protein
H3C6,0.0,gene/protein
CDH7,0.0,gene/protein
DVL1,0.0,gene/protein
XPA,0.0,gene/protein
EFNB2,0.0,gene/protein
Bronchiectasis,0.0,effect/phenotype
UCHL3,0.0,gene/protein
EPOR,0.0,gene/protein
CSNK2A2,0.0,gene/protein
MEF2C,0.0,gene/protein
Vertigo,0.0,effect/phenotype
Hypoplastic toenails,0.0,effect/phenotype
Failure to thrive in infancy,0.0,effect/phenotype
Aortic arch aneurysm,0.0,effect/phenotype
Reduced tendon reflexes,0.0,effect/phenotype
Inverted nipples,0.0,effect/phenotype
Decreased circulating IgG level,0.0,immune_effect/phenotype
T lymphocytopenia,0.0,immune_effect/phenotype
Female hypogonadism,0.0,effect/phenotype
Choreoathetosis,0.0,effect/phenotype
Decreased circulating IgA level,0.0,immune_effect/phenotype
Lymphoma,0.0,immune_effect/phenotype
Decreased circulating IgG2 level,0.0,immune_effect/phenotype
Autosomal recessive inheritance,0.0,effect/phenotype
Decreased proportion of CD4-positive helper T cells,0.0,immune_effect/phenotype
H3C11,0.0,gene/protein
UBA6,0.0,gene/protein
H2BC11,0.0,gene/protein
UACA,0.0,gene/protein
GPS1,0.0,gene/protein
ZEB1,0.0,gene/protein
NPLOC4,0.0,gene/protein
Abnormal hair morphology,0.0,effect/phenotype
HMGN2,0.0,gene/protein
H3C10,0.0,gene/protein
H3C4,0.0,gene/protein
PTGER3,0.0,gene/protein
ZFR,0.0,gene/protein
TNFSF11,0.0,gene/protein
SKP1,0.0,gene/protein
ZMAT3,0.0,gene/protein
TMX2,0.0,gene/protein
Strabismus,0.0,effect/phenotype
Defective B cell differentiation,0.0,immune_effect/phenotype
Cafe-au-lait spot,0.0,effect/phenotype
Elevated alpha-fetoprotein,0.0,effect/phenotype
Hypoplasia of the thymus,0.0,effect/phenotype
Dermatoglyphic ridges abnormal,0.0,effect/phenotype
Osteoporosis,0.0,effect/phenotype
Enlargement of the distal femoral epiphysis,0.0,effect/phenotype
H3C2,0.0,gene/protein
Abnormal dermatoglyphics,0.0,effect/phenotype
Neck pterygia,0.0,effect/phenotype
Short 4th metacarpal,0.0,effect/phenotype
Constriction of peripheral visual field,0.0,effect/phenotype
Vestibular dysfunction,0.0,effect/phenotype
H3C8,0.0,gene/protein
NDUFAF7,0.0,gene/protein
BMP1,0.0,gene/protein
Irregular proximal tibial epiphyses,0.0,effect/phenotype
CARS1,0.0,gene/protein
CBL,0.0,gene/protein
STOM,0.0,gene/protein
SPOCK1,0.0,gene/protein
ACP2,0.0,gene/protein
CAPNS1,0.0,gene/protein
LAMP2,0.0,gene/protein
ERG,0.0,gene/protein
CPD,0.0,gene/protein
SGCB,0.0,gene/protein
NOP14,0.0,gene/protein
ZSCAN5A,0.0,gene/protein
CBX7,0.0,gene/protein
antigen processing and presentation of exogenous peptide antigen via MHC class II,0.0,biological_process
TRBC1,0.0,gene/protein
Phosphorylation of CD3 and TCR zeta chains,0.0,pathway
LYZ,0.0,gene/protein
CAMSAP1,0.0,gene/protein
UNC79,0.0,gene/protein
H2BC18,0.0,gene/protein
EMC2,0.0,gene/protein
PRXL2A,0.0,gene/protein
Erythrocytes take up oxygen and release carbon dioxide,0.0,pathway
HBD,0.0,gene/protein
SCT,0.0,gene/protein
GRK5,0.0,gene/protein
PTPRZ1,0.0,gene/protein
B4GALT1,0.0,gene/protein
BCL6,0.0,gene/protein
GRN,0.0,gene/protein
SAR1A,0.0,gene/protein
DAPK1,0.0,gene/protein
KLF6,0.0,gene/protein
GK,0.0,gene/protein
CDKN2B,0.0,gene/protein
CASP7,0.0,gene/protein
ATR,0.0,gene/protein
CDK6,0.0,gene/protein
TMPRSS2,0.0,gene/protein
POLR2F,0.0,gene/protein
HSPA13,0.0,gene/protein
PANX2,0.0,gene/protein
NFATC4,0.0,gene/protein
AQP3,0.0,gene/protein
FFAR2,0.0,gene/protein
HRG,0.0,gene/protein
CLN6,0.0,gene/protein
senescence-associated heterochromatin focus assembly,0.0,biological_process
nuclear transport,0.0,biological_process
PHF3,0.0,gene/protein
GLS,0.0,gene/protein
ARHGEF10,0.0,gene/protein
Formation of Senescence-Associated Heterochromatin Foci (SAHF),0.0,pathway
negative regulation of chromatin silencing,0.0,biological_process
Autointegration results in viral DNA circles,0.0,pathway
Vpr-mediated nuclear import of PICs,0.0,pathway
Integration of provirus,0.0,pathway
CNBD1,0.0,gene/protein
NXPH2,0.0,gene/protein
KRT8,0.0,gene/protein
BGN,0.0,gene/protein
HSPB2,0.0,gene/protein
BIRC2,0.0,gene/protein
CLEC3B,0.0,gene/protein
PTPRS,0.0,gene/protein
NEFL,0.0,gene/protein
PLXNA2,0.0,gene/protein
FOXK2,0.0,gene/protein
bicarbonate transport,0.0,biological_process
Defective HK1 causes hexokinase deficiency (HK deficiency),0.0,pathway
RBMY1J,0.0,gene/protein
ULK1,0.0,gene/protein
negative regulation of transcription by competitive promoter binding,0.0,biological_process
maintenance of protein location in mitochondrion,0.0,biological_process
establishment of protein localization to mitochondrion,0.0,biological_process
RETREG1,0.0,gene/protein
EIF2S2,0.0,gene/protein
fructose 6-phosphate metabolic process,0.0,biological_process
SPINK7,0.0,gene/protein
positive regulation of cytokine production involved in immune response,0.0,biological_process
regulation of leukocyte proliferation,0.0,biological_process
UBR3,0.0,gene/protein
IGSF8,0.0,gene/protein
HBQ1,0.0,gene/protein
SERPINA6,0.0,gene/protein
mannose metabolic process,0.0,biological_process
MAGEA11,0.0,gene/protein
ATP2B4,0.0,gene/protein
H3-3A,0.0,gene/protein
BDKRB2,0.0,gene/protein
PCDHA4,0.0,gene/protein
CD28,0.0,gene/protein
ALK,0.0,gene/protein
CYB5R3,0.0,gene/protein
AHSP,0.0,gene/protein
CDC6,0.0,gene/protein
CD14,0.0,gene/protein
GYS2,0.0,gene/protein
ELAVL3,0.0,gene/protein
GUCY1B1,0.0,gene/protein
NDUFV2,0.0,gene/protein
APC,0.0,gene/protein
AGRP,0.0,gene/protein
RAB5A,0.0,gene/protein
HLA-DQA1,0.0,gene/protein
HLA-DRA,0.0,gene/protein
HLA-DRB1,0.0,gene/protein
HLA-DQB1,0.0,gene/protein
ABL2,0.0,gene/protein
ACTN2,0.0,gene/protein
RPS18,0.0,gene/protein
H3-3B,0.0,gene/protein
oxygen transport,0.0,biological_process
NDUFAF5,0.0,gene/protein
nucleosome disassembly,0.0,biological_process
establishment of integrated proviral latency,0.0,biological_process
APOBEC3G mediated resistance to HIV-1 infection,0.0,pathway
CWC27,0.0,gene/protein
H3C13,0.0,gene/protein
KCND1,0.0,gene/protein
CLDN7,0.0,gene/protein
GCDH,0.0,gene/protein
EFEMP1,0.0,gene/protein
CREM,0.0,gene/protein
NFKBIL1,0.0,gene/protein
ART3,0.0,gene/protein
SLC39A2,0.0,gene/protein
ACVRL1,0.0,gene/protein
JAG2,0.0,gene/protein
ACAA1,0.0,gene/protein
JAG1,0.0,gene/protein
APLNR,0.0,gene/protein
AKR1C2,0.0,gene/protein
RBPJ,0.0,gene/protein
CNTN1,0.0,gene/protein
ADAM10,0.0,gene/protein
AGTR1,0.0,gene/protein
ATP2B2,0.0,gene/protein
CHGB,0.0,gene/protein
CENPE,0.0,gene/protein
CENPA,0.0,gene/protein
CENPF,0.0,gene/protein
CETP,0.0,gene/protein
CCN1,0.0,gene/protein
COMT,0.0,gene/protein
CRHBP,0.0,gene/protein
F10,0.0,gene/protein
ALG13,0.0,gene/protein
SLC9A7,0.0,gene/protein
PAK3,0.0,gene/protein
MAGEA3,0.0,gene/protein
SYP,0.0,gene/protein
TSPAN7,0.0,gene/protein
ZNF711,0.0,gene/protein
ZNF41,0.0,gene/protein
UPF3B,0.0,gene/protein
COL15A1,0.0,gene/protein
IL5RA,0.0,gene/protein
AIRE,0.0,gene/protein
MEGF8,0.0,gene/protein
SLC22A10,0.0,gene/protein
CNDP1,0.0,gene/protein
RSPO3,0.0,gene/protein
KIF11,0.0,gene/protein
LINC00221,0.0,gene/protein
SKA1,0.0,gene/protein
CYP4A11,0.0,gene/protein
CYP2B6,0.0,gene/protein
CYP2C8,0.0,gene/protein
ETFA,0.0,gene/protein
CYP1A1,0.0,gene/protein
ACE,0.0,gene/protein
TICRR,0.0,gene/protein
nucleoside triphosphate catabolic process,0.0,biological_process
PRPF4B,0.0,gene/protein
FGF19,0.0,gene/protein
CLEC4M,0.0,gene/protein
NDC80,0.0,gene/protein
DNASE1L3,0.0,gene/protein
DBH,0.0,gene/protein
ZNF81,0.0,gene/protein
ITIH3,0.0,gene/protein
IFNA1,0.0,gene/protein
HSD3B2,0.0,gene/protein
MAGEA6,0.0,gene/protein
CSPG4,0.0,gene/protein
CDCA3,0.0,gene/protein
ANGPTL6,0.0,gene/protein
RTP3,0.0,gene/protein
KCNN2,0.0,gene/protein
CUL4B,0.0,gene/protein
MAGEA1,0.0,gene/protein
GABRD,0.0,gene/protein
CENPU,0.0,gene/protein
steroid hormone mediated signaling pathway,0.0,biological_process
EXOSC4,0.0,gene/protein
MECR,0.0,gene/protein
regulation of cellular ketone metabolic process,0.0,biological_process
ORC6,0.0,gene/protein
negative regulation of hepatocyte apoptotic process,0.0,biological_process
lipid localization,0.0,biological_process
LPIN1,0.0,gene/protein
positive regulation of viral genome replication,0.0,biological_process
negative regulation of interferon-gamma-mediated signaling pathway,0.0,biological_process
regulation of DNA-templated transcription in response to stress,0.0,biological_process
RBFOX2,0.0,gene/protein
TAS2R9,0.0,gene/protein
regulation of fatty acid transport,0.0,biological_process
TTC36,0.0,gene/protein
UROC1,0.0,gene/protein
COX7B2,0.0,gene/protein
NLRC3,0.0,gene/protein
DCAF4L2,0.0,gene/protein
PPP4R3C,0.0,gene/protein
ARID2,0.0,gene/protein
MIR615,0.0,gene/protein
ARHGEF39,0.0,gene/protein
ZIC5,0.0,gene/protein
CNTNAP4,0.0,gene/protein
BMPER,0.0,gene/protein
HERC3,0.0,gene/protein
BAP1,0.0,gene/protein
SRMS,0.0,gene/protein
TOP1,0.0,gene/protein
CKAP2L,0.0,gene/protein
TNFSF4,0.0,gene/protein
CHKB,0.0,gene/protein
HCRTR2,0.0,gene/protein
EIF3G,0.0,gene/protein
MOG,0.0,gene/protein
OLFML2A,0.0,gene/protein
JDP2,0.0,gene/protein
KIF18B,0.0,gene/protein
CENPW,0.0,gene/protein
RAB23,0.0,gene/protein
INS-IGF2,0.0,gene/protein
SLC29A3,0.0,gene/protein
IL20,0.0,gene/protein
CHRM2,0.0,gene/protein
CCBE1,0.0,gene/protein
CDCA2,0.0,gene/protein
OIT3,0.0,gene/protein
FCN3,0.0,gene/protein
SRPX,0.0,gene/protein
LARGE1,0.0,gene/protein
ZIC2,0.0,gene/protein
ZNF23,0.0,gene/protein
BTG2,0.0,gene/protein
SKA3,0.0,gene/protein
TRIO,0.0,gene/protein
MARCO,0.0,gene/protein
ZIC4,0.0,gene/protein
MFSD2A,0.0,gene/protein
PNPT1,0.0,gene/protein
ASPM,0.0,gene/protein
FAM111B,0.0,gene/protein
FAM72B,0.0,gene/protein
MIR539,0.0,gene/protein
RAD54L,0.0,gene/protein
PTPRO,0.0,gene/protein
DDX54,0.0,gene/protein
EGLN3,0.0,gene/protein
MACIR,0.0,gene/protein
SNHG11,0.0,gene/protein
TMEM132D,0.0,gene/protein
MACROD2,0.0,gene/protein
SLC25A47,0.0,gene/protein
CDCA5,0.0,gene/protein
THEM4,0.0,gene/protein
RNF157,0.0,gene/protein
FATE1,0.0,gene/protein
TIMD4,0.0,gene/protein
HOTAIR,0.0,gene/protein
MICA,0.0,gene/protein
NKILA,0.0,gene/protein
ADGRG7,0.0,gene/protein
WDR62,0.0,gene/protein
MIRLET7B,0.0,gene/protein
RORA activates gene expression,0.0,pathway
lipoprotein metabolic process,0.0,biological_process
FBN1,0.0,gene/protein
Abnormal blood glucose concentration,0.0,effect/phenotype
ADRB1,0.0,gene/protein
ZFHX3,0.0,gene/protein
GBA3,0.0,gene/protein
ETFDH,0.0,gene/protein
F2,0.0,gene/protein
ACP5,0.0,gene/protein
AQP7,0.0,gene/protein
ADH1B,0.0,gene/protein
DPYD,0.0,gene/protein
NOP16,0.0,gene/protein
CTSS,0.0,gene/protein
NQO1,0.0,gene/protein
Abnormality of the gingiva,0.0,effect/phenotype
CXCL12,0.0,gene/protein
CTSC,0.0,gene/protein
SIM1,0.0,gene/protein
RGS3,0.0,gene/protein
JPH2,0.0,gene/protein
YKT6,0.0,gene/protein
HELZ2,0.0,gene/protein
nucleotide-binding oligomerization domain containing 2 signaling pathway,0.0,biological_process
FOSL1,0.0,gene/protein
PCLO,0.0,gene/protein
PA2G4,0.0,gene/protein
AP4M1,0.0,gene/protein
TXLNA,0.0,gene/protein
CFAP46,0.0,gene/protein
RNF214,0.0,gene/protein
PSIP1,0.0,gene/protein
CALB1,0.0,gene/protein
ACADM,0.0,gene/protein
ACHE,0.0,gene/protein
ACLY,0.0,gene/protein
KCNMA1,0.0,gene/protein
BBS9,0.0,gene/protein
MKS1,0.0,gene/protein
ARHGDIA,0.0,gene/protein
CA3,0.0,gene/protein
Abnormality of immune system physiology,0.0,immune_effect/phenotype
NPC1,0.0,gene/protein
ENTPD6,0.0,gene/protein
GFPT1,0.0,gene/protein
HADH,0.0,gene/protein
CS,0.0,gene/protein
BBS4,0.0,gene/protein
ADRB3,0.0,gene/protein
BIRC5,0.0,gene/protein
CYP1B1,0.0,gene/protein
APAF1,0.0,gene/protein
ARHGDIB,0.0,gene/protein
AFP,0.0,gene/protein
CASP2,0.0,gene/protein
BLM,0.0,gene/protein
CASP6,0.0,gene/protein
FCGR3B,0.0,gene/protein
ECHS1,0.0,gene/protein
CNR1,0.0,gene/protein
CPB2,0.0,gene/protein
FAAH,0.0,gene/protein
ACSL1,0.0,gene/protein
HTR2A,0.0,gene/protein
COX7C,0.0,gene/protein
COL3A1,0.0,gene/protein
CYP2E1,0.0,gene/protein
IDH1,0.0,gene/protein
CXCL5,0.0,gene/protein
CCL7,0.0,gene/protein
CCL8,0.0,gene/protein
CCL17,0.0,gene/protein
CCL24,0.0,gene/protein
Abnormality of connective tissue,0.0,effect/phenotype
PTTG1,0.0,gene/protein
CEP19,0.0,gene/protein
CCR9,0.0,gene/protein
MYD88,0.0,gene/protein
CXCL9,0.0,gene/protein
CCR1,0.0,gene/protein
ABCF1,0.0,gene/protein
PF4,0.0,gene/protein
IL17A,0.0,gene/protein
Bloodstream infectious agent,0.0,effect/phenotype
SERPINA4,0.0,gene/protein
ABCB1,0.0,gene/protein
ABCB4,0.0,gene/protein
MTUS1,0.0,gene/protein
TLR5,0.0,gene/protein
ZDHHC9,0.0,gene/protein
ATRX,0.0,gene/protein
LPA,0.0,gene/protein
PLVAP,0.0,gene/protein
NUF2,0.0,gene/protein
GPR158,0.0,gene/protein
KIF18A,0.0,gene/protein
CDKN3,0.0,gene/protein
LETM1,0.0,gene/protein
CBR1,0.0,gene/protein
LIFR,0.0,gene/protein
AP1S2,0.0,gene/protein
AGTR2,0.0,gene/protein
NEXMIF,0.0,gene/protein
ACSL4,0.0,gene/protein
FRMPD4,0.0,gene/protein
RAB39B,0.0,gene/protein
PTCHD1,0.0,gene/protein
ARX,0.0,gene/protein
CXCR2,0.0,gene/protein
DCD,0.0,gene/protein
SLC7A14,0.0,gene/protein
Abnormality of the urinary system physiology,0.0,effect/phenotype
SMS,0.0,gene/protein
PLAG1,0.0,gene/protein
GRIA3,0.0,gene/protein
RPL10,0.0,gene/protein
INPP4B,0.0,gene/protein
CLCN4,0.0,gene/protein
CXCR3,0.0,gene/protein
IL2RB,0.0,gene/protein
Inflammatory abnormality of the skin,0.0,immune_effect/phenotype
Abnormality of musculoskeletal physiology,0.0,effect/phenotype
DLG3,0.0,gene/protein
CXorf56,0.0,gene/protein
FTSJ1,0.0,gene/protein
IL1RAPL1,0.0,gene/protein
KDM5C,0.0,gene/protein
RBMX,0.0,gene/protein
SPATA21,0.0,gene/protein
TIRAP,0.0,gene/protein
Abnormality of the auditory canal,0.0,effect/phenotype
GGT1,0.0,gene/protein
GJB2,0.0,gene/protein
FPR1,0.0,gene/protein
NONO,0.0,gene/protein
IQSEC2,0.0,gene/protein
FZD10,0.0,gene/protein
FNDC3A,0.0,gene/protein
GRAMD1A,0.0,gene/protein
CCPG1,0.0,gene/protein
P2RY1,0.0,gene/protein
UFL1,0.0,gene/protein
SEM1,0.0,gene/protein
CASP12,0.0,gene/protein
MCM7,0.0,gene/protein
USP1,0.0,gene/protein
KEL,0.0,gene/protein
epidermis development,0.0,biological_process
AIP,0.0,gene/protein
PDIA2,0.0,gene/protein
MIRLET7E,0.0,gene/protein
KRTAP10-1,0.0,gene/protein
NFE2,0.0,gene/protein
FAF1,0.0,gene/protein
PSMB8-AS1,0.0,gene/protein
NCOA2,0.0,gene/protein
ASH2L,0.0,gene/protein
SPOP,0.0,gene/protein
negative regulation of leukocyte cell-cell adhesion,0.0,biological_process
epithelial cell differentiation,0.0,biological_process
CHRM4,0.0,gene/protein
SUMOylation of intracellular receptors,0.0,pathway
Regulation of PTEN gene transcription,0.0,pathway
NOD1,0.0,gene/protein
BFAR,0.0,gene/protein
TTC4,0.0,gene/protein
CAPZB,0.0,gene/protein
COX6B1,0.0,gene/protein
ATP6V1F,0.0,gene/protein
Nuclear Receptor transcription pathway,0.0,pathway
ANK3,0.0,gene/protein
SNX3,0.0,gene/protein
PAX2,0.0,gene/protein
CAMLG,0.0,gene/protein
C1QA,0.0,gene/protein
MS4A3,0.0,gene/protein
PEX12,0.0,gene/protein
SVIL,0.0,gene/protein
ANK2,0.0,gene/protein
HDLBP,0.0,gene/protein
KLC1,0.0,gene/protein
MT1G,0.0,gene/protein
ESRRB,0.0,gene/protein
CLK3,0.0,gene/protein
SATB1,0.0,gene/protein
MECOM,0.0,gene/protein
LRP8,0.0,gene/protein
TNP1,0.0,gene/protein
MAP4K4,0.0,gene/protein
RXRB,0.0,gene/protein
ADCY4,0.0,gene/protein
response to cAMP,0.0,biological_process
OGT,0.0,gene/protein
MHC class II antigen presentation,0.0,pathway
GOPC,0.0,gene/protein
ACP3,0.0,gene/protein
RFC1,0.0,gene/protein
PSMB5,0.0,gene/protein
PSMA5,0.0,gene/protein
CLINT1,0.0,gene/protein
CDKL1,0.0,gene/protein
CLOCK,0.0,gene/protein
TNNI2,0.0,gene/protein
AKR1B1,0.0,gene/protein
WAS,0.0,gene/protein
RRBP1,0.0,gene/protein
PSMD13,0.0,gene/protein
ADD1,0.0,gene/protein
SRSF4,0.0,gene/protein
SF1,0.0,gene/protein
GDNF,0.0,gene/protein
MKLN1,0.0,gene/protein
ZFP64,0.0,gene/protein
BYSL,0.0,gene/protein
FGF1,0.0,gene/protein
FMNL1,0.0,gene/protein
SNTB2,0.0,gene/protein
GLCE,0.0,gene/protein
Polycystic ovaries,0.0,effect/phenotype
Glomerulopathy,0.0,effect/phenotype
LCE3B,0.0,gene/protein
LMO1,0.0,gene/protein
TFCP2,0.0,gene/protein
MAP1LC3B,0.0,gene/protein
T cell activation,0.0,biological_process
nucleotide-binding oligomerization domain containing signaling pathway,0.0,biological_process
MALT1,0.0,gene/protein
S100A14,0.0,gene/protein
MLKL,0.0,gene/protein
TCF20,0.0,gene/protein
BCAP31,0.0,gene/protein
DEDD2,0.0,gene/protein
NLRC4,0.0,gene/protein
NF-kB activation through FADD/RIP-1 pathway mediated by caspase-8 and -10,0.0,pathway
Microbial modulation of RIPK1-mediated regulated necrosis,0.0,pathway
HPCAL1,0.0,gene/protein
RBM7,0.0,gene/protein
DTNB,0.0,gene/protein
TICAM1,0.0,gene/protein
PSMC4,0.0,gene/protein
PSMD3,0.0,gene/protein
DTNA,0.0,gene/protein
SEC62,0.0,gene/protein
QARS1,0.0,gene/protein
CDK2AP1,0.0,gene/protein
TRIM54,0.0,gene/protein
COMMD6,0.0,gene/protein
COG6,0.0,gene/protein
PSMD12,0.0,gene/protein
CEP76,0.0,gene/protein
CEP164,0.0,gene/protein
RPL26,0.0,gene/protein
SUMO3,0.0,gene/protein
RPL23,0.0,gene/protein
MTDH,0.0,gene/protein
PSMC3,0.0,gene/protein
MIRLET7A3,0.0,gene/protein
JMJD1C,0.0,gene/protein
nucleic acid phosphodiester bond hydrolysis,0.0,biological_process
acetaldehyde metabolic process,0.0,biological_process
SETD7,0.0,gene/protein
TPMT,0.0,gene/protein
PHF11,0.0,gene/protein
IKBKE,0.0,gene/protein
S100A10,0.0,gene/protein
activation of cysteine-type endopeptidase activity involved in apoptotic signaling pathway,0.0,biological_process
BRD1,0.0,gene/protein
KIFC3,0.0,gene/protein
PTH2R,0.0,gene/protein
SNTB1,0.0,gene/protein
GPR25,0.0,gene/protein
GLI4,0.0,gene/protein
C10orf95,0.0,gene/protein
RTN4IP1,0.0,gene/protein
PARP2,0.0,gene/protein
LINGO2,0.0,gene/protein
PRICKLE2,0.0,gene/protein
ANXA7,0.0,gene/protein
ASNS,0.0,gene/protein
MIR29A,0.0,gene/protein
FLCN,0.0,gene/protein
MRE11,0.0,gene/protein
PNPO,0.0,gene/protein
S100P,0.0,gene/protein
FKBP11,0.0,gene/protein
CHD7,0.0,gene/protein
SETDB1,0.0,gene/protein
MECP2 regulates transcription factors,0.0,pathway
negative regulation of pri-miRNA transcription by RNA polymerase II,0.0,biological_process
behavioral response to nicotine,0.0,biological_process
STAC3,0.0,gene/protein
NOP56,0.0,gene/protein
CBX1,0.0,gene/protein
KAT7,0.0,gene/protein
ACOT1,0.0,gene/protein
HULC,0.0,gene/protein
MALAT1,0.0,gene/protein
TTLL9,0.0,gene/protein
POLD1,0.0,gene/protein
PRICKLE3,0.0,gene/protein
PIK3C3,0.0,gene/protein
SRSF5,0.0,gene/protein
SLC38A9,0.0,gene/protein
DACT2,0.0,gene/protein
methanol poisoning,0.0,disease
leukonychia totalis,0.0,disease
BSCL2,0.0,gene/protein
AGBL5,0.0,gene/protein
MIR122,0.0,gene/protein
HCRT,0.0,gene/protein
TRA,0.0,gene/protein
TRH,0.0,gene/protein
KLF11,0.0,gene/protein
CEL,0.0,gene/protein
P2RY11,0.0,gene/protein
negative regulation of cell growth involved in cardiac muscle cell development,0.0,biological_process
TAC1,0.0,gene/protein
PENK,0.0,gene/protein
CTSH,0.0,gene/protein
CP,0.0,gene/protein
TBC1D4,0.0,gene/protein
HSD11B2,0.0,gene/protein
NOS1,0.0,gene/protein
C1QTNF6,0.0,gene/protein
ZNF365,0.0,gene/protein
regulation of fatty acid metabolic process,0.0,biological_process
"BMAL1:CLOCK,NPAS2 activates circadian gene expression",0.0,pathway
Activation of gene expression by SREBF (SREBP),0.0,pathway
Regulation of lipid metabolism by PPARalpha,0.0,pathway
Cytoprotection by HMOX1,0.0,pathway
CARD8,0.0,gene/protein
Vitamin B2 (riboflavin) metabolism,0.0,pathway
NEAT1,0.0,gene/protein
FAM180A,0.0,gene/protein
SLC40A1,0.0,gene/protein
GADL1,0.0,gene/protein
ADAMTS17,0.0,gene/protein
NUDT7,0.0,gene/protein
HIGD2A,0.0,gene/protein
ASPG,0.0,gene/protein
MIR520B,0.0,gene/protein
XAGE1B,0.0,gene/protein
SNX10,0.0,gene/protein
peptide hormone processing,0.0,biological_process
insulin processing,0.0,biological_process
islet amyloid polypeptide processing,0.0,biological_process
response to muramyl dipeptide,0.0,biological_process
enamel mineralization,0.0,biological_process
CCDC179,0.0,gene/protein
DNMT1,0.0,gene/protein
WRN,0.0,gene/protein
SHOC2,0.0,gene/protein
RAPGEF5,0.0,gene/protein
FOXO4,0.0,gene/protein
APEX1,0.0,gene/protein
RPS2,0.0,gene/protein
CSNK2B,0.0,gene/protein
SMAD7,0.0,gene/protein
NHLH2,0.0,gene/protein
KCNA4,0.0,gene/protein
DNMT3B,0.0,gene/protein
THOC5,0.0,gene/protein
BCS1L,0.0,gene/protein
SLC11A2,0.0,gene/protein
SYMPK,0.0,gene/protein
NOLC1,0.0,gene/protein
RPL4,0.0,gene/protein
UBA2,0.0,gene/protein
protein processing,0.0,biological_process
CLPB,0.0,gene/protein
melanocyte differentiation,0.0,biological_process
riboflavin metabolic process,0.0,biological_process
inorganic diphosphate transport,0.0,biological_process
cellular phosphate ion homeostasis,0.0,biological_process
enkephalin processing,0.0,biological_process
MBNL3,0.0,gene/protein
NAA50,0.0,gene/protein
Vitamin B5 (pantothenate) metabolism,0.0,pathway
ATG7,0.0,gene/protein
LTA4H,0.0,gene/protein
TMED10,0.0,gene/protein
AHCY,0.0,gene/protein
AKR1D1,0.0,gene/protein
KCNAB2,0.0,gene/protein
RECQL4,0.0,gene/protein
HIC1,0.0,gene/protein
USPL1,0.0,gene/protein
RNASE4,0.0,gene/protein
EFNB1,0.0,gene/protein
RALA,0.0,gene/protein
AFDN,0.0,gene/protein
BRINP1,0.0,gene/protein
KYNU,0.0,gene/protein
GTF2I,0.0,gene/protein
APOD,0.0,gene/protein
TES,0.0,gene/protein
ECHDC1,0.0,gene/protein
CDK5RAP3,0.0,gene/protein
DEFB4B,0.0,gene/protein
TCAP,0.0,gene/protein
TNIP3,0.0,gene/protein
USP31,0.0,gene/protein
TOP3B,0.0,gene/protein
RRP8,0.0,gene/protein
CSNK1G1,0.0,gene/protein
TAP2,0.0,gene/protein
NKX2-1,0.0,gene/protein
BATF2,0.0,gene/protein
TAF11,0.0,gene/protein
ZNF143,0.0,gene/protein
protein autoprocessing,0.0,biological_process
negative regulation of glycogen biosynthetic process,0.0,biological_process
RNASE1,0.0,gene/protein
COPS6,0.0,gene/protein
bile acid metabolic process,0.0,biological_process
ARL6IP6,0.0,gene/protein
fatty acid beta-oxidation,0.0,biological_process
regulation of gluconeogenesis,0.0,biological_process
regulation of endothelial cell proliferation,0.0,biological_process
elastin metabolic process,0.0,biological_process
CWF19L1,0.0,gene/protein
positive regulation of TOR signaling,0.0,biological_process
Polydipsia,0.0,effect/phenotype
regulation of intestinal cholesterol absorption,0.0,biological_process
Negative regulation of FGFR1 signaling,0.0,pathway
PI-3K cascade:FGFR1,0.0,pathway
KLK7,0.0,gene/protein
EXOSC9,0.0,gene/protein
ENG,0.0,gene/protein
activation of protein kinase C activity,0.0,biological_process
IGFBP7,0.0,gene/protein
PZP,0.0,gene/protein
RUNX3,0.0,gene/protein
DEFA1,0.0,gene/protein
LAMC1,0.0,gene/protein
LAMB1,0.0,gene/protein
DCN,0.0,gene/protein
regulation of lipoprotein lipid oxidation,0.0,biological_process
HOXC6,0.0,gene/protein
CCNG2,0.0,gene/protein
ITGB6,0.0,gene/protein
LRRC32,0.0,gene/protein
XRCC6,0.0,gene/protein
ITGAV,0.0,gene/protein
TGFB2,0.0,gene/protein
regulation of natural killer cell activation,0.0,biological_process
POU4F2,0.0,gene/protein
APOA4,0.0,gene/protein
GH1,0.0,gene/protein
CRKL,0.0,gene/protein
CSK,0.0,gene/protein
ACP1,0.0,gene/protein
DOK1,0.0,gene/protein
FABP4,0.0,gene/protein
BMP2,0.0,gene/protein
ACOX1,0.0,gene/protein
ARNT,0.0,gene/protein
COPB1,0.0,gene/protein
COL12A1,0.0,gene/protein
FOXF1,0.0,gene/protein
CIDEA,0.0,gene/protein
CHRM1,0.0,gene/protein
HES1,0.0,gene/protein
SARDH,0.0,gene/protein
FKBP1A,0.0,gene/protein
CST6,0.0,gene/protein
RPS3A,0.0,gene/protein
A2M,0.0,gene/protein
CBS,0.0,gene/protein
ETV4,0.0,gene/protein
DMD,0.0,gene/protein
CSTF1,0.0,gene/protein
SLC37A4,0.0,gene/protein
FABP1,0.0,gene/protein
G6PC1,0.0,gene/protein
DARS1,0.0,gene/protein
APRT,0.0,gene/protein
COL2A1,0.0,gene/protein
NMT1,0.0,gene/protein
CPE,0.0,gene/protein
GATA4,0.0,gene/protein
SERPINB1,0.0,gene/protein
negative regulation of kinase activity,0.0,biological_process
Constitutive Signaling by Aberrant PI3K in Cancer,0.0,pathway
HEXB,0.0,gene/protein
NAP1L4,0.0,gene/protein
POLR2E,0.0,gene/protein
ALB,0.0,gene/protein
ETFB,0.0,gene/protein
OTX2,0.0,gene/protein
BCAT1,0.0,gene/protein
BMP6,0.0,gene/protein
IMPDH2,0.0,gene/protein
GDI1,0.0,gene/protein
MYH11,0.0,gene/protein
MTHFD1,0.0,gene/protein
PHKA1,0.0,gene/protein
FCN1,0.0,gene/protein
AMFR,0.0,gene/protein
DES,0.0,gene/protein
ACTN4,0.0,gene/protein
PSMA2,0.0,gene/protein
PROKR2,0.0,gene/protein
CLEC2D,0.0,gene/protein
SLC35C2,0.0,gene/protein
FKBP7,0.0,gene/protein
RAF/MAP kinase cascade,0.0,pathway
response to linoleic acid,0.0,biological_process
detection of oxidative stress,0.0,biological_process
negative regulation of protein autophosphorylation,0.0,biological_process
cellular response to epinephrine stimulus,0.0,biological_process
negative regulation of receptor binding,0.0,biological_process
cellular response to cAMP,0.0,biological_process
negative regulation of phagocytosis,0.0,biological_process
positive regulation of signal transduction,0.0,biological_process
positive regulation of lipid transporter activity,0.0,biological_process
GPR152,0.0,gene/protein
TRIM35,0.0,gene/protein
AGT,0.0,gene/protein
PSMC2,0.0,gene/protein
GLO1,0.0,gene/protein
PPIA,0.0,gene/protein
IDH3A,0.0,gene/protein
MSX2,0.0,gene/protein
MCM2,0.0,gene/protein
FBLN1,0.0,gene/protein
P4HB,0.0,gene/protein
GOLGB1,0.0,gene/protein
CKB,0.0,gene/protein
HINT1,0.0,gene/protein
RPL21,0.0,gene/protein
ALDOA,0.0,gene/protein
H1-0,0.0,gene/protein
PRPH,0.0,gene/protein
MRPL12,0.0,gene/protein
SARS1,0.0,gene/protein
RAC3,0.0,gene/protein
C4orf48,0.0,gene/protein
central nervous system neuron development,0.0,biological_process
regulation of steroid biosynthetic process,0.0,biological_process
bone mineralization involved in bone maturation,0.0,biological_process
hematopoietic progenitor cell differentiation,0.0,biological_process
cellular response to retinoic acid,0.0,biological_process
intestinal absorption,0.0,biological_process
regulation of natural killer cell proliferation,0.0,biological_process
NMT2,0.0,gene/protein
cellular response to L-ascorbic acid,0.0,biological_process
positive regulation of protein dephosphorylation,0.0,biological_process
chondrocyte differentiation,0.0,biological_process
negative regulation of cell cycle,0.0,biological_process
negative regulation of appetite by leptin-mediated signaling pathway,0.0,biological_process
positive regulation of clathrin-dependent endocytosis,0.0,biological_process
TTL,0.0,gene/protein
glutathione biosynthetic process,0.0,biological_process
mammary gland development,0.0,biological_process
positive regulation of mesenchymal cell proliferation,0.0,biological_process
ECD,0.0,gene/protein
SETD6,0.0,gene/protein
NAT1,0.0,gene/protein
HSF2BP,0.0,gene/protein
ACTL6A,0.0,gene/protein
ACTG1,0.0,gene/protein
AP3S1,0.0,gene/protein
CFB,0.0,gene/protein
GLUD1,0.0,gene/protein
CSF2RB,0.0,gene/protein
AREG,0.0,gene/protein
Polyuria,0.0,effect/phenotype
PPA1,0.0,gene/protein
AHSG,0.0,gene/protein
PSMC6,0.0,gene/protein
ANXA1,0.0,gene/protein
KIF5B,0.0,gene/protein
NME1,0.0,gene/protein
EIF3E,0.0,gene/protein
TNFRSF14,0.0,gene/protein
S100A11,0.0,gene/protein
NKX2-5,0.0,gene/protein
Erythropoietin activates Phosphoinositide-3-kinase (PI3K),0.0,pathway
Erythropoietin activates Phospholipase C gamma (PLCG),0.0,pathway
Erythropoietin activates STAT5,0.0,pathway
Erythropoietin activates RAS,0.0,pathway
PI3K/AKT activation,0.0,pathway
Interleukin-7 signaling,0.0,pathway
EEF2,0.0,gene/protein
HAUS7,0.0,gene/protein
COPS2,0.0,gene/protein
DGKH,0.0,gene/protein
protein kinase C-activating G protein-coupled receptor signaling pathway,0.0,biological_process
phosphatidic acid biosynthetic process,0.0,biological_process
positive regulation of epidermal growth factor receptor signaling pathway,0.0,biological_process
RET signaling,0.0,pathway
LDHB,0.0,gene/protein
SERPINA3,0.0,gene/protein
DNASE1L2,0.0,gene/protein
GCK,0.0,gene/protein
APOE,0.0,gene/protein
CBFA2T3,0.0,gene/protein
ATP5PF,0.0,gene/protein
CD70,0.0,gene/protein
RCC1,0.0,gene/protein
Signaling by Erythropoietin,0.0,pathway
EEF1G,0.0,gene/protein
NCBP1,0.0,gene/protein
ATP6V1B1,0.0,gene/protein
RPA3,0.0,gene/protein
PFDN2,0.0,gene/protein
ATP7B,0.0,gene/protein
IAPP,0.0,gene/protein
ACTA2,0.0,gene/protein
hepoxilin biosynthetic process,0.0,biological_process
CRYZ,0.0,gene/protein
SLC2A5,0.0,gene/protein
cellular defense response,0.0,biological_process
TAF6,0.0,gene/protein
UXT,0.0,gene/protein
DEFB124,0.0,gene/protein
KDM2A,0.0,gene/protein
SPIRE2,0.0,gene/protein
CDC20,0.0,gene/protein
negative regulation of hyaluronan biosynthetic process,0.0,biological_process
IGF2,0.0,gene/protein
ARHGAP5,0.0,gene/protein
ARAF,0.0,gene/protein
ACTG2,0.0,gene/protein
BDH1,0.0,gene/protein
BAD,0.0,gene/protein
ATP1A1,0.0,gene/protein
ACTA1,0.0,gene/protein
GTF2A1,0.0,gene/protein
CD4,0.0,gene/protein
FTH1,0.0,gene/protein
CYP27A1,0.0,gene/protein
CCR6,0.0,gene/protein
CYP7A1,0.0,gene/protein
FUT5,0.0,gene/protein
CSF1R,0.0,gene/protein
FGG,0.0,gene/protein
RHOB,0.0,gene/protein
ADRB2,0.0,gene/protein
glycerol biosynthetic process,0.0,biological_process
determination of adult lifespan,0.0,biological_process
tyrosine phosphorylation of STAT protein,0.0,biological_process
negative regulation of appetite,0.0,biological_process
positive regulation of ion transport,0.0,biological_process
vasculogenesis,0.0,biological_process
positive regulation of renal albumin absorption,0.0,biological_process
IL23A,0.0,gene/protein
negative regulation of intracellular protein transport,0.0,biological_process
IRS-related events triggered by IGF1R,0.0,pathway
phosphatidylinositol-mediated signaling,0.0,biological_process
interleukin-7-mediated signaling pathway,0.0,biological_process
SOS-mediated signalling,0.0,pathway
IRS-mediated signalling,0.0,pathway
negative regulation of platelet-derived growth factor receptor-alpha signaling pathway,0.0,biological_process
CYP8B1,0.0,gene/protein
GDI2,0.0,gene/protein
C2,0.0,gene/protein
EFNA1,0.0,gene/protein
EEF1B2,0.0,gene/protein
ALDH7A1,0.0,gene/protein
PSMA6,0.0,gene/protein
RRAS2,0.0,gene/protein
PSMC5,0.0,gene/protein
ACO2,0.0,gene/protein
PSAP,0.0,gene/protein
SERPINH1,0.0,gene/protein
NACA,0.0,gene/protein
C4BPA,0.0,gene/protein
EEF1D,0.0,gene/protein
AARS1,0.0,gene/protein
PTMS,0.0,gene/protein
APOC3,0.0,gene/protein
ASGR2,0.0,gene/protein
CLIC1,0.0,gene/protein
CES1,0.0,gene/protein
CST3,0.0,gene/protein
EPHX2,0.0,gene/protein
CYP26A1,0.0,gene/protein
LTB4R,0.0,gene/protein
CCN2,0.0,gene/protein
RPL30,0.0,gene/protein
MIF,0.0,gene/protein
HSP90AB3P,0.0,gene/protein
ACAT1,0.0,gene/protein
EIF1AX,0.0,gene/protein
CTSE,0.0,gene/protein
IL4R,0.0,gene/protein
GTF2F1,0.0,gene/protein
ACTC1,0.0,gene/protein
collagen catabolic process,0.0,biological_process
BZW1,0.0,gene/protein
ATXN1,0.0,gene/protein
DAP3,0.0,gene/protein
VWC2L,0.0,gene/protein
Splenomegaly,0.0,effect/phenotype
3'-phosphoadenosine 5'-phosphosulfate metabolic process,0.0,biological_process
MCM5,0.0,gene/protein
EIF2B2,0.0,gene/protein
negative regulation of bone mineralization,0.0,biological_process
ZSCAN23,0.0,gene/protein
regulation of bone mineralization,0.0,biological_process
cellular amino acid metabolic process,0.0,biological_process
PRNP,0.0,gene/protein
motor developmental delay due to 14q32.2 paternally expressed gene defect,0.0,disease
GLRX5,0.0,gene/protein
negative regulation of hh target transcription factor activity,0.0,biological_process
SYT14,0.0,gene/protein
GRID2,0.0,gene/protein
ANO10,0.0,gene/protein
HGSNAT,0.0,gene/protein
FAM71A,0.0,gene/protein
MERTK,0.0,gene/protein
RPGR,0.0,gene/protein
SDCBP,0.0,gene/protein
RP1,0.0,gene/protein
C8orf37,0.0,gene/protein
CCZ1B,0.0,gene/protein
CYP4V2,0.0,gene/protein
EYS,0.0,gene/protein
PCARE,0.0,gene/protein
PRPF8,0.0,gene/protein
CHIC2,0.0,gene/protein
FOXI2,0.0,gene/protein
WSCD1,0.0,gene/protein
NUDCD3,0.0,gene/protein
NDRG1,0.0,gene/protein
DICER1,0.0,gene/protein
AMACR,0.0,gene/protein
ACOX2,0.0,gene/protein
GNPDA2,0.0,gene/protein
BLOC1S6,0.0,gene/protein
ARF6,0.0,gene/protein
CTLA4,0.0,gene/protein
MIR34A,0.0,gene/protein
TJP2,0.0,gene/protein
CCNH,0.0,gene/protein
TOX3,0.0,gene/protein
PHGDH,0.0,gene/protein
HSDL2,0.0,gene/protein
ARF1,0.0,gene/protein
NDUFB11,0.0,gene/protein
SLC25A38,0.0,gene/protein
CARD14,0.0,gene/protein
IL17RA,0.0,gene/protein
BBS5,0.0,gene/protein
INPP5E,0.0,gene/protein
ATPAF1,0.0,gene/protein
WNT3A,0.0,gene/protein
PTER,0.0,gene/protein
PHF6,0.0,gene/protein
KCTD15,0.0,gene/protein
LBP,0.0,gene/protein
AP3B1,0.0,gene/protein
Abnormality of redox activity,0.0,effect/phenotype
TRNT1,0.0,gene/protein
ABCB7,0.0,gene/protein
ALAS2,0.0,gene/protein
BBS10,0.0,gene/protein
PRPH2,0.0,gene/protein
COL11A1,0.0,gene/protein
SIL1,0.0,gene/protein
KLHL7,0.0,gene/protein
TUB,0.0,gene/protein
AIPL1,0.0,gene/protein
TULP1,0.0,gene/protein
UBA5,0.0,gene/protein
CLRN1,0.0,gene/protein
TTC8,0.0,gene/protein
FAM161A,0.0,gene/protein
ARL6,0.0,gene/protein
ZNF408,0.0,gene/protein
SLC37A3,0.0,gene/protein
RBP4,0.0,gene/protein
UNC119,0.0,gene/protein
USH2A,0.0,gene/protein
BBS7,0.0,gene/protein
FGGY,0.0,gene/protein
SIRT3,0.0,gene/protein
ME1,0.0,gene/protein
ALDH6A1,0.0,gene/protein
MMUT,0.0,gene/protein
DCXR,0.0,gene/protein
IFT43,0.0,gene/protein
BCHE,0.0,gene/protein
LRAT,0.0,gene/protein
CROCC,0.0,gene/protein
DHX38,0.0,gene/protein
RLBP1,0.0,gene/protein
UBAP1L,0.0,gene/protein
PRCD,0.0,gene/protein
RHO,0.0,gene/protein
IDO1,0.0,gene/protein
mosaic monosomy X,0.0,disease
RDH12,0.0,gene/protein
RP9,0.0,gene/protein
ABCA4,0.0,gene/protein
RGR,0.0,gene/protein
SAG,0.0,gene/protein
CDHR1,0.0,gene/protein
NAALADL1,0.0,gene/protein
ZNF513,0.0,gene/protein
CRB1,0.0,gene/protein
IRX5,0.0,gene/protein
ROM1,0.0,gene/protein
RPE65,0.0,gene/protein
ARL2BP,0.0,gene/protein
ARHGEF18,0.0,gene/protein
SPTBN2,0.0,gene/protein
C1QTNF5,0.0,gene/protein
PRPF4,0.0,gene/protein
PRPF3,0.0,gene/protein
FAM90A1,0.0,gene/protein
PRMT8,0.0,gene/protein
RBBP5,0.0,gene/protein
MFHAS1,0.0,gene/protein
CNOT1,0.0,gene/protein
NR2F2,0.0,gene/protein
HNRNPDL,0.0,gene/protein
ZSCAN1,0.0,gene/protein
MIRLET7F2,0.0,gene/protein
NCOA6,0.0,gene/protein
retinoic acid receptor signaling pathway,0.0,biological_process
monocyte differentiation,0.0,biological_process
cell maturation,0.0,biological_process
cell fate commitment,0.0,biological_process
H2AC12,0.0,gene/protein
ZBTB20,0.0,gene/protein
ALDH1L1,0.0,gene/protein
RAB21,0.0,gene/protein
MYT1L,0.0,gene/protein
MIR184,0.0,gene/protein
IL12A,0.0,gene/protein
HOXD13,0.0,gene/protein
HNRNPH3,0.0,gene/protein
ASH1L,0.0,gene/protein
LCN2,0.0,gene/protein
ERCC6,0.0,gene/protein
RHOH,0.0,gene/protein
JUNB,0.0,gene/protein
PRG2,0.0,gene/protein
KIF20A,0.0,gene/protein
LACTB,0.0,gene/protein
LPL,0.0,gene/protein
IL12RB1,0.0,gene/protein
positive regulation of glucose metabolic process,0.0,biological_process
positive regulation of DNA binding,0.0,biological_process
peroxisome proliferator activated receptor signaling pathway,0.0,biological_process
PYY,0.0,gene/protein
RIOK3,0.0,gene/protein
SERPINE1,0.0,gene/protein
SLC22A2,0.0,gene/protein
SDCCAG8,0.0,gene/protein
SLC22A1,0.0,gene/protein
SUCLG2,0.0,gene/protein
VLDLR,0.0,gene/protein
PRKAR2B,0.0,gene/protein
LDLR,0.0,gene/protein
UCP3,0.0,gene/protein
PEX11A,0.0,gene/protein
SUCLA2,0.0,gene/protein
UCP1,0.0,gene/protein
positive regulation of fatty acid beta-oxidation,0.0,biological_process
SLC22A23,0.0,gene/protein
response to sucrose,0.0,biological_process
positive regulation of metanephric glomerular visceral epithelial cell development,0.0,biological_process
positive regulation of myeloid cell apoptotic process,0.0,biological_process
biomineral tissue development,0.0,biological_process
ATP metabolic process,0.0,biological_process
POMC,0.0,gene/protein
HOXA13,0.0,gene/protein
DGUOK,0.0,gene/protein
STX2,0.0,gene/protein
CLTC,0.0,gene/protein
ENO3,0.0,gene/protein
LGMN,0.0,gene/protein
ATP6V1A,0.0,gene/protein
PGK1,0.0,gene/protein
RUNX2,0.0,gene/protein
SORT1,0.0,gene/protein
CTBP1,0.0,gene/protein
KCNB1,0.0,gene/protein
ABL1,0.0,gene/protein
APLP2,0.0,gene/protein
ACVR1,0.0,gene/protein
FCGRT,0.0,gene/protein
BCL2A1,0.0,gene/protein
PI3K Cascade,0.0,pathway
Downstream signaling of activated FGFR1,0.0,pathway
MFSD14B,0.0,gene/protein
DPY19L2P1,0.0,gene/protein
SHC-mediated cascade:FGFR1,0.0,pathway
SIGLEC12,0.0,gene/protein
SLC35E3,0.0,gene/protein
FRS-mediated FGFR1 signaling,0.0,pathway
PIP3 activates AKT signaling,0.0,pathway
CEBPD,0.0,gene/protein
MYO5B,0.0,gene/protein
LTF,0.0,gene/protein
ITIH1,0.0,gene/protein
CRABP1,0.0,gene/protein
CYP7B1,0.0,gene/protein
PLIN1,0.0,gene/protein
CYP26B1,0.0,gene/protein
NETO2,0.0,gene/protein
NPY5R,0.0,gene/protein
VPS13B,0.0,gene/protein
BBS12,0.0,gene/protein
RMST,0.0,gene/protein
NEGR1,0.0,gene/protein
ZNF169,0.0,gene/protein
PACS1,0.0,gene/protein
MTA2,0.0,gene/protein
PPM1L,0.0,gene/protein
DPP10,0.0,gene/protein
TRMT11,0.0,gene/protein
CLSTN2,0.0,gene/protein
CCDC134,0.0,gene/protein
PDRG1,0.0,gene/protein
OAT,0.0,gene/protein
HEBP2,0.0,gene/protein
PLS1,0.0,gene/protein
CPT1B,0.0,gene/protein
EXOSC2,0.0,gene/protein
CSF3,0.0,gene/protein
FHIT,0.0,gene/protein
GPX2,0.0,gene/protein
TTC39A,0.0,gene/protein
YIF1A,0.0,gene/protein
CGREF1,0.0,gene/protein
CHN2,0.0,gene/protein
GRIK2,0.0,gene/protein
FGL1,0.0,gene/protein
PMAIP1,0.0,gene/protein
AKR1C3,0.0,gene/protein
GAS7,0.0,gene/protein
MIRLET7C,0.0,gene/protein
ZNF587,0.0,gene/protein
CHD9,0.0,gene/protein
CD302,0.0,gene/protein
regulation of inflammatory response,0.0,biological_process
regulation of NIK/NF-kappaB signaling,0.0,biological_process
TWIST1,0.0,gene/protein
negative regulation of metanephric mesenchymal cell migration,0.0,biological_process
negative regulation of long-chain fatty acid import across plasma membrane,0.0,biological_process
Phospholipase C-mediated cascade: FGFR1,0.0,pathway
NISCH,0.0,gene/protein
FGFR1c and Klotho ligand binding and activation,0.0,pathway
AKAP13,0.0,gene/protein
NPY1R,0.0,gene/protein
BCL11B,0.0,gene/protein
CD3D,0.0,gene/protein
CD3E,0.0,gene/protein
BAK1,0.0,gene/protein
ATP1A3,0.0,gene/protein
APCDD1,0.0,gene/protein
SDC3,0.0,gene/protein
KIF22,0.0,gene/protein
ZFR2,0.0,gene/protein
PMCH,0.0,gene/protein
MKKS,0.0,gene/protein
MIR21,0.0,gene/protein
SLC16A7,0.0,gene/protein
BTBD11,0.0,gene/protein
MRAP2,0.0,gene/protein
SMN1,0.0,gene/protein
CARTPT,0.0,gene/protein
SSX1,0.0,gene/protein
TCF19,0.0,gene/protein
CDK14,0.0,gene/protein
TST,0.0,gene/protein
THY1,0.0,gene/protein
VIPR1,0.0,gene/protein
TALDO1,0.0,gene/protein
CDC25C,0.0,gene/protein
negative regulation of endopeptidase activity,0.0,biological_process
CDCA8,0.0,gene/protein
CYP39A1,0.0,gene/protein
CSNK1G3,0.0,gene/protein
DDB2,0.0,gene/protein
ARRB1,0.0,gene/protein
ASIC1,0.0,gene/protein
DUSP5,0.0,gene/protein
BMP8B,0.0,gene/protein
MT1E,0.0,gene/protein
TATDN1,0.0,gene/protein
APLN,0.0,gene/protein
TH,0.0,gene/protein
ZDHHC2,0.0,gene/protein
YTHDF2,0.0,gene/protein
SPC25,0.0,gene/protein
FBXL18,0.0,gene/protein
BCO2,0.0,gene/protein
CCNA1,0.0,gene/protein
SPRTN,0.0,gene/protein
MOGAT2,0.0,gene/protein
TEDC2,0.0,gene/protein
AADAT,0.0,gene/protein
MKI67,0.0,gene/protein
EXO1,0.0,gene/protein
ARID1A,0.0,gene/protein
TONSL,0.0,gene/protein
TGM3,0.0,gene/protein
MRO,0.0,gene/protein
CDKN1C,0.0,gene/protein
BCL9,0.0,gene/protein
EMP2,0.0,gene/protein
SLC31A2,0.0,gene/protein
APLP1,0.0,gene/protein
ADGRE5,0.0,gene/protein
DYRK1A,0.0,gene/protein
CBLB,0.0,gene/protein
CENPB,0.0,gene/protein
CCNA2,0.0,gene/protein
EFNA5,0.0,gene/protein
DAB1,0.0,gene/protein
DNTT,0.0,gene/protein
DMXL1,0.0,gene/protein
DUSP1,0.0,gene/protein
AP2A2,0.0,gene/protein
DUSP2,0.0,gene/protein
CSNK1D,0.0,gene/protein
MARK2,0.0,gene/protein
DLG4,0.0,gene/protein
LRBA,0.0,gene/protein
SFRP1,0.0,gene/protein
RRM1,0.0,gene/protein
PDK4,0.0,gene/protein
TYMS,0.0,gene/protein
CCNT1,0.0,gene/protein
BMP4,0.0,gene/protein
ATP5F1D,0.0,gene/protein
DUSP4,0.0,gene/protein
DMWD,0.0,gene/protein
DUSP6,0.0,gene/protein
CCNC,0.0,gene/protein
CSNK1G2,0.0,gene/protein
PARP4,0.0,gene/protein
HBEGF,0.0,gene/protein
ANGPT2,0.0,gene/protein
LYST,0.0,gene/protein
DNAJC6,0.0,gene/protein
ARHGAP11A,0.0,gene/protein
APOF,0.0,gene/protein
ESM1,0.0,gene/protein
ADAMTS13,0.0,gene/protein
ZWINT,0.0,gene/protein
ADH4,0.0,gene/protein
ADRA1A,0.0,gene/protein
ANLN,0.0,gene/protein
RND3,0.0,gene/protein
MT1A,0.0,gene/protein
MAN2C1,0.0,gene/protein
MAN2B1,0.0,gene/protein
MPO,0.0,gene/protein
HMGCR,0.0,gene/protein
CSRNP1,0.0,gene/protein
SLC26A6,0.0,gene/protein
ADRA2B,0.0,gene/protein
CD5L,0.0,gene/protein
CD34,0.0,gene/protein
FABP5,0.0,gene/protein
ECT2,0.0,gene/protein
EGR2,0.0,gene/protein
KBTBD11,0.0,gene/protein
PCLAF,0.0,gene/protein
KIF4A,0.0,gene/protein
DEPDC5,0.0,gene/protein
HJURP,0.0,gene/protein
ASF1B,0.0,gene/protein
KIF15,0.0,gene/protein
AKR1B10,0.0,gene/protein
LRRC59,0.0,gene/protein
PPP1R1A,0.0,gene/protein
KMT2B,0.0,gene/protein
ADAMTS1,0.0,gene/protein
DLGAP5,0.0,gene/protein
APCS,0.0,gene/protein
ASB9,0.0,gene/protein
EHMT1,0.0,gene/protein
ETHE1,0.0,gene/protein
postsynapse to nucleus signaling pathway,0.0,biological_process
KRTAP4-12,0.0,gene/protein
Abnormal muscle tone,0.0,effect/phenotype
Visual impairment,0.0,effect/phenotype
"transcription, DNA-templated",0.0,biological_process
E2F8,0.0,gene/protein
CSMD1,0.0,gene/protein
ARID1B,0.0,gene/protein
NUSAP1,0.0,gene/protein
SCD,0.0,gene/protein
FAM83D,0.0,gene/protein
CDT1,0.0,gene/protein
MBTPS2,0.0,gene/protein
CENPM,0.0,gene/protein
MAGEC2,0.0,gene/protein
Synthesis of 15-eicosatetraenoic acid derivatives,0.0,pathway
CD276,0.0,gene/protein
DIPK2B,0.0,gene/protein
KDM8,0.0,gene/protein
PLAC8,0.0,gene/protein
CLEC1B,0.0,gene/protein
MLXIPL,0.0,gene/protein
HERC5,0.0,gene/protein
PITPNM3,0.0,gene/protein
HKDC1,0.0,gene/protein
NOTCH3,0.0,gene/protein
GTSE1,0.0,gene/protein
HAO2,0.0,gene/protein
skeletal muscle fiber development,0.0,biological_process
response to hydroperoxide,0.0,biological_process
biological process involved in interaction with symbiont,0.0,biological_process
cellular response to lipoteichoic acid,0.0,biological_process
defense response to virus,0.0,biological_process
positive regulation of Schwann cell differentiation,0.0,biological_process
PRC1,0.0,gene/protein
FAM50B,0.0,gene/protein
protein K63-linked ubiquitination,0.0,biological_process
cellular response to amino acid starvation,0.0,biological_process
The proton buffering model,0.0,pathway
The fatty acid cycling model,0.0,pathway
UBOX5,0.0,gene/protein
canonical Wnt signaling pathway,0.0,biological_process
bone morphogenesis,0.0,biological_process
DNM2,0.0,gene/protein
non-canonical Wnt signaling pathway,0.0,biological_process
SPEN,0.0,gene/protein
RNF115,0.0,gene/protein
RLIM,0.0,gene/protein
NARF,0.0,gene/protein
response to cold,0.0,biological_process
SELENBP1,0.0,gene/protein
Synthesis of 5-eicosatetraenoic acids,0.0,pathway
cell differentiation,0.0,biological_process
EPHB3,0.0,gene/protein
EFNA4,0.0,gene/protein
RUNX1T1,0.0,gene/protein
CHRM3,0.0,gene/protein
DFFB,0.0,gene/protein
PHLDA1,0.0,gene/protein
HPSE,0.0,gene/protein
LYVE1,0.0,gene/protein
keratinocyte differentiation,0.0,biological_process
CEP131,0.0,gene/protein
NCAPH,0.0,gene/protein
OLFML2B,0.0,gene/protein
MTBP,0.0,gene/protein
GNMT,0.0,gene/protein
PYCARD,0.0,gene/protein
AP2B1,0.0,gene/protein
ELK4,0.0,gene/protein
CHN1,0.0,gene/protein
TPX2,0.0,gene/protein
MORN3,0.0,gene/protein
VCX2,0.0,gene/protein
MRPL53,0.0,gene/protein
MARCKSL1,0.0,gene/protein
HGS,0.0,gene/protein
EFHC1,0.0,gene/protein
MISP,0.0,gene/protein
ZNF410,0.0,gene/protein
RANBP3,0.0,gene/protein
NCDN,0.0,gene/protein
FAM187A,0.0,gene/protein
LARP4,0.0,gene/protein
SOX10,0.0,gene/protein
SEC14L4,0.0,gene/protein
ATP6V1C2,0.0,gene/protein
ZBED1,0.0,gene/protein
GAS2L2,0.0,gene/protein
SAE1,0.0,gene/protein
CELF1,0.0,gene/protein
KCTD7,0.0,gene/protein
MAPRE1,0.0,gene/protein
SLC12A8,0.0,gene/protein
positive regulation of neuroblast proliferation,0.0,biological_process
INTS3,0.0,gene/protein
H2AC17,0.0,gene/protein
negative regulation of cell-cell adhesion,0.0,biological_process
KRTAP9-8,0.0,gene/protein
GPR182,0.0,gene/protein
USHBP1,0.0,gene/protein
blood vessel development,0.0,biological_process
regulation of cell migration,0.0,biological_process
HMBOX1,0.0,gene/protein
CIB3,0.0,gene/protein
gene expression,0.0,biological_process
POLR3GL,0.0,gene/protein
CINP,0.0,gene/protein
ARCN1,0.0,gene/protein
CA5A,0.0,gene/protein
CLPS,0.0,gene/protein
CDH5,0.0,gene/protein
ASL,0.0,gene/protein
KCNE1,0.0,gene/protein
CD81,0.0,gene/protein
AGXT,0.0,gene/protein
ATP5MC3,0.0,gene/protein
CD53,0.0,gene/protein
CYP2A6,0.0,gene/protein
ATP5PD,0.0,gene/protein
PAMR1,0.0,gene/protein
IGF2BP3,0.0,gene/protein
LILRB5,0.0,gene/protein
TRIP13,0.0,gene/protein
CYP19A1,0.0,gene/protein
CFL1,0.0,gene/protein
CYB561,0.0,gene/protein
ABAT,0.0,gene/protein
ADA,0.0,gene/protein
ERN1,0.0,gene/protein
ELK3,0.0,gene/protein
CELSR2,0.0,gene/protein
EIF4E,0.0,gene/protein
CYP51A1,0.0,gene/protein
DBN1,0.0,gene/protein
APOC2,0.0,gene/protein
KCNJ8,0.0,gene/protein
ACY1,0.0,gene/protein
GUCY2C,0.0,gene/protein
HADHB,0.0,gene/protein
AMY2A,0.0,gene/protein
GPS2,0.0,gene/protein
HADHA,0.0,gene/protein
HGD,0.0,gene/protein
GPT,0.0,gene/protein
S1PR1,0.0,gene/protein
HTATIP2,0.0,gene/protein
COLEC10,0.0,gene/protein
PYGL,0.0,gene/protein
TCIM,0.0,gene/protein
EAF2,0.0,gene/protein
CLTRN,0.0,gene/protein
DEPDC1B,0.0,gene/protein
PTH1R,0.0,gene/protein
TNFRSF8,0.0,gene/protein
STAB2,0.0,gene/protein
CD2,0.0,gene/protein
ARL4D,0.0,gene/protein
NR2F6,0.0,gene/protein
DYNC1I2,0.0,gene/protein
CDK8,0.0,gene/protein
APBB2,0.0,gene/protein
AP2S1,0.0,gene/protein
CCNT2,0.0,gene/protein
MCM10,0.0,gene/protein
CDK11B,0.0,gene/protein
RHOC,0.0,gene/protein
HAL,0.0,gene/protein
ASGR1,0.0,gene/protein
DEPDC1,0.0,gene/protein
PLXDC1,0.0,gene/protein
NEIL3,0.0,gene/protein
LRRC1,0.0,gene/protein
ABCA1,0.0,gene/protein
EHD3,0.0,gene/protein
UHRF1,0.0,gene/protein
CAP2,0.0,gene/protein
TROAP,0.0,gene/protein
UBD,0.0,gene/protein
FST,0.0,gene/protein
CXCL14,0.0,gene/protein
CCNG1,0.0,gene/protein
CPEB3,0.0,gene/protein
TACC3,0.0,gene/protein
CLEC7A (Dectin-1) induces NFAT activation,0.0,pathway
MACF1,0.0,gene/protein
PIDD1,0.0,gene/protein
PI4KA,0.0,gene/protein
SMARCA4,0.0,gene/protein
Recurrent acute respiratory tract infection,0.0,effect/phenotype
Recurrent mycobacterium avium complex infections,0.0,effect/phenotype
Recurrent bronchopulmonary infections,0.0,effect/phenotype
CCNF,0.0,gene/protein
Recurrent systemic pyogenic infections,0.0,effect/phenotype
ANP32E,0.0,gene/protein
stimulatory C-type lectin receptor signaling pathway,0.0,biological_process
PIK3CD-AS1,0.0,gene/protein
MSC,0.0,gene/protein
LPXN,0.0,gene/protein
ARL6IP5,0.0,gene/protein
TAL1,0.0,gene/protein
Recurrent Neisserial infections,0.0,effect/phenotype
FOXP2,0.0,gene/protein
Pulmonary arterial hypertension,0.0,effect/phenotype
ENPP2,0.0,gene/protein
Recurrent infections due to aspiration,0.0,effect/phenotype
Respiratory infections in early life,0.0,effect/phenotype
Recurrent Burkholderia cepacia infections,0.0,effect/phenotype
FAP,0.0,gene/protein
AXL,0.0,gene/protein
"regulation of transcription, DNA-templated",0.0,biological_process
CSRP1,0.0,gene/protein
Recurrent Haemophilus influenzae infections,0.0,effect/phenotype
MED31,0.0,gene/protein
RUNX1 and FOXP3 control the development of regulatory T lymphocytes (Tregs),0.0,pathway
TAF9,0.0,gene/protein
negative regulation of transcription by RNA polymerase II,0.0,biological_process
positive regulation of transcription by RNA polymerase II,0.0,biological_process
B cell receptor signaling pathway,0.0,biological_process
cellular response to DNA damage stimulus,0.0,biological_process
BTC,0.0,gene/protein
ARPC1A,0.0,gene/protein
RPL23A,0.0,gene/protein
TRIP4,0.0,gene/protein
IL21R,0.0,gene/protein
SELPLG,0.0,gene/protein
FSCN1,0.0,gene/protein
PADI3,0.0,gene/protein
DUSP22,0.0,gene/protein
BTBD19,0.0,gene/protein
NCOR2,0.0,gene/protein
MTRNR2L1,0.0,gene/protein
TUBB4A,0.0,gene/protein
PDCD11,0.0,gene/protein
TNIP2,0.0,gene/protein
FBXW11,0.0,gene/protein
TIFA,0.0,gene/protein
WDR74,0.0,gene/protein
WNT7A,0.0,gene/protein
RSF1,0.0,gene/protein
interleukin-1-mediated signaling pathway,0.0,biological_process
response to muscle stretch,0.0,biological_process
positive regulation of hyaluronan biosynthetic process,0.0,biological_process
membrane protein intracellular domain proteolysis,0.0,biological_process
cellular response to dsRNA,0.0,biological_process
negative regulation of calcidiol 1-monooxygenase activity,0.0,biological_process
TRAF3,0.0,gene/protein
TAPBPL,0.0,gene/protein
ZBTB25,0.0,gene/protein
IFIH1,0.0,gene/protein
GPBP1,0.0,gene/protein
CRTAM,0.0,gene/protein
ZBTB9,0.0,gene/protein
RFFL,0.0,gene/protein
SSR1,0.0,gene/protein
TYW3,0.0,gene/protein
TNFSF15,0.0,gene/protein
TXN,0.0,gene/protein
"G protein-coupled receptor signaling pathway, coupled to cyclic nucleotide second messenger",0.0,biological_process
CDC16,0.0,gene/protein
SLC3A2,0.0,gene/protein
THOC1,0.0,gene/protein
HECTD1,0.0,gene/protein
MFF,0.0,gene/protein
CD59,0.0,gene/protein
APOBEC3F,0.0,gene/protein
YWHAQ,0.0,gene/protein
DMXL2,0.0,gene/protein
STK3,0.0,gene/protein
STAT5A,0.0,gene/protein
TAP1,0.0,gene/protein
positive regulation of B cell proliferation,0.0,biological_process
positive regulation of gene expression,0.0,biological_process
"positive regulation of transcription, DNA-templated",0.0,biological_process
regulation of transcription by RNA polymerase II,0.0,biological_process
PDIK1L,0.0,gene/protein
EIF3A,0.0,gene/protein
SLC4A7,0.0,gene/protein
DYNC2H1,0.0,gene/protein
PSMB8,0.0,gene/protein
SMG9,0.0,gene/protein
Elevated hepatic transaminase,0.0,effect/phenotype
RIPK3,0.0,gene/protein
positive regulation of neuron differentiation,0.0,biological_process
TMEM14A,0.0,gene/protein
CAMKK2,0.0,gene/protein
SPPL2A,0.0,gene/protein
SPAG9,0.0,gene/protein
TNRC6B,0.0,gene/protein
SART3,0.0,gene/protein
MAML2,0.0,gene/protein
RPS3,0.0,gene/protein
IRF2BP2,0.0,gene/protein
PPP3CA,0.0,gene/protein
response to glucose,0.0,biological_process
ADAR,0.0,gene/protein
DPP4,0.0,gene/protein
CYLC2,0.0,gene/protein
RERE,0.0,gene/protein
CPS1,0.0,gene/protein
CALCA,0.0,gene/protein
FABP3,0.0,gene/protein
AUP1,0.0,gene/protein
negative regulation of vascular associated smooth muscle cell differentiation,0.0,biological_process
DTX1,0.0,gene/protein
MEGF6,0.0,gene/protein
ARF4,0.0,gene/protein
Recurrent upper respiratory tract infections,0.0,effect/phenotype
FCERI mediated Ca+2 mobilization,0.0,pathway
PPP3CB,0.0,gene/protein
Calcineurin activates NFAT,0.0,pathway
Fc-epsilon receptor signaling pathway,0.0,biological_process
TUBA1A,0.0,gene/protein
ERCC8,0.0,gene/protein
cytokine production,0.0,biological_process
myotube cell development,0.0,biological_process
TBX21,0.0,gene/protein
ARL14EP,0.0,gene/protein
ATIC,0.0,gene/protein
Recurrent Serratia marcescens infections,0.0,effect/phenotype
ADM,0.0,gene/protein
CAV2,0.0,gene/protein
CALU,0.0,gene/protein
ARL1,0.0,gene/protein
COL9A3,0.0,gene/protein
CLTA,0.0,gene/protein
AP1S1,0.0,gene/protein
ATP5F1C,0.0,gene/protein
APBB1,0.0,gene/protein
CAV3,0.0,gene/protein
AP1G1,0.0,gene/protein
ATP1B1,0.0,gene/protein
EDN3,0.0,gene/protein
TCF12,0.0,gene/protein
INTS1,0.0,gene/protein
USP34,0.0,gene/protein
ITM2C,0.0,gene/protein
CLASP1,0.0,gene/protein
HASPIN,0.0,gene/protein
cerebellum development,0.0,biological_process
positive regulation of cell differentiation,0.0,biological_process
RGS14,0.0,gene/protein
embryonic organ morphogenesis,0.0,biological_process
regulation of intestinal epithelial structure maintenance,0.0,biological_process
amacrine cell differentiation,0.0,biological_process
enteroendocrine cell differentiation,0.0,biological_process
pancreatic A cell fate commitment,0.0,biological_process
pancreatic PP cell fate commitment,0.0,biological_process
RPS6KA4,0.0,gene/protein
signal transduction involved in regulation of gene expression,0.0,biological_process
dentate gyrus development,0.0,biological_process
EFNA3,0.0,gene/protein
anterior/posterior pattern specification,0.0,biological_process
PEAK1,0.0,gene/protein
PPP1R21,0.0,gene/protein
SLC2A3,0.0,gene/protein
TBCD,0.0,gene/protein
TRIP12,0.0,gene/protein
CRELD1,0.0,gene/protein
TGFBR2,0.0,gene/protein
PDHX,0.0,gene/protein
negative regulation of type B pancreatic cell apoptotic process,0.0,biological_process
negative regulation of receptor signaling pathway via JAK-STAT,0.0,biological_process
nucleocytoplasmic transport,0.0,biological_process
PSME3IP1,0.0,gene/protein
STK40,0.0,gene/protein
DPF3,0.0,gene/protein
TBK1,0.0,gene/protein
MAP3K14,0.0,gene/protein
STK36,0.0,gene/protein
NAT2,0.0,gene/protein
EGF,0.0,gene/protein
ECM1,0.0,gene/protein
CELSR3,0.0,gene/protein
MVK,0.0,gene/protein
PGD,0.0,gene/protein
NNMT,0.0,gene/protein
BUB1B,0.0,gene/protein
inner ear development,0.0,biological_process
HOXA10,0.0,gene/protein
GPM6A,0.0,gene/protein
HOXD9,0.0,gene/protein
FCN2,0.0,gene/protein
FOSB,0.0,gene/protein
INMT,0.0,gene/protein
GINS1,0.0,gene/protein
HGFAC,0.0,gene/protein
ACACA,0.0,gene/protein
C9,0.0,gene/protein
endocrine pancreas development,0.0,biological_process
neuron differentiation,0.0,biological_process
MAPKAPK5,0.0,gene/protein
GDF2,0.0,gene/protein
GJB1,0.0,gene/protein
MYBL2,0.0,gene/protein
FDFT1,0.0,gene/protein
RCAN1,0.0,gene/protein
CA2,0.0,gene/protein
FBP1,0.0,gene/protein
FGF4,0.0,gene/protein
FOXM1,0.0,gene/protein
GPC3,0.0,gene/protein
SLC5A5,0.0,gene/protein
EPHX1,0.0,gene/protein
DMPK,0.0,gene/protein
CAMK2G,0.0,gene/protein
SORL1,0.0,gene/protein
FGF3,0.0,gene/protein
WNK1,0.0,gene/protein
DENND4A,0.0,gene/protein
TNFRSF13B,0.0,gene/protein
BRMS1,0.0,gene/protein
ACKR4,0.0,gene/protein
VPS4A,0.0,gene/protein
MIRLET7I,0.0,gene/protein
H4C2,0.0,gene/protein
positive regulation of apoptotic process,0.0,biological_process
LINC01465,0.0,gene/protein
SIRT2,0.0,gene/protein
cellular response to tumor necrosis factor,0.0,biological_process
C1orf52,0.0,gene/protein
GRAP2,0.0,gene/protein
CFLAR,0.0,gene/protein
OR7E91P,0.0,gene/protein
Regulation of gene expression in beta cells,0.0,pathway
HIF1AN,0.0,gene/protein
ISCU,0.0,gene/protein
CARM1,0.0,gene/protein
TUBB,0.0,gene/protein
ECSIT,0.0,gene/protein
ANKRD30BL,0.0,gene/protein
LAPTM5,0.0,gene/protein
DPF2,0.0,gene/protein
SRF,0.0,gene/protein
SKAP1,0.0,gene/protein
JAKMIP1,0.0,gene/protein
TANGO6,0.0,gene/protein
PSPC1,0.0,gene/protein
MRPL30,0.0,gene/protein
RFX5,0.0,gene/protein
MIDEAS,0.0,gene/protein
UNC5CL,0.0,gene/protein
neutrophil degranulation,0.0,biological_process
inflammatory response,0.0,biological_process
TLCD1,0.0,gene/protein
negative regulation of insulin secretion,0.0,biological_process
SLC12A4,0.0,gene/protein
BTBD1,0.0,gene/protein
PPP6R1,0.0,gene/protein
CLDND1,0.0,gene/protein
PCNX4,0.0,gene/protein
negative regulation of delayed rectifier potassium channel activity,0.0,biological_process
negative regulation of transmission of nerve impulse,0.0,biological_process
neurogenesis,0.0,biological_process
regulation of neuronal action potential,0.0,biological_process
Regulation of gene expression in endocrine-committed (NEUROG3+) progenitor cells,0.0,pathway
CUL3,0.0,gene/protein
ARHGAP28,0.0,gene/protein
MTMR6,0.0,gene/protein
MON2,0.0,gene/protein
APOL6,0.0,gene/protein
CAMKK1,0.0,gene/protein
MAFA,0.0,gene/protein
negative regulation of neuron apoptotic process,0.0,biological_process
RECK,0.0,gene/protein
IRF9,0.0,gene/protein
STMN4,0.0,gene/protein
G protein-coupled receptor signaling pathway,0.0,biological_process
positive regulation of transmission of nerve impulse,0.0,biological_process
negative regulation of cytosolic calcium ion concentration,0.0,biological_process
negative regulation of cGMP-mediated signaling,0.0,biological_process
RNF41,0.0,gene/protein
camera-type eye development,0.0,biological_process
SF3A3,0.0,gene/protein
DISP3,0.0,gene/protein
COG4,0.0,gene/protein
SMARCD1,0.0,gene/protein
MAP2K4,0.0,gene/protein
chemical synaptic transmission,0.0,biological_process
"positive regulation of circadian sleep/wake cycle, non-REM sleep",0.0,biological_process
G alpha (i) signalling events,0.0,pathway
Class A/1 (Rhodopsin-like receptors),0.0,pathway
TINF2,0.0,gene/protein
FANK1,0.0,gene/protein
ZPBP2,0.0,gene/protein
HMGXB4,0.0,gene/protein
KSR1,0.0,gene/protein
IFNL1,0.0,gene/protein
SPTBN1,0.0,gene/protein
ARHGAP32,0.0,gene/protein
TFAP2A,0.0,gene/protein
GCM2,0.0,gene/protein
PALS2,0.0,gene/protein
NEK8,0.0,gene/protein
SLC35B2,0.0,gene/protein
negative regulation of gene expression,0.0,biological_process
positive regulation of lipid storage,0.0,biological_process
TAPBP,0.0,gene/protein
negative regulation of apoptotic process,0.0,biological_process
T cell receptor signaling pathway,0.0,biological_process
DDX46,0.0,gene/protein
DEx/H-box helicases activate type I IFN and inflammatory cytokines production ,0.0,pathway
TRAF6 mediated NF-kB activation,0.0,pathway
HCMV Early Events,0.0,pathway
Purinergic signaling in leishmaniasis infection,0.0,pathway
Interleukin-1 signaling,0.0,pathway
NF-kB is activated and signals survival,0.0,pathway
FCERI mediated NF-kB activation,0.0,pathway
Senescence-Associated Secretory Phenotype (SASP),0.0,pathway
H4C9,0.0,gene/protein
MTPN,0.0,gene/protein
Transcriptional regulation of white adipocyte differentiation,0.0,pathway
TAK1 activates NFkB by phosphorylation and activation of IKKs complex,0.0,pathway
Interleukin-1 processing,0.0,pathway
AIM2,0.0,gene/protein
ATF7,0.0,gene/protein
NLE1,0.0,gene/protein
BANP,0.0,gene/protein
IFNL3,0.0,gene/protein
PKMTs methylate histone lysines,0.0,pathway
The NLRP3 inflammasome,0.0,pathway
LDOC1,0.0,gene/protein
KRT40,0.0,gene/protein
NME1-NME2,0.0,gene/protein
MAGED1,0.0,gene/protein
RIPOR2,0.0,gene/protein
TMEM69,0.0,gene/protein
response to nicotine,0.0,biological_process
positive regulation of miRNA metabolic process,0.0,biological_process
FAM25C,0.0,gene/protein
ion transmembrane transport,0.0,biological_process
STX11,0.0,gene/protein
MAP3K8 (TPL2)-dependent MAPK1/3 activation,0.0,pathway
positive regulation of canonical Wnt signaling pathway,0.0,biological_process
negative regulation of cholesterol transport,0.0,biological_process
negative regulation of cellular protein metabolic process,0.0,biological_process
transcription by RNA polymerase II,0.0,biological_process
BCL2L15,0.0,gene/protein
negative regulation of vitamin D biosynthetic process,0.0,biological_process
COMMD1,0.0,gene/protein
TNIP1,0.0,gene/protein
RHEX,0.0,gene/protein
IkBA variant leads to EDA-ID,0.0,pathway
RIP-mediated NFkB activation via ZBP1,0.0,pathway
Regulated proteolysis of p75NTR,0.0,pathway
WRAP53,0.0,gene/protein
Transcriptional Regulation by VENTX,0.0,pathway
TANK,0.0,gene/protein
cellular response to lipopolysaccharide,0.0,biological_process
positive regulation of NF-kappaB transcription factor activity,0.0,biological_process
negative regulation of inflammatory response,0.0,biological_process
CLEC7A/inflammasome pathway,0.0,pathway
CD209 (DC-SIGN) signaling,0.0,pathway
CLEC7A (Dectin-1) signaling,0.0,pathway
positive regulation of type I interferon production,0.0,biological_process
Neutrophil degranulation,0.0,pathway
EBI3,0.0,gene/protein
IKZF1,0.0,gene/protein
CCDC57,0.0,gene/protein
protein ubiquitination,0.0,biological_process
TFIP11,0.0,gene/protein
protein K6-linked ubiquitination,0.0,biological_process
negative regulation of axon extension,0.0,biological_process
negative regulation of insulin secretion involved in cellular response to glucose stimulus,0.0,biological_process
TBC1D2B,0.0,gene/protein
Downstream TCR signaling,0.0,pathway
NUP214,0.0,gene/protein
Hypoplasia of the fovea,0.0,effect/phenotype
CACYBP,0.0,gene/protein
S100B,0.0,gene/protein
DHX36,0.0,gene/protein
NEDD1,0.0,gene/protein
FAM25G,0.0,gene/protein
UFM1,0.0,gene/protein
CD2BP2,0.0,gene/protein
MTUS2,0.0,gene/protein
SSX2IP,0.0,gene/protein
CBY2,0.0,gene/protein
TADA2A,0.0,gene/protein
NCCRP1,0.0,gene/protein
ZG16B,0.0,gene/protein
CRNN,0.0,gene/protein
response to fatty acid,0.0,biological_process
LDB1,0.0,gene/protein
response to hypoxia,0.0,biological_process
MIPOL1,0.0,gene/protein
KIAA0753,0.0,gene/protein
ubiquitin-dependent protein catabolic process,0.0,biological_process
protein K48-linked ubiquitination,0.0,biological_process
UBE2H,0.0,gene/protein
UBE2D1,0.0,gene/protein
BMF,0.0,gene/protein
cellular response to insulin stimulus,0.0,biological_process
female pregnancy,0.0,biological_process
positive regulation of fibroblast proliferation,0.0,biological_process
signal transduction,0.0,biological_process
HSP90B1,0.0,gene/protein
IKZF3,0.0,gene/protein
CEP70,0.0,gene/protein
PNMA2,0.0,gene/protein
axonogenesis,0.0,biological_process
protein K27-linked ubiquitination,0.0,biological_process
Eyelid coloboma,0.0,effect/phenotype
UBE2F,0.0,gene/protein
FAM25A,0.0,gene/protein
SPDYC,0.0,gene/protein
IPO13,0.0,gene/protein
RNF111,0.0,gene/protein
VSX2,0.0,gene/protein
FYCO1,0.0,gene/protein
CHCHD7,0.0,gene/protein
GRHL2,0.0,gene/protein
RBM26,0.0,gene/protein
POLR3C,0.0,gene/protein
C2CD6,0.0,gene/protein
RINT1,0.0,gene/protein
regulation of androgen receptor signaling pathway,0.0,biological_process
Antigen processing: Ubiquitination & Proteasome degradation,0.0,pathway
NFKBID,0.0,gene/protein
TRAPPC6A,0.0,gene/protein
LNPK,0.0,gene/protein
SMARCB1,0.0,gene/protein
ZNF124,0.0,gene/protein
TLK2,0.0,gene/protein
NKIRAS2,0.0,gene/protein
AP5M1,0.0,gene/protein
TRIM11,0.0,gene/protein
PPIL4,0.0,gene/protein
TOM1L2,0.0,gene/protein
MANBAL,0.0,gene/protein
TM9SF4,0.0,gene/protein
STAC,0.0,gene/protein
RNF125,0.0,gene/protein
PGPEP1,0.0,gene/protein
TRIM39,0.0,gene/protein
RNF126,0.0,gene/protein
ARIH2,0.0,gene/protein
TRIM31,0.0,gene/protein
WWP2,0.0,gene/protein
positive regulation of G1/S transition of mitotic cell cycle,0.0,biological_process
cellular response to interleukin-1,0.0,biological_process
DAZAP2,0.0,gene/protein
RNF11,0.0,gene/protein
IPO11,0.0,gene/protein
DZIP3,0.0,gene/protein
RNF103,0.0,gene/protein
DTX3L,0.0,gene/protein
CHFR,0.0,gene/protein
RNF25,0.0,gene/protein
MUL1,0.0,gene/protein
UBL5,0.0,gene/protein
EIF4A3,0.0,gene/protein
animal organ morphogenesis,0.0,biological_process
triglyceride catabolic process,0.0,biological_process
NRXN3,0.0,gene/protein
NECAB1,0.0,gene/protein
LMF1,0.0,gene/protein
MTMR1,0.0,gene/protein
OTUB1,0.0,gene/protein
Assembly of active LPL and LIPC lipase complexes,0.0,pathway
DET1,0.0,gene/protein
TRIM45,0.0,gene/protein
ARIH1,0.0,gene/protein
RNF166,0.0,gene/protein
UNG,0.0,gene/protein
USP15,0.0,gene/protein
RNF114,0.0,gene/protein
ARRDC3,0.0,gene/protein
fatty acid biosynthetic process,0.0,biological_process
PTBP2,0.0,gene/protein
DCAF16,0.0,gene/protein
ANKHD1,0.0,gene/protein
TRIM50,0.0,gene/protein
SNCA,0.0,gene/protein
HK3,0.0,gene/protein
KRTAP10-6,0.0,gene/protein
KHDRBS2,0.0,gene/protein
positive regulation of cell death,0.0,biological_process
KRTAP5-8,0.0,gene/protein
PFDN5,0.0,gene/protein
RIOK2,0.0,gene/protein
VEGFA,0.0,gene/protein
response to cobalamin,0.0,biological_process
AATF,0.0,gene/protein
cellular response to stress,0.0,biological_process
response to morphine,0.0,biological_process
SOX8,0.0,gene/protein
adaptive thermogenesis,0.0,biological_process
UBR5,0.0,gene/protein
PRDM14,0.0,gene/protein
RNF8,0.0,gene/protein
RNF220,0.0,gene/protein
DUOX2,0.0,gene/protein
phosphate ion homeostasis,0.0,biological_process
negative regulation of sodium-dependent phosphate transport,0.0,biological_process
MARCHF3,0.0,gene/protein
negative regulation of non-canonical Wnt signaling pathway,0.0,biological_process
KRTAP10-7,0.0,gene/protein
positive regulation of cold-induced thermogenesis,0.0,biological_process
RNF185,0.0,gene/protein
TRIM2,0.0,gene/protein
ESPL1,0.0,gene/protein
ITCH,0.0,gene/protein
protein polyubiquitination,0.0,biological_process
NR1D1,0.0,gene/protein
PCGF2,0.0,gene/protein
smoothened signaling pathway,0.0,biological_process
neuron migration,0.0,biological_process
intermediate-density lipoprotein particle remodeling,0.0,biological_process
regulation of lipoprotein lipase activity,0.0,biological_process
ADHFE1,0.0,gene/protein
triglyceride homeostasis,0.0,biological_process
low-density lipoprotein particle remodeling,0.0,biological_process
regulation of axon extension,0.0,biological_process
anatomical structure development,0.0,biological_process
CGGBP1,0.0,gene/protein
MAFB,0.0,gene/protein
RFTN1,0.0,gene/protein
positive regulation of keratinocyte apoptotic process,0.0,biological_process
ANKHD1-EIF4EBP3,0.0,gene/protein
negative regulation of cell population proliferation,0.0,biological_process
cholesterol homeostasis,0.0,biological_process
detection of glucose,0.0,biological_process
high-density lipoprotein particle remodeling,0.0,biological_process
cellular response to interleukin-6,0.0,biological_process
Activation of NF-kappaB in B cells,0.0,pathway
regulation of transcription initiation from RNA polymerase II promoter,0.0,biological_process
cellular response to nicotine,0.0,biological_process
negative regulation of interleukin-12 production,0.0,biological_process
cellular response to peptide hormone stimulus,0.0,biological_process
FBXO2,0.0,gene/protein
Chylomicron clearance,0.0,pathway
positive regulation of insulin secretion,0.0,biological_process
negative regulation of glial cell differentiation,0.0,biological_process
type B pancreatic cell proliferation,0.0,biological_process
Regulation of gene expression in early pancreatic precursor cells,0.0,pathway
oligodendrocyte differentiation,0.0,biological_process
regulation of neuron migration,0.0,biological_process
cellular response to cytokine stimulus,0.0,biological_process
positive regulation of type B pancreatic cell development,0.0,biological_process
pancreas development,0.0,biological_process
very-low-density lipoprotein particle remodeling,0.0,biological_process
chylomicron remnant clearance,0.0,biological_process
QRICH1,0.0,gene/protein
TLK1,0.0,gene/protein
central nervous system neuron differentiation,0.0,biological_process
POLI,0.0,gene/protein
PPM1G,0.0,gene/protein
AP4E1,0.0,gene/protein
TMEM230,0.0,gene/protein
PTPRD,0.0,gene/protein
GMCL1,0.0,gene/protein
UBQLN2,0.0,gene/protein
RNF40,0.0,gene/protein
IPO9,0.0,gene/protein
COG8,0.0,gene/protein
positive regulation of epidermal cell differentiation,0.0,biological_process
regulation of BMP signaling pathway,0.0,biological_process
negative regulation of Wnt signaling pathway,0.0,biological_process
response to hormone,0.0,biological_process
positive regulation of glial cell differentiation,0.0,biological_process
PCDHB10,0.0,gene/protein
TLN1,0.0,gene/protein
IRS4,0.0,gene/protein
IPO4,0.0,gene/protein
RPRD2,0.0,gene/protein
GPR50,0.0,gene/protein
UBR4,0.0,gene/protein
PDIA6,0.0,gene/protein
FSTL1,0.0,gene/protein
KRTAP9-3,0.0,gene/protein
UBXN2B,0.0,gene/protein
NAIF1,0.0,gene/protein
NME7,0.0,gene/protein
lipid catabolic process,0.0,biological_process
cholesterol metabolic process,0.0,biological_process
reverse cholesterol transport,0.0,biological_process
phosphatidylcholine catabolic process,0.0,biological_process
NTM,0.0,gene/protein
CABP5,0.0,gene/protein
ERG28,0.0,gene/protein
EIF1AD,0.0,gene/protein
RAN,0.0,gene/protein
PSORS1C2,0.0,gene/protein
PDE4C,0.0,gene/protein
LONRF1,0.0,gene/protein
type B pancreatic cell differentiation,0.0,biological_process
cerebral cortex regionalization,0.0,biological_process
Activation of anterior HOX genes in hindbrain development during early embryogenesis,0.0,pathway
CCDC33,0.0,gene/protein
lacrimal gland development,0.0,biological_process
lens development in camera-type eye,0.0,biological_process
establishment of mitotic spindle orientation,0.0,biological_process
forebrain dorsal/ventral pattern formation,0.0,biological_process
cornea development in camera-type eye,0.0,biological_process
iris morphogenesis,0.0,biological_process
habenula development,0.0,biological_process
astrocyte differentiation,0.0,biological_process
salivary gland morphogenesis,0.0,biological_process
TRIM46,0.0,gene/protein
MARF1,0.0,gene/protein
SLC30A1,0.0,gene/protein
RGS20,0.0,gene/protein
S-adenosylmethionine biosynthetic process,0.0,biological_process
methylation,0.0,biological_process
methionine catabolic process,0.0,biological_process
MAT2B,0.0,gene/protein
TRAP1,0.0,gene/protein
protein homotetramerization,0.0,biological_process
ATP6V0D2,0.0,gene/protein
pituitary gland development,0.0,biological_process
response to wounding,0.0,biological_process
positive regulation of core promoter binding,0.0,biological_process
ventral spinal cord development,0.0,biological_process
TRIP10,0.0,gene/protein
ACOT12,0.0,gene/protein
EAF1,0.0,gene/protein
ASPSCR1,0.0,gene/protein
CHAF1A,0.0,gene/protein
negative regulation of neural precursor cell proliferation,0.0,biological_process
response to manganese ion,0.0,biological_process
positive regulation of vascular associated smooth muscle cell apoptotic process,0.0,biological_process
ZC3H11A,0.0,gene/protein
USP36,0.0,gene/protein
Gene and protein expression by JAK-STAT signaling after Interleukin-12 stimulation,0.0,pathway
response to hydrogen peroxide,0.0,biological_process
"Synthesis, secretion, and inactivation of Glucose-dependent Insulinotropic Polypeptide (GIP)",0.0,pathway
removal of superoxide radicals,0.0,biological_process
response to L-ascorbic acid,0.0,biological_process
response to isolation stress,0.0,biological_process
release of cytochrome c from mitochondria,0.0,biological_process
regulation of blood pressure,0.0,biological_process
positive regulation of cell migration,0.0,biological_process
cellular response to oxidative stress,0.0,biological_process
TMEM131,0.0,gene/protein
"FOXO-mediated transcription of oxidative stress, metabolic and neuronal genes",0.0,pathway
visual perception,0.0,biological_process
central nervous system development,0.0,biological_process
retina development in camera-type eye,0.0,biological_process
HOMER3,0.0,gene/protein
CCL26,0.0,gene/protein
Cardiogenic shock,0.0,effect/phenotype
Methylmalonic acidemia,0.0,effect/phenotype
Reticulocytosis,0.0,effect/phenotype
AP1M1,0.0,gene/protein
Neurodegeneration,0.0,effect/phenotype
Hypoxemia,0.0,effect/phenotype
RAPGEF4,0.0,gene/protein
positive regulation of tumor necrosis factor production,0.0,biological_process
potassium ion transport,0.0,biological_process
PRKAG1,0.0,gene/protein
GMPS,0.0,gene/protein
CXorf38,0.0,gene/protein
KANK2,0.0,gene/protein
Maternal diabetes,0.0,effect/phenotype
transmembrane transport,0.0,biological_process
renal glucose absorption,0.0,biological_process
CBX3,0.0,gene/protein
Fasting hypoglycemia,0.0,effect/phenotype
Postprandial hyperglycemia,0.0,effect/phenotype
MRPL15,0.0,gene/protein
ITGB3BP,0.0,gene/protein
ATAD3A,0.0,gene/protein
SDHD,0.0,gene/protein
NGLY1,0.0,gene/protein
CTNNA3,0.0,gene/protein
SPG21,0.0,gene/protein
SRSF11,0.0,gene/protein
LYSMD1,0.0,gene/protein
TCEAL5,0.0,gene/protein
liver development,0.0,biological_process
negative regulation of wound healing,0.0,biological_process
LXN,0.0,gene/protein
TCP11L1,0.0,gene/protein
CCDC103,0.0,gene/protein
cell fate determination,0.0,biological_process
negative regulation of neuron differentiation,0.0,biological_process
negative regulation of protein phosphorylation,0.0,biological_process
negative regulation of low-density lipoprotein particle clearance,0.0,biological_process
ATP sensitive Potassium channels,0.0,pathway
cellular response to ethanol,0.0,biological_process
Regulation of insulin secretion,0.0,pathway
response to radiation,0.0,biological_process
response to activity,0.0,biological_process
response to selenium ion,0.0,biological_process
PRDM2,0.0,gene/protein
NPC1L1,0.0,gene/protein
response to pH,0.0,biological_process
inorganic cation transmembrane transport,0.0,biological_process
memory,0.0,biological_process
Defective ABCC8 can cause hypo- and hyper-glycemias,0.0,pathway
oxygen homeostasis,0.0,biological_process
UBAP2L,0.0,gene/protein
one-carbon metabolic process,0.0,biological_process
pancreatic A cell development,0.0,biological_process
embryonic camera-type eye morphogenesis,0.0,biological_process
positive regulation of epithelial cell differentiation,0.0,biological_process
oligodendrocyte cell fate specification,0.0,biological_process
forebrain-midbrain boundary formation,0.0,biological_process
axon guidance,0.0,biological_process
response to cadmium ion,0.0,biological_process
"Synthesis, secretion, and inactivation of Glucagon-like Peptide-1 (GLP-1)",0.0,pathway
dorsal/ventral axis specification,0.0,biological_process
eye development,0.0,biological_process
sulfur amino acid metabolic process,0.0,biological_process
regulation of timing of cell differentiation,0.0,biological_process
regulation of asymmetric cell division,0.0,biological_process
IST1,0.0,gene/protein
THRA,0.0,gene/protein
SLC39A6,0.0,gene/protein
negative regulation of epithelial cell proliferation,0.0,biological_process
commitment of neuronal cell to specific neuron type in forebrain,0.0,biological_process
neuron fate commitment,0.0,biological_process
cellular response to leukemia inhibitory factor,0.0,biological_process
protein localization to organelle,0.0,biological_process
eye photoreceptor cell development,0.0,biological_process
negative regulation of neurogenesis,0.0,biological_process
GNB4,0.0,gene/protein
UBE2M,0.0,gene/protein
"Metabolism of ingested SeMet, Sec, MeSec into H2Se",0.0,pathway
potassium ion transmembrane transport,0.0,biological_process
WASHC3,0.0,gene/protein
VCP,0.0,gene/protein
negative regulation of angiogenesis,0.0,biological_process
negative regulation of glial cell proliferation,0.0,biological_process
DLEU1-AS1,0.0,gene/protein
GATA5,0.0,gene/protein
Methylation,0.0,pathway
Sulfur amino acid metabolism,0.0,pathway
GEMIN2,0.0,gene/protein
positive regulation of uterine smooth muscle relaxation,0.0,biological_process
negative regulation of neuroblast migration,0.0,biological_process
Premature birth,0.0,effect/phenotype
NABP2,0.0,gene/protein
LDHAL6A,0.0,gene/protein
EIF3D,0.0,gene/protein
positive regulation of superoxide anion generation,0.0,biological_process
NFS1,0.0,gene/protein
Focal-onset seizure,0.0,effect/phenotype
PPIAL4A,0.0,gene/protein
SND1,0.0,gene/protein
relaxation of vascular associated smooth muscle,0.0,biological_process
activation of MAPK activity,0.0,biological_process
positive regulation of cytokine production,0.0,biological_process
ACOT7,0.0,gene/protein
NCBP2,0.0,gene/protein
Defective MAT1A causes MATD,0.0,pathway
RBM8A,0.0,gene/protein
protein-DNA complex assembly,0.0,biological_process
embryonic morphogenesis,0.0,biological_process
response to organic cyclic compound,0.0,biological_process
pronephros development,0.0,biological_process
pronephric nephron tubule development,0.0,biological_process
KRTAP26-1,0.0,gene/protein
BPIFA1,0.0,gene/protein
LINC01565,0.0,gene/protein
positive regulation of tight junction disassembly,0.0,biological_process
MLLT10,0.0,gene/protein
glucose import,0.0,biological_process
positive regulation of voltage-gated potassium channel activity,0.0,biological_process
visual learning,0.0,biological_process
cellular response to organic substance,0.0,biological_process
response to lipopolysaccharide,0.0,biological_process
response to insulin,0.0,biological_process
response to zinc ion,0.0,biological_process
cellular glucose homeostasis,0.0,biological_process
OXER1,0.0,gene/protein
type B pancreatic cell maturation,0.0,biological_process
selenium compound metabolic process,0.0,biological_process
PMF1,0.0,gene/protein
SLC27A4,0.0,gene/protein
response to organic substance,0.0,biological_process
HDAC6,0.0,gene/protein
P3H1,0.0,gene/protein
Fever,0.0,effect/phenotype
ZBED3,0.0,gene/protein
SCRN1,0.0,gene/protein
TBL2,0.0,gene/protein
CYP4F12,0.0,gene/protein
Albuminuria,0.0,effect/phenotype
regulation of mitochondrial membrane potential,0.0,biological_process
liver regeneration,0.0,biological_process
RNF14,0.0,gene/protein
TSGA10,0.0,gene/protein
HOOK2,0.0,gene/protein
UBR2,0.0,gene/protein
Male infertility,0.0,effect/phenotype
OPTN,0.0,gene/protein
ASCC1,0.0,gene/protein
API5,0.0,gene/protein
EIF3I,0.0,gene/protein
SRRT,0.0,gene/protein
NUP93,0.0,gene/protein
TIAL1,0.0,gene/protein
mitochondrial transmembrane transport,0.0,biological_process
superoxide anion generation,0.0,biological_process
muscle cell cellular homeostasis,0.0,biological_process
KIAA1109,0.0,gene/protein
negative regulation of membrane hyperpolarization,0.0,biological_process
positive regulation of vascular associated smooth muscle cell differentiation involved in phenotypic switching,0.0,biological_process
response to magnetism,0.0,biological_process
superoxide metabolic process,0.0,biological_process
aging,0.0,biological_process
response to superoxide,0.0,biological_process
ovarian follicle development,0.0,biological_process
neural tube development,0.0,biological_process
positive regulation of vascular permeability,0.0,biological_process
regulation of cell cycle,0.0,biological_process
RUNX3 regulates CDKN1A transcription,0.0,pathway
positive regulation of cell division,0.0,biological_process
positive regulation of peptidyl-threonine phosphorylation,0.0,biological_process
negative regulation of myoblast differentiation,0.0,biological_process
positive regulation of epithelial to mesenchymal transition,0.0,biological_process
PCBD2,0.0,gene/protein
positive regulation of pri-miRNA transcription by RNA polymerase II,0.0,biological_process
positive regulation of protein localization to nucleus,0.0,biological_process
Transcriptional activation of mitochondrial biogenesis,0.0,pathway
Detoxification of Reactive Oxygen Species,0.0,pathway
TGF-beta receptor signaling activates SMADs,0.0,pathway
TGF-beta receptor signaling in EMT (epithelial to mesenchymal transition),0.0,pathway
ECM proteoglycans,0.0,pathway
SMAD2/3 Phosphorylation Motif Mutants in Cancer,0.0,pathway
regulation of blood vessel remodeling,0.0,biological_process
Deregulated CDK5 triggers multiple neurodegenerative pathways in Alzheimer's disease models,0.0,pathway
negative regulation of vascular associated smooth muscle cell proliferation,0.0,biological_process
hydrogen peroxide biosynthetic process,0.0,biological_process
Seizure,0.0,effect/phenotype
TCEAL9,0.0,gene/protein
GET4,0.0,gene/protein
NOL12,0.0,gene/protein
DYNC1LI1,0.0,gene/protein
TGFBR2 Kinase Domain Mutants in Cancer,0.0,pathway
SIRT6,0.0,gene/protein
HDHD2,0.0,gene/protein
ALDH5A1,0.0,gene/protein
response to immobilization stress,0.0,biological_process
negative regulation of oxidative stress-induced intrinsic apoptotic signaling pathway,0.0,biological_process
response to electrical stimulus,0.0,biological_process
SMARCA5,0.0,gene/protein
RUNX3 regulates p14-ARF,0.0,pathway
Syndecan interactions,0.0,pathway
VAPA,0.0,gene/protein
response to silicon dioxide,0.0,biological_process
positive regulation of NAD+ ADP-ribosyltransferase activity,0.0,biological_process
negative regulation of biomineral tissue development,0.0,biological_process
Platelet degranulation ,0.0,pathway
Influenza Virus Induced Apoptosis,0.0,pathway
Cell surface interactions at the vascular wall,0.0,pathway
Molecules associated with elastic fibres,0.0,pathway
Downregulation of TGF-beta receptor signaling,0.0,pathway
TGFBR2 MSI Frameshift Mutants in Cancer,0.0,pathway
UFSP1,0.0,gene/protein
TM4SF4,0.0,gene/protein
NCOA3,0.0,gene/protein
hepatocyte differentiation,0.0,biological_process
SMPDL3A,0.0,gene/protein
VTN,0.0,gene/protein
SGK2,0.0,gene/protein
DYRK1B,0.0,gene/protein
H2AC21,0.0,gene/protein
negative regulation of blood-brain barrier permeability,0.0,biological_process
TGFBR1 KD Mutants in Cancer,0.0,pathway
TGFBR1 LBD Mutants in Cancer,0.0,pathway
circadian regulation of gene expression,0.0,biological_process
DNM1L,0.0,gene/protein
interleukin-12-mediated signaling pathway,0.0,biological_process
positive regulation of peptidyl-tyrosine phosphorylation,0.0,biological_process
UCH proteinases,0.0,pathway
Interleukin-4 and Interleukin-13 signaling,0.0,pathway
positive regulation of hydrogen peroxide biosynthetic process,0.0,biological_process
positive regulation of production of miRNAs involved in gene silencing by miRNA,0.0,biological_process
Regulation of RUNX3 expression and activity,0.0,pathway
regulation of pronephros size,0.0,biological_process
positive regulation of transcription initiation from RNA polymerase II promoter,0.0,biological_process
USP54,0.0,gene/protein
response to carbohydrate,0.0,biological_process
Regulation of gene expression in late stage (branching morphogenesis) pancreatic bud precursor cells,0.0,pathway
age-dependent response to reactive oxygen species,0.0,biological_process
acetylcholine-mediated vasodilation involved in regulation of systemic arterial blood pressure,0.0,biological_process
common-partner SMAD protein phosphorylation,0.0,biological_process
ANKRD13A,0.0,gene/protein
WBP2,0.0,gene/protein
SNRPA,0.0,gene/protein
SMURF1,0.0,gene/protein
IPPK,0.0,gene/protein
EPN1,0.0,gene/protein
MBD1,0.0,gene/protein
LSR,0.0,gene/protein
UBQLN4,0.0,gene/protein
SF3B1,0.0,gene/protein
ZNF8,0.0,gene/protein
PDZD3,0.0,gene/protein
serotonin uptake,0.0,biological_process
RYR2,0.0,gene/protein
SOX7,0.0,gene/protein
NAA20,0.0,gene/protein
SUV39H2,0.0,gene/protein
SMURF2,0.0,gene/protein
SMAD protein signal transduction,0.0,biological_process
Mullerian duct regression,0.0,biological_process
cellular response to organic cyclic compound,0.0,biological_process
CHMP3,0.0,gene/protein
PLEKHO1,0.0,gene/protein
cellular response to angiotensin,0.0,biological_process
stress-activated MAPK cascade,0.0,biological_process
UNC45B,0.0,gene/protein
SF3B3,0.0,gene/protein
NKRF,0.0,gene/protein
CXXC5,0.0,gene/protein
synaptic vesicle docking,0.0,biological_process
STX19,0.0,gene/protein
histamine uptake,0.0,biological_process
GCSAM,0.0,gene/protein
CCL22,0.0,gene/protein
BRD2,0.0,gene/protein
U2AF2,0.0,gene/protein
PRRT2,0.0,gene/protein
SMAD6,0.0,gene/protein
TOB1,0.0,gene/protein
WDFY2,0.0,gene/protein
SLC8A3,0.0,gene/protein
xenobiotic transport,0.0,biological_process
toxin transport,0.0,biological_process
transport across blood-brain barrier,0.0,biological_process
cellular response to osmotic stress,0.0,biological_process
SNRNP70,0.0,gene/protein
amylopectin biosynthetic process,0.0,biological_process
glucose transmembrane transport,0.0,biological_process
ACAP1,0.0,gene/protein
EHD2,0.0,gene/protein
DNAJC12,0.0,gene/protein
positive regulation of brain-derived neurotrophic factor receptor signaling pathway,0.0,biological_process
Cellular hexose transport,0.0,pathway
NPY2R,0.0,gene/protein
glucose import in response to insulin stimulus,0.0,biological_process
SOX5,0.0,gene/protein
MITD1,0.0,gene/protein
HDAC3,0.0,gene/protein
COPB2,0.0,gene/protein
NDE1,0.0,gene/protein
ODF3B,0.0,gene/protein
PELP1,0.0,gene/protein
MXD3,0.0,gene/protein
glycerophosphate shuttle,0.0,biological_process
SLC39A8,0.0,gene/protein
NUFIP1,0.0,gene/protein
dehydroascorbic acid transport,0.0,biological_process
GDPD5,0.0,gene/protein
Short stature,0.0,effect/phenotype
intestinal hexose absorption,0.0,biological_process
HDAC10,0.0,gene/protein
glycerol catabolic process,0.0,biological_process
glycerol-3-phosphate metabolic process,0.0,biological_process
IL4I1,0.0,gene/protein
maintenance of DNA repeat elements,0.0,biological_process
positive regulation of heparan sulfate proteoglycan biosynthetic process,0.0,biological_process
LCE3D,0.0,gene/protein
kidney development,0.0,biological_process
negative regulation of extracellular matrix disassembly,0.0,biological_process
positive regulation of phosphatidylinositol 3-kinase activity,0.0,biological_process
TRUB1,0.0,gene/protein
carbohydrate metabolic process,0.0,biological_process
erythrocyte differentiation,0.0,biological_process
macrophage derived foam cell differentiation,0.0,biological_process
epidermal growth factor receptor signaling pathway,0.0,biological_process
platelet degranulation,0.0,biological_process
positive regulation of protein-containing complex assembly,0.0,biological_process
receptor catabolic process,0.0,biological_process
regulation of transforming growth factor beta receptor signaling pathway,0.0,biological_process
protein export from nucleus,0.0,biological_process
response to progesterone,0.0,biological_process
positive regulation of epithelial cell proliferation,0.0,biological_process
SMAD protein complex assembly,0.0,biological_process
regulation of striated muscle tissue development,0.0,biological_process
lymph node development,0.0,biological_process
BLID,0.0,gene/protein
BMP signaling pathway,0.0,biological_process
positive regulation of protein phosphorylation,0.0,biological_process
cytokine-mediated signaling pathway,0.0,biological_process
positive regulation of protein secretion,0.0,biological_process
positive regulation of protein export from nucleus,0.0,biological_process
positive regulation of MAP kinase activity,0.0,biological_process
positive regulation of cardiac muscle cell differentiation,0.0,biological_process
positive regulation of vascular endothelial growth factor production,0.0,biological_process
connective tissue replacement involved in inflammatory response wound healing,0.0,biological_process
negative regulation of gene silencing by miRNA,0.0,biological_process
negative regulation of production of miRNAs involved in gene silencing by miRNA,0.0,biological_process
positive regulation of isotype switching to IgA isotypes,0.0,biological_process
response to cholesterol,0.0,biological_process
myoblast fate commitment,0.0,biological_process
negative regulation of cell growth,0.0,biological_process
Translocation of SLC2A4 (GLUT4) to the plasma membrane,0.0,pathway
organic anion transport,0.0,biological_process
SYT3,0.0,gene/protein
Motor tics,0.0,effect/phenotype
BAMBI,0.0,gene/protein
STXBP1,0.0,gene/protein
Phonic tics,0.0,effect/phenotype
STX4,0.0,gene/protein
MAPK cascade,0.0,biological_process
epinephrine uptake,0.0,biological_process
quaternary ammonium group transport,0.0,biological_process
purine-containing compound transmembrane transport,0.0,biological_process
SGPP2,0.0,gene/protein
TP53BP1,0.0,gene/protein
C12orf57,0.0,gene/protein
ACTR3,0.0,gene/protein
TNFAIP2,0.0,gene/protein
MTMR10,0.0,gene/protein
SYT9,0.0,gene/protein
negative regulation of blood vessel endothelial cell migration,0.0,biological_process
positive regulation of protein kinase B signaling,0.0,biological_process
phosphate-containing compound metabolic process,0.0,biological_process
positive regulation of cell population proliferation,0.0,biological_process
SLC9A8,0.0,gene/protein
TSPOAP1,0.0,gene/protein
DPM1,0.0,gene/protein
apoptotic process,0.0,biological_process
PTMA,0.0,gene/protein
positive regulation of macrophage derived foam cell differentiation,0.0,biological_process
POC1B,0.0,gene/protein
SARAF,0.0,gene/protein
ZEB2,0.0,gene/protein
SPTAN1,0.0,gene/protein
RPS10,0.0,gene/protein
TAB2,0.0,gene/protein
NFKBIZ,0.0,gene/protein
PADI1,0.0,gene/protein
cellular response to mechanical stimulus,0.0,biological_process
regulation of immunoglobulin production,0.0,biological_process
positive regulation of blood microparticle formation,0.0,biological_process
positive regulation of chemokine (C-X-C motif) ligand 2 production,0.0,biological_process
activation of MAPKKK activity,0.0,biological_process
positive regulation of synaptic transmission,0.0,biological_process
positive regulation of calcineurin-NFAT signaling cascade,0.0,biological_process
negative regulation of osteoblast differentiation,0.0,biological_process
I-kappaB kinase/NF-kappaB signaling,0.0,biological_process
HAX1,0.0,gene/protein
JNK cascade,0.0,biological_process
MRM3,0.0,gene/protein
astrocyte activation,0.0,biological_process
positive regulation of protein kinase activity,0.0,biological_process
positive regulation of interleukin-6 production,0.0,biological_process
cognition,0.0,biological_process
negative regulation of lipid catabolic process,0.0,biological_process
negative regulation of signaling receptor activity,0.0,biological_process
negative regulation of extrinsic apoptotic signaling pathway in absence of ligand,0.0,biological_process
positive regulation of peptide hormone secretion,0.0,biological_process
sequestering of triglyceride,0.0,biological_process
PAGE1,0.0,gene/protein
tumor necrosis factor-mediated signaling pathway,0.0,biological_process
positive regulation of superoxide dismutase activity,0.0,biological_process
regulation of synapse organization,0.0,biological_process
osteoclast differentiation,0.0,biological_process
positive regulation of synoviocyte proliferation,0.0,biological_process
positive regulation of nitrogen compound metabolic process,0.0,biological_process
INTS5,0.0,gene/protein
chronic inflammatory response to antigenic stimulus,0.0,biological_process
positive regulation of mononuclear cell migration,0.0,biological_process
lipopolysaccharide-mediated signaling pathway,0.0,biological_process
protein localization to plasma membrane,0.0,biological_process
defense response to Gram-positive bacterium,0.0,biological_process
positive regulation of NIK/NF-kappaB signaling,0.0,biological_process
epithelial cell proliferation involved in salivary gland morphogenesis,0.0,biological_process
positive regulation of calcidiol 1-monooxygenase activity,0.0,biological_process
positive regulation of hair follicle development,0.0,biological_process
positive regulation of osteoclast differentiation,0.0,biological_process
Signaling downstream of RAS mutants,0.0,pathway
Paradoxical activation of RAF signaling by kinase inactive BRAF,0.0,pathway
ACTR8,0.0,gene/protein
ACTR2,0.0,gene/protein
CTSV,0.0,gene/protein
AKT3,0.0,gene/protein
RAB3GAP1,0.0,gene/protein
FAM209A,0.0,gene/protein
Spry regulation of FGF signaling,0.0,pathway
ACTR1A,0.0,gene/protein
MAP2K2,0.0,gene/protein
neuron projection maintenance,0.0,biological_process
positive regulation of kinase activity,0.0,biological_process
LITAF,0.0,gene/protein
STAT5B,0.0,gene/protein
positive regulation of membrane protein ectodomain proteolysis,0.0,biological_process
Signaling by BRAF and RAF fusions,0.0,pathway
protein kinase B signaling,0.0,biological_process
positive regulation of smooth muscle cell proliferation,0.0,biological_process
FNDC9,0.0,gene/protein
CDYL,0.0,gene/protein
embryonic digestive tract development,0.0,biological_process
positive regulation of cell adhesion,0.0,biological_process
negative regulation of interleukin-6 production,0.0,biological_process
positive regulation of fever generation,0.0,biological_process
response to salt stress,0.0,biological_process
"regulation of synaptic transmission, glutamatergic",0.0,biological_process
cortical actin cytoskeleton organization,0.0,biological_process
positive regulation of cytokine production involved in inflammatory response,0.0,biological_process
response to virus,0.0,biological_process
positive regulation of fractalkine production,0.0,biological_process
death-inducing signaling complex assembly,0.0,biological_process
positive regulation of glial cell proliferation,0.0,biological_process
endothelial cell apoptotic process,0.0,biological_process
negative regulation of apoptotic signaling pathway,0.0,biological_process
positive regulation of podosome assembly,0.0,biological_process
cellular response to hypoxia,0.0,biological_process
Acetylcholine Neurotransmitter Release Cycle,0.0,pathway
exocytic insertion of neurotransmitter receptor to postsynaptic membrane,0.0,biological_process
synaptic vesicle fusion to presynaptic active zone membrane,0.0,biological_process
long-term synaptic potentiation,0.0,biological_process
monoamine transport,0.0,biological_process
histamine metabolic process,0.0,biological_process
Abacavir transmembrane transport,0.0,pathway
nitric oxide-cGMP-mediated signaling pathway,0.0,biological_process
regulation of appetite,0.0,biological_process
organic cation transport,0.0,biological_process
norepinephrine uptake,0.0,biological_process
dopamine uptake,0.0,biological_process
monocarboxylic acid transport,0.0,biological_process
neurotransmitter secretion,0.0,biological_process
"GABA synthesis, release, reuptake and degradation",0.0,pathway
Sensory processing of sound by inner hair cells of the cochlea,0.0,pathway
Organic cation transport,0.0,pathway
PCDHGB1,0.0,gene/protein
Intestinal hexose absorption,0.0,pathway
Synthesis of PA,0.0,pathway
TRAPPC10,0.0,gene/protein
neurotransmitter transport,0.0,biological_process
vesicle fusion,0.0,biological_process
locomotory behavior,0.0,biological_process
neurotransmitter uptake,0.0,biological_process
response to ethanol,0.0,biological_process
brown fat cell differentiation,0.0,biological_process
FAF2,0.0,gene/protein
ureteric bud development,0.0,biological_process
Triglyceride catabolism,0.0,pathway
fructose transmembrane transport,0.0,biological_process
hexose transmembrane transport,0.0,biological_process
learning or memory,0.0,biological_process
regulation of synaptic vesicle budding from presynaptic endocytic zone membrane,0.0,biological_process
short-term memory,0.0,biological_process
synaptic vesicle exocytosis,0.0,biological_process
CLEC10A,0.0,gene/protein
positive regulation of translational initiation by iron,0.0,biological_process
negative regulation of alkaline phosphatase activity,0.0,biological_process
negative regulation of lipid storage,0.0,biological_process
regulation of endothelial cell apoptotic process,0.0,biological_process
negative regulation of protein-containing complex disassembly,0.0,biological_process
positive regulation of protein transport,0.0,biological_process
negative regulation of amyloid-beta clearance,0.0,biological_process
neurotransmitter receptor internalization,0.0,biological_process
positive regulation of glucose transmembrane transport,0.0,biological_process
TIA1,0.0,gene/protein
long-term memory,0.0,biological_process
positive regulation of neuroinflammatory response,0.0,biological_process
negative regulation of myosin-light-chain-phosphatase activity,0.0,biological_process
regulation of establishment of endothelial barrier,0.0,biological_process
negative regulation of bicellular tight junction assembly,0.0,biological_process
positive regulation of ceramide biosynthetic process,0.0,biological_process
positive regulation of vitamin D biosynthetic process,0.0,biological_process
positive regulation of angiogenesis,0.0,biological_process
synaptic vesicle priming,0.0,biological_process
Toxicity of botulinum toxin type E (botE),0.0,pathway
Toxicity of botulinum toxin type C (botC),0.0,pathway
Toxicity of botulinum toxin type A (botA),0.0,pathway
Other interleukin signaling,0.0,pathway
GOSR1,0.0,gene/protein
TRIM9,0.0,gene/protein
ZDHHC17,0.0,gene/protein
negative regulation of branching involved in lung morphogenesis,0.0,biological_process
STX3,0.0,gene/protein
associative learning,0.0,biological_process
Serotonin Neurotransmitter Release Cycle,0.0,pathway
Norepinephrine Neurotransmitter Release Cycle,0.0,pathway
Glutamate Neurotransmitter Release Cycle,0.0,pathway
Dopamine Neurotransmitter Release Cycle,0.0,pathway
positive regulation of chronic inflammatory response to antigenic stimulus,0.0,biological_process
positive regulation of interleukin-33 production,0.0,biological_process
regulation of branching involved in salivary gland morphogenesis,0.0,biological_process
ZNF559-ZNF177,0.0,gene/protein
positive regulation of receptor-mediated endocytosis,0.0,biological_process
CFH,0.0,gene/protein
PDE4DIP,0.0,gene/protein
MASP2,0.0,gene/protein
CD46,0.0,gene/protein
response to bacterium,0.0,biological_process
carbohydrate phosphorylation,0.0,biological_process
regulation of potassium ion transport,0.0,biological_process
positive regulation of interleukin-17 production,0.0,biological_process
amylin receptor signaling pathway,0.0,biological_process
positive regulation of MAPK cascade,0.0,biological_process
positive regulation of protein kinase A signaling,0.0,biological_process
DDX31,0.0,gene/protein
calcium ion import,0.0,biological_process
cellular response to leptin stimulus,0.0,biological_process
negative regulation of gluconeogenesis,0.0,biological_process
glucose 6-phosphate metabolic process,0.0,biological_process
NADP metabolic process,0.0,biological_process
KRT31,0.0,gene/protein
Peptide ligand-binding receptors,0.0,pathway
Immunoregulatory interactions between a Lymphoid and a non-Lymphoid cell,0.0,pathway
Activation of C3 and C5,0.0,pathway
positive regulation of type IIa hypersensitivity,0.0,biological_process
neuron remodeling,0.0,biological_process
immune response,0.0,biological_process
amyloid-beta clearance,0.0,biological_process
CA8,0.0,gene/protein
Regulation of Glucokinase by Glucokinase Regulatory Protein,0.0,pathway
Defective GCK causes maturity-onset diabetes of the young 2 (MODY2),0.0,pathway
SPDYE4,0.0,gene/protein
LTN1,0.0,gene/protein
LGALS3,0.0,gene/protein
generation of precursor metabolites and energy,0.0,biological_process
ZNF510,0.0,gene/protein
positive regulation of G protein-coupled receptor signaling pathway,0.0,biological_process
complement-dependent cytotoxicity,0.0,biological_process
regulation of immune response,0.0,biological_process
adenylate cyclase-activating G protein-coupled receptor signaling pathway,0.0,biological_process
negative regulation of amyloid fibril formation,0.0,biological_process
positive regulation of immunoglobulin production,0.0,biological_process
heme metabolic process,0.0,biological_process
receptor-mediated endocytosis,0.0,biological_process
cellular oxidant detoxification,0.0,biological_process
DDX19B,0.0,gene/protein
LAMC3,0.0,gene/protein
positive regulation of glycogen biosynthetic process,0.0,biological_process
heme transport,0.0,biological_process
positive regulation of interferon-gamma-mediated signaling pathway,0.0,biological_process
negative regulation of mitochondrion organization,0.0,biological_process
eating behavior,0.0,biological_process
osteoblast fate commitment,0.0,biological_process
sensory perception of pain,0.0,biological_process
adenylate cyclase-modulating G protein-coupled receptor signaling pathway,0.0,biological_process
cellular response to glucagon stimulus,0.0,biological_process
GALNT12,0.0,gene/protein
regulation of glycolytic process,0.0,biological_process
Glycolysis,0.0,pathway
TGM2,0.0,gene/protein
Defective TPR may confer susceptibility towards thyroid papillary carcinoma (TPC),0.0,pathway
hormone-mediated signaling pathway,0.0,biological_process
cell surface receptor signaling pathway,0.0,biological_process
cellular response to starvation,0.0,biological_process
PFKFB2,0.0,gene/protein
SNX27,0.0,gene/protein
Scavenging of heme from plasma,0.0,pathway
zymogen activation,0.0,biological_process
defense response to bacterium,0.0,biological_process
defense response,0.0,biological_process
acute-phase response,0.0,biological_process
negative regulation of oxidoreductase activity,0.0,biological_process
negative regulation of hydrogen peroxide catabolic process,0.0,biological_process
MVP,0.0,gene/protein
TBL1X,0.0,gene/protein
PFKFB1,0.0,gene/protein
heart contraction,0.0,biological_process
LATS2,0.0,gene/protein
HSD17B3,0.0,gene/protein
positive regulation of apoptotic cell clearance,0.0,biological_process
ACTL7A,0.0,gene/protein
positive regulation of activation of membrane attack complex,0.0,biological_process
MAP1LC3A,0.0,gene/protein
C5,0.0,gene/protein
CR1,0.0,gene/protein
RAD21,0.0,gene/protein
CPN1,0.0,gene/protein
RPS6KA2,0.0,gene/protein
ACTR1B,0.0,gene/protein
DELE1,0.0,gene/protein
LIPF,0.0,gene/protein
OIP5,0.0,gene/protein
KPNA6,0.0,gene/protein
PLEKHF2,0.0,gene/protein
response to heat,0.0,biological_process
TKT,0.0,gene/protein
DDX39B,0.0,gene/protein
PRDX5,0.0,gene/protein
ACTRT2,0.0,gene/protein
ACTR6,0.0,gene/protein
ACTRT3,0.0,gene/protein
ACTL9,0.0,gene/protein
myeloid cell homeostasis,0.0,biological_process
glycolytic process,0.0,biological_process
canonical glycolysis,0.0,biological_process
DYNC2LI1,0.0,gene/protein
EXOSC6,0.0,gene/protein
PITPNB,0.0,gene/protein
UBE2N,0.0,gene/protein
CCT8,0.0,gene/protein
response to nutrient levels,0.0,biological_process
retina homeostasis,0.0,biological_process
acute inflammatory response,0.0,biological_process
Alternative complement activation,0.0,pathway
cell surface receptor signaling pathway involved in cell-cell signaling,0.0,biological_process
Regulation of Complement cascade,0.0,pathway
Post-translational protein phosphorylation,0.0,pathway
ZSCAN20,0.0,gene/protein
AGR2,0.0,gene/protein
MASP1,0.0,gene/protein
fatty acid metabolic process,0.0,biological_process
activation of MAPKK activity,0.0,biological_process
complement-mediated synapse pruning,0.0,biological_process
vertebrate eye-specific patterning,0.0,biological_process
GOLGA6L9,0.0,gene/protein
oviduct epithelium development,0.0,biological_process
CFI,0.0,gene/protein
CTSG,0.0,gene/protein
CFHR3,0.0,gene/protein
response to starvation,0.0,biological_process
regulation of glycogen metabolic process,0.0,biological_process
"positive regulation of phagocytosis, engulfment",0.0,biological_process
CFHR4,0.0,gene/protein
CTSL,0.0,gene/protein
CDK15,0.0,gene/protein
CR2,0.0,gene/protein
cellular response to calcium ion,0.0,biological_process
FH,0.0,gene/protein
ITGAX,0.0,gene/protein
MAP3K1,0.0,gene/protein
regulation of triglyceride biosynthetic process,0.0,biological_process
ARMC3,0.0,gene/protein
positive regulation of peptidyl-serine phosphorylation,0.0,biological_process
ARMC7,0.0,gene/protein
ACTRT1,0.0,gene/protein
ACTR10,0.0,gene/protein
RPS6KB2,0.0,gene/protein
regulation of complement activation,0.0,biological_process
complement activation,0.0,biological_process
"complement activation, alternative pathway",0.0,biological_process
RAP1GAP,0.0,gene/protein
LCE1A,0.0,gene/protein
"Wnt signaling pathway, calcium modulating pathway",0.0,biological_process
beta-catenin-TCF complex assembly,0.0,biological_process
CREB3,0.0,gene/protein
regulation of hormone metabolic process,0.0,biological_process
positive regulation of protein binding,0.0,biological_process
fat cell differentiation,0.0,biological_process
KRTAP1-1,0.0,gene/protein
HEATR6,0.0,gene/protein
LTBP4,0.0,gene/protein
LCE3A,0.0,gene/protein
PLA2G10,0.0,gene/protein
FCHO1,0.0,gene/protein
PARD6A,0.0,gene/protein
Spontaneous abortion,0.0,effect/phenotype
Proteinuria,0.0,effect/phenotype
Hepatomegaly,0.0,effect/phenotype
NSD3,0.0,gene/protein
KMT5A,0.0,gene/protein
KRTAP19-5,0.0,gene/protein
LEF1,0.0,gene/protein
XRCC5,0.0,gene/protein
Allergy,0.0,effect/phenotype
Endocardial fibrosis,0.0,effect/phenotype
Focal sensory seizure,0.0,effect/phenotype
PRSS50,0.0,gene/protein
LCE1D,0.0,gene/protein
"negative regulation of transcription, DNA-templated",0.0,biological_process
KRTAP6-1,0.0,gene/protein
PRR20C,0.0,gene/protein
LRRC23,0.0,gene/protein
SMAP2,0.0,gene/protein
TAB1,0.0,gene/protein
DTX3,0.0,gene/protein
RBPMS,0.0,gene/protein
CNFN,0.0,gene/protein
MLH3,0.0,gene/protein
negative regulation of protein localization to plasma membrane,0.0,biological_process
positive regulation of bone mineralization,0.0,biological_process
positive regulation of pathway-restricted SMAD protein phosphorylation,0.0,biological_process
pathway-restricted SMAD protein phosphorylation,0.0,biological_process
neural tube closure,0.0,biological_process
negative regulation of mitotic cell cycle,0.0,biological_process
ERP44,0.0,gene/protein
BCAS3,0.0,gene/protein
regulation of binding,0.0,biological_process
negative regulation of transforming growth factor beta receptor signaling pathway,0.0,biological_process
FBXO6,0.0,gene/protein
negative regulation of macrophage cytokine production,0.0,biological_process
heart valve morphogenesis,0.0,biological_process
positive regulation of protein import into nucleus,0.0,biological_process
negative regulation of cell differentiation,0.0,biological_process
extracellular matrix assembly,0.0,biological_process
ventricular cardiac muscle tissue morphogenesis,0.0,biological_process
hyaluronan catabolic process,0.0,biological_process
heart development,0.0,biological_process
PSMC3IP,0.0,gene/protein
GREB1,0.0,gene/protein
KRTAP1-3,0.0,gene/protein
SNIP1,0.0,gene/protein
positive regulation of extracellular matrix assembly,0.0,biological_process
transforming growth factor beta receptor signaling pathway involved in heart development,0.0,biological_process
embryonic liver development,0.0,biological_process
LCE2B,0.0,gene/protein
cellular response to transforming growth factor beta stimulus,0.0,biological_process
negative regulation of skeletal muscle tissue development,0.0,biological_process
positive regulation of microglia differentiation,0.0,biological_process
regulation of SMAD protein signal transduction,0.0,biological_process
negative regulation of cytolysis,0.0,biological_process
cell-cell junction organization,0.0,biological_process
THRSP,0.0,gene/protein
transforming growth factor beta receptor signaling pathway,0.0,biological_process
extrinsic apoptotic signaling pathway,0.0,biological_process
positive regulation of ERK1 and ERK2 cascade,0.0,biological_process
ossification involved in bone remodeling,0.0,biological_process
negative regulation of inflammatory response to antigenic stimulus,0.0,biological_process
cell-cell signaling,0.0,biological_process
response to nutrient,0.0,biological_process
NCS1,0.0,gene/protein
TUBB8,0.0,gene/protein
MZT2B,0.0,gene/protein
OTULIN,0.0,gene/protein
GIT1,0.0,gene/protein
KLK5,0.0,gene/protein
PAK2,0.0,gene/protein
amyloid fibril formation,0.0,biological_process
NUDT13,0.0,gene/protein
Formation of the beta-catenin:TCF transactivating complex,0.0,pathway
SMUG1,0.0,gene/protein
Deactivation of the beta-catenin transactivating complex,0.0,pathway
PRMT6,0.0,gene/protein
TRAC,0.0,gene/protein
KRTAP10-8,0.0,gene/protein
CLIC4,0.0,gene/protein
TWF1,0.0,gene/protein
TTC28,0.0,gene/protein
PEX1,0.0,gene/protein
negative regulation of protein-containing complex assembly,0.0,biological_process
negative regulation of bone resorption,0.0,biological_process
positive regulation of tyrosine phosphorylation of STAT protein,0.0,biological_process
hemoglobin metabolic process,0.0,biological_process
purinergic nucleotide receptor signaling pathway,0.0,biological_process
LGALS8,0.0,gene/protein
positive regulation of cytosolic calcium ion concentration,0.0,biological_process
G alpha (s) signalling events,0.0,pathway
Calcitonin-like ligand receptors,0.0,pathway
ADORA2B mediated anti-inflammatory cytokines production,0.0,pathway
Amyloid fiber formation,0.0,pathway
C10orf55,0.0,gene/protein
WWP1,0.0,gene/protein
cardiac muscle contraction,0.0,biological_process
positive regulation of humoral immune response mediated by circulating immunoglobulin,0.0,biological_process
PRR20D,0.0,gene/protein
KRTAP21-2,0.0,gene/protein
canonical Wnt signaling pathway involved in positive regulation of epithelial to mesenchymal transition,0.0,biological_process
regulation of smooth muscle cell proliferation,0.0,biological_process
IKZF5,0.0,gene/protein
TGIF1,0.0,gene/protein
ZBTB7A,0.0,gene/protein
DIP2A,0.0,gene/protein
PRR20A,0.0,gene/protein
TLR2,0.0,gene/protein
THBS1,0.0,gene/protein
ADAMTSL4,0.0,gene/protein
CYSRT1,0.0,gene/protein
CDC73,0.0,gene/protein
FAM168B,0.0,gene/protein
KRTAP7-1,0.0,gene/protein
LCE2C,0.0,gene/protein
CILP,0.0,gene/protein
NLK,0.0,gene/protein
KRTAP6-3,0.0,gene/protein
Ca2+ pathway,0.0,pathway
Repression of WNT target genes,0.0,pathway
JRK,0.0,gene/protein
Signaling by TCF7L2 mutants,0.0,pathway
RUNX3 regulates WNT signaling,0.0,pathway
Binding of TCF/LEF:CTNNB1 to target gene promoters,0.0,pathway
PRR20E,0.0,gene/protein
KRTAP19-7,0.0,gene/protein
VAC14,0.0,gene/protein
negative regulation of extrinsic apoptotic signaling pathway,0.0,biological_process
INTS11,0.0,gene/protein
PLEKHB1,0.0,gene/protein
PRR20B,0.0,gene/protein
KRTAP6-2,0.0,gene/protein
C19orf54,0.0,gene/protein
KCNE4,0.0,gene/protein
TLE3,0.0,gene/protein
ZNF34,0.0,gene/protein
Memory impairment,0.0,effect/phenotype
Insulin processing,0.0,pathway
positive regulation of cell growth,0.0,biological_process
regulation of transmembrane transporter activity,0.0,biological_process
regulation of protein localization to plasma membrane,0.0,biological_process
"Synthesis, secretion, and deacylation of Ghrelin",0.0,pathway
regulation of gastrulation,0.0,biological_process
MIA2,0.0,gene/protein
trehalose metabolism in response to stress,0.0,biological_process
GMPR2,0.0,gene/protein
UGT1A9,0.0,gene/protein
PCGF5,0.0,gene/protein
NDUFS1,0.0,gene/protein
SLC38A3,0.0,gene/protein
TP53INP2,0.0,gene/protein
STARD7,0.0,gene/protein
CHST13,0.0,gene/protein
PNRC2,0.0,gene/protein
IRS activation,0.0,pathway
Signal attenuation,0.0,pathway
Insulin receptor signalling cascade,0.0,pathway
Paresthesia,0.0,effect/phenotype
Right ventricular outlet tract obstruction,0.0,effect/phenotype
Dysesthesia,0.0,effect/phenotype
negative regulation of cold-induced thermogenesis,0.0,biological_process
T cell extravasation,0.0,biological_process
Paralysis,0.0,effect/phenotype
blood coagulation,0.0,biological_process
APOM,0.0,gene/protein
AJUBA,0.0,gene/protein
NRBF2,0.0,gene/protein
LTV1,0.0,gene/protein
Cysteine formation from homocysteine,0.0,pathway
homocysteine catabolic process,0.0,biological_process
cysteine biosynthetic process via cystathionine,0.0,biological_process
regulation of leukocyte mediated cytotoxicity,0.0,biological_process
response to gonadotropin,0.0,biological_process
rhythmic process,0.0,biological_process
RRM2B,0.0,gene/protein
endocytosis,0.0,biological_process
Synthesis of PIPs at the plasma membrane,0.0,pathway
Synthesis of IP3 and IP4 in the cytosol,0.0,pathway
inositol phosphate metabolic process,0.0,biological_process
FBXW7,0.0,gene/protein
actin filament organization,0.0,biological_process
PINK1,0.0,gene/protein
phosphatidylinositol dephosphorylation,0.0,biological_process
CD244,0.0,gene/protein
immune system process,0.0,biological_process
glucose metabolic process,0.0,biological_process
ACTL8,0.0,gene/protein
POR,0.0,gene/protein
CIDEB,0.0,gene/protein
EPS8L2,0.0,gene/protein
phosphatidylinositol biosynthetic process,0.0,biological_process
TEN1,0.0,gene/protein
transcription initiation from RNA polymerase II promoter,0.0,biological_process
ONECUT1,0.0,gene/protein
regulation of circadian rhythm,0.0,biological_process
CTSA,0.0,gene/protein
ACSL5,0.0,gene/protein
RBP5,0.0,gene/protein
TRIM47,0.0,gene/protein
intracellular receptor signaling pathway,0.0,biological_process
MIR1915HG,0.0,gene/protein
HPR,0.0,gene/protein
SULT2A1,0.0,gene/protein
MOV10L1,0.0,gene/protein
SLC2A9,0.0,gene/protein
SPATA2,0.0,gene/protein
TTC31,0.0,gene/protein
NPPA,0.0,gene/protein
C1GALT1,0.0,gene/protein
CARHSP1,0.0,gene/protein
response to amino acid,0.0,biological_process
Regulation of Insulin-like Growth Factor (IGF) transport and uptake by Insulin-like Growth Factor Binding Proteins (IGFBPs),0.0,pathway
post-translational protein modification,0.0,biological_process
leukemia inhibitory factor signaling pathway,0.0,biological_process
MAP4K3,0.0,gene/protein
positive regulation of brown fat cell differentiation,0.0,biological_process
CHD1L,0.0,gene/protein
positive regulation of mitotic nuclear division,0.0,biological_process
"PI5P, PP2A and IER3 Regulate PI3K/AKT Signaling",0.0,pathway
positive regulation of dendritic spine maintenance,0.0,biological_process
Tachycardia,0.0,effect/phenotype
regulation of vasculature development,0.0,biological_process
cellular response to epidermal growth factor stimulus,0.0,biological_process
THOC6,0.0,gene/protein
angiogenesis,0.0,biological_process
RASSF1,0.0,gene/protein
blood vessel morphogenesis,0.0,biological_process
negative regulation of protein secretion,0.0,biological_process
MAFF,0.0,gene/protein
ELSPBP1,0.0,gene/protein
PGAP3,0.0,gene/protein
L-serine metabolic process,0.0,biological_process
negative regulation of DNA binding,0.0,biological_process
negative regulation of transcription by transcription factor localization,0.0,biological_process
positive regulation of actin filament bundle assembly,0.0,biological_process
cell-abiotic substrate adhesion,0.0,biological_process
response to ionizing radiation,0.0,biological_process
NANOG,0.0,gene/protein
T cell activation via T cell receptor contact with antigen bound to MHC molecule on antigen presenting cell,0.0,biological_process
response to sulfur dioxide,0.0,biological_process
homocysteine metabolic process,0.0,biological_process
T cell antigen processing and presentation,0.0,biological_process
cellular response to dexamethasone stimulus,0.0,biological_process
heterophilic cell-cell adhesion via plasma membrane cell adhesion molecules,0.0,biological_process
regulation of cell shape,0.0,biological_process
leukocyte migration,0.0,biological_process
POT1,0.0,gene/protein
ARHGEF7,0.0,gene/protein
negative regulation of endothelial cell differentiation,0.0,biological_process
Cardiorespiratory arrest,0.0,effect/phenotype
SLC9A1,0.0,gene/protein
ANKAR,0.0,gene/protein
ARMC1,0.0,gene/protein
TRAV12-3,0.0,gene/protein
NOTCH2NLA,0.0,gene/protein
negative regulation of respiratory burst involved in inflammatory response,0.0,biological_process
Hyperkalemia,0.0,effect/phenotype
Signaling by Insulin receptor,0.0,pathway
Insulin receptor recycling,0.0,pathway
negative regulation of NAD(P)H oxidase activity,0.0,biological_process
positive regulation of nitric oxide mediated signal transduction,0.0,biological_process
negative regulation of protein catabolic process,0.0,biological_process
positive regulation of protein autophosphorylation,0.0,biological_process
positive regulation of glycolytic process,0.0,biological_process
COPI-mediated anterograde transport,0.0,pathway
negative regulation of reactive oxygen species biosynthetic process,0.0,biological_process
B4GALT7,0.0,gene/protein
TCF7L1,0.0,gene/protein
Edema,0.0,effect/phenotype
Anasarca,0.0,effect/phenotype
APBA3,0.0,gene/protein
cellular response to peptide,0.0,biological_process
cellular response to nerve growth factor stimulus,0.0,biological_process
CCDC9,0.0,gene/protein
ARFGEF2,0.0,gene/protein
oncostatin-M-mediated signaling pathway,0.0,biological_process
TRAF3IP1,0.0,gene/protein
CBWD1,0.0,gene/protein
WDFY3,0.0,gene/protein
DHTKD1,0.0,gene/protein
"complement activation, classical pathway",0.0,biological_process
KEAP1,0.0,gene/protein
FAM118B,0.0,gene/protein
ITGAL,0.0,gene/protein
TMEM39B,0.0,gene/protein
SLC7A5P2,0.0,gene/protein
positive regulation of myoblast fusion,0.0,biological_process
nitric oxide mediated signal transduction,0.0,biological_process
positive regulation of SMAD protein signal transduction,0.0,biological_process
protein phosphorylation,0.0,biological_process
CBSL,0.0,gene/protein
NEURL2,0.0,gene/protein
BPIFB2,0.0,gene/protein
UGT2B10,0.0,gene/protein
INSL5,0.0,gene/protein
TPM1,0.0,gene/protein
PKP3,0.0,gene/protein
DUSP18,0.0,gene/protein
ARMC6,0.0,gene/protein
VAV1,0.0,gene/protein
TAFA4,0.0,gene/protein
Decreased liver function,0.0,effect/phenotype
sex differentiation,0.0,biological_process
FXR2,0.0,gene/protein
SLC22A9,0.0,gene/protein
HID1,0.0,gene/protein
HSD17B2,0.0,gene/protein
Allodynia,0.0,effect/phenotype
EIF3B,0.0,gene/protein
ZMYM5,0.0,gene/protein
CBX4,0.0,gene/protein
SP5,0.0,gene/protein
PRKG1,0.0,gene/protein
PIAS3,0.0,gene/protein
FAM99B,0.0,gene/protein
DHRS1,0.0,gene/protein
BLOC1S5,0.0,gene/protein
DCAF11,0.0,gene/protein
MST1,0.0,gene/protein
ZNHIT3,0.0,gene/protein
INHBE,0.0,gene/protein
CERT1,0.0,gene/protein
positive regulation of DNA-binding transcription factor activity,0.0,biological_process
positive regulation of transcription regulatory region DNA binding,0.0,biological_process
LACRT,0.0,gene/protein
UHMK1,0.0,gene/protein
RIPK2,0.0,gene/protein
MAPKAPK3,0.0,gene/protein
VRK1,0.0,gene/protein
RPS6KA5,0.0,gene/protein
RMRP,0.0,gene/protein
regulation of insulin secretion,0.0,biological_process
cellular response to glucose stimulus,0.0,biological_process
EVA1A,0.0,gene/protein
MIA3,0.0,gene/protein
cell migration,0.0,biological_process
MARCHF6,0.0,gene/protein
SYNE2,0.0,gene/protein
SMC3,0.0,gene/protein
CAMK1D,0.0,gene/protein
FCHSD2,0.0,gene/protein
SELE,0.0,gene/protein
GPR132,0.0,gene/protein
ANKRD33B,0.0,gene/protein
C17orf49,0.0,gene/protein
RASSF2,0.0,gene/protein
HDAC5,0.0,gene/protein
ROCK1P1,0.0,gene/protein
TCF3,0.0,gene/protein
PLD3,0.0,gene/protein
CXCL11,0.0,gene/protein
ACKR3,0.0,gene/protein
response to drug,0.0,biological_process
calcineurin-NFAT signaling cascade,0.0,biological_process
neuron development,0.0,biological_process
regulation of regulatory T cell differentiation,0.0,biological_process
insulin secretion,0.0,biological_process
HAP1,0.0,gene/protein
glucose homeostasis,0.0,biological_process
MST1P2,0.0,gene/protein
PANK1,0.0,gene/protein
VIL1,0.0,gene/protein
CTDSP1,0.0,gene/protein
ACTBL2,0.0,gene/protein
ATP6V0D1,0.0,gene/protein
SHC1,0.0,gene/protein
SLC1A1,0.0,gene/protein
NTAQ1,0.0,gene/protein
regulation of cellular amino acid metabolic process,0.0,biological_process
MFSD3,0.0,gene/protein
ANKS4B,0.0,gene/protein
MTRNR2L8,0.0,gene/protein
NQO2,0.0,gene/protein
SLC45A4,0.0,gene/protein
CLEC3A,0.0,gene/protein
L-cysteine catabolic process,0.0,biological_process
CCDC88C,0.0,gene/protein
SSUH2,0.0,gene/protein
BLCAP,0.0,gene/protein
TDP2,0.0,gene/protein
CCL16,0.0,gene/protein
TMEM169,0.0,gene/protein
SARM1,0.0,gene/protein
SRPK2,0.0,gene/protein
MED23,0.0,gene/protein
MIDN,0.0,gene/protein
POTEI,0.0,gene/protein
POTEJ,0.0,gene/protein
Interleukin receptor SHC signaling,0.0,pathway
ruffle assembly,0.0,biological_process
SORBS1,0.0,gene/protein
CIAO3,0.0,gene/protein
SOCS7,0.0,gene/protein
cysteine biosynthetic process,0.0,biological_process
cysteine biosynthetic process from serine,0.0,biological_process
ACTL10,0.0,gene/protein
PABPN1,0.0,gene/protein
XPO1,0.0,gene/protein
UCKL1,0.0,gene/protein
PECR,0.0,gene/protein
L-serine catabolic process,0.0,biological_process
UBASH3A,0.0,gene/protein
UGP2,0.0,gene/protein
ABCC3,0.0,gene/protein
NSFL1C,0.0,gene/protein
RNF149,0.0,gene/protein
UNC93A,0.0,gene/protein
FZD5,0.0,gene/protein
CPPED1,0.0,gene/protein
LAPTM4A,0.0,gene/protein
EIF1AY,0.0,gene/protein
PHAF1,0.0,gene/protein
PAK5,0.0,gene/protein
RAB37,0.0,gene/protein
SLC25A25,0.0,gene/protein
RACK1,0.0,gene/protein
hydrogen sulfide biosynthetic process,0.0,biological_process
PTPRK,0.0,gene/protein
INSRR,0.0,gene/protein
TAFA3,0.0,gene/protein
SPAG6,0.0,gene/protein
LINC00479,0.0,gene/protein
ARMC8,0.0,gene/protein
AGMAT,0.0,gene/protein
AGAP2,0.0,gene/protein
LTB4R2,0.0,gene/protein
SLC22A7,0.0,gene/protein
TMEM37,0.0,gene/protein
PLGLB2,0.0,gene/protein
ZFAND2B,0.0,gene/protein
CBLN3,0.0,gene/protein
TATDN3,0.0,gene/protein
HAAO,0.0,gene/protein
SNX4,0.0,gene/protein
negative regulation of neuron death,0.0,biological_process
AZI2,0.0,gene/protein
NSMAF,0.0,gene/protein
JPH1,0.0,gene/protein
FGFR1OP2,0.0,gene/protein
UTP6,0.0,gene/protein
TNFRSF10B,0.0,gene/protein
XPR1,0.0,gene/protein
extracellular matrix organization,0.0,biological_process
UTP15,0.0,gene/protein
ZNF101,0.0,gene/protein
SIKE1,0.0,gene/protein
TNFSF13,0.0,gene/protein
MFSD5,0.0,gene/protein
MCRS1,0.0,gene/protein
TTYH3,0.0,gene/protein
STRIP1,0.0,gene/protein
MOB4,0.0,gene/protein
LRRTM2,0.0,gene/protein
transmembrane receptor protein tyrosine kinase signaling pathway,0.0,biological_process
ARFGAP1,0.0,gene/protein
PLIN5,0.0,gene/protein
DAB2IP,0.0,gene/protein
STRN3,0.0,gene/protein
MADD,0.0,gene/protein
SLC39A1,0.0,gene/protein
ASB3,0.0,gene/protein
GPRC5B,0.0,gene/protein
TPCN1,0.0,gene/protein
LMBR1,0.0,gene/protein
TBC1D15,0.0,gene/protein
UBQLN1,0.0,gene/protein
GPR75-ASB3,0.0,gene/protein
MAPKAP1,0.0,gene/protein
negative regulation of cardiac muscle hypertrophy,0.0,biological_process
regulation of myelination,0.0,biological_process
ZNF865,0.0,gene/protein
CNTRL,0.0,gene/protein
TNFs bind their physiological receptors,0.0,pathway
CSNK1A1L,0.0,gene/protein
cellular response to growth factor stimulus,0.0,biological_process
positive regulation of oligodendrocyte differentiation,0.0,biological_process
aortic valve development,0.0,biological_process
regulation of neuroinflammatory response,0.0,biological_process
positive regulation of myelination,0.0,biological_process
PHAX,0.0,gene/protein
ZNF420,0.0,gene/protein
MAGEH1,0.0,gene/protein
DHRS7,0.0,gene/protein
FXR1,0.0,gene/protein
BTNL9,0.0,gene/protein
SPARCL1,0.0,gene/protein
FADD,0.0,gene/protein
Cachexia,0.0,effect/phenotype
pulmonary valve development,0.0,biological_process
positive regulation of chemokine production,0.0,biological_process
negative regulation of vascular wound healing,0.0,biological_process
negative regulation of cytokine production involved in immune response,0.0,biological_process
regulation of I-kappaB kinase/NF-kappaB signaling,0.0,biological_process
regulation of fat cell differentiation,0.0,biological_process
positive regulation of interleukin-1 beta production,0.0,biological_process
microglial cell activation,0.0,biological_process
positive regulation of JUN kinase activity,0.0,biological_process
FBXO11,0.0,gene/protein
BAG4,0.0,gene/protein
negative regulation of fat cell differentiation,0.0,biological_process
PIP4P2,0.0,gene/protein
BABAM2,0.0,gene/protein
RRP12,0.0,gene/protein
MOAP1,0.0,gene/protein
KHNYN,0.0,gene/protein
ERAP1,0.0,gene/protein
PIP4K2B,0.0,gene/protein
positive regulation of JNK cascade,0.0,biological_process
SYNCRIP,0.0,gene/protein
PTPN2,0.0,gene/protein
Negative regulation of MAPK pathway,0.0,pathway
RPTOR,0.0,gene/protein
ARMCX3,0.0,gene/protein
ARMS-mediated activation,0.0,pathway
Signalling to p38 via RIT and RIN,0.0,pathway
RAF activation,0.0,pathway
ZCCHC12,0.0,gene/protein
Negative feedback regulation of MAPK pathway,0.0,pathway
Signaling by moderate kinase activity BRAF mutants,0.0,pathway
Frs2-mediated activation,0.0,pathway
STYX,0.0,gene/protein
LSM1,0.0,gene/protein
activation of protein kinase activity,0.0,biological_process
positive regulation of glucose import,0.0,biological_process
TEAD1,0.0,gene/protein
MAP2K and MAPK activation,0.0,pathway
establishment of protein localization to membrane,0.0,biological_process
POTEE,0.0,gene/protein
TIMM50,0.0,gene/protein
post-embryonic development,0.0,biological_process
BCAR1,0.0,gene/protein
PLEK2,0.0,gene/protein
FKBPL,0.0,gene/protein
ACTL7B,0.0,gene/protein
RASA1,0.0,gene/protein
POTEF,0.0,gene/protein
EEF1A2,0.0,gene/protein
ZNF189,0.0,gene/protein
Signaling by high-kinase activity BRAF mutants,0.0,pathway
Signaling by RAF1 mutants,0.0,pathway
Signaling by MRAS-complex mutants,0.0,pathway
TMEM184B,0.0,gene/protein
ALKBH3,0.0,gene/protein
BHMT2,0.0,gene/protein
UQCRC1,0.0,gene/protein
KHDRBS1,0.0,gene/protein
protein autophosphorylation,0.0,biological_process
peptidyl-tyrosine phosphorylation,0.0,biological_process
transformation of host cell by virus,0.0,biological_process
UBE2O,0.0,gene/protein
SH2B2,0.0,gene/protein
SORBS3,0.0,gene/protein
negative regulation of cell death,0.0,biological_process
PON2,0.0,gene/protein
glial cell-neuron signaling,0.0,biological_process
RNA destabilization,0.0,biological_process
regulation of T cell proliferation,0.0,biological_process
positive regulation of apoptotic process involved in morphogenesis,0.0,biological_process
negative regulation of extracellular matrix constituent secretion,0.0,biological_process
regulation of RNA biosynthetic process,0.0,biological_process
negative regulation of neuroinflammatory response,0.0,biological_process
regulation of cytokine production involved in immune response,0.0,biological_process
CCDC107,0.0,gene/protein
regulation of T cell cytokine production,0.0,biological_process
PTPRR,0.0,gene/protein
positive regulation of phosphatidylinositol 3-kinase signaling,0.0,biological_process
DUSP19,0.0,gene/protein
activation of protein kinase B activity,0.0,biological_process
insulin receptor signaling pathway,0.0,biological_process
POLR2M,0.0,gene/protein
TPD52L2,0.0,gene/protein
DPYSL5,0.0,gene/protein
positive regulation of respiratory burst,0.0,biological_process
SAMD4A,0.0,gene/protein
ABI1,0.0,gene/protein
positive regulation of protein-containing complex disassembly,0.0,biological_process
learning,0.0,biological_process
positive regulation of developmental growth,0.0,biological_process
multicellular organism development,0.0,biological_process
regulation of embryonic development,0.0,biological_process
heart morphogenesis,0.0,biological_process
dendritic spine maintenance,0.0,biological_process
MILR1,0.0,gene/protein
Integrin cell surface interactions,0.0,pathway
BHLHE40,0.0,gene/protein
cellular response to nutrient levels,0.0,biological_process
TAF7,0.0,gene/protein
SMARCC1,0.0,gene/protein
positive regulation of actin filament polymerization,0.0,biological_process
viral entry into host cell,0.0,biological_process
negative regulation of protein binding,0.0,biological_process
MRPS33,0.0,gene/protein
interferon-gamma-mediated signaling pathway,0.0,biological_process
positive regulation of cellular extravasation,0.0,biological_process
negative regulation of endothelial cell apoptotic process,0.0,biological_process
MSGN1,0.0,gene/protein
BCL11A,0.0,gene/protein
SGK3,0.0,gene/protein
leukocyte cell-cell adhesion,0.0,biological_process
negative regulation of extrinsic apoptotic signaling pathway via death domain receptors,0.0,biological_process
cellular response to alkaloid,0.0,biological_process
positive regulation of leukocyte adhesion to vascular endothelial cell,0.0,biological_process
cell adhesion mediated by integrin,0.0,biological_process
cellular response to amyloid-beta,0.0,biological_process
acute inflammatory response to antigenic stimulus,0.0,biological_process
NT5C1A,0.0,gene/protein
cell adhesion,0.0,biological_process
ARAP3,0.0,gene/protein
endochondral ossification,0.0,biological_process
Interferon gamma signaling,0.0,pathway
positive regulation of I-kappaB kinase/NF-kappaB signaling,0.0,biological_process
TNFR1-induced NFkappaB signaling pathway,0.0,pathway
TNFR1-mediated ceramide production,0.0,pathway
TNFR2 non-canonical NF-kB pathway,0.0,pathway
TNF signaling,0.0,pathway
necroptotic signaling pathway,0.0,biological_process
establishment of Sertoli cell barrier,0.0,biological_process
establishment of endothelial barrier,0.0,biological_process
membrane to membrane docking,0.0,biological_process
cellular protein metabolic process,0.0,biological_process
POLR2H,0.0,gene/protein
FBXO31,0.0,gene/protein
CCDC88A,0.0,gene/protein
BUD31,0.0,gene/protein
MYF5,0.0,gene/protein
ASCL3,0.0,gene/protein
blood vessel endothelial cell migration,0.0,biological_process
EDA2R,0.0,gene/protein
adhesion of symbiont to host,0.0,biological_process
positive regulation of nitric oxide biosynthetic process,0.0,biological_process
ZC3H13,0.0,gene/protein
MYF6,0.0,gene/protein
cellular response to dopamine,0.0,biological_process
TXNL4A,0.0,gene/protein
brain development,0.0,biological_process
negative regulation of dendrite morphogenesis,0.0,biological_process
Oncogene Induced Senescence,0.0,pathway
NGF-stimulated transcription,0.0,pathway
CCN5,0.0,gene/protein
receptor-mediated virion attachment to host cell,0.0,biological_process
negative regulation of calcium ion transport,0.0,biological_process
EZR,0.0,gene/protein
GIT2,0.0,gene/protein
establishment of endothelial intestinal barrier,0.0,biological_process
Interleukin-10 signaling,0.0,pathway
TUBA4A,0.0,gene/protein
positive regulation of GTPase activity,0.0,biological_process
ZNF219,0.0,gene/protein
RTL8C,0.0,gene/protein
transsulfuration,0.0,biological_process
DNA protection,0.0,biological_process
TUBA8,0.0,gene/protein
VTA1,0.0,gene/protein
XYLB,0.0,gene/protein
SOAT2,0.0,gene/protein
NSL1,0.0,gene/protein
MYOD1,0.0,gene/protein
positive regulation of vasoconstriction,0.0,biological_process
KASH5,0.0,gene/protein
positive regulation of protein catabolic process,0.0,biological_process
SLC30A4,0.0,gene/protein
ERICH2,0.0,gene/protein
RBCK1,0.0,gene/protein
Pulmonary edema,0.0,effect/phenotype
TM2D3,0.0,gene/protein
positive regulation of interferon-gamma production,0.0,biological_process
regulation of ruffle assembly,0.0,biological_process
PCYT2,0.0,gene/protein
TNFSF9,0.0,gene/protein
Cerebral edema,0.0,effect/phenotype
Nausea,0.0,effect/phenotype
Pain,0.0,effect/phenotype
KHSRP,0.0,gene/protein
cellular response to amino acid stimulus,0.0,biological_process
regulation of reactive oxygen species metabolic process,0.0,biological_process
positive regulation of amyloid-beta formation,0.0,biological_process
HSPA12A,0.0,gene/protein
CCDC70,0.0,gene/protein
NT5DC3,0.0,gene/protein
RNF138,0.0,gene/protein
DOLK,0.0,gene/protein
TRPC5,0.0,gene/protein
TRPC1,0.0,gene/protein
VANGL1,0.0,gene/protein
S100A8,0.0,gene/protein
NEK7,0.0,gene/protein
LIN54,0.0,gene/protein
HTRA2,0.0,gene/protein
LRRC25,0.0,gene/protein
TRAF2,0.0,gene/protein
SFXN5,0.0,gene/protein
C10orf67,0.0,gene/protein
TRADD,0.0,gene/protein
SLC14A2,0.0,gene/protein
INTS14,0.0,gene/protein
RNF19B,0.0,gene/protein
GUF1,0.0,gene/protein
regulation of tumor necrosis factor-mediated signaling pathway,0.0,biological_process
extrinsic apoptotic signaling pathway via death domain receptors,0.0,biological_process
positive regulation of neuron apoptotic process,0.0,biological_process
positive regulation of programmed cell death,0.0,biological_process
negative regulation of viral genome replication,0.0,biological_process
activation of cysteine-type endopeptidase activity involved in apoptotic process,0.0,biological_process
negative regulation of cysteine-type endopeptidase activity involved in apoptotic process,0.0,biological_process
vascular endothelial growth factor production,0.0,biological_process
negative regulation of glucose import,0.0,biological_process
intrinsic apoptotic signaling pathway in response to DNA damage,0.0,biological_process
negative regulation of endothelial cell proliferation,0.0,biological_process
response to glucocorticoid,0.0,biological_process
Regulation of TNFR1 signaling,0.0,pathway
positive regulation of interleukin-8 production,0.0,biological_process
SEC61A1,0.0,gene/protein
NRP1,0.0,gene/protein
TNFR1-induced proapoptotic signaling,0.0,pathway
BRD4,0.0,gene/protein
SEC16A,0.0,gene/protein
NFAT5,0.0,gene/protein
PANX1,0.0,gene/protein
AGO2,0.0,gene/protein
CLIP3,0.0,gene/protein
GPRC5C,0.0,gene/protein
STAMBP,0.0,gene/protein
SCG2,0.0,gene/protein
RABGEF1,0.0,gene/protein
positive regulation of inflammatory response,0.0,biological_process
USP4,0.0,gene/protein
MIR187,0.0,gene/protein
SHARPIN,0.0,gene/protein
VSIR,0.0,gene/protein
LRRFIP1,0.0,gene/protein
B4GALT5,0.0,gene/protein
MTX3,0.0,gene/protein
FOXK1,0.0,gene/protein
cellular response to thyroid hormone stimulus,0.0,biological_process
PRG3,0.0,gene/protein
skeletal muscle atrophy,0.0,biological_process
regulation of NMDA receptor activity,0.0,biological_process
oxidative single-stranded DNA demethylation,0.0,biological_process
regulation of respiratory system process,0.0,biological_process
regulation of white fat cell proliferation,0.0,biological_process
mRNA destabilization,0.0,biological_process
CCKBR,0.0,gene/protein
oxidative demethylation,0.0,biological_process
HEY2,0.0,gene/protein
regulation of peroxisome proliferator activated receptor signaling pathway,0.0,biological_process
MRGBP,0.0,gene/protein
DMAP1,0.0,gene/protein
positive regulation of triglyceride catabolic process,0.0,biological_process
fibroblast growth factor receptor signaling pathway,0.0,biological_process
response to methionine,0.0,biological_process
oxidative single-stranded RNA demethylation,0.0,biological_process
TWIK-related alkaline pH activated K+ channel (TALK),0.0,pathway
TRIML2,0.0,gene/protein
TSR2,0.0,gene/protein
SFMBT1,0.0,gene/protein
KDM1A,0.0,gene/protein
MAGOHB,0.0,gene/protein
negative regulation of glycolytic process,0.0,biological_process
YPEL3,0.0,gene/protein
GID8,0.0,gene/protein
CREBZF,0.0,gene/protein
regulation of low-density lipoprotein particle clearance,0.0,biological_process
positive regulation of low-density lipoprotein receptor activity,0.0,biological_process
macrophage differentiation,0.0,biological_process
positive regulation of cAMP-dependent protein kinase activity,0.0,biological_process
NUDCD2,0.0,gene/protein
PPP4R3A,0.0,gene/protein
HCFC2,0.0,gene/protein
RMND5A,0.0,gene/protein
KLB,0.0,gene/protein
negative regulation of myeloid cell apoptotic process,0.0,biological_process
YPEL5,0.0,gene/protein
PDGFD,0.0,gene/protein
MRPL38,0.0,gene/protein
TIGD5,0.0,gene/protein
INSL6,0.0,gene/protein
MRPL4,0.0,gene/protein
proteasome-mediated ubiquitin-dependent protein catabolic process,0.0,biological_process
positive regulation of MAPKKK cascade by fibroblast growth factor receptor signaling pathway,0.0,biological_process
protein glycosylation,0.0,biological_process
erythrocyte maturation,0.0,biological_process
TMEM30B,0.0,gene/protein
stabilization of membrane potential,0.0,biological_process
Ub-specific processing proteases,0.0,pathway
GHDC,0.0,gene/protein
Defective DHDDS causes retinitis pigmentosa 59,0.0,pathway
Generic Transcription Pathway,0.0,pathway
regulation of mitotic cell cycle,0.0,biological_process
SGTB,0.0,gene/protein
ING3,0.0,gene/protein
XKRX,0.0,gene/protein
protein deubiquitination,0.0,biological_process
dendrite extension,0.0,biological_process
RUNX1 interacts with co-factors whose precise effect on RUNX1 targets is not known,0.0,pathway
PCGF6,0.0,gene/protein
MPHOSPH8,0.0,gene/protein
regulation of intracellular cholesterol transport,0.0,biological_process
ovulation from ovarian follicle,0.0,biological_process
RPS19BP1,0.0,gene/protein
RSRC1,0.0,gene/protein
TBCCD1,0.0,gene/protein
BHLHE41,0.0,gene/protein
ZNF669,0.0,gene/protein
RAD54L2,0.0,gene/protein
CWC15,0.0,gene/protein
FSD1,0.0,gene/protein
ZNF707,0.0,gene/protein
RETREG3,0.0,gene/protein
GLIPR1L2,0.0,gene/protein
RANBP10,0.0,gene/protein
WDR26,0.0,gene/protein
cytoskeleton organization,0.0,biological_process
CCDC120,0.0,gene/protein
DOK4,0.0,gene/protein
LURAP1,0.0,gene/protein
RPRD1B,0.0,gene/protein
GPSM1,0.0,gene/protein
HEMGN,0.0,gene/protein
GADD45GIP1,0.0,gene/protein
CTAG1A,0.0,gene/protein
RCOR2,0.0,gene/protein
DPEP2,0.0,gene/protein
response to leucine,0.0,biological_process
cellular response to fructose stimulus,0.0,biological_process
chromatin organization,0.0,biological_process
KDELR1,0.0,gene/protein
"Wnt signaling pathway, planar cell polarity pathway",0.0,biological_process
C9orf72,0.0,gene/protein
RPP30,0.0,gene/protein
RCOR1,0.0,gene/protein
DGCR6L,0.0,gene/protein
TBC1D22B,0.0,gene/protein
RUSC1,0.0,gene/protein
ZNRF4,0.0,gene/protein
GATAD2B,0.0,gene/protein
TCHP,0.0,gene/protein
TRAPPC5,0.0,gene/protein
SMYD1,0.0,gene/protein
HATs acetylate histones,0.0,pathway
ZBTB38,0.0,gene/protein
OR5F1,0.0,gene/protein
INTS12,0.0,gene/protein
Signaling by Leptin,0.0,pathway
GTF2A1L,0.0,gene/protein
cellular respiration,0.0,biological_process
positive regulation of gluconeogenesis,0.0,biological_process
respiratory electron transport chain,0.0,biological_process
cellular response to follicle-stimulating hormone stimulus,0.0,biological_process
negative regulation of smooth muscle cell migration,0.0,biological_process
response to dietary excess,0.0,biological_process
negative regulation of mitochondrial fission,0.0,biological_process
response to epinephrine,0.0,biological_process
positive regulation of histone acetylation,0.0,biological_process
response to electrical stimulus involved in regulation of muscle adaptation,0.0,biological_process
fatty acid oxidation,0.0,biological_process
CEP83,0.0,gene/protein
RCOR3,0.0,gene/protein
RPL35,0.0,gene/protein
GATAD2A,0.0,gene/protein
TREM2,0.0,gene/protein
HP1BP3,0.0,gene/protein
SCNM1,0.0,gene/protein
positive regulation of glomerular visceral epithelial cell apoptotic process,0.0,biological_process
LINC02875,0.0,gene/protein
UHRF1BP1,0.0,gene/protein
negative regulation of protein sumoylation,0.0,biological_process
positive regulation of progesterone secretion,0.0,biological_process
DCTN4,0.0,gene/protein
CCDC136,0.0,gene/protein
RSPH9,0.0,gene/protein
OLIG3,0.0,gene/protein
cellular response to ionomycin,0.0,biological_process
response to mechanical stimulus,0.0,biological_process
GID4,0.0,gene/protein
ZNF664,0.0,gene/protein
FOXD4L1,0.0,gene/protein
cellular response to caffeine,0.0,biological_process
cellular response to estradiol stimulus,0.0,biological_process
positive regulation of cellular respiration,0.0,biological_process
response to norepinephrine,0.0,biological_process
positive regulation of ATP biosynthetic process,0.0,biological_process
Phase 4 - resting membrane potential,0.0,pathway
cellular response to resveratrol,0.0,biological_process
flavone metabolic process,0.0,biological_process
positive regulation of fatty acid oxidation,0.0,biological_process
PPARA activates gene expression,0.0,pathway
Activation of PPARGC1A (PGC-1alpha) by phosphorylation,0.0,pathway
SUMOylation of transcription cofactors,0.0,pathway
Circadian Clock,0.0,pathway
positive regulation of macroautophagy,0.0,biological_process
Abnormality of extrapyramidal motor function,0.0,effect/phenotype
positive regulation of cholesterol efflux,0.0,biological_process
positive regulation of macrophage cytokine production,0.0,biological_process
MTFR2,0.0,gene/protein
negative regulation of histone H3-K9 trimethylation,0.0,biological_process
histone H3-K9 deacetylation,0.0,biological_process
negative regulation of histone H3-K14 acetylation,0.0,biological_process
RNA splicing,0.0,biological_process
galactose metabolic process,0.0,biological_process
positive regulation of histone H3-K9 methylation,0.0,biological_process
GORASP2,0.0,gene/protein
PIK3R4,0.0,gene/protein
negative regulation of cellular response to testosterone stimulus,0.0,biological_process
histone H3-K9 modification,0.0,biological_process
negative regulation of histone H4-K16 acetylation,0.0,biological_process
cellular triglyceride homeostasis,0.0,biological_process
regulation of protein serine/threonine kinase activity,0.0,biological_process
positive regulation of adipose tissue development,0.0,biological_process
Heme signaling,0.0,pathway
positive regulation of smooth muscle cell differentiation,0.0,biological_process
negative regulation of cAMP-dependent protein kinase activity,0.0,biological_process
negative regulation of androgen receptor signaling pathway,0.0,biological_process
Regulation of HSF1-mediated heat shock response,0.0,pathway
behavioral response to starvation,0.0,biological_process
protein depropionylation,0.0,biological_process
postsynapse organization,0.0,biological_process
RAPGEF6,0.0,gene/protein
RASSF5,0.0,gene/protein
Regulation of FOXO transcriptional activity by acetylation,0.0,pathway
digestion,0.0,biological_process
protein stabilization,0.0,biological_process
gluconeogenesis,0.0,biological_process
CREB3L3,0.0,gene/protein
mRNA processing,0.0,biological_process
THTPA,0.0,gene/protein
NBPF1,0.0,gene/protein
positive regulation of mitochondrial DNA metabolic process,0.0,biological_process
forebrain development,0.0,biological_process
energy homeostasis,0.0,biological_process
positive regulation of DNA repair,0.0,biological_process
muscle organ development,0.0,biological_process
regulation of cellular response to heat,0.0,biological_process
protein destabilization,0.0,biological_process
positive regulation of MHC class II biosynthetic process,0.0,biological_process
intrinsic apoptotic signaling pathway in response to DNA damage by p53 class mediator,0.0,biological_process
negative regulation of intrinsic apoptotic signaling pathway in response to DNA damage by p53 class mediator,0.0,biological_process
SIGLECL1,0.0,gene/protein
cellular response to nitrite,0.0,biological_process
RNF34,0.0,gene/protein
positive regulation of progesterone biosynthetic process,0.0,biological_process
positive regulation of muscle tissue development,0.0,biological_process
Regulation of RUNX2 expression and activity,0.0,pathway
MRPL18,0.0,gene/protein
establishment of protein localization,0.0,biological_process
cellular response to hydrogen peroxide,0.0,biological_process
roof of mouth development,0.0,biological_process
response to muscle activity,0.0,biological_process
ruffle organization,0.0,biological_process
face morphogenesis,0.0,biological_process
MYEF2,0.0,gene/protein
response to metformin,0.0,biological_process
estrogen metabolic process,0.0,biological_process
RBM25,0.0,gene/protein
aorta morphogenesis,0.0,biological_process
androgen metabolic process,0.0,biological_process
protein-containing complex assembly,0.0,biological_process
skeletal system morphogenesis,0.0,biological_process
RBFA,0.0,gene/protein
ZNF785,0.0,gene/protein
ZNF354C,0.0,gene/protein
NOP9,0.0,gene/protein
POLR3E,0.0,gene/protein
ZNF746,0.0,gene/protein
enucleate erythrocyte development,0.0,biological_process
protein mannosylation,0.0,biological_process
ING5,0.0,gene/protein
Synthesis of Dolichyl-phosphate,0.0,pathway
negative regulation of phosphorylation,0.0,biological_process
stress-induced premature senescence,0.0,biological_process
DNA synthesis involved in DNA repair,0.0,biological_process
positive regulation of macrophage apoptotic process,0.0,biological_process
DNA methylation-dependent heterochromatin assembly,0.0,biological_process
regulation of centrosome duplication,0.0,biological_process
HNRNPA1L2,0.0,gene/protein
dolichol biosynthetic process,0.0,biological_process
GSE1,0.0,gene/protein
KAT8,0.0,gene/protein
histone acetylation,0.0,biological_process
DNA repair,0.0,biological_process
FOXR1,0.0,gene/protein
FOXR2,0.0,gene/protein
positive regulation of histone H3-K4 methylation,0.0,biological_process
positive regulation of histone H4-K16 acetylation,0.0,biological_process
SIRT1 negatively regulates rRNA expression,0.0,pathway
axon extension,0.0,biological_process
positive regulation of Rac protein signal transduction,0.0,biological_process
vascular endothelial growth factor signaling pathway,0.0,biological_process
dolichyl diphosphate biosynthetic process,0.0,biological_process
leptin-mediated signaling pathway,0.0,biological_process
ZNF550,0.0,gene/protein
negative regulation of helicase activity,0.0,biological_process
positive regulation of adaptive immune response,0.0,biological_process
regulation of bile acid biosynthetic process,0.0,biological_process
positive regulation of lamellipodium assembly,0.0,biological_process
UV-damage excision repair,0.0,biological_process
cellular response to ionizing radiation,0.0,biological_process
RICTOR,0.0,gene/protein
positive regulation of cellular senescence,0.0,biological_process
single strand break repair,0.0,biological_process
histone H3 acetylation,0.0,biological_process
histone H4-K5 acetylation,0.0,biological_process
positive regulation of intracellular transport,0.0,biological_process
negative regulation of peptidyl-lysine acetylation,0.0,biological_process
type B pancreatic cell apoptotic process,0.0,biological_process
actin cytoskeleton organization,0.0,biological_process
cellular component disassembly involved in execution phase of apoptosis,0.0,biological_process
SHD,0.0,gene/protein
TEDC1,0.0,gene/protein
histone H4-K12 acetylation,0.0,biological_process
LRRC7,0.0,gene/protein
PACSIN1,0.0,gene/protein
MYO5C,0.0,gene/protein
positive regulation of type B pancreatic cell apoptotic process,0.0,biological_process
histone H3 deacetylation,0.0,biological_process
pyrimidine dimer repair by nucleotide-excision repair,0.0,biological_process
rDNA heterochromatin assembly,0.0,biological_process
heterochromatin maintenance,0.0,biological_process
protein deacetylation,0.0,biological_process
histone deacetylation,0.0,biological_process
peptidyl-lysine acetylation,0.0,biological_process
heterochromatin assembly,0.0,biological_process
negative regulation of protein acetylation,0.0,biological_process
peptidyl-lysine deacetylation,0.0,biological_process
regulation of smooth muscle cell apoptotic process,0.0,biological_process
regulation of endodeoxyribonuclease activity,0.0,biological_process
negative regulation of TOR signaling,0.0,biological_process
negative regulation of cellular senescence,0.0,biological_process
regulation of glucose metabolic process,0.0,biological_process
triglyceride mobilization,0.0,biological_process
regulation of apoptotic process,0.0,biological_process
FBXO7,0.0,gene/protein
ZNF417,0.0,gene/protein
G2/M Checkpoints,0.0,pathway
Ubiquitin Mediated Degradation of Phosphorylated Cdc25A,0.0,pathway
Ubiquitin-dependent degradation of Cyclin D,0.0,pathway
Hedgehog 'on' state,0.0,pathway
"retrograde transport, endosome to Golgi",0.0,biological_process
Regulation of ornithine decarboxylase (ODC),0.0,pathway
Vif-mediated degradation of APOBEC3G,0.0,pathway
SCF(Skp2)-mediated degradation of p27/p21,0.0,pathway
negative regulation of catalytic activity,0.0,biological_process
ING4,0.0,gene/protein
ZER1,0.0,gene/protein
RAI14,0.0,gene/protein
CCDC74B,0.0,gene/protein
TGFBR3,0.0,gene/protein
NMNAT1,0.0,gene/protein
SOST,0.0,gene/protein
Cdc20:Phospho-APC/C mediated degradation of Cyclin A,0.0,pathway
Degradation of beta-catenin by the destruction complex,0.0,pathway
Wnt signaling pathway,0.0,biological_process
RUNX1 regulates transcription of genes involved in differentiation of HSCs,0.0,pathway
Degradation of GLI2 by the proteasome,0.0,pathway
TADA2B,0.0,gene/protein
CCDC93,0.0,gene/protein
ANKRD27,0.0,gene/protein
CDCA7L,0.0,gene/protein
AARSD1,0.0,gene/protein
WASHC2C,0.0,gene/protein
ZNF496,0.0,gene/protein
histone H4-K8 acetylation,0.0,biological_process
DOT1L,0.0,gene/protein
LIMA1,0.0,gene/protein
PUM1,0.0,gene/protein
NUP188,0.0,gene/protein
FAM107A,0.0,gene/protein
TBC1D5,0.0,gene/protein
FKBP15,0.0,gene/protein
CBX8,0.0,gene/protein
"antigen processing and presentation of exogenous peptide antigen via MHC class I, TAP-dependent",0.0,biological_process
Separation of Sister Chromatids,0.0,pathway
Regulation of activated PAK-2p34 by proteasome mediated degradation,0.0,pathway
Defective CFTR causes cystic fibrosis,0.0,pathway
MAPK6/MAPK4 signaling,0.0,pathway
ER-Phagosome pathway,0.0,pathway
Cross-presentation of soluble exogenous antigens (endosomes),0.0,pathway
Autodegradation of Cdh1 by Cdh1:APC/C,0.0,pathway
Vpu mediated degradation of CD4,0.0,pathway
APC/C:Cdc20 mediated degradation of Securin,0.0,pathway
APC/C:Cdh1 mediated degradation of Cdc20 and other APC/C:Cdh1 targeted proteins in late mitosis/early G1,0.0,pathway
Vitamin C (ascorbate) metabolism,0.0,pathway
Limb ataxia,0.0,effect/phenotype
Incoordination,0.0,effect/phenotype
Stomatocytosis,0.0,effect/phenotype
NCSTN,0.0,gene/protein
positive regulation of reactive oxygen species metabolic process,0.0,biological_process
TXNIP,0.0,gene/protein
SCF-beta-TrCP mediated degradation of Emi1,0.0,pathway
Autodegradation of the E3 ubiquitin ligase COP1,0.0,pathway
Degradation of AXIN,0.0,pathway
AUF1 (hnRNP D0) binds and destabilizes mRNA,0.0,pathway
Negative regulation of NOTCH4 signaling,0.0,pathway
ROS sensing by NFE2L2,0.0,pathway
FBXL7 down-regulates AURKA during mitotic entry and in early mitosis,0.0,pathway
The role of GTSE1 in G2/M progression after G2 checkpoint,0.0,pathway
ATG9A,0.0,gene/protein
regulation of catalytic activity,0.0,biological_process
Regulation of expression of SLITs and ROBOs,0.0,pathway
Regulation of PTEN stability and activity,0.0,pathway
Neddylation,0.0,pathway
ABC-family proteins mediated transport,0.0,pathway
CDK-mediated phosphorylation and removal of Cdc6,0.0,pathway
GLI3 is processed to GLI3R by the proteasome,0.0,pathway
anaphase-promoting complex-dependent catabolic process,0.0,biological_process
NIK-->noncanonical NF-kB signaling,0.0,pathway
regulation of mitotic cell cycle phase transition,0.0,biological_process
regulation of hematopoietic stem cell differentiation,0.0,biological_process
PACSIN2,0.0,gene/protein
ASB16-AS1,0.0,gene/protein
UNK,0.0,gene/protein
ENTR1,0.0,gene/protein
ZSCAN12,0.0,gene/protein
Oxygen-dependent proline hydroxylation of Hypoxia-inducible Factor Alpha,0.0,pathway
TTLL4,0.0,gene/protein
FEM1B,0.0,gene/protein
VPS36,0.0,gene/protein
TMEM179B,0.0,gene/protein
C1QTNF9B,0.0,gene/protein
EHD1,0.0,gene/protein
VPS26B,0.0,gene/protein
ANKFY1,0.0,gene/protein
NOMO1,0.0,gene/protein
ZC3H12A,0.0,gene/protein
MXD4,0.0,gene/protein
MAPK8IP3,0.0,gene/protein
Orc1 removal from chromatin,0.0,pathway
TMEM35A,0.0,gene/protein
Hedgehog ligand biogenesis,0.0,pathway
Degradation of DVL,0.0,pathway
Asymmetric localization of PCP proteins,0.0,pathway
CDT1 association with the CDC6:ORC:origin complex,0.0,pathway
Regulation of RAS by GAPs,0.0,pathway
Hh mutants are degraded by ERAD,0.0,pathway
MPDU1,0.0,gene/protein
SYAP1,0.0,gene/protein
CD200R1,0.0,gene/protein
UBE4B,0.0,gene/protein
HSPA4L,0.0,gene/protein
WASHC5,0.0,gene/protein
KLK4,0.0,gene/protein
CD177,0.0,gene/protein
PSTPIP2,0.0,gene/protein
APOBEC3C,0.0,gene/protein
Dectin-1 mediated noncanonical NF-kB signaling,0.0,pathway
SETX,0.0,gene/protein
DUSP16,0.0,gene/protein
TUBB3,0.0,gene/protein
SENP5,0.0,gene/protein
regulation of JNK cascade,0.0,biological_process
CPSF6,0.0,gene/protein
C2orf69,0.0,gene/protein
VPS29,0.0,gene/protein
energy reserve metabolic process,0.0,biological_process
PTPN23,0.0,gene/protein
intracellular protein transport,0.0,biological_process
regulation of macroautophagy,0.0,biological_process
PSMA8,0.0,gene/protein
endocytic recycling,0.0,biological_process
VPS25,0.0,gene/protein
UTP4,0.0,gene/protein
LCMT2,0.0,gene/protein
CRTAP,0.0,gene/protein
FAM102B,0.0,gene/protein
SRI,0.0,gene/protein
HYI,0.0,gene/protein
regulation of feeding behavior,0.0,biological_process
CDCP1,0.0,gene/protein
LEPROT,0.0,gene/protein
phagocytosis,0.0,biological_process
negative regulation of autophagy,0.0,biological_process
NDN,0.0,gene/protein
JUN phosphorylation,0.0,biological_process
TINAGL1,0.0,gene/protein
Degradation of GLI1 by the proteasome,0.0,pathway
CEP192,0.0,gene/protein
C9orf24,0.0,gene/protein
EIF3F,0.0,gene/protein
HDHD5,0.0,gene/protein
regulation of transcription from RNA polymerase II promoter in response to hypoxia,0.0,biological_process
MAPK8IP2,0.0,gene/protein
"regulation of CD8-positive, alpha-beta T cell proliferation",0.0,biological_process
CNTNAP3B,0.0,gene/protein
RMND5B,0.0,gene/protein
JMJD7-PLA2G4B,0.0,gene/protein
DDX3Y,0.0,gene/protein
GIGYF1,0.0,gene/protein
viral protein processing,0.0,biological_process
protein N-linked glycosylation via asparagine,0.0,biological_process
HEATR3,0.0,gene/protein
GLMN,0.0,gene/protein
Lactose synthesis,0.0,pathway
PRMT9,0.0,gene/protein
Infertility,0.0,effect/phenotype
negative regulation of hydrolase activity,0.0,biological_process
glial cell proliferation,0.0,biological_process
T cell differentiation,0.0,biological_process
FBXO25,0.0,gene/protein
WAPL,0.0,gene/protein
HES2,0.0,gene/protein
SAAL1,0.0,gene/protein
N-acetylneuraminate metabolic process,0.0,biological_process
ATRIP,0.0,gene/protein
O-glycan processing,0.0,biological_process
USP28,0.0,gene/protein
Sialic acid metabolism,0.0,pathway
Maturation of spike protein,0.0,pathway
Maturation of protein 3a,0.0,pathway
N-Glycan antennae elongation,0.0,pathway
XRN1,0.0,gene/protein
SYNE4,0.0,gene/protein
TRARG1,0.0,gene/protein
hormone metabolic process,0.0,biological_process
ADIPOR1,0.0,gene/protein
Glutathione conjugation,0.0,pathway
TNKS2,0.0,gene/protein
FRS3,0.0,gene/protein
Tie2 Signaling,0.0,pathway
HCK,0.0,gene/protein
Termination of O-glycan biosynthesis,0.0,pathway
negative regulation of trophoblast cell migration,0.0,biological_process
regulation of bone remodeling,0.0,biological_process
extracellular matrix disassembly,0.0,biological_process
response to cytokine,0.0,biological_process
Delayed puberty,0.0,effect/phenotype
Female infertility,0.0,effect/phenotype
Astrocytosis,0.0,effect/phenotype
Gliosis,0.0,effect/phenotype
ERGIC2,0.0,gene/protein
CCDC102B,0.0,gene/protein
DKK1,0.0,gene/protein
BABAM1,0.0,gene/protein
SCF-dependent proteasomal ubiquitin-dependent protein catabolic process,0.0,biological_process
pre-replicative complex assembly,0.0,biological_process
PAAF1,0.0,gene/protein
PITPNC1,0.0,gene/protein
UBLCP1,0.0,gene/protein
ZBTB16,0.0,gene/protein
Activation of Matrix Metalloproteinases,0.0,pathway
GSTM3,0.0,gene/protein
STK26,0.0,gene/protein
GIGYF2,0.0,gene/protein
GSTM2,0.0,gene/protein
xenobiotic catabolic process,0.0,biological_process
glutathione derivative biosynthetic process,0.0,biological_process
nitrobenzene metabolic process,0.0,biological_process
cellular detoxification of nitrogen compound,0.0,biological_process
response to peptide hormone,0.0,biological_process
regulation of transport,0.0,biological_process
bone growth,0.0,biological_process
cellular response to UV-A,0.0,biological_process
Polyphagia,0.0,effect/phenotype
BTNL8,0.0,gene/protein
negative regulation of membrane protein ectodomain proteolysis,0.0,biological_process
cell activation,0.0,biological_process
negative regulation of metallopeptidase activity,0.0,biological_process
regulation of integrin-mediated signaling pathway,0.0,biological_process
sexual reproduction,0.0,biological_process
Myotonia,0.0,effect/phenotype
Paroxysmal choreoathetosis,0.0,effect/phenotype
long-chain fatty acid import across plasma membrane,0.0,biological_process
glucose import across plasma membrane,0.0,biological_process
L-ascorbic acid metabolic process,0.0,biological_process
SCGB3A1,0.0,gene/protein
regulation of protein import into nucleus,0.0,biological_process
regulation of DNA binding,0.0,biological_process
sialylation,0.0,biological_process
positive regulation of fibroblast migration,0.0,biological_process
cellular hyperosmotic response,0.0,biological_process
cerebral cortex development,0.0,biological_process
cellular response to glucose starvation,0.0,biological_process
SIGLEC5,0.0,gene/protein
positive regulation of hepatic stellate cell activation,0.0,biological_process
negative regulation of glutamine transport,0.0,biological_process
positive regulation of luteinizing hormone secretion,0.0,biological_process
ATP biosynthetic process,0.0,biological_process
protein maturation by protein folding,0.0,biological_process
regulation of natural killer cell mediated cytotoxicity,0.0,biological_process
aorta development,0.0,biological_process
positive regulation of T cell proliferation,0.0,biological_process
negative regulation of vasoconstriction,0.0,biological_process
SORD,0.0,gene/protein
TMEM236,0.0,gene/protein
FYTTD1,0.0,gene/protein
positive regulation of peroxisome proliferator activated receptor signaling pathway,0.0,biological_process
positive regulation of interleukin-12 production,0.0,biological_process
YIPF3,0.0,gene/protein
XBP1(S) activates chaperone genes,0.0,pathway
positive regulation of protein metabolic process,0.0,biological_process
positive regulation of calcium ion transport,0.0,biological_process
olfactory behavior,0.0,biological_process
calcium ion homeostasis,0.0,biological_process
SYVN1,0.0,gene/protein
adult feeding behavior,0.0,biological_process
positive regulation of p38MAPK cascade,0.0,biological_process
negative regulation of programmed cell death,0.0,biological_process
Truncal ataxia,0.0,effect/phenotype
TMED2,0.0,gene/protein
negative regulation of response to endoplasmic reticulum stress,0.0,biological_process
renal water homeostasis,0.0,biological_process
endoplasmic reticulum calcium ion homeostasis,0.0,biological_process
nervous system process,0.0,biological_process
positive regulation of growth,0.0,biological_process
positive regulation of follicle-stimulating hormone secretion,0.0,biological_process
ER overload response,0.0,biological_process
ANTXR1,0.0,gene/protein
P2RX2,0.0,gene/protein
Sensory ataxia,0.0,effect/phenotype
Dyssynergia,0.0,effect/phenotype
photoreceptor cell maintenance,0.0,biological_process
lactose biosynthetic process,0.0,biological_process
ARFGEF3,0.0,gene/protein
ZYG11B,0.0,gene/protein
negative regulation of ATF6-mediated unfolded protein response,0.0,biological_process
negative regulation of glucagon secretion,0.0,biological_process
negative regulation of cartilage development,0.0,biological_process
regulation of angiogenesis,0.0,biological_process
response to Thyroglobulin triiodothyronine,0.0,biological_process
ubiquitin-dependent ERAD pathway,0.0,biological_process
response to endoplasmic reticulum stress,0.0,biological_process
positive regulation of protein ubiquitination,0.0,biological_process
TGFBRAP1,0.0,gene/protein
KLF10,0.0,gene/protein
positive regulation of chemotaxis,0.0,biological_process
positive regulation of collagen biosynthetic process,0.0,biological_process
WFIKKN1,0.0,gene/protein
KRTAP4-11,0.0,gene/protein
epithelial to mesenchymal transition,0.0,biological_process
WFIKKN2,0.0,gene/protein
NRROS,0.0,gene/protein
positive regulation of fat cell apoptotic process,0.0,biological_process
LCE1C,0.0,gene/protein
CATSPER1,0.0,gene/protein
Iron uptake and transport,0.0,pathway
Insertion of tail-anchored proteins into the endoplasmic reticulum membrane,0.0,pathway
Regulation of HMOX1 expression and activity,0.0,pathway
response to estrogen,0.0,biological_process
endothelial cell proliferation,0.0,biological_process
ADAM33,0.0,gene/protein
EXOSC8,0.0,gene/protein
regulation of cardiac conduction,0.0,biological_process
"negative regulation of DNA damage response, signal transduction by p53 class mediator",0.0,biological_process
potassium ion import across plasma membrane,0.0,biological_process
regulation of membrane repolarization,0.0,biological_process
non-motile cilium assembly,0.0,biological_process
regulation of atrial cardiac muscle cell membrane repolarization,0.0,biological_process
Phase 3 - rapid repolarisation,0.0,pathway
Phase 2 - plateau phase,0.0,pathway
cellular chloride ion homeostasis,0.0,biological_process
regulation of gene expression by genetic imprinting,0.0,biological_process
IL17RC,0.0,gene/protein
cardiac conduction,0.0,biological_process
positive regulation of heart rate,0.0,biological_process
cochlea development,0.0,biological_process
membrane repolarization during cardiac muscle cell action potential,0.0,biological_process
GPR108,0.0,gene/protein
neuromuscular process,0.0,biological_process
NRGN,0.0,gene/protein
HPN,0.0,gene/protein
NEDD4L,0.0,gene/protein
TSPAN13,0.0,gene/protein
CAND2,0.0,gene/protein
ACSF3,0.0,gene/protein
MT-ND4L,0.0,gene/protein
social behavior,0.0,biological_process
gene silencing,0.0,biological_process
PCDHB16,0.0,gene/protein
TMIE,0.0,gene/protein
erythrocyte homeostasis,0.0,biological_process
MRPL22,0.0,gene/protein
negative regulation of epithelial cell apoptotic process,0.0,biological_process
wound healing involved in inflammatory response,0.0,biological_process
regulation of heart contraction,0.0,biological_process
sodium ion transport,0.0,biological_process
KCNQ2,0.0,gene/protein
KCNE2,0.0,gene/protein
ventricular cardiac muscle cell action potential,0.0,biological_process
Voltage gated Potassium channels,0.0,pathway
BAG2,0.0,gene/protein
SEC11C,0.0,gene/protein
CRB3,0.0,gene/protein
PDZK1IP1,0.0,gene/protein
excretion,0.0,biological_process
cell death,0.0,biological_process
heme catabolic process,0.0,biological_process
negative regulation of muscle cell apoptotic process,0.0,biological_process
HSH2D,0.0,gene/protein
urate metabolic process,0.0,biological_process
Heme degradation,0.0,pathway
negative regulation of leukocyte migration,0.0,biological_process
negative regulation of mast cell cytokine production,0.0,biological_process
CDC20B,0.0,gene/protein
CYBRD1,0.0,gene/protein
PTGER4,0.0,gene/protein
ELOVL6,0.0,gene/protein
positive regulation of cardiac muscle contraction,0.0,biological_process
regulation of transcription from RNA polymerase II promoter in response to iron,0.0,biological_process
inner ear morphogenesis,0.0,biological_process
regulation of heart rate by cardiac conduction,0.0,biological_process
LINC00269,0.0,gene/protein
STOML2,0.0,gene/protein
LRRC27,0.0,gene/protein
ZNF99,0.0,gene/protein
small GTPase mediated signal transduction,0.0,biological_process
iron ion homeostasis,0.0,biological_process
heme oxidation,0.0,biological_process
adrenergic receptor signaling pathway,0.0,biological_process
calcium ion transport from cytosol to endoplasmic reticulum,0.0,biological_process
PIGO,0.0,gene/protein
negative regulation of anoikis,0.0,biological_process
mesenchymal cell development,0.0,biological_process
APBB3,0.0,gene/protein
positive regulation of multicellular organism growth,0.0,biological_process
hair follicle morphogenesis,0.0,biological_process
positive regulation of skeletal muscle fiber development,0.0,biological_process
membrane repolarization during atrial cardiac muscle cell action potential,0.0,biological_process
response to toxic substance,0.0,biological_process
TOMM20,0.0,gene/protein
ATG12,0.0,gene/protein
SMN2,0.0,gene/protein
SIVA1,0.0,gene/protein
Reduction of cytosolic Ca++ levels,0.0,pathway
calcium ion transmembrane transport,0.0,biological_process
MCOLN3,0.0,gene/protein
renal system process,0.0,biological_process
negative regulation of cellular pH reduction,0.0,biological_process
"CD8-positive, alpha-beta T cell lineage commitment",0.0,biological_process
metanephros development,0.0,biological_process
negative regulation of osteoblast proliferation,0.0,biological_process
positive regulation of smooth muscle cell migration,0.0,biological_process
gland morphogenesis,0.0,biological_process
cochlear nucleus development,0.0,biological_process
organ growth,0.0,biological_process
EVA1C,0.0,gene/protein
B cell proliferation,0.0,biological_process
regulation of nitrogen utilization,0.0,biological_process
PCDHB5,0.0,gene/protein
TSPAN17,0.0,gene/protein
TMED6,0.0,gene/protein
HTR3E,0.0,gene/protein
HNRNPA2B1,0.0,gene/protein
CNGA3,0.0,gene/protein
SYT12,0.0,gene/protein
melanin metabolic process,0.0,biological_process
FKBP8,0.0,gene/protein
BNIP2,0.0,gene/protein
regulation of calcium ion transport,0.0,biological_process
regulation of voltage-gated sodium channel activity,0.0,biological_process
regulation of ventricular cardiac muscle cell membrane repolarization,0.0,biological_process
atrial cardiac muscle cell action potential,0.0,biological_process
iodide transport,0.0,biological_process
rhythmic behavior,0.0,biological_process
PCDHA12,0.0,gene/protein
detection of mechanical stimulus involved in sensory perception of sound,0.0,biological_process
positive regulation of potassium ion transmembrane transport,0.0,biological_process
stomach development,0.0,biological_process
membrane repolarization during action potential,0.0,biological_process
auditory receptor cell development,0.0,biological_process
gastrin-induced gastric acid secretion,0.0,biological_process
corticosterone secretion,0.0,biological_process
regulation of gastric acid secretion,0.0,biological_process
potassium ion export across plasma membrane,0.0,biological_process
renal absorption,0.0,biological_process
SLC4A4,0.0,gene/protein
TPTE,0.0,gene/protein
BTNL3,0.0,gene/protein
TREML2,0.0,gene/protein
FNDC5,0.0,gene/protein
ENTPD4,0.0,gene/protein
membrane repolarization during ventricular cardiac muscle cell action potential,0.0,biological_process
CDK12,0.0,gene/protein
BBC3,0.0,gene/protein
KCNK1,0.0,gene/protein
negative regulation of calcium ion transport into cytosol,0.0,biological_process
Ion transport by P-type ATPases,0.0,pathway
peptidyl-threonine phosphorylation,0.0,biological_process
BNIP3,0.0,gene/protein
GLI2,0.0,gene/protein
BECN2,0.0,gene/protein
cell-cell adhesion,0.0,biological_process
PPP3R1,0.0,gene/protein
FYB1,0.0,gene/protein
STMN3,0.0,gene/protein
cAMP-mediated signaling,0.0,biological_process
positive regulation of blood pressure,0.0,biological_process
antigen transcytosis by M cells in mucosal-associated lymphoid tissue,0.0,biological_process
Post-translational modification: synthesis of GPI-anchored proteins,0.0,pathway
GNG11,0.0,gene/protein
G alpha (12/13) signalling events,0.0,pathway
Thromboxane signalling through TP receptor,0.0,pathway
negative regulation of macroautophagy,0.0,biological_process
TMEM209,0.0,gene/protein
DCAF6,0.0,gene/protein
SCRIB,0.0,gene/protein
MAP2K5,0.0,gene/protein
RGS19,0.0,gene/protein
NEK11,0.0,gene/protein
Activation of G protein gated Potassium channels,0.0,pathway
GNG3,0.0,gene/protein
TTC3,0.0,gene/protein
Presynaptic function of Kainate receptors,0.0,pathway
Cooperation of PDCL (PhLP1) and TRiC/CCT in G-protein beta folding,0.0,pathway
TCAF1,0.0,gene/protein
G beta:gamma signalling through CDC42,0.0,pathway
cell volume homeostasis,0.0,biological_process
SOX30,0.0,gene/protein
RAB17,0.0,gene/protein
SLC10A1,0.0,gene/protein
RAB5C,0.0,gene/protein
FAM83H,0.0,gene/protein
NELFE,0.0,gene/protein
CUL4A,0.0,gene/protein
GNGT1,0.0,gene/protein
NDUFA6,0.0,gene/protein
neutrophil migration,0.0,biological_process
CEND1,0.0,gene/protein
KRTAP17-1,0.0,gene/protein
VAPB,0.0,gene/protein
SEBOX,0.0,gene/protein
CCNJ,0.0,gene/protein
TBC1D31,0.0,gene/protein
ACTR3B,0.0,gene/protein
RTN4,0.0,gene/protein
IFITM3,0.0,gene/protein
GTF3C2,0.0,gene/protein
WDR11,0.0,gene/protein
IFNAR1,0.0,gene/protein
GNG8,0.0,gene/protein
LAX1,0.0,gene/protein
H2BC17,0.0,gene/protein
PPM1F,0.0,gene/protein
SMIM40,0.0,gene/protein
SHB,0.0,gene/protein
ABCC9,0.0,gene/protein
AHSA1,0.0,gene/protein
G-protein activation,0.0,pathway
G beta:gamma signalling through BTK,0.0,pathway
TCEANC2,0.0,gene/protein
GNG12,0.0,gene/protein
GNG10,0.0,gene/protein
PDCL,0.0,gene/protein
protein folding,0.0,biological_process
RASD2,0.0,gene/protein
GNG5,0.0,gene/protein
ADP signalling through P2Y purinoceptor 12,0.0,pathway
Prostacyclin signalling through prostacyclin receptor,0.0,pathway
PDK2,0.0,gene/protein
SNORD35B,0.0,gene/protein
TRAF3IP2,0.0,gene/protein
STRAP,0.0,gene/protein
TMEM59,0.0,gene/protein
MARCHF7,0.0,gene/protein
STAP1,0.0,gene/protein
MAST4,0.0,gene/protein
PRKD3,0.0,gene/protein
TCEA2,0.0,gene/protein
ZNF131,0.0,gene/protein
ZMAT2,0.0,gene/protein
negative regulation of glucokinase activity,0.0,biological_process
protein insertion into ER membrane,0.0,biological_process
SERP1,0.0,gene/protein
PPIB,0.0,gene/protein
SAA1,0.0,gene/protein
PIGG,0.0,gene/protein
SYNGR3,0.0,gene/protein
Thrombin signalling through proteinase activated receptors (PARs),0.0,pathway
PAQR6,0.0,gene/protein
KRTAP10-9,0.0,gene/protein
SRPRB,0.0,gene/protein
response to fructose,0.0,biological_process
carbohydrate derivative metabolic process,0.0,biological_process
TLX3,0.0,gene/protein
HIRA,0.0,gene/protein
C6orf47,0.0,gene/protein
MYL6,0.0,gene/protein
TM4SF19-DYNLT2B,0.0,gene/protein
TEX264,0.0,gene/protein
NOMO2,0.0,gene/protein
ACTR5,0.0,gene/protein
MICAL1,0.0,gene/protein
CABLES1,0.0,gene/protein
LRP5,0.0,gene/protein
SCAF1,0.0,gene/protein
MKNK1,0.0,gene/protein
EML2,0.0,gene/protein
NUAK2,0.0,gene/protein
CDK17,0.0,gene/protein
EIF5B,0.0,gene/protein
CIR1,0.0,gene/protein
FLNB,0.0,gene/protein
CRTC2,0.0,gene/protein
FIBCD1,0.0,gene/protein
BAG6,0.0,gene/protein
PPWD1,0.0,gene/protein
GPR37,0.0,gene/protein
CCDC167,0.0,gene/protein
regulation of transcription from RNA polymerase II promoter in response to oxidative stress,0.0,biological_process
SMO,0.0,gene/protein
TM4SF19,0.0,gene/protein
TLCD4,0.0,gene/protein
JAGN1,0.0,gene/protein
FAM174A,0.0,gene/protein
PKDCC,0.0,gene/protein
cellular response to heat,0.0,biological_process
cellular response to nutrient,0.0,biological_process
cellular response to cisplatin,0.0,biological_process
cellular response to arsenic-containing substance,0.0,biological_process
negative regulation of mast cell degranulation,0.0,biological_process
Inhibition  of voltage gated Ca2+ channels via Gbeta/gamma subunits,0.0,pathway
regulation of phospholipid metabolic process,0.0,biological_process
G beta:gamma signalling through PLC beta,0.0,pathway
ADP signalling through P2Y purinoceptor 1,0.0,pathway
UGT8,0.0,gene/protein
GNB5,0.0,gene/protein
regulation of DNA-binding transcription factor activity,0.0,biological_process
ARL13B,0.0,gene/protein
MSMO1,0.0,gene/protein
ELOVL5,0.0,gene/protein
ARFRP1,0.0,gene/protein
SCGB2A1,0.0,gene/protein
KRTAP10-11,0.0,gene/protein
ACOT13,0.0,gene/protein
TMEM176B,0.0,gene/protein
EMC7,0.0,gene/protein
protein import into nucleus,0.0,biological_process
ELOVL1,0.0,gene/protein
OST4,0.0,gene/protein
SVOP,0.0,gene/protein
OCIAD2,0.0,gene/protein
PRSS2,0.0,gene/protein
SLC26A1,0.0,gene/protein
CYSTM1,0.0,gene/protein
muscle contraction,0.0,biological_process
negative regulation of epidermal growth factor receptor signaling pathway,0.0,biological_process
LAMA1,0.0,gene/protein
LGALS9,0.0,gene/protein
FUT3,0.0,gene/protein
SUSD4,0.0,gene/protein
animal organ regeneration,0.0,biological_process
PIM3,0.0,gene/protein
oocyte development,0.0,biological_process
H2AC8,0.0,gene/protein
SNORD34,0.0,gene/protein
NKTR,0.0,gene/protein
PAFAH1B1,0.0,gene/protein
PEX7,0.0,gene/protein
WDR33,0.0,gene/protein
PCNX1,0.0,gene/protein
PLCH1,0.0,gene/protein
RPS6KB1,0.0,gene/protein
CUL7,0.0,gene/protein
regulation of homocysteine metabolic process,0.0,biological_process
KNG1,0.0,gene/protein
L-methionine salvage,0.0,biological_process
protein methylation,0.0,biological_process
choline catabolic process,0.0,biological_process
PBX1,0.0,gene/protein
amino-acid betaine metabolic process,0.0,biological_process
cellular extravasation,0.0,biological_process
Choline catabolism,0.0,pathway
SLF2,0.0,gene/protein
GNPNAT1,0.0,gene/protein
morphogenesis of embryonic epithelium,0.0,biological_process
exocrine pancreas development,0.0,biological_process
response to chlorate,0.0,biological_process
response to vitamin,0.0,biological_process
response to alkaloid,0.0,biological_process
neutrophil chemotaxis,0.0,biological_process
amino-acid betaine catabolic process,0.0,biological_process
DISP2,0.0,gene/protein
LATS1,0.0,gene/protein
ASXL1,0.0,gene/protein
TPP2,0.0,gene/protein
hormone catabolic process,0.0,biological_process
embryonic digit morphogenesis,0.0,biological_process
positive regulation of receptor recycling,0.0,biological_process
MFNG,0.0,gene/protein
MAP3K9,0.0,gene/protein
calcitonin catabolic process,0.0,biological_process
endothelin maturation,0.0,biological_process
substance P catabolic process,0.0,biological_process
NPB,0.0,gene/protein
NCK2,0.0,gene/protein
regulation of vasoconstriction,0.0,biological_process
RPS26,0.0,gene/protein
PKD1L1-AS1,0.0,gene/protein
SH3GLB1,0.0,gene/protein
bradykinin catabolic process,0.0,biological_process
RPL19,0.0,gene/protein
PASK,0.0,gene/protein
animal organ senescence,0.0,biological_process
response to iron(II) ion,0.0,biological_process
stem cell differentiation,0.0,biological_process
digestive tract development,0.0,biological_process
transdifferentiation,0.0,biological_process
RPSA,0.0,gene/protein
EIF2AK4,0.0,gene/protein
DAAM1,0.0,gene/protein
MAPK15,0.0,gene/protein
FBXW5,0.0,gene/protein
ITGA5,0.0,gene/protein
PIM2,0.0,gene/protein
DNAJC5,0.0,gene/protein
LZTR1,0.0,gene/protein
NDC1,0.0,gene/protein
ZNF74,0.0,gene/protein
pharyngeal system development,0.0,biological_process
SNORA29,0.0,gene/protein
SRXN1,0.0,gene/protein
response to leptin,0.0,biological_process
positive regulation of endoplasmic reticulum stress-induced intrinsic apoptotic signaling pathway,0.0,biological_process
TRPM8,0.0,gene/protein
regulation of membrane potential,0.0,biological_process
neuron projection morphogenesis,0.0,biological_process
positive regulation of phosphoprotein phosphatase activity,0.0,biological_process
Activated NTRK3 signals through PI3K,0.0,pathway
MLF1,0.0,gene/protein
Variable expressivity,0.0,effect/phenotype
Post-vaccination measles,0.0,effect/phenotype
positive regulation of extrinsic apoptotic signaling pathway,0.0,biological_process
luteinization,0.0,biological_process
SNORD48,0.0,gene/protein
EMC9,0.0,gene/protein
INCA1,0.0,gene/protein
LMAN2L,0.0,gene/protein
TRAPPC6B,0.0,gene/protein
AKIP1,0.0,gene/protein
tRNA methylation,0.0,biological_process
negative regulation of ATPase-coupled calcium transmembrane transporter activity,0.0,biological_process
negative regulation of endoplasmic reticulum calcium ion concentration,0.0,biological_process
lipid homeostasis,0.0,biological_process
phosphatidylinositol 3-kinase signaling,0.0,biological_process
negative regulation of endothelial cell migration,0.0,biological_process
SNHG32,0.0,gene/protein
proteolysis,0.0,biological_process
glycoprotein catabolic process,0.0,biological_process
endothelial cell-matrix adhesion,0.0,biological_process
ventricular cardiac muscle tissue development,0.0,biological_process
negative regulation of interleukin-10 production,0.0,biological_process
negative regulation of tyrosine phosphorylation of STAT protein,0.0,biological_process
interleukin-6-mediated signaling pathway,0.0,biological_process
PLEKHA2,0.0,gene/protein
Leydig cell differentiation,0.0,biological_process
vesicle-mediated transport,0.0,biological_process
RPL10A,0.0,gene/protein
insulin-like growth factor receptor signaling pathway,0.0,biological_process
MINDY2,0.0,gene/protein
REV1,0.0,gene/protein
KLHL22,0.0,gene/protein
SPAG16,0.0,gene/protein
ESS2,0.0,gene/protein
PMPCB,0.0,gene/protein
protein transport,0.0,biological_process
PTPRU,0.0,gene/protein
NRG2,0.0,gene/protein
OBSCN,0.0,gene/protein
ARHGAP27,0.0,gene/protein
CCNI,0.0,gene/protein
BTBD10,0.0,gene/protein
BCAR3,0.0,gene/protein
TRIM72,0.0,gene/protein
positive regulation of insulin secretion involved in cellular response to glucose stimulus,0.0,biological_process
LCP2,0.0,gene/protein
O-glycosylation of TSR domain-containing proteins,0.0,pathway
Degradation of the extracellular matrix,0.0,pathway
TRUB2,0.0,gene/protein
MEIS1,0.0,gene/protein
PABPC1,0.0,gene/protein
cellular response to fatty acid,0.0,biological_process
CHL1 interactions,0.0,pathway
Ion homeostasis,0.0,pathway
Platelet Adhesion to exposed collagen,0.0,pathway
Other semaphorin interactions,0.0,pathway
MATN1,0.0,gene/protein
integrin-mediated signaling pathway,0.0,biological_process
Laminin interactions,0.0,pathway
PTP4A3,0.0,gene/protein
response to testosterone,0.0,biological_process
response to ATP,0.0,biological_process
SLC17A2,0.0,gene/protein
positive regulation of cation channel activity,0.0,biological_process
Smooth Muscle Contraction,0.0,pathway
TOMM40,0.0,gene/protein
TUBG1,0.0,gene/protein
CST7,0.0,gene/protein
LRRC58,0.0,gene/protein
NDUFA2,0.0,gene/protein
EIF3C,0.0,gene/protein
SDHA,0.0,gene/protein
Carnitine metabolism,0.0,pathway
VMA21,0.0,gene/protein
response to tetrachloromethane,0.0,biological_process
carnitine metabolic process,0.0,biological_process
RAC1 GTPase cycle,0.0,pathway
WNT5:FZD7-mediated leishmania damping,0.0,pathway
RAC3 GTPase cycle,0.0,pathway
positive regulation of cell killing,0.0,biological_process
NPDC1,0.0,gene/protein
TOR1AIP1,0.0,gene/protein
Signaling by Retinoic Acid,0.0,pathway
ATP5F1B,0.0,gene/protein
PTDSS1,0.0,gene/protein
TMEM33,0.0,gene/protein
T-tubule organization,0.0,biological_process
KTN1,0.0,gene/protein
RABL3,0.0,gene/protein
positive regulation of reactive oxygen species biosynthetic process,0.0,biological_process
cellular response to L-glutamine,0.0,biological_process
carnitine shuttle,0.0,biological_process
smooth muscle hypertrophy,0.0,biological_process
RAC2 GTPase cycle,0.0,pathway
cytochrome complex assembly,0.0,biological_process
negative regulation of glomerular filtration by angiotensin,0.0,biological_process
positive regulation of defense response to bacterium,0.0,biological_process
VEGFA-VEGFR2 Pathway,0.0,pathway
Cross-presentation of particulate exogenous antigens (phagosomes),0.0,pathway
vascular endothelial growth factor receptor signaling pathway,0.0,biological_process
respiratory burst,0.0,biological_process
positive regulation of toll-like receptor 2 signaling pathway,0.0,biological_process
glomerulus development,0.0,biological_process
branching involved in ureteric bud morphogenesis,0.0,biological_process
negative regulation of ossification,0.0,biological_process
pigment granule organization,0.0,biological_process
digestive tract morphogenesis,0.0,biological_process
positive regulation of neuron maturation,0.0,biological_process
regulation of cell-matrix adhesion,0.0,biological_process
negative regulation of reactive oxygen species metabolic process,0.0,biological_process
LPP,0.0,gene/protein
intrinsic apoptotic signaling pathway in response to endoplasmic reticulum stress,0.0,biological_process
regulation of glycoprotein biosynthetic process,0.0,biological_process
negative regulation of mitochondrial depolarization,0.0,biological_process
T cell differentiation in thymus,0.0,biological_process
regulation of mitochondrial membrane permeability,0.0,biological_process
focal adhesion assembly,0.0,biological_process
ossification,0.0,biological_process
response to iron ion,0.0,biological_process
positive regulation of melanocyte differentiation,0.0,biological_process
lymphoid progenitor cell differentiation,0.0,biological_process
regulation of release of sequestered calcium ion into cytosol,0.0,biological_process
Estrogen-dependent gene expression,0.0,pathway
The NLRP1 inflammasome,0.0,pathway
negative regulation of G1/S transition of mitotic cell cycle,0.0,biological_process
SLC35E1,0.0,gene/protein
TMEM63B,0.0,gene/protein
XRCC3,0.0,gene/protein
SLC1A5,0.0,gene/protein
regulation of viral genome replication,0.0,biological_process
response to glucagon,0.0,biological_process
taurine biosynthetic process,0.0,biological_process
sulfur amino acid biosynthetic process,0.0,biological_process
cysteine metabolic process,0.0,biological_process
Degradation of cysteine and homocysteine,0.0,pathway
DBT,0.0,gene/protein
TXNRD1,0.0,gene/protein
TTYH2,0.0,gene/protein
B cell lineage commitment,0.0,biological_process
CDC42 GTPase cycle,0.0,pathway
BAIAP2,0.0,gene/protein
CDKL5,0.0,gene/protein
COASY,0.0,gene/protein
WDR20,0.0,gene/protein
TLE2,0.0,gene/protein
WDR88,0.0,gene/protein
H2BC12,0.0,gene/protein
DAPK2,0.0,gene/protein
KCNS3,0.0,gene/protein
FBXW4,0.0,gene/protein
AMBRA1,0.0,gene/protein
NOTCH4,0.0,gene/protein
PQBP1,0.0,gene/protein
NIM1K,0.0,gene/protein
ITM2B,0.0,gene/protein
NAF1,0.0,gene/protein
behavioral fear response,0.0,biological_process
TRAF7,0.0,gene/protein
FKBP10,0.0,gene/protein
EED,0.0,gene/protein
ITGA6,0.0,gene/protein
WDR4,0.0,gene/protein
H1-2,0.0,gene/protein
USP8,0.0,gene/protein
KCNH2,0.0,gene/protein
FAM135A,0.0,gene/protein
SCOC,0.0,gene/protein
SEC31A,0.0,gene/protein
SLC25A1,0.0,gene/protein
WDR43,0.0,gene/protein
SNX9,0.0,gene/protein
CDK10,0.0,gene/protein
SDF2L1,0.0,gene/protein
LIMK1,0.0,gene/protein
IL21,0.0,gene/protein
STXBP5,0.0,gene/protein
ARHGAP12,0.0,gene/protein
PPP3CC,0.0,gene/protein
PPP1CB,0.0,gene/protein
BCL2L12,0.0,gene/protein
LRRCC1,0.0,gene/protein
MDM4,0.0,gene/protein
SPNS1,0.0,gene/protein
BNIP1,0.0,gene/protein
MYB,0.0,gene/protein
NLRP1,0.0,gene/protein
BTN2A1,0.0,gene/protein
SLC35F6,0.0,gene/protein
PDHA1,0.0,gene/protein
PMEL,0.0,gene/protein
GABRA6,0.0,gene/protein
SLC4A8,0.0,gene/protein
LRRC8B,0.0,gene/protein
PCDHGB4,0.0,gene/protein
VSIG1,0.0,gene/protein
SEPTIN4,0.0,gene/protein
negative regulation of retinal cell programmed cell death,0.0,biological_process
axon regeneration,0.0,biological_process
SMC2,0.0,gene/protein
CAMK1,0.0,gene/protein
CTU2,0.0,gene/protein
MAPK13,0.0,gene/protein
ERCC6L2,0.0,gene/protein
RTL10,0.0,gene/protein
MEX3D,0.0,gene/protein
H2BC5,0.0,gene/protein
SIK1,0.0,gene/protein
ELP2,0.0,gene/protein
PCDHGA5,0.0,gene/protein
AVEN,0.0,gene/protein
GABRG2,0.0,gene/protein
SERPINB8,0.0,gene/protein
ERLIN1,0.0,gene/protein
KBTBD7,0.0,gene/protein
CCDC90B,0.0,gene/protein
Distal amyotrophy,0.0,effect/phenotype
Hepatosplenomegaly,0.0,effect/phenotype
Broad-based gait,0.0,effect/phenotype
Patent ductus arteriosus,0.0,effect/phenotype
Delayed fine motor development,0.0,effect/phenotype
Wide nasal bridge,0.0,effect/phenotype
"Intellectual disability, severe",0.0,effect/phenotype
Oligomenorrhea,0.0,effect/phenotype
WNT ligand biogenesis and trafficking,0.0,pathway
Slurred speech,0.0,effect/phenotype
Anxiety,0.0,effect/phenotype
Aortic dissection,0.0,effect/phenotype
Hypoplastic left heart,0.0,effect/phenotype
Gastrointestinal inflammation,0.0,immune_effect/phenotype
Arterial dissection,0.0,effect/phenotype
Coarctation of aorta,0.0,effect/phenotype
Retrognathia,0.0,effect/phenotype
Brain atrophy,0.0,effect/phenotype
Cystic hygroma,0.0,effect/phenotype
Hypermobility of toe joints,0.0,effect/phenotype
Abnormal enzyme/coenzyme activity,0.0,effect/phenotype
Macular degeneration,0.0,effect/phenotype
Generalized-onset seizure,0.0,effect/phenotype
Diffuse cerebellar atrophy,0.0,effect/phenotype
Inflammation of the large intestine,0.0,immune_effect/phenotype
Primary amenorrhea,0.0,effect/phenotype
Arachnodactyly,0.0,effect/phenotype
Hashimoto thyroiditis,0.0,effect/phenotype
Hepatic steatosis,0.0,effect/phenotype
Specific learning disability,0.0,effect/phenotype
Recurrent otitis media,0.0,effect/phenotype
Broad neck,0.0,effect/phenotype
Biliary cirrhosis,0.0,effect/phenotype
Ectopic kidney,0.0,effect/phenotype
Difficulty walking,0.0,effect/phenotype
Speech apraxia,0.0,effect/phenotype
Secondary amenorrhea,0.0,effect/phenotype
Delayed gross motor development,0.0,effect/phenotype
Abnormality of ocular abduction,0.0,effect/phenotype
Limb dysmetria,0.0,effect/phenotype
Functional motor deficit,0.0,effect/phenotype
Small forehead,0.0,effect/phenotype
Telecanthus,0.0,effect/phenotype
Progeroid facial appearance,0.0,effect/phenotype
Impaired proprioception,0.0,effect/phenotype
Shield chest,0.0,effect/phenotype
Rigidity,0.0,effect/phenotype
Head tremor,0.0,effect/phenotype
Adducted thumb,0.0,effect/phenotype
Pectus carinatum,0.0,effect/phenotype
Pancreatitis,0.0,effect/phenotype
Anteverted nares,0.0,effect/phenotype
Ophthalmoplegia,0.0,effect/phenotype
Abnormal retinal vascular morphology,0.0,effect/phenotype
Abnormal motor evoked potentials,0.0,effect/phenotype
Impaired use of nonverbal behaviors,0.0,effect/phenotype
Full cheeks,0.0,effect/phenotype
Palpebral edema,0.0,effect/phenotype
Abnormality of skeletal morphology,0.0,effect/phenotype
Depressed nasal bridge,0.0,effect/phenotype
Muscle spasm,0.0,effect/phenotype
Fasciculations,0.0,effect/phenotype
Limb muscle weakness,0.0,effect/phenotype
Postural instability,0.0,effect/phenotype
Calf muscle hypertrophy,0.0,effect/phenotype
EMG: neuropathic changes,0.0,effect/phenotype
Dysmetric saccades,0.0,effect/phenotype
Spinal deformities,0.0,effect/phenotype
Kyphoscoliosis,0.0,effect/phenotype
Oligosacchariduria,0.0,effect/phenotype
Abnormal cerebral white matter morphology,0.0,effect/phenotype
Deep philtrum,0.0,effect/phenotype
Thickened calvaria,0.0,effect/phenotype
X-linked recessive inheritance,0.0,immune_effect/phenotype
Plantar warts,0.0,effect/phenotype
Palmar warts,0.0,effect/phenotype
Decreased circulating total IgA,0.0,immune_effect/phenotype
Mononeuropathy,0.0,effect/phenotype
Insulin-dependent but ketosis-resistant diabetes,0.0,effect/phenotype
"diabetes mellitus, noninsulin-dependent",0.0,disease
Prematurely aged appearance,0.0,effect/phenotype
Retinopathy,0.0,effect/phenotype
Epicanthus,0.0,effect/phenotype
Gait disturbance,0.0,effect/phenotype
Spasticity,0.0,effect/phenotype
Decreased circulating antibody level,0.0,immune_effect/phenotype
Cellular immunodeficiency,0.0,immune_effect/phenotype
Hypopigmentation of hair,0.0,immune_effect/phenotype
Entrapment neuropathy,0.0,effect/phenotype
Sensory neuropathy,0.0,effect/phenotype
B lymphocytopenia,0.0,immune_effect/phenotype
Neurological speech impairment,0.0,effect/phenotype
EMG abnormality,0.0,effect/phenotype
Multiple cafe-au-lait spots,0.0,effect/phenotype
Macular dystrophy,0.0,effect/phenotype
Aplasia/Hypoplasia of the skin,0.0,effect/phenotype
Aplasia/Hypoplasia of the thymus,0.0,effect/phenotype
Abnormality of movement,0.0,effect/phenotype
Mucosal telangiectasiae,0.0,effect/phenotype
Telangiectasia of the skin,0.0,effect/phenotype
Recurrent sinusitis,0.0,effect/phenotype
Abnormal testis morphology,0.0,effect/phenotype
Abnormal chorioretinal morphology,0.0,effect/phenotype
Abnormal circulating lipid concentration,0.0,effect/phenotype
lipoatrophic diabetes,0.0,disease
Autosomal dominant somatic cell mutation,0.0,effect/phenotype
Immune dysregulation,0.0,immune_effect/phenotype
Increased reactive oxygen species production,0.0,effect/phenotype
Systemic autoinflammation,0.0,immune_effect/phenotype
Acute episodes of neuropathic symptoms,0.0,effect/phenotype
Cognitive impairment,0.0,effect/phenotype
Chronic sensorineural polyneuropathy,0.0,effect/phenotype
Motor polyneuropathy,0.0,effect/phenotype
Congenital peripheral neuropathy,0.0,effect/phenotype
Sensorimotor neuropathy,0.0,effect/phenotype
Demyelinating peripheral neuropathy,0.0,effect/phenotype
Progressive peripheral neuropathy,0.0,effect/phenotype
Sensorimotor polyneuropathy affecting arms more than legs,0.0,effect/phenotype
Episodic peripheral neuropathy,0.0,effect/phenotype
Verrucae,0.0,effect/phenotype
Abnormal sella turcica morphology,0.0,effect/phenotype
Abnormal involuntary eye movements,0.0,effect/phenotype
Delayed menarche,0.0,effect/phenotype
Parietal cortical atrophy,0.0,effect/phenotype
Horseshoe kidney,0.0,effect/phenotype
Hypoplasia of the pons,0.0,effect/phenotype
Corpus callosum atrophy,0.0,effect/phenotype
Hyperactive deep tendon reflexes,0.0,effect/phenotype
Progressive,0.0,effect/phenotype
Mixed demyelinating and axonal polyneuropathy,0.0,effect/phenotype
Atrial septal defect,0.0,effect/phenotype
Mydriasis,0.0,effect/phenotype
Pes cavus,0.0,effect/phenotype
Progressive gait ataxia,0.0,effect/phenotype
Motor axonal neuropathy,0.0,effect/phenotype
"Intellectual disability, mild",0.0,effect/phenotype
Prolonged QT interval,0.0,effect/phenotype
Cirrhosis,0.0,effect/phenotype
Polyneuropathy,0.0,effect/phenotype
Furuncle,0.0,effect/phenotype
Multiple mononeuropathy,0.0,effect/phenotype
Sensory impairment,0.0,effect/phenotype
Chronic fatigue,0.0,effect/phenotype
Decreased circulating total IgG,0.0,immune_effect/phenotype
Chronic furunculosis,0.0,effect/phenotype
Pustule,0.0,effect/phenotype
Decreased circulating total IgM,0.0,immune_effect/phenotype
Retinal vasculitis,0.0,effect/phenotype
Genu valgum,0.0,effect/phenotype
negative regulation of activated T cell proliferation,0.0,biological_process
negative regulation of interleukin-2 production,0.0,biological_process
gene silencing by RNA,0.0,biological_process
mitotic nuclear membrane disassembly,0.0,biological_process
B cell activation,0.0,biological_process
ZMYND8,0.0,gene/protein
GNA13,0.0,gene/protein
histone H3-T6 phosphorylation,0.0,biological_process
Cerebral ischemia,0.0,effect/phenotype
OCLN,0.0,gene/protein
RASGRP3,0.0,gene/protein
PDLIM5,0.0,gene/protein
RIPK4,0.0,gene/protein
SDC2,0.0,gene/protein
response to lipid,0.0,biological_process
RRAD,0.0,gene/protein
DDX58,0.0,gene/protein
presynaptic modulation of chemical synaptic transmission,0.0,biological_process
Short sternum,0.0,effect/phenotype
KLHL3,0.0,gene/protein
cellular calcium ion homeostasis,0.0,biological_process
TRIM41,0.0,gene/protein
negative regulation of glucose transmembrane transport,0.0,biological_process
regulation of myeloid cell differentiation,0.0,biological_process
RHO GTPases Activate NADPH Oxidases,0.0,pathway
Response to elevated platelet cytosolic Ca2+,0.0,pathway
negative regulation of interleukin-17 production,0.0,biological_process
VEGFR2 mediated cell proliferation,0.0,pathway
LAMTOR5,0.0,gene/protein
KLK9,0.0,gene/protein
Recurrent fungal infections,0.0,effect/phenotype
Enlarged pituitary gland,0.0,effect/phenotype
Ankle clonus,0.0,immune_effect/phenotype
Absent speech,0.0,effect/phenotype
Recurrent skin infections,0.0,effect/phenotype
negative regulation of glycoprotein biosynthetic process,0.0,biological_process
RUNX1 regulates transcription of genes involved in differentiation of myeloid cells,0.0,pathway
NCF1,0.0,gene/protein
NSD1,0.0,gene/protein
negative regulation of sequestering of triglyceride,0.0,biological_process
regulation of cholesterol transporter activity,0.0,biological_process
regulation of lipid metabolic process,0.0,biological_process
negative regulation of macrophage derived foam cell differentiation,0.0,biological_process
negative regulation of cholesterol storage,0.0,biological_process
cellular response to low-density lipoprotein particle stimulus,0.0,biological_process
negative regulation of insulin receptor signaling pathway,0.0,biological_process
JADE1,0.0,gene/protein
CARD11,0.0,gene/protein
TRPV6,0.0,gene/protein
TYR,0.0,gene/protein
RGS2,0.0,gene/protein
IBTK,0.0,gene/protein
cellular response to carbohydrate stimulus,0.0,biological_process
peptidyl-serine phosphorylation,0.0,biological_process
regulation of synaptic vesicle exocytosis,0.0,biological_process
white fat cell differentiation,0.0,biological_process
ORAI1,0.0,gene/protein
regulation of glucose transmembrane transport,0.0,biological_process
positive regulation of B cell receptor signaling pathway,0.0,biological_process
WNT5A-dependent internalization of FZD4,0.0,pathway
Depolymerisation of the Nuclear Lamina,0.0,pathway
G alpha (z) signalling events,0.0,pathway
Trafficking of GluR2-containing AMPA receptors,0.0,pathway
PDLIM7,0.0,gene/protein
KDM4C,0.0,gene/protein
calcium ion transport,0.0,biological_process
negative regulation of amyloid precursor protein biosynthetic process,0.0,biological_process
negative regulation of reverse cholesterol transport,0.0,biological_process
ANP32A,0.0,gene/protein
regulation of glycogen biosynthetic process,0.0,biological_process
CEP350,0.0,gene/protein
DNTTIP2,0.0,gene/protein
LMO4,0.0,gene/protein
FHOD1,0.0,gene/protein
Disinhibition of SNARE formation,0.0,pathway
Hypoplasia of the corpus callosum,0.0,effect/phenotype
Agenesis of corpus callosum,0.0,effect/phenotype
Severe global developmental delay,0.0,effect/phenotype
Atypical scarring of skin,0.0,effect/phenotype
Papilledema,0.0,effect/phenotype
Excessive daytime somnolence,0.0,effect/phenotype
Nausea and vomiting,0.0,effect/phenotype
Headache,0.0,effect/phenotype
Osteopenia,0.0,effect/phenotype
Cubitus valgus,0.0,effect/phenotype
Abnormality of the ovary,0.0,effect/phenotype
Slow decrease in visual acuity,0.0,effect/phenotype
Hypopituitarism,0.0,effect/phenotype
Decreased fertility,0.0,effect/phenotype
Hypogonadism,0.0,effect/phenotype
Lower limb spasticity,0.0,effect/phenotype
Cerebellar vermis hypoplasia,0.0,effect/phenotype
Sleep disturbance,0.0,effect/phenotype
Perifoveal ring of hyperautofluorescence,0.0,effect/phenotype
Incomplete penetrance,0.0,effect/phenotype
Adult-onset night blindness,0.0,effect/phenotype
Vitreous floaters,0.0,effect/phenotype
Asteroid hyalosis,0.0,effect/phenotype
Exotropia,0.0,effect/phenotype
Increased intracranial pressure,0.0,effect/phenotype
Micrognathia,0.0,effect/phenotype
Abnormality of ocular smooth pursuit,0.0,effect/phenotype
Webbed neck,0.0,effect/phenotype
Thickened nuchal skin fold,0.0,effect/phenotype
Pointed chin,0.0,effect/phenotype
Monotonic speech,0.0,effect/phenotype
Abnormality of the distal phalanx of the thumb,0.0,effect/phenotype
Infantile muscular hypotonia,0.0,effect/phenotype
Impaired visuospatial constructive cognition,0.0,effect/phenotype
Brisk reflexes,0.0,effect/phenotype
Urinary bladder sphincter dysfunction,0.0,effect/phenotype
Low-set ears,0.0,effect/phenotype
Vitiligo,0.0,effect/phenotype
Lymphedema,0.0,immune_effect/phenotype
Melanocytic nevus,0.0,effect/phenotype
Wide intermamillary distance,0.0,effect/phenotype
Central adrenal insufficiency,0.0,effect/phenotype
Neoplasm of the anterior pituitary,0.0,effect/phenotype
Abnormality of the nasal bone,0.0,effect/phenotype
Abnormality of the frontal bone,0.0,effect/phenotype
Gaze-evoked horizontal nystagmus,0.0,effect/phenotype
Progressive visual field defects,0.0,effect/phenotype
Pituitary hypothyroidism,0.0,effect/phenotype
Bitemporal hemianopia,0.0,effect/phenotype
Abnormal visual field test,0.0,effect/phenotype
Hydrocephalus,0.0,effect/phenotype
Growth delay,0.0,effect/phenotype
Intracranial cystic lesion,0.0,effect/phenotype
Cerebral calcification,0.0,effect/phenotype
Abnormal hypothalamus morphology,0.0,effect/phenotype
Postnatal growth retardation,0.0,effect/phenotype
Diplopia,0.0,effect/phenotype
Truncal titubation,0.0,effect/phenotype
Gait ataxia,0.0,effect/phenotype
Poor fine motor coordination,0.0,effect/phenotype
Optic atrophy,0.0,effect/phenotype
Clumsiness,0.0,effect/phenotype
Mild microcephaly,0.0,effect/phenotype
Increased circulating gonadotropin level,0.0,effect/phenotype
Enlarged thorax,0.0,effect/phenotype
High palate,0.0,effect/phenotype
Abnormal fingernail morphology,0.0,effect/phenotype
Hip dysplasia,0.0,effect/phenotype
Hepatic fibrosis,0.0,effect/phenotype
Alopecia,0.0,effect/phenotype
Bicuspid aortic valve,0.0,effect/phenotype
High urinary gonadotropin level,0.0,effect/phenotype
Abnormal forearm bone morphology,0.0,effect/phenotype
Short neck,0.0,effect/phenotype
Increased upper to lower segment ratio,0.0,effect/phenotype
Leukopenia,0.0,immune_effect/phenotype
Persistent EBV viremia,0.0,effect/phenotype
Decreased proportion of class-switched memory B cells,0.0,immune_effect/phenotype
Moderate global developmental delay,0.0,effect/phenotype
Clubbing of fingers,0.0,effect/phenotype
Cervical lymphadenopathy,0.0,immune_effect/phenotype
Antinuclear antibody positivity,0.0,immune_effect/phenotype
Complete or near-complete absence of specific antibody response to tetanus vaccine,0.0,immune_effect/phenotype
Abnormal circulating phytanic acid concentration,0.0,effect/phenotype
Cutis laxa,0.0,effect/phenotype
Erythroderma,0.0,effect/phenotype
Increased circulating IgE level,0.0,immune_effect/phenotype
Antimitochondrial antibody positivity,0.0,immune_effect/phenotype
Protracted diarrhea,0.0,effect/phenotype
Recurrent herpes,0.0,effect/phenotype
HDAC7,0.0,gene/protein
MDC1,0.0,gene/protein
Recurrent ear infections,0.0,effect/phenotype
Pulmonary artery stenosis,0.0,effect/phenotype
Combined immunodeficiency,0.0,immune_effect/phenotype
Smooth muscle antibody positivity,0.0,immune_effect/phenotype
Decreased proportion of CD4-positive T cells,0.0,immune_effect/phenotype
Autoimmune hemolytic anemia,0.0,immune_effect/phenotype
Increased circulating IgA level,0.0,immune_effect/phenotype
Recurrent candida infections,0.0,effect/phenotype
Eosinophilia,0.0,immune_effect/phenotype
Leukocytosis,0.0,immune_effect/phenotype
Mediastinal lymphadenopathy,0.0,immune_effect/phenotype
Increased proportion autoreactive unresponsive CD21-/low B cells,0.0,immune_effect/phenotype
Follicular hyperplasia,0.0,effect/phenotype
Pulmonary infiltrates,0.0,effect/phenotype
Decreased circulating IgE,0.0,immune_effect/phenotype
Truncal obesity,0.0,effect/phenotype
Prolonged neonatal jaundice,0.0,effect/phenotype
Autoimmune thrombocytopenia,0.0,immune_effect/phenotype
Perianal abscess,0.0,effect/phenotype
Conical tooth,0.0,effect/phenotype
PARG,0.0,gene/protein
PKA activation,0.0,pathway
Cyclin E associated events during G1/S transition ,0.0,pathway
Stimulation of the cell death response by PAK-2p34,0.0,pathway
Regulation of TP53 Activity through Association with Co-factors,0.0,pathway
Constitutive Signaling by AKT1 E17K in Cancer,0.0,pathway
G beta:gamma signalling through PI3Kgamma,0.0,pathway
TP53 Regulates Metabolic Genes,0.0,pathway
EIF4B,0.0,gene/protein
Regulation of TP53 Activity through Acetylation,0.0,pathway
CD28 dependent PI3K/Akt signaling,0.0,pathway
AKT-mediated inactivation of FOXO1A,0.0,pathway
cellular protein modification process,0.0,biological_process
regulation of translation,0.0,biological_process
Activation of BAD and translocation to mitochondria ,0.0,pathway
Downregulation of ERBB2:ERBB3 signaling,0.0,pathway
Activation of AKT2,0.0,pathway
PDE3B signalling,0.0,pathway
Regulation of TP53 Degradation,0.0,pathway
PTGES3,0.0,gene/protein
Abnormal CD4:CD8 ratio,0.0,immune_effect/phenotype
Anti-thyroid peroxidase antibody positivity,0.0,immune_effect/phenotype
Anti-thyroglobulin antibody positivity,0.0,immune_effect/phenotype
Decreased lymphocyte proliferation in response to mitogen,0.0,immune_effect/phenotype
Disseminated nontuberculous mycobacterial infection,0.0,effect/phenotype
Hypodontia,0.0,effect/phenotype
Myopathic facies,0.0,effect/phenotype
RNF7,0.0,gene/protein
Pancytopenia,0.0,effect/phenotype
Thrombocytosis,0.0,effect/phenotype
BCGosis,0.0,effect/phenotype
Increased circulating ferritin concentration,0.0,effect/phenotype
GLRX,0.0,gene/protein
LSM14B,0.0,gene/protein
HCLS1,0.0,gene/protein
PSME3,0.0,gene/protein
ACIN1,0.0,gene/protein
Posteriorly rotated ears,0.0,effect/phenotype
negative regulation of DNA-binding transcription factor activity,0.0,biological_process
REPS2,0.0,gene/protein
DLC1,0.0,gene/protein
negative regulation of canonical Wnt signaling pathway,0.0,biological_process
positive regulation of receptor internalization,0.0,biological_process
TUBB1,0.0,gene/protein
proton transmembrane transport,0.0,biological_process
ISG15-protein conjugation,0.0,biological_process
Chronic lymphatic leukemia,0.0,immune_effect/phenotype
TRIM3,0.0,gene/protein
SCMH1,0.0,gene/protein
NOX1,0.0,gene/protein
C2CD5,0.0,gene/protein
ANKRD2,0.0,gene/protein
toll-like receptor 3 signaling pathway,0.0,biological_process
SOCS5,0.0,gene/protein
ATG4D,0.0,gene/protein
RNF10,0.0,gene/protein
PLA2G4C,0.0,gene/protein
positive regulation of T cell receptor signaling pathway,0.0,biological_process
Increased antibiotic exposure,0.0,effect/phenotype
PPP1R13L,0.0,gene/protein
MRTFA,0.0,gene/protein
response to UV-B,0.0,biological_process
DGCR6,0.0,gene/protein
SIRT5,0.0,gene/protein
ANKRD17,0.0,gene/protein
CENPJ,0.0,gene/protein
CNNM3,0.0,gene/protein
cellular response to peptidoglycan,0.0,biological_process
cellular response to hepatocyte growth factor stimulus,0.0,biological_process
PDLIM2,0.0,gene/protein
protein K11-linked ubiquitination,0.0,biological_process
Cardiomegaly,0.0,effect/phenotype
KRTAP10-3,0.0,gene/protein
CKMT1A,0.0,gene/protein
NUFIP2,0.0,gene/protein
Frequent Giardia lamblia infestation,0.0,effect/phenotype
Colon cancer,0.0,effect/phenotype
Agammaglobulinemia,0.0,immune_effect/phenotype
Recurrent fever,0.0,effect/phenotype
Arthritis,0.0,effect/phenotype
Reduced natural killer cell count,0.0,effect/phenotype
Partial absence of specific antibody response to tetanus vaccine,0.0,immune_effect/phenotype
Chronic lung disease,0.0,effect/phenotype
DCTN1,0.0,gene/protein
Class II obesity,0.0,effect/phenotype
Sepsis,0.0,effect/phenotype
Class III obesity,0.0,effect/phenotype
Class I obesity,0.0,effect/phenotype
Abdominal obesity,0.0,effect/phenotype
striated muscle cell differentiation,0.0,biological_process
hippocampus development,0.0,biological_process
CASP4,0.0,gene/protein
ATG16L1,0.0,gene/protein
B-cell lymphoma,0.0,immune_effect/phenotype
KCNIP3,0.0,gene/protein
Cerebral hemorrhage,0.0,effect/phenotype
RET,0.0,gene/protein
BIRC6,0.0,gene/protein
UBE2D2,0.0,gene/protein
USO1,0.0,gene/protein
SOHLH1,0.0,gene/protein
Activation of caspases through apoptosome-mediated cleavage,0.0,pathway
X-linked inheritance,0.0,immune_effect/phenotype
Humoral immunodeficiency,0.0,immune_effect/phenotype
Decreased proportion of memory B cells,0.0,immune_effect/phenotype
Crohn's disease,0.0,effect/phenotype
Decreased basophil count,0.0,immune_effect/phenotype
Perinuclear antineutrophil antibody positivity,0.0,immune_effect/phenotype
Pulmonary fibrosis,0.0,effect/phenotype
Chronic diarrhea,0.0,effect/phenotype
Hirsutism,0.0,effect/phenotype
Upslanted palpebral fissure,0.0,effect/phenotype
Hypermetropia,0.0,effect/phenotype
Increased serum insulin-like growth factor 1,0.0,effect/phenotype
Tall stature,0.0,effect/phenotype
Abnormal pyramidal sign,0.0,effect/phenotype
Abnormal C-peptide level,0.0,effect/phenotype
Pituitary growth hormone cell adenoma,0.0,effect/phenotype
Large hands,0.0,effect/phenotype
Progressive psychomotor deterioration,0.0,effect/phenotype
Hyporeflexia of lower limbs,0.0,effect/phenotype
Inhibition of TSC complex formation by PKB,0.0,pathway
Hypoketotic hypoglycemia,0.0,effect/phenotype
Fatigue,0.0,effect/phenotype
Oculomotor apraxia,0.0,effect/phenotype
Esotropia,0.0,effect/phenotype
Mental deterioration,0.0,effect/phenotype
Inferior vermis hypoplasia,0.0,effect/phenotype
Leg muscle stiffness,0.0,effect/phenotype
Downbeat nystagmus,0.0,effect/phenotype
Dysphagia,0.0,effect/phenotype
Areflexia,0.0,effect/phenotype
Poor motor coordination,0.0,effect/phenotype
Diffuse cerebral atrophy,0.0,effect/phenotype
Cerebellar atrophy,0.0,effect/phenotype
Psychomotor retardation,0.0,effect/phenotype
Impaired smooth pursuit,0.0,effect/phenotype
Fasting hyperinsulinemia,0.0,effect/phenotype
Heterogeneous,0.0,effect/phenotype
Proportionate tall stature,0.0,effect/phenotype
Pituitary prolactin cell adenoma,0.0,effect/phenotype
Growth hormone excess,0.0,effect/phenotype
Premature pubarche,0.0,effect/phenotype
Cerebellar vermis atrophy,0.0,effect/phenotype
Gaze-evoked nystagmus,0.0,effect/phenotype
Dilated fourth ventricle,0.0,effect/phenotype
Saccadic smooth pursuit,0.0,effect/phenotype
Muscular hypotonia of the trunk,0.0,immune_effect/phenotype
Cerebral atrophy,0.0,effect/phenotype
Coarse facial features,0.0,effect/phenotype
Jerky ocular pursuit movements,0.0,effect/phenotype
Enlarged cisterna magna,0.0,effect/phenotype
Increased susceptibility to fractures,0.0,effect/phenotype
Mandibular prognathia,0.0,effect/phenotype
Late onset,0.0,effect/phenotype
Increased waist to hip ratio,0.0,effect/phenotype
Autosomal dominant germline de novo mutation,0.0,effect/phenotype
Sex-limited autosomal dominant,0.0,effect/phenotype
Tortuosity of conjunctival vessels,0.0,effect/phenotype
Malabsorption,0.0,effect/phenotype
Autosomal dominant inheritance with maternal imprinting,0.0,effect/phenotype
Congestive heart failure,0.0,effect/phenotype
Premature graying of hair,0.0,effect/phenotype
Increased adipose tissue,0.0,effect/phenotype
Childhood-onset truncal obesity,0.0,effect/phenotype
Hypertrophic cardiomyopathy,0.0,effect/phenotype
Arrhythmia,0.0,effect/phenotype
Abnormal head movements,0.0,effect/phenotype
Autosomal dominant inheritance with paternal imprinting,0.0,effect/phenotype
Synophrys,0.0,effect/phenotype
Nonprogressive cerebellar ataxia,0.0,effect/phenotype
Juvenile onset,0.0,effect/phenotype
Lactic acidosis,0.0,effect/phenotype
Optic disc pallor,0.0,effect/phenotype
Depressivity,0.0,effect/phenotype
Horizontal nystagmus,0.0,effect/phenotype
Very long chain fatty acid accumulation,0.0,effect/phenotype
Intention tremor,0.0,effect/phenotype
Hypermetric saccades,0.0,effect/phenotype
Cerebellar hypoplasia,0.0,effect/phenotype
Delayed ability to walk,0.0,effect/phenotype
Dysmetria,0.0,effect/phenotype
Nonprogressive,0.0,effect/phenotype
Hypometric saccades,0.0,effect/phenotype
Delayed speech and language development,0.0,effect/phenotype
Infantile onset,0.0,effect/phenotype
Dysdiadochokinesis,0.0,effect/phenotype
Postural tremor,0.0,effect/phenotype
FLT3 Signaling,0.0,pathway
Estrogen-dependent nuclear events downstream of ESR-membrane signaling,0.0,pathway
Regulation of localization of FOXO transcription factors,0.0,pathway
CTLA4 inhibitory signaling,0.0,pathway
ATXN3,0.0,gene/protein
SLC35A1,0.0,gene/protein
TNS4,0.0,gene/protein
negative regulation of B cell proliferation,0.0,biological_process
Positive Romberg sign,0.0,effect/phenotype
cellular response to staurosporine,0.0,biological_process
Adenylate cyclase inhibitory pathway,0.0,pathway
neuromuscular process controlling balance,0.0,biological_process
activation of adenylate cyclase activity,0.0,biological_process
"Adrenaline,noradrenaline inhibits insulin secretion",0.0,pathway
ATN1,0.0,gene/protein
FCGR3A-mediated IL10 synthesis,0.0,pathway
Hedgehog 'off' state,0.0,pathway
intrinsic apoptotic signaling pathway in response to osmotic stress,0.0,biological_process
AKT phosphorylates targets in the cytosol,0.0,pathway
AKT phosphorylates targets in the nucleus,0.0,pathway
Negative regulation of the PI3K/AKT network,0.0,pathway
RAB GEFs exchange GTP for GDP on RABs,0.0,pathway
Cyclin A:Cdk2-associated events at S phase entry,0.0,pathway
CBY1,0.0,gene/protein
Glucagon-like Peptide-1 (GLP1) regulates insulin secretion,0.0,pathway
GSN,0.0,gene/protein
RUNX2 regulates genes involved in cell migration,0.0,pathway
Adenylate cyclase activating pathway,0.0,pathway
platelet formation,0.0,biological_process
axonal fasciculation,0.0,biological_process
anterior neural tube closure,0.0,biological_process
hippo signaling,0.0,biological_process
WNK3,0.0,gene/protein
ROCK1,0.0,gene/protein
Testicular atrophy,0.0,effect/phenotype
KCNA10,0.0,gene/protein
GORASP1,0.0,gene/protein
Left ventricular hypertrophy,0.0,effect/phenotype
Long foot,0.0,effect/phenotype
Frontal bossing,0.0,effect/phenotype
Accelerated skeletal maturation,0.0,effect/phenotype
Abnormal nervous system physiology,0.0,effect/phenotype
Intellectual disability,0.0,effect/phenotype
Abnormality of the autonomic nervous system,0.0,effect/phenotype
Coma,0.0,effect/phenotype
Vasopressin regulates renal water homeostasis via Aquaporins,0.0,pathway
Behavioral abnormality,0.0,effect/phenotype
Sudden loss of visual acuity,0.0,effect/phenotype
Proportionate short stature,0.0,effect/phenotype
Hypoglycemic seizures,0.0,effect/phenotype
Bulbar palsy,0.0,effect/phenotype
Abnormality of the mouth,0.0,effect/phenotype
Distal sensory impairment,0.0,effect/phenotype
Distal muscle weakness,0.0,effect/phenotype
Recurrent hypoglycemia,0.0,effect/phenotype
Hand tremor,0.0,effect/phenotype
THAP11,0.0,gene/protein
luteolysis,0.0,biological_process
Abnormality of eye movement,0.0,effect/phenotype
AKAP8,0.0,gene/protein
response to UV,0.0,biological_process
leukocyte apoptotic process,0.0,biological_process
T cell homeostasis,0.0,biological_process
neurotrophin TRK receptor signaling pathway,0.0,biological_process
Hyperhidrosis,0.0,effect/phenotype
Caspase activation via Dependence Receptors in the absence of ligand,0.0,pathway
Pyroptosis,0.0,pathway
"SMAC, XIAP-regulated apoptotic response",0.0,pathway
extrinsic apoptotic signaling pathway in absence of ligand,0.0,biological_process
apoptotic DNA fragmentation,0.0,biological_process
response to X-ray,0.0,biological_process
regulation of protein stability,0.0,biological_process
glial cell apoptotic process,0.0,biological_process
GZMM,0.0,gene/protein
Apoptotic cleavage of cell adhesion  proteins,0.0,pathway
negative regulation of blood pressure,0.0,biological_process
homeostasis of number of cells within a tissue,0.0,biological_process
cell redox homeostasis,0.0,biological_process
Ventricular extrasystoles,0.0,effect/phenotype
RNF32,0.0,gene/protein
blood vessel remodeling,0.0,biological_process
ANKRD44,0.0,gene/protein
TXNDC11,0.0,gene/protein
intracellular signal transduction,0.0,biological_process
LRRIQ1,0.0,gene/protein
ANKRD28,0.0,gene/protein
EGFL7,0.0,gene/protein
LEUTX,0.0,gene/protein
SFT2D2,0.0,gene/protein
maternal process involved in female pregnancy,0.0,biological_process
protein amidation,0.0,biological_process
DKKL1,0.0,gene/protein
RABGGTB,0.0,gene/protein
SEC24C,0.0,gene/protein
ZFP41,0.0,gene/protein
NOSTRIN,0.0,gene/protein
FBXL17,0.0,gene/protein
MAST1,0.0,gene/protein
HTRA1,0.0,gene/protein
VDAC2,0.0,gene/protein
EXOC6,0.0,gene/protein
EXOSC1,0.0,gene/protein
TECR,0.0,gene/protein
endothelial cell migration,0.0,biological_process
smooth muscle hyperplasia,0.0,biological_process
"Tetrahydrobiopterin (BH4) synthesis, recycling, salvage and regulation",0.0,pathway
leukocyte tethering or rolling,0.0,biological_process
RALBP1,0.0,gene/protein
regulation of nervous system process,0.0,biological_process
endocardial cushion morphogenesis,0.0,biological_process
PRKG2,0.0,gene/protein
SP3,0.0,gene/protein
cellular zinc ion homeostasis,0.0,biological_process
NAALADL2,0.0,gene/protein
zinc ion transport,0.0,biological_process
regulation of sequestering of zinc ion,0.0,biological_process
Zinc efflux and compartmentalization by the SLC30 family,0.0,pathway
zinc ion transmembrane transport,0.0,biological_process
sequestering of zinc ion,0.0,biological_process
xenobiotic metabolic process,0.0,biological_process
FIS1,0.0,gene/protein
MTA3,0.0,gene/protein
MIR125B2,0.0,gene/protein
MIR133B,0.0,gene/protein
glomerular visceral epithelial cell development,0.0,biological_process
response to interleukin-1,0.0,biological_process
DLL1,0.0,gene/protein
multicellular organism growth,0.0,biological_process
hemopoiesis,0.0,biological_process
ciliary body morphogenesis,0.0,biological_process
TJP1,0.0,gene/protein
Globozoospermia,0.0,effect/phenotype
IMMT,0.0,gene/protein
PILRA,0.0,gene/protein
PAXIP1,0.0,gene/protein
regulation of nitric-oxide synthase activity,0.0,biological_process
MPRIP,0.0,gene/protein
regulation of systemic arterial blood pressure by endothelin,0.0,biological_process
arginine catabolic process,0.0,biological_process
regulation of vesicle-mediated transport,0.0,biological_process
positive regulation of guanylate cyclase activity,0.0,biological_process
H2BC1,0.0,gene/protein
response to interferon-gamma,0.0,biological_process
Ras protein signal transduction,0.0,biological_process
calcium-mediated signaling,0.0,biological_process
regulation of cell adhesion,0.0,biological_process
positive regulation of acute inflammatory response,0.0,biological_process
regulation of vascular permeability involved in acute inflammatory response,0.0,biological_process
TMEM9,0.0,gene/protein
negative regulation of muscle hyperplasia,0.0,biological_process
MAP4K5,0.0,gene/protein
response to vitamin A,0.0,biological_process
positive regulation of cAMP-mediated signaling,0.0,biological_process
regulation of actin cytoskeleton organization,0.0,biological_process
ovulation cycle process,0.0,biological_process
odontogenesis,0.0,biological_process
lactation,0.0,biological_process
TRPC4,0.0,gene/protein
LRATD2,0.0,gene/protein
TRPC4AP,0.0,gene/protein
tetrahydrobiopterin metabolic process,0.0,biological_process
positive regulation of blood vessel endothelial cell migration,0.0,biological_process
TAFAZZIN,0.0,gene/protein
positive regulation of Notch signaling pathway,0.0,biological_process
response to phenylpropanoid,0.0,biological_process
UV protection,0.0,biological_process
protein localization,0.0,biological_process
STRN4,0.0,gene/protein
cellular water homeostasis,0.0,biological_process
DNAL4,0.0,gene/protein
PLAUR,0.0,gene/protein
response to vitamin E,0.0,biological_process
response to inactivity,0.0,biological_process
response to ozone,0.0,biological_process
osteoblast differentiation,0.0,biological_process
negative regulation of NF-kappaB transcription factor activity,0.0,biological_process
response to light intensity,0.0,biological_process
Preeclampsia,0.0,effect/phenotype
TLR10,0.0,gene/protein
STIM1,0.0,gene/protein
TYSND1,0.0,gene/protein
PPP2R5A,0.0,gene/protein
PSEN2,0.0,gene/protein
SIX5,0.0,gene/protein
PI4K2A,0.0,gene/protein
LACC1,0.0,gene/protein
aerobic respiration,0.0,biological_process
RFK,0.0,gene/protein
TNFRSF25,0.0,gene/protein
PIP4K2C,0.0,gene/protein
VANGL2,0.0,gene/protein
prostaglandin metabolic process,0.0,biological_process
C1orf112,0.0,gene/protein
positive regulation of nitric-oxide synthase activity,0.0,biological_process
positive regulation of cysteine-type endopeptidase activity involved in apoptotic process,0.0,biological_process
Peroxisomal protein import,0.0,pathway
UTP20,0.0,gene/protein
positive regulation of receptor signaling pathway via JAK-STAT,0.0,biological_process
positive regulation of protein localization to cell surface,0.0,biological_process
SLU7,0.0,gene/protein
positive regulation of I-kappaB phosphorylation,0.0,biological_process
MIB2,0.0,gene/protein
RNF31,0.0,gene/protein
positive regulation of heterotypic cell-cell adhesion,0.0,biological_process
SLMAP,0.0,gene/protein
positive regulation of protein localization to plasma membrane,0.0,biological_process
response to reactive oxygen species,0.0,biological_process
hydrogen peroxide catabolic process,0.0,biological_process
triglyceride metabolic process,0.0,biological_process
response to hyperoxia,0.0,biological_process
response to lead ion,0.0,biological_process
KIDINS220,0.0,gene/protein
eNOS activation,0.0,pathway
RAC2,0.0,gene/protein
SCAI,0.0,gene/protein
NOSIP mediated eNOS trafficking,0.0,pathway
Nitric oxide stimulates guanylate cyclase,0.0,pathway
VEGFR2 mediated vascular permeability,0.0,pathway
Extra-nuclear estrogen signaling,0.0,pathway
ROS and RNS production in phagocytes,0.0,pathway
negative regulation of platelet activation,0.0,biological_process
TRIM38,0.0,gene/protein
PRELID1,0.0,gene/protein
TNPO3,0.0,gene/protein
NOSTRIN mediated eNOS trafficking,0.0,pathway
negative regulation of interleukin-21 production,0.0,biological_process
positive regulation of keratinocyte proliferation,0.0,biological_process
S100A9,0.0,gene/protein
regulation of cellular respiration,0.0,biological_process
SPSB1,0.0,gene/protein
peptidyl-cysteine S-nitrosylation,0.0,biological_process
positive regulation of BMP signaling pathway,0.0,biological_process
myeloid dendritic cell differentiation,0.0,biological_process
morphogenesis of an epithelial sheet,0.0,biological_process
MAML1,0.0,gene/protein
Defective LFNG causes SCDO3,0.0,pathway
atrioventricular node development,0.0,biological_process
NOTCH2 intracellular domain regulates transcription,0.0,pathway
Cleavage of the damaged purine,0.0,pathway
B3GNT2,0.0,gene/protein
depyrimidination,0.0,biological_process
depurination,0.0,biological_process
Notch signaling pathway,0.0,biological_process
peptide amidation,0.0,biological_process
fatty acid primary amide biosynthetic process,0.0,biological_process
long-chain fatty acid metabolic process,0.0,biological_process
RALB,0.0,gene/protein
RASSF9,0.0,gene/protein
DEDD,0.0,gene/protein
positive regulation of killing of cells of other organism,0.0,biological_process
circadian rhythm,0.0,biological_process
ITIH5,0.0,gene/protein
TMEM25,0.0,gene/protein
APEX1-Independent Resolution of AP Sites via the Single Nucleotide Replacement Pathway,0.0,pathway
Defective OGG1 Substrate Binding,0.0,pathway
Defective OGG1 Localization,0.0,pathway
Defective OGG1 Substrate Processing,0.0,pathway
base-excision repair,0.0,biological_process
response to folic acid,0.0,biological_process
"base-excision repair, gap-filling",0.0,biological_process
EPSTI1,0.0,gene/protein
SLC9A3R1,0.0,gene/protein
in utero embryonic development,0.0,biological_process
ARHGAP44,0.0,gene/protein
THUMPD3,0.0,gene/protein
WASHC4,0.0,gene/protein
ECPAS,0.0,gene/protein
MAGEL2,0.0,gene/protein
INTS7,0.0,gene/protein
RUFY1,0.0,gene/protein
response to light stimulus,0.0,biological_process
TINAG,0.0,gene/protein
negative regulation of JUN kinase activity,0.0,biological_process
negative regulation of intrinsic apoptotic signaling pathway,0.0,biological_process
negative regulation of hormone secretion,0.0,biological_process
low-density lipoprotein particle clearance,0.0,biological_process
positive regulation of monocyte chemotactic protein-1 production,0.0,biological_process
C1QTNF9,0.0,gene/protein
regulation of lipid storage,0.0,biological_process
MFSD6,0.0,gene/protein
MRM1,0.0,gene/protein
Recognition and association of DNA glycosylase with site containing an affected pyrimidine,0.0,pathway
Cleavage of the damaged pyrimidine ,0.0,pathway
Recognition and association of DNA glycosylase with site containing an affected purine,0.0,pathway
Displacement of DNA glycosylase by APEX1,0.0,pathway
DTX2,0.0,gene/protein
UBR1,0.0,gene/protein
nervous system development,0.0,biological_process
NOTCH4 Intracellular Domain Regulates Transcription,0.0,pathway
regulation of actin cytoskeleton reorganization,0.0,biological_process
Pre-NOTCH Transcription and Translation,0.0,pathway
Pre-NOTCH Processing in Golgi,0.0,pathway
NOTCH2 Activation and Transmission of Signal to the Nucleus,0.0,pathway
Notch-HLH transcription pathway,0.0,pathway
embryonic limb morphogenesis,0.0,biological_process
glomerular capillary formation,0.0,biological_process
marginal zone B cell differentiation,0.0,biological_process
stem cell population maintenance,0.0,biological_process
atrial septum morphogenesis,0.0,biological_process
Pre-NOTCH Processing in the Endoplasmic Reticulum,0.0,pathway
TMEM31,0.0,gene/protein
negative regulation of B cell apoptotic process,0.0,biological_process
positive regulation of cardiac muscle cell proliferation,0.0,biological_process
outflow tract morphogenesis,0.0,biological_process
B cell homeostasis,0.0,biological_process
autophagy of mitochondrion,0.0,biological_process
regulation of autophagy,0.0,biological_process
positive regulation of muscle hyperplasia,0.0,biological_process
PTCH1,0.0,gene/protein
cellular response to fibroblast growth factor stimulus,0.0,biological_process
Sperm Motility And Taxes,0.0,pathway
positive regulation of erythrocyte differentiation,0.0,biological_process
positive regulation of endothelial cell apoptotic process,0.0,biological_process
negative regulation of protein kinase B signaling,0.0,biological_process
positive regulation of sphingolipid mediated signaling pathway,0.0,biological_process
regulation of ion transmembrane transport,0.0,biological_process
sperm-egg recognition,0.0,biological_process
negative regulation of amyloid-beta formation,0.0,biological_process
heart looping,0.0,biological_process
response to oxidative stress,0.0,biological_process
RELL2,0.0,gene/protein
TMEM80,0.0,gene/protein
reproductive process,0.0,biological_process
CPLX4,0.0,gene/protein
cardiac right ventricle morphogenesis,0.0,biological_process
negative regulation of interleukin-1 alpha production,0.0,biological_process
ERVFRD-1,0.0,gene/protein
negative regulation of circulating fibrinogen levels,0.0,biological_process
negative regulation of necroptotic process,0.0,biological_process
response to tumor necrosis factor,0.0,biological_process
positive regulation of astrocyte activation,0.0,biological_process
positive regulation of membrane permeability,0.0,biological_process
multicellular organism aging,0.0,biological_process
lipid metabolic process,0.0,biological_process
Abnormal facial shape,0.0,effect/phenotype
Notch signaling involved in heart development,0.0,biological_process
positive regulation of microglial cell activation,0.0,biological_process
bone remodeling,0.0,biological_process
regulation of osteoclast development,0.0,biological_process
negative regulation of growth rate,0.0,biological_process
left/right axis specification,0.0,biological_process
proximal tubule development,0.0,biological_process
SPSB4,0.0,gene/protein
intrahepatic bile duct development,0.0,biological_process
placenta blood vessel development,0.0,biological_process
Inhibition of nitric oxide production,0.0,pathway
defense response to Gram-negative bacterium,0.0,biological_process
cellular response to drug,0.0,biological_process
cellular response to interferon-gamma,0.0,biological_process
regulation of cytokine production involved in inflammatory response,0.0,biological_process
regulation of cell population proliferation,0.0,biological_process
CUL5,0.0,gene/protein
positive regulation of leukocyte mediated cytotoxicity,0.0,biological_process
prostaglandin secretion,0.0,biological_process
SPSB2,0.0,gene/protein
innate immune response in mucosa,0.0,biological_process
KALRN,0.0,gene/protein
negative regulation of double-strand break repair via single-strand annealing,0.0,biological_process
"base-excision repair, AP site formation",0.0,biological_process
"nucleotide-excision repair, DNA incision",0.0,biological_process
lung growth,0.0,biological_process
regulation of B cell activation,0.0,biological_process
negative regulation of sprouting angiogenesis,0.0,biological_process
positive regulation of blood vessel endothelial cell proliferation involved in sprouting angiogenesis,0.0,biological_process
inflammatory response to antigenic stimulus,0.0,biological_process
miRNA mediated inhibition of translation,0.0,biological_process
gene silencing by miRNA,0.0,biological_process
negative regulation of blood vessel endothelial cell proliferation involved in sprouting angiogenesis,0.0,biological_process
ventricular septum morphogenesis,0.0,biological_process
negative regulation of cardiac muscle cell proliferation,0.0,biological_process
regulation of B cell differentiation,0.0,biological_process
cholangiocyte proliferation,0.0,biological_process
hepatocyte proliferation,0.0,biological_process
positive regulation of Ras protein signal transduction,0.0,biological_process
negative regulation of cell migration involved in sprouting angiogenesis,0.0,biological_process
EDF1,0.0,gene/protein
glycogen metabolic process,0.0,biological_process
positive regulation of high-density lipoprotein particle clearance,0.0,biological_process
regulation of cholesterol esterification,0.0,biological_process
negative regulation of low-density lipoprotein receptor activity,0.0,biological_process
negative regulation of T cell activation,0.0,biological_process
negative regulation of interleukin-1-mediated signaling pathway,0.0,biological_process
negative regulation of lipid binding,0.0,biological_process
Glucagon-type ligand receptors,0.0,pathway
lymphatic endothelial cell fate commitment,0.0,biological_process
optic placode formation involved in camera-type eye formation,0.0,biological_process
BCOR,0.0,gene/protein
COP1,0.0,gene/protein
MMS19,0.0,gene/protein
LBH,0.0,gene/protein
BPIFB1,0.0,gene/protein
GOLIM4,0.0,gene/protein
ventricular cardiac myofibril assembly,0.0,biological_process
positive regulation of vascular endothelial cell proliferation,0.0,biological_process
positive regulation of cell migration involved in sprouting angiogenesis,0.0,biological_process
cellular response to laminar fluid shear stress,0.0,biological_process
negative regulation of vascular endothelial cell proliferation,0.0,biological_process
positive regulation of vascular associated smooth muscle cell differentiation,0.0,biological_process
positive regulation of tau-protein kinase activity,0.0,biological_process
cellular response to vitamin D,0.0,biological_process
cellular response to vascular endothelial growth factor stimulus,0.0,biological_process
FLYWCH2,0.0,gene/protein
positive regulation of vascular endothelial growth factor receptor signaling pathway,0.0,biological_process
negative regulation of synoviocyte proliferation,0.0,biological_process
TIMMDC1,0.0,gene/protein
ARHGAP39,0.0,gene/protein
SLC4A1,0.0,gene/protein
LAMTOR3,0.0,gene/protein
ROS1,0.0,gene/protein
LAT,0.0,gene/protein
GHITM,0.0,gene/protein
negative regulation of cardiac muscle cell differentiation,0.0,biological_process
dorsal spinal cord development,0.0,biological_process
hepatocyte cell migration,0.0,biological_process
retina morphogenesis in camera-type eye,0.0,biological_process
DNA dealkylation involved in DNA repair,0.0,biological_process
regulation of brown fat cell differentiation,0.0,biological_process
temperature homeostasis,0.0,biological_process
Reversal of alkylation damage by DNA dioxygenases,0.0,pathway
adipose tissue development,0.0,biological_process
MRC2,0.0,gene/protein
LNX1,0.0,gene/protein
mRNA transport,0.0,biological_process
negative regulation of translation,0.0,biological_process
MEPCE,0.0,gene/protein
TESC,0.0,gene/protein
CFAP53,0.0,gene/protein
regulation of mRNA stability,0.0,biological_process
LARP7,0.0,gene/protein
HSCB,0.0,gene/protein
DNA demethylation,0.0,biological_process
ADGRG5,0.0,gene/protein
regulation of gene expression,0.0,biological_process
neuronal stem cell population maintenance,0.0,biological_process
positive regulation of cyclin-dependent protein serine/threonine kinase activity,0.0,biological_process
AGR3,0.0,gene/protein
ENPP6,0.0,gene/protein
tRNA methylthiolation,0.0,biological_process
maintenance of translational fidelity,0.0,biological_process
NOX5,0.0,gene/protein
ZBTB3,0.0,gene/protein
positive regulation of heart growth,0.0,biological_process
lymphatic endothelial cell differentiation,0.0,biological_process
positive regulation of endothelial cell proliferation,0.0,biological_process
lymphangiogenesis,0.0,biological_process
lung development,0.0,biological_process
PHLPP2,0.0,gene/protein
RAB11A,0.0,gene/protein
FAM234B,0.0,gene/protein
AFAP1,0.0,gene/protein
MED24,0.0,gene/protein
HNRNPUL1,0.0,gene/protein
KLF4,0.0,gene/protein
negative regulation of leukocyte adhesion to vascular endothelial cell,0.0,biological_process
negative regulation of cell adhesion molecule production,0.0,biological_process
negative regulation of heterotypic cell-cell adhesion,0.0,biological_process
negative regulation of actin filament polymerization,0.0,biological_process
negative regulation of NIK/NF-kappaB signaling,0.0,biological_process
NIK/NF-kappaB signaling,0.0,biological_process
positive regulation of sprouting angiogenesis,0.0,biological_process
negative regulation of hematopoietic stem cell proliferation,0.0,biological_process
positive regulation of Schwann cell proliferation involved in axon regeneration,0.0,biological_process
negative regulation of toll-like receptor 4 signaling pathway,0.0,biological_process
positive regulation of vasculature development,0.0,biological_process
lipoprotein transport,0.0,biological_process
negative regulation of cholesterol efflux,0.0,biological_process
negative regulation of monooxygenase activity,0.0,biological_process
negative regulation of cytokine production involved in inflammatory response,0.0,biological_process
PHLPP1,0.0,gene/protein
platelet activation,0.0,biological_process
adaptive immune response,0.0,biological_process
CHD8,0.0,gene/protein
SPOPL,0.0,gene/protein
USP11,0.0,gene/protein
negative regulation of cardiac muscle myoblast proliferation,0.0,biological_process
negative regulation of prostaglandin biosynthetic process,0.0,biological_process
USP7,0.0,gene/protein
positive regulation of metalloendopeptidase activity,0.0,biological_process
regulation of aorta morphogenesis,0.0,biological_process
negative regulation of cardiac muscle hypertrophy in response to stress,0.0,biological_process
negative regulation of vascular endothelial growth factor production,0.0,biological_process
negative regulation of lamellipodium assembly,0.0,biological_process
positive regulation of cholesterol storage,0.0,biological_process
positive regulation of mitochondrion organization,0.0,biological_process
RPS6KA1,0.0,gene/protein
regulation of high-density lipoprotein particle assembly,0.0,biological_process
negative regulation of receptor-mediated endocytosis,0.0,biological_process
negative regulation of astrocyte activation,0.0,biological_process
response to ischemia,0.0,biological_process
cardiac muscle hypertrophy,0.0,biological_process
negative regulation of metalloendopeptidase activity,0.0,biological_process
cell growth involved in cardiac muscle cell development,0.0,biological_process
positive regulation of cardiac muscle cell apoptotic process,0.0,biological_process
negative regulation of I-kappaB kinase/NF-kappaB signaling,0.0,biological_process
negative regulation of oxidative stress-induced cell death,0.0,biological_process
negative regulation of TRAIL-activated apoptotic signaling pathway,0.0,biological_process
cardiac muscle tissue growth involved in heart morphogenesis,0.0,biological_process
negative regulation of interleukin-7 production,0.0,biological_process
negative regulation of sodium ion transmembrane transport,0.0,biological_process
negative regulation of voltage-gated sodium channel activity,0.0,biological_process
negative regulation of cell-matrix adhesion,0.0,biological_process
negative regulation of artery morphogenesis,0.0,biological_process
negative regulation of interleukin-6-mediated signaling pathway,0.0,biological_process
negative regulation of receptor signaling pathway via STAT,0.0,biological_process
positive regulation of keratinocyte differentiation,0.0,biological_process
negative regulation of G2/M transition of mitotic cell cycle,0.0,biological_process
negative regulation of fibroblast growth factor production,0.0,biological_process
positive regulation of vascular associated smooth muscle cell migration,0.0,biological_process
negative regulation of keratinocyte proliferation,0.0,biological_process
negative regulation of monocyte differentiation,0.0,biological_process
positive regulation of axon regeneration,0.0,biological_process
negative regulation of interleukin-8 production,0.0,biological_process
negative regulation of tumor necrosis factor production,0.0,biological_process
negative regulation of interleukin-1 beta production,0.0,biological_process
positive regulation of cell adhesion molecule production,0.0,biological_process
"positive regulation of wound healing, spreading of epidermal cells",0.0,biological_process
platelet-derived growth factor receptor signaling pathway,0.0,biological_process
positive regulation of epithelial cell migration,0.0,biological_process
positive regulation of Schwann cell migration,0.0,biological_process
negative regulation of cell migration,0.0,biological_process
positive regulation of vascular associated smooth muscle cell dedifferentiation,0.0,biological_process
negative regulation by host of viral genome replication,0.0,biological_process
negative regulation of double-strand break repair,0.0,biological_process
negative regulation of epithelial to mesenchymal transition,0.0,biological_process
negative regulation of vascular associated smooth muscle cell migration,0.0,biological_process
endocardium formation,0.0,biological_process
positive regulation of forebrain neuron differentiation,0.0,biological_process
negative regulation of feeding behavior,0.0,biological_process
LILRB2,0.0,gene/protein
NBPF19,0.0,gene/protein
positive regulation of long-term synaptic potentiation,0.0,biological_process
negative regulation of ERK1 and ERK2 cascade,0.0,biological_process
positive regulation of cardiac muscle hypertrophy in response to stress,0.0,biological_process
tRNA modification,0.0,biological_process
negative regulation of vascular endothelial growth factor receptor signaling pathway,0.0,biological_process
endoplasmic reticulum unfolded protein response,0.0,biological_process
STAM2,0.0,gene/protein
positive regulation of endothelial cell migration,0.0,biological_process
negative regulation of intracellular signal transduction,0.0,biological_process
negative regulation of integrin-mediated signaling pathway,0.0,biological_process
RHOBTB2,0.0,gene/protein
SLCO6A1,0.0,gene/protein
KLHL38,0.0,gene/protein
cerebellar granule cell differentiation,0.0,biological_process
positive regulation of sarcomere organization,0.0,biological_process
Growth hormone receptor signaling,0.0,pathway
actin cytoskeleton reorganization,0.0,biological_process
positive regulation of connective tissue replacement,0.0,biological_process
IRE1-mediated unfolded protein response,0.0,biological_process
regulation of endocytosis,0.0,biological_process
platelet-derived growth factor receptor-beta signaling pathway,0.0,biological_process
positive regulation of cell cycle,0.0,biological_process
Negative regulation of MET activity,0.0,pathway
Regulation of IFNG signaling,0.0,pathway
PTK6 Down-Regulation,0.0,pathway
Regulation of IFNA signaling,0.0,pathway
peptidyl-tyrosine dephosphorylation involved in inactivation of protein kinase activity,0.0,biological_process
negative regulation of MAP kinase activity,0.0,biological_process
regulation of signal transduction,0.0,biological_process
PHB2,0.0,gene/protein
embryonic retina morphogenesis in camera-type eye,0.0,biological_process
Integrin signaling,0.0,pathway
positive regulation of insulin receptor signaling pathway,0.0,biological_process
positive regulation of cellular protein metabolic process,0.0,biological_process
endoplasmic reticulum to Golgi vesicle-mediated transport,0.0,biological_process
regulation of synaptic plasticity,0.0,biological_process
response to fluid shear stress,0.0,biological_process
Abnormality of chromosome stability,0.0,effect/phenotype
nitric oxide biosynthetic process,0.0,biological_process
NOSIP,0.0,gene/protein
MECP2 regulates neuronal receptors and channels,0.0,pathway
vasodilation,0.0,biological_process
mitochondrion organization,0.0,biological_process
pulmonary valve morphogenesis,0.0,biological_process
aortic valve morphogenesis,0.0,biological_process
limb development,0.0,biological_process
toxin metabolic process,0.0,biological_process
CYFIP1,0.0,gene/protein
diet induced thermogenesis,0.0,biological_process
HSD17B4,0.0,gene/protein
blood vessel diameter maintenance,0.0,biological_process
Chromosome breakage,0.0,effect/phenotype
MIS12,0.0,gene/protein
response to estradiol,0.0,biological_process
TXNDC17,0.0,gene/protein
Toxemia of pregnancy,0.0,effect/phenotype
LILRB1,0.0,gene/protein
TRBV12-4,0.0,gene/protein
TRBC2,0.0,gene/protein
wound healing,0.0,biological_process
negative regulation of proteolysis,0.0,biological_process
positive regulation of lipid biosynthetic process,0.0,biological_process
alpha-beta T cell activation,0.0,biological_process
regulation of protein localization,0.0,biological_process
negative regulation of glycogen catabolic process,0.0,biological_process
negative regulation of fatty acid metabolic process,0.0,biological_process
regulation of protein secretion,0.0,biological_process
SYTL4,0.0,gene/protein
fatty acid homeostasis,0.0,biological_process
negative regulation of acute inflammatory response,0.0,biological_process
RNF213,0.0,gene/protein
activation of JUN kinase activity,0.0,biological_process
TMEM41A,0.0,gene/protein
olfactory placode formation,0.0,biological_process
branching involved in pancreas morphogenesis,0.0,biological_process
negative regulation of bile acid biosynthetic process,0.0,biological_process
otic placode formation,0.0,biological_process
ETNPPL,0.0,gene/protein
positive regulation of neural precursor cell proliferation,0.0,biological_process
NXF2B,0.0,gene/protein
MINDY3,0.0,gene/protein
DDIT4L,0.0,gene/protein
SRBD1,0.0,gene/protein
LRIF1,0.0,gene/protein
BCAS2,0.0,gene/protein
regulation of intracellular protein transport,0.0,biological_process
negative regulation of PERK-mediated unfolded protein response,0.0,biological_process
cell cycle,0.0,biological_process
SASS6,0.0,gene/protein
cell division,0.0,biological_process
TYW1B,0.0,gene/protein
ITLN2,0.0,gene/protein
Antimicrobial peptides,0.0,pathway
antimicrobial humoral response,0.0,biological_process
response to nematode,0.0,biological_process
TIPRL,0.0,gene/protein
TMEM86B,0.0,gene/protein
NACC1,0.0,gene/protein
tRNA modification in the nucleus and cytosol,0.0,pathway
Insulin-like Growth Factor-2 mRNA Binding Proteins (IGF2BPs/IMPs/VICKZs) bind RNA,0.0,pathway
regulation of RNA metabolic process,0.0,biological_process
regulation of cytokine production,0.0,biological_process
PRDM6,0.0,gene/protein
RNA repair,0.0,biological_process
PCNP,0.0,gene/protein
SLC39A12,0.0,gene/protein
protein homotrimerization,0.0,biological_process
positive regulation of fat cell differentiation,0.0,biological_process
SMARCD3,0.0,gene/protein
KCTD13,0.0,gene/protein
GRIP1,0.0,gene/protein
RXRG,0.0,gene/protein
BRD8,0.0,gene/protein
negative regulation of smooth muscle cell proliferation,0.0,biological_process
MIF4GD,0.0,gene/protein
VPS45,0.0,gene/protein
acinar cell differentiation,0.0,biological_process
CEBPZ,0.0,gene/protein
RORA,0.0,gene/protein
atrial cardiac muscle tissue morphogenesis,0.0,biological_process
positive regulation of protein tyrosine kinase activity,0.0,biological_process
venous blood vessel morphogenesis,0.0,biological_process
aorta smooth muscle tissue morphogenesis,0.0,biological_process
lens fiber cell morphogenesis,0.0,biological_process
skeletal muscle thin filament assembly,0.0,biological_process
positive regulation of cell cycle checkpoint,0.0,biological_process
MREG,0.0,gene/protein
protein dephosphorylation,0.0,biological_process
positive regulation of IRE1-mediated unfolded protein response,0.0,biological_process
cellular response to unfolded protein,0.0,biological_process
negative regulation of signal transduction,0.0,biological_process
PIGP,0.0,gene/protein
MCAT,0.0,gene/protein
CASZ1,0.0,gene/protein
long-chain fatty acid transport,0.0,biological_process
AMTN,0.0,gene/protein
growth hormone receptor signaling pathway via JAK-STAT,0.0,biological_process
negative regulation of endoplasmic reticulum stress-induced intrinsic apoptotic signaling pathway,0.0,biological_process
regulation of type I interferon-mediated signaling pathway,0.0,biological_process
positive regulation of receptor catabolic process,0.0,biological_process
regulation of hepatocyte growth factor receptor signaling pathway,0.0,biological_process
CASC3,0.0,gene/protein
SYT6,0.0,gene/protein
innate immune response,0.0,biological_process
peptidyl-tyrosine dephosphorylation,0.0,biological_process
VARS1,0.0,gene/protein
TAOK2,0.0,gene/protein
RGS10,0.0,gene/protein
PPP1R10,0.0,gene/protein
LRP6,0.0,gene/protein
TCERG1,0.0,gene/protein
LRRFIP2,0.0,gene/protein
SEH1L,0.0,gene/protein
G alpha (q) signalling events,0.0,pathway
GRAP,0.0,gene/protein
EIPR1,0.0,gene/protein
MAML3,0.0,gene/protein
PDGFRA,0.0,gene/protein
DDAH2,0.0,gene/protein
SMC1A,0.0,gene/protein
NR2C1,0.0,gene/protein
TBL1XR1,0.0,gene/protein
CORO1C,0.0,gene/protein
WDR70,0.0,gene/protein
PTK6,0.0,gene/protein
TRMT2A,0.0,gene/protein
NEFM,0.0,gene/protein
SNORD32A,0.0,gene/protein
MBIP,0.0,gene/protein
TBL3,0.0,gene/protein
STYXL1,0.0,gene/protein
TAMALIN,0.0,gene/protein
BMP2K,0.0,gene/protein
NCKIPSD,0.0,gene/protein
PLEC,0.0,gene/protein
NAA38,0.0,gene/protein
UBASH3B,0.0,gene/protein
GNG7,0.0,gene/protein
HUNK,0.0,gene/protein
CCNL2,0.0,gene/protein
ARL6IP4,0.0,gene/protein
CFAP57,0.0,gene/protein
AIF1L,0.0,gene/protein
PTPRA,0.0,gene/protein
POC1A,0.0,gene/protein
MTMR4,0.0,gene/protein
PRKAB1,0.0,gene/protein
UBE2J2,0.0,gene/protein
WDR41,0.0,gene/protein
PHIP,0.0,gene/protein
TFG,0.0,gene/protein
NEURL1,0.0,gene/protein
UBE2Q2,0.0,gene/protein
ITGB5,0.0,gene/protein
ZNHIT6,0.0,gene/protein
PRPF40B,0.0,gene/protein
TMEM79,0.0,gene/protein
STK35,0.0,gene/protein
PLRG1,0.0,gene/protein
UBE2Q1,0.0,gene/protein
RNU12-2P,0.0,gene/protein
CCNQ,0.0,gene/protein
HYAL2,0.0,gene/protein
PCSK7,0.0,gene/protein
WDR36,0.0,gene/protein
GSPT1,0.0,gene/protein
WNT4,0.0,gene/protein
RAE1,0.0,gene/protein
WWC1,0.0,gene/protein
TTBK1,0.0,gene/protein
CCNQP1,0.0,gene/protein
CDC42EP3,0.0,gene/protein
MAD2L1BP,0.0,gene/protein
CDK16,0.0,gene/protein
INTS9,0.0,gene/protein
LINC00476,0.0,gene/protein
CDK11A,0.0,gene/protein
SSTR2,0.0,gene/protein
WAC,0.0,gene/protein
SP100,0.0,gene/protein
TEP1,0.0,gene/protein
NEK9,0.0,gene/protein
WDR77,0.0,gene/protein
GNG2,0.0,gene/protein
SNORD35A,0.0,gene/protein
TRAPPC3,0.0,gene/protein
PRAME,0.0,gene/protein
FBXW8,0.0,gene/protein
PWP2,0.0,gene/protein
LAS1L,0.0,gene/protein
ETS2,0.0,gene/protein
NBEAL2,0.0,gene/protein
FOXH1,0.0,gene/protein
DENND3,0.0,gene/protein
STK39,0.0,gene/protein
DCAF12,0.0,gene/protein
PRKACB,0.0,gene/protein
STK31,0.0,gene/protein
DPH7,0.0,gene/protein
PLK4,0.0,gene/protein
MAF,0.0,gene/protein
THRAP3,0.0,gene/protein
CILK1,0.0,gene/protein
STK10,0.0,gene/protein
TMEM115,0.0,gene/protein
CORO6,0.0,gene/protein
PLAA,0.0,gene/protein
RNU11-5P,0.0,gene/protein
PAFAH2,0.0,gene/protein
PTPRE,0.0,gene/protein
PAK4,0.0,gene/protein
PUF60,0.0,gene/protein
DGCR8,0.0,gene/protein
CFAP251,0.0,gene/protein
WDR6,0.0,gene/protein
BRWD1,0.0,gene/protein
SAP18,0.0,gene/protein
HIPK1,0.0,gene/protein
WDR5B,0.0,gene/protein
WDR54,0.0,gene/protein
TTC32,0.0,gene/protein
RAD9A,0.0,gene/protein
STK17A,0.0,gene/protein
HHAT,0.0,gene/protein
LIF,0.0,gene/protein
COQ4,0.0,gene/protein
RNASEL,0.0,gene/protein
MADCAM1,0.0,gene/protein
SRA1,0.0,gene/protein
CAPRIN2,0.0,gene/protein
WBP4,0.0,gene/protein
LRIG1,0.0,gene/protein
WDFY1,0.0,gene/protein
LUC7L2,0.0,gene/protein
FZD1,0.0,gene/protein
BRWD3,0.0,gene/protein
TLX1,0.0,gene/protein
DYNC2I2,0.0,gene/protein
GRK7,0.0,gene/protein
NR2F1,0.0,gene/protein
SH2D7,0.0,gene/protein
GRIN1,0.0,gene/protein
PPP2R2B,0.0,gene/protein
SH2D1A,0.0,gene/protein
PLCB2,0.0,gene/protein
SNHG12,0.0,gene/protein
SH3BP2,0.0,gene/protein
STT3B,0.0,gene/protein
FAM171A1,0.0,gene/protein
WT1,0.0,gene/protein
UBE2J1,0.0,gene/protein
GMFB,0.0,gene/protein
NKIRAS1,0.0,gene/protein
WDR7,0.0,gene/protein
Loss of speech,0.0,effect/phenotype
Corneal opacity,0.0,effect/phenotype
WDR59,0.0,gene/protein
STXBP4,0.0,gene/protein
RSU1,0.0,gene/protein
H4C5,0.0,gene/protein
MMACHC,0.0,gene/protein
DUSP10,0.0,gene/protein
KPNA4,0.0,gene/protein
CABLES2,0.0,gene/protein
ARPC1B,0.0,gene/protein
TOPBP1,0.0,gene/protein
NUP153,0.0,gene/protein
Dolichocephaly,0.0,effect/phenotype
Gastroesophageal reflux,0.0,effect/phenotype
Smooth philtrum,0.0,effect/phenotype
Cortical thickening of long bone diaphyses,0.0,effect/phenotype
TNS1,0.0,gene/protein
Hallucinations,0.0,effect/phenotype
Synostosis of joints,0.0,effect/phenotype
Bowing of the long bones,0.0,effect/phenotype
Avascular necrosis,0.0,effect/phenotype
Drowsiness,0.0,effect/phenotype
Craniofacial hyperostosis,0.0,effect/phenotype
Highly arched eyebrow,0.0,effect/phenotype
Facial shape deformation,0.0,effect/phenotype
Aortic regurgitation,0.0,effect/phenotype
Osteolysis,0.0,effect/phenotype
Cranial hyperostosis,0.0,effect/phenotype
Infantile axial hypotonia,0.0,effect/phenotype
Hypoplastic inferior ilia,0.0,effect/phenotype
Bilateral coxa valga,0.0,effect/phenotype
Subcortical cerebral atrophy,0.0,effect/phenotype
Flat face,0.0,effect/phenotype
Abnormality of the sphenoid sinus,0.0,effect/phenotype
Communicating hydrocephalus,0.0,effect/phenotype
Asthenia,0.0,effect/phenotype
Disproportionate tall stature,0.0,effect/phenotype
PSKH1,0.0,gene/protein
Arnold-Chiari malformation,0.0,effect/phenotype
Abnormal rib cage morphology,0.0,effect/phenotype
Gingival overgrowth,0.0,effect/phenotype
Enlarged polycystic ovaries,0.0,effect/phenotype
Maternal virilization in pregnancy,0.0,effect/phenotype
Eunuchoid habitus,0.0,effect/phenotype
Dysostosis multiplex,0.0,effect/phenotype
Delayed epiphyseal ossification,0.0,effect/phenotype
Depressed nasal ridge,0.0,effect/phenotype
Vacuolated lymphocytes,0.0,immune_effect/phenotype
Increased vertebral height,0.0,effect/phenotype
Visual loss,0.0,effect/phenotype
Large forehead,0.0,effect/phenotype
Misalignment of teeth,0.0,effect/phenotype
Clinodactyly of the 2nd toe,0.0,effect/phenotype
Shortening of all distal phalanges of the fingers,0.0,effect/phenotype
Female pseudohermaphroditism,0.0,effect/phenotype
Spinocerebellar tract disease in lower limbs,0.0,effect/phenotype
Mitral regurgitation,0.0,effect/phenotype
Thickened ribs,0.0,effect/phenotype
Soft skin,0.0,effect/phenotype
Spastic paraplegia,0.0,effect/phenotype
Short attention span,0.0,effect/phenotype
Mixed hearing impairment,0.0,effect/phenotype
"Ambiguous genitalia, female",0.0,effect/phenotype
Thickened helices,0.0,effect/phenotype
mammary gland epithelial cell differentiation,0.0,biological_process
MLST8,0.0,gene/protein
NGFR,0.0,gene/protein
PELI1,0.0,gene/protein
SMG5,0.0,gene/protein
PAK1IP1,0.0,gene/protein
PIP5K1A,0.0,gene/protein
Small fontanelle,0.0,effect/phenotype
Apneic episodes in infancy,0.0,effect/phenotype
"Macroorchidism, postpubertal",0.0,effect/phenotype
CDC42SE2,0.0,gene/protein
NEK1,0.0,gene/protein
WDR13,0.0,gene/protein
CDC7,0.0,gene/protein
MINK1,0.0,gene/protein
NEK10,0.0,gene/protein
THOC3,0.0,gene/protein
FAM78A,0.0,gene/protein
Skeletal dysplasia,0.0,effect/phenotype
PKD1,0.0,gene/protein
CLK4,0.0,gene/protein
CHMP4B,0.0,gene/protein
UBE2R2,0.0,gene/protein
EIF2AK1,0.0,gene/protein
NEK5,0.0,gene/protein
NEK4,0.0,gene/protein
ZNF280B,0.0,gene/protein
QTRT1,0.0,gene/protein
DOK2,0.0,gene/protein
LMTK2,0.0,gene/protein
GALM,0.0,gene/protein
TOLLIP,0.0,gene/protein
SLA,0.0,gene/protein
RPS6KC1,0.0,gene/protein
UBE2E3,0.0,gene/protein
DCAF5,0.0,gene/protein
SNORD42B,0.0,gene/protein
UBE2Z,0.0,gene/protein
UBE2B,0.0,gene/protein
MED15,0.0,gene/protein
WDR53,0.0,gene/protein
RPS11,0.0,gene/protein
DYNC2I1,0.0,gene/protein
RAB14,0.0,gene/protein
TCEAL3,0.0,gene/protein
PI4K2B,0.0,gene/protein
GLIS2,0.0,gene/protein
GAS6,0.0,gene/protein
PRKX,0.0,gene/protein
COPS3,0.0,gene/protein
WDR82,0.0,gene/protein
WDR18,0.0,gene/protein
SIRPA,0.0,gene/protein
ZAP70,0.0,gene/protein
MATK,0.0,gene/protein
H2AC7,0.0,gene/protein
Thoracolumbar kyphosis,0.0,effect/phenotype
Delusions,0.0,effect/phenotype
Narrow mouth,0.0,effect/phenotype
Abnormal cardiac septum morphology,0.0,effect/phenotype
Microretrognathia,0.0,effect/phenotype
Tapered finger,0.0,effect/phenotype
Protruding ear,0.0,effect/phenotype
Spondyloepiphyseal dysplasia,0.0,effect/phenotype
Progressive microcephaly,0.0,effect/phenotype
Narrow palate,0.0,effect/phenotype
GCNT4,0.0,gene/protein
RAP2A,0.0,gene/protein
PRKAR2A,0.0,gene/protein
ITPR1,0.0,gene/protein
PITRM1,0.0,gene/protein
NPHP1,0.0,gene/protein
SPRY4,0.0,gene/protein
IL22RA2,0.0,gene/protein
WDR55,0.0,gene/protein
UBE2D3,0.0,gene/protein
PIK3C2B,0.0,gene/protein
Abnormality of the helix,0.0,effect/phenotype
Generalized abnormality of skin,0.0,effect/phenotype
Dental malocclusion,0.0,effect/phenotype
USP6NL,0.0,gene/protein
GRWD1,0.0,gene/protein
Facial asymmetry,0.0,effect/phenotype
MTSS1,0.0,gene/protein
H2AC16,0.0,gene/protein
Abdominal distention,0.0,effect/phenotype
Skeletal muscle hypertrophy,0.0,effect/phenotype
Internal hemorrhage,0.0,effect/phenotype
Short middle phalanx of finger,0.0,effect/phenotype
Encephalopathy,0.0,effect/phenotype
Increased serum bile acid concentration,0.0,effect/phenotype
Vertical supranuclear gaze palsy,0.0,effect/phenotype
Biliary tract abnormality,0.0,effect/phenotype
TTBK2,0.0,gene/protein
Bilateral single transverse palmar creases,0.0,effect/phenotype
Iris hypopigmentation,0.0,immune_effect/phenotype
Prolonged partial thromboplastin time,0.0,effect/phenotype
Portal hypertension,0.0,effect/phenotype
Sloping forehead,0.0,effect/phenotype
Cleft vertebral arch,0.0,effect/phenotype
Pachygyria,0.0,effect/phenotype
Prominent occiput,0.0,effect/phenotype
Cholestasis,0.0,effect/phenotype
Hypocholesterolemia,0.0,effect/phenotype
Hyponatremia,0.0,effect/phenotype
Hepatic necrosis,0.0,effect/phenotype
Mood changes,0.0,effect/phenotype
Hypoglycemia,0.0,effect/phenotype
Dyspnea,0.0,effect/phenotype
Epigastric pain,0.0,immune_effect/phenotype
Subacute progressive viral hepatitis,0.0,effect/phenotype
Abnormality of the liver,0.0,effect/phenotype
Hepatocellular carcinoma,0.0,effect/phenotype
Micronodular cirrhosis,0.0,effect/phenotype
Hemobilia,0.0,effect/phenotype
Liver abscess,0.0,effect/phenotype
Poor appetite,0.0,effect/phenotype
Abdominal pain,0.0,effect/phenotype
Abnormality of the hepatic vasculature,0.0,effect/phenotype
Abnormal rectum morphology,0.0,effect/phenotype
Esophageal varix,0.0,effect/phenotype
Somatic mutation,0.0,effect/phenotype
Large sella turcica,0.0,effect/phenotype
Band keratopathy,0.0,effect/phenotype
Cone-shaped epiphysis,0.0,effect/phenotype
Hepatitis,0.0,effect/phenotype
Intrahepatic cholestasis,0.0,effect/phenotype
Elevated alkaline phosphatase,0.0,effect/phenotype
Low levels of vitamin D,0.0,effect/phenotype
Portal fibrosis,0.0,effect/phenotype
Constitutional symptom,0.0,effect/phenotype
Long clavicles,0.0,effect/phenotype
Dry skin,0.0,effect/phenotype
Micromelia,0.0,effect/phenotype
Femoral bowing,0.0,effect/phenotype
Hip contracture,0.0,effect/phenotype
Hypoplasia of the frontal lobes,0.0,effect/phenotype
Sparse and thin eyebrow,0.0,effect/phenotype
Disproportionate short stature,0.0,effect/phenotype
Short femur,0.0,effect/phenotype
Increased total iron binding capacity,0.0,effect/phenotype
Ascites,0.0,effect/phenotype
Short metacarpal,0.0,effect/phenotype
Single transverse palmar crease,0.0,effect/phenotype
Iron deficiency anemia,0.0,effect/phenotype
Stillbirth,0.0,effect/phenotype
11 pairs of ribs,0.0,effect/phenotype
Small anterior fontanelle,0.0,effect/phenotype
Giant cell hepatitis,0.0,immune_effect/phenotype
Slender long bone,0.0,effect/phenotype
Hypolipidemia,0.0,effect/phenotype
Elbow dislocation,0.0,effect/phenotype
Ivory epiphyses,0.0,effect/phenotype
Prominent nasal bridge,0.0,effect/phenotype
Hypoplasia of dental enamel,0.0,effect/phenotype
Dilatation of the cerebral artery,0.0,effect/phenotype
Pseudoepiphyses of the metacarpals,0.0,effect/phenotype
Straight clavicles,0.0,effect/phenotype
Hypoplastic ilia,0.0,effect/phenotype
Acholic stools,0.0,effect/phenotype
Gingival bleeding,0.0,effect/phenotype
Lipoatrophy,0.0,effect/phenotype
Reduced catalase level,0.0,effect/phenotype
Bifid uvula,0.0,effect/phenotype
Feeding difficulties in infancy,0.0,effect/phenotype
Decreased response to growth hormone stimuation test,0.0,effect/phenotype
Few cafe-au-lait spots,0.0,effect/phenotype
Nasogastric tube feeding,0.0,effect/phenotype
Beta-cell dysfunction,0.0,effect/phenotype
Agenesis of cerebellar vermis,0.0,effect/phenotype
Bowed humerus,0.0,effect/phenotype
Abnormality of coagulation,0.0,effect/phenotype
Severe generalized osteoporosis,0.0,effect/phenotype
PEA15,0.0,gene/protein
Abnormal cardiovascular system physiology,0.0,effect/phenotype
Loss of subcutaneous adipose tissue from upper limbs,0.0,effect/phenotype
Loss of truncal subcutaneous adipose tissue,0.0,effect/phenotype
Oral ulcer,0.0,effect/phenotype
PCDHB11,0.0,gene/protein
CHD3,0.0,gene/protein
UBE2V1,0.0,gene/protein
NUCB1,0.0,gene/protein
TLR3,0.0,gene/protein
SNRPD3,0.0,gene/protein
ATAD2,0.0,gene/protein
NRAGE signals death through JNK,0.0,pathway
Old-aged sensorineural hearing impairment,0.0,effect/phenotype
developmental pigmentation,0.0,biological_process
tube formation,0.0,biological_process
post-embryonic animal organ morphogenesis,0.0,biological_process
Activation of BIM and translocation to mitochondria ,0.0,pathway
BH3-only proteins associate with and inactivate anti-apoptotic BCL-2 members,0.0,pathway
RUNX3 regulates BCL2L11 (BIM) transcription,0.0,pathway
FOXO-mediated transcription of cell death genes,0.0,pathway
meiosis I,0.0,biological_process
Unicameral bone cyst,0.0,effect/phenotype
regulation of developmental pigmentation,0.0,biological_process
Arthralgia,0.0,effect/phenotype
Angina pectoris,0.0,effect/phenotype
Type IV atherosclerotic lesion,0.0,effect/phenotype
Myopathy,0.0,effect/phenotype
Progressive loss of facial adipose tissue,0.0,effect/phenotype
Microscopic hematuria,0.0,effect/phenotype
Abnormality of complement system,0.0,immune_effect/phenotype
Calf muscle pseudohypertrophy,0.0,effect/phenotype
Hyperbilirubinemia,0.0,effect/phenotype
Pedal edema,0.0,effect/phenotype
Abnormality of metabolism/homeostasis,0.0,effect/phenotype
Abnormality of the coagulation cascade,0.0,effect/phenotype
Tetany,0.0,effect/phenotype
Exocrine pancreatic insufficiency,0.0,effect/phenotype
Chronic hepatitis,0.0,effect/phenotype
Hyperthyroidism,0.0,effect/phenotype
Keratoconjunctivitis,0.0,effect/phenotype
Multifactorial inheritance,0.0,effect/phenotype
Decreased serum complement C3,0.0,immune_effect/phenotype
Overweight,0.0,effect/phenotype
Sparse eyelashes,0.0,effect/phenotype
Absent knee epiphyses,0.0,effect/phenotype
Menometrorrhagia,0.0,effect/phenotype
Hematuria,0.0,effect/phenotype
Neoplasm of the larynx,0.0,effect/phenotype
Gingivitis,0.0,effect/phenotype
Parkinsonism,0.0,effect/phenotype
Generalized hirsutism,0.0,effect/phenotype
Generalized hyperpigmentation,0.0,immune_effect/phenotype
Panniculitis,0.0,effect/phenotype
Astrocytoma,0.0,effect/phenotype
Hepatic encephalopathy,0.0,effect/phenotype
Bone pain,0.0,effect/phenotype
Metabolic alkalosis,0.0,effect/phenotype
Severe periodontitis,0.0,effect/phenotype
Gangrene,0.0,effect/phenotype
Premature loss of permanent teeth,0.0,effect/phenotype
Lymphocytosis,0.0,immune_effect/phenotype
TBXA2R,0.0,gene/protein
ATG16L2,0.0,gene/protein
FGF9,0.0,gene/protein
PXN,0.0,gene/protein
CCNYL1,0.0,gene/protein
GEMIN5,0.0,gene/protein
GRIN2D,0.0,gene/protein
STK38L,0.0,gene/protein
Short humerus,0.0,effect/phenotype
NF2,0.0,gene/protein
MAP4K2,0.0,gene/protein
PRL,0.0,gene/protein
QRFP,0.0,gene/protein
PRPF19,0.0,gene/protein
DCAF10,0.0,gene/protein
SNAP29,0.0,gene/protein
OXSR1,0.0,gene/protein
H2BC7,0.0,gene/protein
WDR27,0.0,gene/protein
WDR75,0.0,gene/protein
IREB2,0.0,gene/protein
PPP2R5E,0.0,gene/protein
TSSK6,0.0,gene/protein
SLK,0.0,gene/protein
CPLX2,0.0,gene/protein
ZFYVE28,0.0,gene/protein
PPME1,0.0,gene/protein
WDFY4,0.0,gene/protein
SNORA78,0.0,gene/protein
WDSUB1,0.0,gene/protein
LY6E,0.0,gene/protein
WDR45,0.0,gene/protein
PLCB1,0.0,gene/protein
STRADA,0.0,gene/protein
THAP7,0.0,gene/protein
IL27RA,0.0,gene/protein
FGF17,0.0,gene/protein
SEC31B,0.0,gene/protein
AURKC,0.0,gene/protein
ROCK2,0.0,gene/protein
RPS19,0.0,gene/protein
IFRD2,0.0,gene/protein
WASF2,0.0,gene/protein
CCDC163,0.0,gene/protein
TRAF5,0.0,gene/protein
FIBP,0.0,gene/protein
IL6R,0.0,gene/protein
CDC42BPG,0.0,gene/protein
PES1,0.0,gene/protein
DSTYK,0.0,gene/protein
PTPRC,0.0,gene/protein
IL3,0.0,gene/protein
SNX6,0.0,gene/protein
ACAD8,0.0,gene/protein
ST3GAL2,0.0,gene/protein
PARD3,0.0,gene/protein
SERBP1,0.0,gene/protein
UFD1,0.0,gene/protein
PPP2R2A,0.0,gene/protein
PPFIA1,0.0,gene/protein
FEM1A,0.0,gene/protein
DYRK4,0.0,gene/protein
SRSF10,0.0,gene/protein
RHOU,0.0,gene/protein
PANK4,0.0,gene/protein
RFC4,0.0,gene/protein
MEF2A,0.0,gene/protein
HERC1,0.0,gene/protein
TNFRSF19,0.0,gene/protein
DENR,0.0,gene/protein
SLC12A2,0.0,gene/protein
WSB1,0.0,gene/protein
NRDC,0.0,gene/protein
CTDSP2,0.0,gene/protein
EEF1E1,0.0,gene/protein
Moyamoya phenomenon,0.0,effect/phenotype
Short 1st metacarpal,0.0,effect/phenotype
Thin clavicles,0.0,effect/phenotype
Narrow chest,0.0,effect/phenotype
High pitched voice,0.0,effect/phenotype
Shoulder flexion contracture,0.0,effect/phenotype
Microtia,0.0,effect/phenotype
Tetralogy of Fallot,0.0,effect/phenotype
RAB36,0.0,gene/protein
MRPL40,0.0,gene/protein
PRKAG2,0.0,gene/protein
PRKD2,0.0,gene/protein
TAF5,0.0,gene/protein
TSSK3,0.0,gene/protein
YTHDC1,0.0,gene/protein
ZFYVE9,0.0,gene/protein
Long palm,0.0,effect/phenotype
PHKG2,0.0,gene/protein
Enlarged metaphyses,0.0,effect/phenotype
Gray matter heterotopia,0.0,effect/phenotype
Abnormality of the pinna,0.0,effect/phenotype
Sparse scalp hair,0.0,effect/phenotype
Renal cyst,0.0,effect/phenotype
Knee flexion contracture,0.0,effect/phenotype
Hip dislocation,0.0,effect/phenotype
Platyspondyly,0.0,effect/phenotype
Abnormality of female external genitalia,0.0,effect/phenotype
Hyperkeratosis,0.0,effect/phenotype
Limb undergrowth,0.0,effect/phenotype
Hypoplastic scapulae,0.0,effect/phenotype
Limited elbow extension,0.0,effect/phenotype
Narrow pelvis bone,0.0,effect/phenotype
Short distal phalanx of finger,0.0,effect/phenotype
Areas of hypopigmentation and hyperpigmentation that do not follow Blaschko lines,0.0,immune_effect/phenotype
Microdontia,0.0,effect/phenotype
Tibial bowing,0.0,effect/phenotype
Elbow flexion contracture,0.0,effect/phenotype
UBE2G2,0.0,gene/protein
WDR12,0.0,gene/protein
C1orf159,0.0,gene/protein
CCNY,0.0,gene/protein
CEP290,0.0,gene/protein
SMU1,0.0,gene/protein
AAAS,0.0,gene/protein
WDR37,0.0,gene/protein
Nail dysplasia,0.0,effect/phenotype
NTHL1,0.0,gene/protein
GNB1L,0.0,gene/protein
ERBIN,0.0,gene/protein
UTRN,0.0,gene/protein
TXK,0.0,gene/protein
HCFC1R1,0.0,gene/protein
TESK1,0.0,gene/protein
RNF167,0.0,gene/protein
CDK13,0.0,gene/protein
WIPI1,0.0,gene/protein
AKAP5,0.0,gene/protein
Radial bowing,0.0,effect/phenotype
Ulnar bowing,0.0,effect/phenotype
Hypoplastic iliac wing,0.0,effect/phenotype
Flared metaphysis,0.0,effect/phenotype
Proximal femoral epiphysiolysis,0.0,effect/phenotype
ITGA4,0.0,gene/protein
TICAM2,0.0,gene/protein
ITFG2,0.0,gene/protein
SLA2,0.0,gene/protein
RSPH14,0.0,gene/protein
C21orf62-AS1,0.0,gene/protein
IL5,0.0,gene/protein
PREB,0.0,gene/protein
DHH,0.0,gene/protein
PIAS4,0.0,gene/protein
SEPTIN5,0.0,gene/protein
RPL13A,0.0,gene/protein
AKTIP,0.0,gene/protein
CD68,0.0,gene/protein
DDC,0.0,gene/protein
CD72,0.0,gene/protein
DSP,0.0,gene/protein
SCP2,0.0,gene/protein
SMPD1,0.0,gene/protein
CASP9,0.0,gene/protein
execution phase of apoptosis,0.0,biological_process
Moderate sensorineural hearing impairment,0.0,effect/phenotype
CASP14,0.0,gene/protein
DDX3X,0.0,gene/protein
UBE2L3,0.0,gene/protein
LRRK2,0.0,gene/protein
Recurrent cutaneous fungal infections,0.0,effect/phenotype
PARP10,0.0,gene/protein
DBNL,0.0,gene/protein
OTUD7B,0.0,gene/protein
GZMH,0.0,gene/protein
ITGB8,0.0,gene/protein
EPS15,0.0,gene/protein
PSG1,0.0,gene/protein
FNTA,0.0,gene/protein
LTBP1,0.0,gene/protein
PSG9,0.0,gene/protein
DRD2,0.0,gene/protein
PBX3,0.0,gene/protein
PLTP,0.0,gene/protein
MIR4482,0.0,gene/protein
MIR7704,0.0,gene/protein
MIR8061,0.0,gene/protein
MIR6803,0.0,gene/protein
Abnormal glucose homeostasis,0.0,effect/phenotype
TMEM155,0.0,gene/protein
MIR1260A,0.0,gene/protein
MIR1228,0.0,gene/protein
MRC1,0.0,gene/protein
AQP1,0.0,gene/protein
IGFBP2,0.0,gene/protein
NMNAT2,0.0,gene/protein
PNPLA6,0.0,gene/protein
Abnormal peripheral nervous system morphology,0.0,effect/phenotype
EPO,0.0,gene/protein
BBS1,0.0,gene/protein
BBS2,0.0,gene/protein
CA4,0.0,gene/protein
NOL3,0.0,gene/protein
PRTFDC1,0.0,gene/protein
RBP3,0.0,gene/protein
CHM,0.0,gene/protein
CNGB1,0.0,gene/protein
CNGA1,0.0,gene/protein
GUCA1B,0.0,gene/protein
PDE6B,0.0,gene/protein
ABHD12,0.0,gene/protein
GUCY2D,0.0,gene/protein
LYPD3,0.0,gene/protein
Wide nasal base,0.0,effect/phenotype
Camptodactyly,0.0,effect/phenotype
CD163,0.0,gene/protein
Abnormality of the endocrine system,0.0,effect/phenotype
EIF2S3,0.0,gene/protein
MIR2116,0.0,gene/protein
MIR6741,0.0,gene/protein
IGFALS,0.0,gene/protein
MIR3173,0.0,gene/protein
MIR1260B,0.0,gene/protein
MIR4516,0.0,gene/protein
NRL,0.0,gene/protein
PDE6A,0.0,gene/protein
PDE6G,0.0,gene/protein
pituitary gigantism,0.0,disease
autosomal recessive ataxia due to PEX10 deficiency,0.0,disease
HSD11B1,0.0,gene/protein
MIR1301,0.0,gene/protein
DLD,0.0,gene/protein
PSMB7,0.0,gene/protein
UBE3C,0.0,gene/protein
BRCA2,0.0,gene/protein
MMP14,0.0,gene/protein
MMP10,0.0,gene/protein
ZNF148,0.0,gene/protein
MT2A,0.0,gene/protein
FMOD,0.0,gene/protein
AZGP1,0.0,gene/protein
CTSD,0.0,gene/protein
COL1A2,0.0,gene/protein
CLDN4,0.0,gene/protein
SEMA3F,0.0,gene/protein
PSMB2,0.0,gene/protein
HSD17B10,0.0,gene/protein
CD63,0.0,gene/protein
PSMB4,0.0,gene/protein
ISL1,0.0,gene/protein
PGR,0.0,gene/protein
ELF4,0.0,gene/protein
ENO2,0.0,gene/protein
SEPTIN1,0.0,gene/protein
HLA-DRB3,0.0,gene/protein
FBL,0.0,gene/protein
COL13A1,0.0,gene/protein
PSMB10,0.0,gene/protein
CHD1,0.0,gene/protein
PRMT2,0.0,gene/protein
BRS3,0.0,gene/protein
PEPD,0.0,gene/protein
FNTB,0.0,gene/protein
FANCE,0.0,gene/protein
VWA5A,0.0,gene/protein
NFKBIB,0.0,gene/protein
ZFAND5,0.0,gene/protein
GTF2F2,0.0,gene/protein
CD33,0.0,gene/protein
CDC5L,0.0,gene/protein
TXNL1,0.0,gene/protein
PIP4K2A,0.0,gene/protein
AP2A1,0.0,gene/protein
APEH,0.0,gene/protein
DAPK3,0.0,gene/protein
GPR35,0.0,gene/protein
ECH1,0.0,gene/protein
FASN,0.0,gene/protein
PDGFB,0.0,gene/protein
DYSF,0.0,gene/protein
UBTF,0.0,gene/protein
MYO6,0.0,gene/protein
FCGR1A,0.0,gene/protein
CNR2,0.0,gene/protein
CLDN9,0.0,gene/protein
FGF23,0.0,gene/protein
SLC16A2,0.0,gene/protein
FGFR2,0.0,gene/protein
KCNK5,0.0,gene/protein
TNFSF14,0.0,gene/protein
Autistic behavior,0.0,effect/phenotype
Broad philtrum,0.0,effect/phenotype
Talipes equinovarus,0.0,effect/phenotype
Delayed eruption of teeth,0.0,effect/phenotype
Dental crowding,0.0,effect/phenotype
Regulation of necroptotic cell death,0.0,pathway
Apraxia,0.0,effect/phenotype
Cerebral cortical atrophy,0.0,effect/phenotype
Broad face,0.0,effect/phenotype
Scanning speech,0.0,effect/phenotype
Dysphonia,0.0,effect/phenotype
Erectile dysfunction,0.0,effect/phenotype
Prominent forehead,0.0,effect/phenotype
Thick vermilion border,0.0,effect/phenotype
TRIF-dependent toll-like receptor signaling pathway,0.0,biological_process
Clinodactyly,0.0,effect/phenotype
MT1F,0.0,gene/protein
SEMA4A,0.0,gene/protein
MED21,0.0,gene/protein
Defective RIPK1-mediated regulated necrosis,0.0,pathway
CRADD,0.0,gene/protein
CASP8AP2,0.0,gene/protein
H4-16,0.0,gene/protein
BEX1,0.0,gene/protein
MAK,0.0,gene/protein
NUCB2,0.0,gene/protein
FasL/ CD95L signaling,0.0,pathway
Apoptotic execution phase,0.0,pathway
positive regulation of protein insertion into mitochondrial membrane involved in apoptotic signaling pathway,0.0,biological_process
positive regulation of macrophage differentiation,0.0,biological_process
activation of cysteine-type endopeptidase activity,0.0,biological_process
positive regulation of proteolysis,0.0,biological_process
TRAIL  signaling,0.0,pathway
positive regulation of neuron death,0.0,biological_process
adenylate cyclase-activating dopamine receptor signaling pathway,0.0,biological_process
PKA activation in glucagon signalling,0.0,pathway
TCL1A,0.0,gene/protein
ATP7A,0.0,gene/protein
USP9Y,0.0,gene/protein
POLR1B,0.0,gene/protein
Glucagon signaling in metabolic regulation,0.0,pathway
regulation of insulin secretion involved in cellular response to glucose stimulus,0.0,biological_process
PLP2,0.0,gene/protein
HBP1,0.0,gene/protein
ILK,0.0,gene/protein
PLIN4,0.0,gene/protein
TLR3-mediated TICAM1-dependent programmed cell death,0.0,pathway
MAPKAPK2,0.0,gene/protein
TPM2,0.0,gene/protein
ATP2A3,0.0,gene/protein
TRNE,0.0,gene/protein
PRMT5,0.0,gene/protein
GZMB,0.0,gene/protein
SULT1A1,0.0,gene/protein
IGBP1,0.0,gene/protein
VSIG2,0.0,gene/protein
NAA10,0.0,gene/protein
SCN2B,0.0,gene/protein
ZNRF1,0.0,gene/protein
CA14,0.0,gene/protein
TCP1,0.0,gene/protein
TCL1B,0.0,gene/protein
MED20,0.0,gene/protein
ANG,0.0,gene/protein
LIMS1,0.0,gene/protein
CISH,0.0,gene/protein
PSAT1,0.0,gene/protein
LLGL2,0.0,gene/protein
RBBP7,0.0,gene/protein
PRKCI,0.0,gene/protein
ERRFI1,0.0,gene/protein
CD274,0.0,gene/protein
PSMD9,0.0,gene/protein
MED17,0.0,gene/protein
PSMD7,0.0,gene/protein
NRIP1,0.0,gene/protein
HCFC1,0.0,gene/protein
MPDZ,0.0,gene/protein
MSL3,0.0,gene/protein
PBX2,0.0,gene/protein
OPRM1,0.0,gene/protein
SH3BP4,0.0,gene/protein
NRF1,0.0,gene/protein
MED12,0.0,gene/protein
RARB,0.0,gene/protein
RORC,0.0,gene/protein
THRB,0.0,gene/protein
EWSR1,0.0,gene/protein
SRSF2,0.0,gene/protein
SRSF6,0.0,gene/protein
ABCB11,0.0,gene/protein
ARL3,0.0,gene/protein
CSN3,0.0,gene/protein
Dimerization of procaspase-8,0.0,pathway
suppression by virus of host cysteine-type endopeptidase activity involved in apoptotic process,0.0,biological_process
SORBS2,0.0,gene/protein
TRAIL-activated apoptotic signaling pathway,0.0,biological_process
cAMP biosynthetic process,0.0,biological_process
activation of protein kinase A activity,0.0,biological_process
glycogen biosynthetic process,0.0,biological_process
activation of GTPase activity,0.0,biological_process
FAT3,0.0,gene/protein
PPIF,0.0,gene/protein
PNPLA3,0.0,gene/protein
AKT1S1,0.0,gene/protein
WIPF1,0.0,gene/protein
STEAP4,0.0,gene/protein
response to cobalt ion,0.0,biological_process
adenylate cyclase-inhibiting G protein-coupled receptor signaling pathway,0.0,biological_process
PRPF31,0.0,gene/protein
IFT172,0.0,gene/protein
FLVCR1,0.0,gene/protein
SCAPER,0.0,gene/protein
IMPG2,0.0,gene/protein
SPATA7,0.0,gene/protein
KIZ,0.0,gene/protein
FSCN2,0.0,gene/protein
GPX3,0.0,gene/protein
IFT88,0.0,gene/protein
OFD1,0.0,gene/protein
PROM1,0.0,gene/protein
RP2,0.0,gene/protein
PTF1A,0.0,gene/protein
HYMAI,0.0,gene/protein
Neonatal insulin-dependent diabetes mellitus,0.0,effect/phenotype
IER3IP1,0.0,gene/protein
RFX6,0.0,gene/protein
BEST1,0.0,gene/protein
PIP5K1C,0.0,gene/protein
SH3RF1,0.0,gene/protein
NSMCE4A,0.0,gene/protein
SCGB2A2,0.0,gene/protein
Cutaneous abscess,0.0,effect/phenotype
SLC19A2,0.0,gene/protein
NEUROG3,0.0,gene/protein
NKX2-2,0.0,gene/protein
CNBP,0.0,gene/protein
CTF1,0.0,gene/protein
Abnormal waist to hip ratio,0.0,effect/phenotype
Mode of inheritance,0.0,effect/phenotype
TRNK,0.0,gene/protein
NEIL1,0.0,gene/protein
METRNL,0.0,gene/protein
ATM,0.0,gene/protein
ADCY5,0.0,gene/protein
FAS,0.0,gene/protein
MNX1,0.0,gene/protein
FGF8,0.0,gene/protein
CXCL1,0.0,gene/protein
FGFR4,0.0,gene/protein
C1QB,0.0,gene/protein
AGPAT2,0.0,gene/protein
ZFP57,0.0,gene/protein
MC4R,0.0,gene/protein
TRNL1,0.0,gene/protein
SIK2,0.0,gene/protein
POFUT1,0.0,gene/protein
EDC3,0.0,gene/protein
MYO5A,0.0,gene/protein
NADE modulates death signalling,0.0,pathway
cellular response to forskolin,0.0,biological_process
G protein-coupled adenosine receptor signaling pathway,0.0,biological_process
adenylate cyclase-inhibiting dopamine receptor signaling pathway,0.0,biological_process
DRC1,0.0,gene/protein
CMC4,0.0,gene/protein
PDK1,0.0,gene/protein
XYLT1,0.0,gene/protein
HOMER1,0.0,gene/protein
MAST2,0.0,gene/protein
TAOK3,0.0,gene/protein
CCDC116,0.0,gene/protein
DYRK2,0.0,gene/protein
SH2D4B,0.0,gene/protein
PAXBP1,0.0,gene/protein
CXCL3,0.0,gene/protein
PCSK4,0.0,gene/protein
PPP4R3B,0.0,gene/protein
TXNRD2,0.0,gene/protein
SCYL3,0.0,gene/protein
SETD2,0.0,gene/protein
TRIM33,0.0,gene/protein
CORO7,0.0,gene/protein
HIPK3,0.0,gene/protein
WDTC1,0.0,gene/protein
FNBP4,0.0,gene/protein
STK16,0.0,gene/protein
P2RX6,0.0,gene/protein
CCR10,0.0,gene/protein
SH2D2A,0.0,gene/protein
EML4,0.0,gene/protein
WDR89,0.0,gene/protein
SNHG9,0.0,gene/protein
NUDCD1,0.0,gene/protein
UBE2S,0.0,gene/protein
FGR,0.0,gene/protein
KATNB1,0.0,gene/protein
APH1A,0.0,gene/protein
LAMTOR2,0.0,gene/protein
WEE1,0.0,gene/protein
DGCR2,0.0,gene/protein
CDK20,0.0,gene/protein
CDK19,0.0,gene/protein
MCPH1,0.0,gene/protein
PPP1R1B,0.0,gene/protein
UBE2W,0.0,gene/protein
WDR1,0.0,gene/protein
PRAG1,0.0,gene/protein
HUS1,0.0,gene/protein
GRK4,0.0,gene/protein
hypothalamus development,0.0,biological_process
AP1M2,0.0,gene/protein
NUMB,0.0,gene/protein
WDR47,0.0,gene/protein
TAOK1,0.0,gene/protein
SH2D3C,0.0,gene/protein
PCIF1,0.0,gene/protein
CDK5R1,0.0,gene/protein
EVL,0.0,gene/protein
MAPKBP1,0.0,gene/protein
GDF11,0.0,gene/protein
STAP2,0.0,gene/protein
PPP1R2,0.0,gene/protein
WDR48,0.0,gene/protein
WDR5,0.0,gene/protein
YPEL1,0.0,gene/protein
CHMP4A,0.0,gene/protein
ULK4,0.0,gene/protein
STK38,0.0,gene/protein
PPP1R9B,0.0,gene/protein
PIK3CB,0.0,gene/protein
PRKACG,0.0,gene/protein
H1-4,0.0,gene/protein
STON2,0.0,gene/protein
WDR31,0.0,gene/protein
H4C13,0.0,gene/protein
PHF19,0.0,gene/protein
SHE,0.0,gene/protein
ARID4B,0.0,gene/protein
WRAP73,0.0,gene/protein
GAK,0.0,gene/protein
IL22,0.0,gene/protein
Spotty hypopigmentation,0.0,immune_effect/phenotype
Abnormal hair whorl,0.0,effect/phenotype
Broad hallux,0.0,effect/phenotype
Hypointensity of cerebral white matter on MRI,0.0,effect/phenotype
Almond-shaped palpebral fissure,0.0,effect/phenotype
Rocker bottom foot,0.0,effect/phenotype
Triphalangeal thumb,0.0,effect/phenotype
Shawl scrotum,0.0,effect/phenotype
OSM,0.0,gene/protein
Thickened ears,0.0,effect/phenotype
Sparse hair,0.0,effect/phenotype
Caesarian section,0.0,effect/phenotype
Gait imbalance,0.0,effect/phenotype
Talipes cavus equinovarus,0.0,effect/phenotype
Sleep-wake cycle disturbance,0.0,effect/phenotype
Flat occiput,0.0,effect/phenotype
Short digit,0.0,effect/phenotype
Nasolacrimal duct obstruction,0.0,effect/phenotype
Mild neurosensory hearing impairment,0.0,effect/phenotype
Widened subarachnoid space,0.0,effect/phenotype
Hypoplasia of the musculature,0.0,effect/phenotype
Developmental cataract,0.0,effect/phenotype
Large fontanelles,0.0,effect/phenotype
Thick eyebrow,0.0,effect/phenotype
Thick nasal alae,0.0,effect/phenotype
2-3 toe syndactyly,0.0,effect/phenotype
Regional abnormality of skin,0.0,effect/phenotype
Long palpebral fissure,0.0,effect/phenotype
Equinovarus deformity,0.0,effect/phenotype
"Intellectual disability, profound",0.0,effect/phenotype
Joint stiffness,0.0,effect/phenotype
Abnormality of chromosome segregation,0.0,effect/phenotype
Hernia of the abdominal wall,0.0,effect/phenotype
Hypoplastic nasal bridge,0.0,effect/phenotype
Congenital hip dislocation,0.0,effect/phenotype
Prominent coccyx,0.0,effect/phenotype
Meckel diverticulum,0.0,effect/phenotype
Chronic otitis media,0.0,effect/phenotype
Tetraparesis,0.0,effect/phenotype
TUBGCP5,0.0,gene/protein
ELP1,0.0,gene/protein
FBXW9,0.0,gene/protein
SV2A,0.0,gene/protein
Prominent protruding coccyx,0.0,effect/phenotype
Depressed nasal tip,0.0,effect/phenotype
Camptodactyly of finger,0.0,effect/phenotype
Severe postnatal growth retardation,0.0,effect/phenotype
EEG abnormality,0.0,effect/phenotype
Developmental regression,0.0,effect/phenotype
Periorbital fullness,0.0,effect/phenotype
Self-injurious behavior,0.0,effect/phenotype
Abnormality of the basal ganglia,0.0,effect/phenotype
High-frequency hearing impairment,0.0,effect/phenotype
Dandy-Walker malformation,0.0,effect/phenotype
Increased serum lactate,0.0,effect/phenotype
Decreased muscle mass,0.0,effect/phenotype
Sparse body hair,0.0,effect/phenotype
Non-midline cleft lip,0.0,effect/phenotype
Broad columella,0.0,effect/phenotype
Contractures of the large joints,0.0,effect/phenotype
Severe muscular hypotonia,0.0,effect/phenotype
Abnormality of dental morphology,0.0,effect/phenotype
Incomprehensible speech,0.0,effect/phenotype
Abnormal hair pattern,0.0,effect/phenotype
Oral-pharyngeal dysphagia,0.0,effect/phenotype
Down-sloping shoulders,0.0,effect/phenotype
Toe syndactyly,0.0,effect/phenotype
Short palm,0.0,effect/phenotype
Sacral dimple,0.0,effect/phenotype
Eczema,0.0,effect/phenotype
Abnormality of earlobe,0.0,effect/phenotype
Broad chin,0.0,effect/phenotype
Toenail dysplasia,0.0,effect/phenotype
Abnormality of the septum pellucidum,0.0,effect/phenotype
Open bite,0.0,effect/phenotype
positive regulation of vascular associated smooth muscle cell proliferation,0.0,biological_process
Apoptotic cleavage of cellular proteins,0.0,pathway
Apoptosis induced DNA fragmentation,0.0,pathway
GRIPAP1,0.0,gene/protein
BIRC7,0.0,gene/protein
Signaling by Hippo,0.0,pathway
regulation of extrinsic apoptotic signaling pathway via death domain receptors,0.0,biological_process
regulation of innate immune response,0.0,biological_process
SIT1,0.0,gene/protein
natural killer cell activation,0.0,biological_process
modulation by virus of host cellular process,0.0,biological_process
syncytiotrophoblast cell differentiation involved in labyrinthine layer development,0.0,biological_process
self proteolysis,0.0,biological_process
proteolysis involved in cellular protein catabolic process,0.0,biological_process
pyroptosis,0.0,biological_process
Congenital onset,0.0,effect/phenotype
MTCP1,0.0,gene/protein
"Activation, myristolyation of BID and translocation to mitochondria",0.0,pathway
FBXW2,0.0,gene/protein
CYB5D1,0.0,gene/protein
SFRP2,0.0,gene/protein
TGFB3,0.0,gene/protein
estrous cycle,0.0,biological_process
PML body organization,0.0,biological_process
CNTNAP1,0.0,gene/protein
SLC25A11,0.0,gene/protein
positive regulation of leukocyte adhesion to arterial endothelial cell,0.0,biological_process
CD200,0.0,gene/protein
NFKBIE,0.0,gene/protein
IL1A,0.0,gene/protein
MEFV,0.0,gene/protein
BARD1,0.0,gene/protein
IL12B,0.0,gene/protein
ALCAM,0.0,gene/protein
PDE8A,0.0,gene/protein
GFI1,0.0,gene/protein
PLCG2,0.0,gene/protein
CASP8 activity is inhibited,0.0,pathway
Regulation by c-FLIP,0.0,pathway
TRIF-mediated programmed cell death,0.0,pathway
Caspase-mediated cleavage of cytoskeletal proteins,0.0,pathway
Caspase activation via Death Receptors in the presence of ligand,0.0,pathway
NOD1/2 Signaling Pathway,0.0,pathway
DCC,0.0,gene/protein
IFT57,0.0,gene/protein
ATF4,0.0,gene/protein
Long philtrum,0.0,effect/phenotype
Relative macrocephaly,0.0,effect/phenotype
Short palpebral fissure,0.0,effect/phenotype
SMAC (DIABLO) binds to IAPs ,0.0,pathway
SMAC(DIABLO)-mediated dissociation of IAP:caspase complexes ,0.0,pathway
ACACB,0.0,gene/protein
ARR3,0.0,gene/protein
MX1,0.0,gene/protein
AHR,0.0,gene/protein
apoptotic signaling pathway,0.0,biological_process
CAMK2D,0.0,gene/protein
ADRA2A,0.0,gene/protein
KLF9,0.0,gene/protein
LMO2,0.0,gene/protein
DDX1,0.0,gene/protein
APBA2,0.0,gene/protein
DNAH6,0.0,gene/protein
DAO,0.0,gene/protein
RIPK1-mediated regulated necrosis,0.0,pathway
AGA,0.0,gene/protein
FOXA3,0.0,gene/protein
COL8A1,0.0,gene/protein
NFIC,0.0,gene/protein
IMPDH1,0.0,gene/protein
CXCL2,0.0,gene/protein
DHX9,0.0,gene/protein
DUT,0.0,gene/protein
regulation of necroptotic process,0.0,biological_process
ATP6AP1,0.0,gene/protein
CDKL3,0.0,gene/protein
FLT1,0.0,gene/protein
KIFAP3,0.0,gene/protein
PPP2R5B,0.0,gene/protein
PWP1,0.0,gene/protein
CHCHD4,0.0,gene/protein
SOCS4,0.0,gene/protein
BRSK1,0.0,gene/protein
APH1B,0.0,gene/protein
STK25,0.0,gene/protein
SAV1,0.0,gene/protein
NKD1,0.0,gene/protein
CD2AP,0.0,gene/protein
MAST3,0.0,gene/protein
MARK3,0.0,gene/protein
PPIL2,0.0,gene/protein
RFWD3,0.0,gene/protein
LRSAM1,0.0,gene/protein
PHF13,0.0,gene/protein
RFX1,0.0,gene/protein
UBE2U,0.0,gene/protein
ULK2,0.0,gene/protein
ORMDL3,0.0,gene/protein
FER,0.0,gene/protein
UBE2G1,0.0,gene/protein
VRK3,0.0,gene/protein
PPP2R5D,0.0,gene/protein
RPL12,0.0,gene/protein
FBXL19-AS1,0.0,gene/protein
USP5,0.0,gene/protein
LSM3,0.0,gene/protein
TANGO2,0.0,gene/protein
DCAF4,0.0,gene/protein
H2AC11,0.0,gene/protein
POLDIP3,0.0,gene/protein
NEDD9,0.0,gene/protein
STT3A,0.0,gene/protein
WDR61,0.0,gene/protein
ZZZ3,0.0,gene/protein
PNKD,0.0,gene/protein
ITGA2,0.0,gene/protein
PPP2R5C,0.0,gene/protein
DCAF8,0.0,gene/protein
PPP1CC,0.0,gene/protein
MAP3K4,0.0,gene/protein
MRPL24,0.0,gene/protein
FLT4,0.0,gene/protein
SNORD33,0.0,gene/protein
DNAAF10,0.0,gene/protein
Cytokine storm,0.0,immune_effect/phenotype
cell motility,0.0,biological_process
NUP43,0.0,gene/protein
IL26,0.0,gene/protein
TULP4,0.0,gene/protein
RPL13AP5,0.0,gene/protein
SUPT5H,0.0,gene/protein
SNRK,0.0,gene/protein
FRAT1,0.0,gene/protein
PKN2,0.0,gene/protein
WDR90,0.0,gene/protein
BUB3,0.0,gene/protein
SEC13,0.0,gene/protein
response to laminar fluid shear stress,0.0,biological_process
PRPF40A,0.0,gene/protein
RHOQ,0.0,gene/protein
CIT,0.0,gene/protein
PDE4D,0.0,gene/protein
SPRY2,0.0,gene/protein
RAP1B,0.0,gene/protein
SH3BP5,0.0,gene/protein
WDR24,0.0,gene/protein
WDR35,0.0,gene/protein
regulation of extracellular matrix disassembly,0.0,biological_process
positive regulation of cellular component movement,0.0,biological_process
YDJC,0.0,gene/protein
cellular response to copper ion,0.0,biological_process
Synthesis of (16-20)-hydroxyeicosatetraenoic acids (HETE),0.0,pathway
DOCK7,0.0,gene/protein
PTN,0.0,gene/protein
ZFYVE1,0.0,gene/protein
PTPRB,0.0,gene/protein
TUBB2A,0.0,gene/protein
AP5S1,0.0,gene/protein
ear development,0.0,biological_process
CNOT11,0.0,gene/protein
OSGEP,0.0,gene/protein
COMMD9,0.0,gene/protein
ANAPC2,0.0,gene/protein
protein insertion into membrane,0.0,biological_process
negative regulation of cardiocyte differentiation,0.0,biological_process
NCF4,0.0,gene/protein
Aromatic amines can be N-hydroxylated or N-dealkylated by CYP1A2,0.0,pathway
POLR3F,0.0,gene/protein
IARS1,0.0,gene/protein
histamine secretion,0.0,biological_process
PFKL,0.0,gene/protein
DNAJC13,0.0,gene/protein
EXOC4,0.0,gene/protein
ACOT9,0.0,gene/protein
EIF2B5,0.0,gene/protein
NUMBL,0.0,gene/protein
steroid catabolic process,0.0,biological_process
PPHLN1,0.0,gene/protein
G0S2,0.0,gene/protein
RAS processing,0.0,pathway
STAT5 activation downstream of FLT3 ITD mutants,0.0,pathway
fertilization,0.0,biological_process
negative regulation of intrinsic apoptotic signaling pathway in response to DNA damage,0.0,biological_process
apoptotic process in bone marrow cell,0.0,biological_process
RIC3,0.0,gene/protein
CRYAA,0.0,gene/protein
SHC4,0.0,gene/protein
SPATA25,0.0,gene/protein
positive regulation of cell motility,0.0,biological_process
positive regulation of vesicle fusion,0.0,biological_process
BOLA1,0.0,gene/protein
RRP1,0.0,gene/protein
TFPT,0.0,gene/protein
SSNA1,0.0,gene/protein
CTNS,0.0,gene/protein
PDS5A,0.0,gene/protein
CFL2,0.0,gene/protein
FAAP100,0.0,gene/protein
THUMPD1,0.0,gene/protein
RETREG2,0.0,gene/protein
RMND1,0.0,gene/protein
HOXC13,0.0,gene/protein
COQ7,0.0,gene/protein
MZF1,0.0,gene/protein
PHKB,0.0,gene/protein
TMEM50B,0.0,gene/protein
GLOD4,0.0,gene/protein
RHBDD2,0.0,gene/protein
GNLY,0.0,gene/protein
BLOC1S1,0.0,gene/protein
MFSD1,0.0,gene/protein
WDR81,0.0,gene/protein
FBXW4P1,0.0,gene/protein
MAP1S,0.0,gene/protein
cellular response to high light intensity,0.0,biological_process
INTS2,0.0,gene/protein
ABCG8,0.0,gene/protein
TMX1,0.0,gene/protein
FBF1,0.0,gene/protein
C17orf75,0.0,gene/protein
METTL13,0.0,gene/protein
GPD1L,0.0,gene/protein
APOA5,0.0,gene/protein
HEXA-AS1,0.0,gene/protein
neural crest cell migration,0.0,biological_process
LARP1,0.0,gene/protein
monocarboxylic acid metabolic process,0.0,biological_process
RBM5,0.0,gene/protein
FECH,0.0,gene/protein
ABHD16A,0.0,gene/protein
Biosynthesis of maresin-like SPMs,0.0,pathway
monoterpenoid metabolic process,0.0,biological_process
RGS4,0.0,gene/protein
exogenous drug catabolic process,0.0,biological_process
enteric smooth muscle cell differentiation,0.0,biological_process
positive regulation of penile erection,0.0,biological_process
negative regulation of neuron maturation,0.0,biological_process
regulation of fever generation,0.0,biological_process
VPS8,0.0,gene/protein
CIP2A,0.0,gene/protein
regulation of epithelial cell proliferation,0.0,biological_process
toxin biosynthetic process,0.0,biological_process
SYNGR2,0.0,gene/protein
ARL5B,0.0,gene/protein
cGMP-mediated signaling,0.0,biological_process
macrophage chemotaxis,0.0,biological_process
response to prostaglandin F,0.0,biological_process
rhythmic excitation,0.0,biological_process
cellular response to mineralocorticoid stimulus,0.0,biological_process
peptide hormone secretion,0.0,biological_process
EXOC1,0.0,gene/protein
prostaglandin biosynthetic process,0.0,biological_process
positive regulation of cell growth involved in cardiac muscle cell development,0.0,biological_process
positive regulation of hormone secretion,0.0,biological_process
response to dexamethasone,0.0,biological_process
maternal process involved in parturition,0.0,biological_process
protein kinase C deactivation,0.0,biological_process
positive regulation of prostaglandin-endoperoxide synthase activity,0.0,biological_process
positive regulation of prostaglandin secretion,0.0,biological_process
regulation of sensory perception of pain,0.0,biological_process
endothelin receptor signaling pathway,0.0,biological_process
heterocycle metabolic process,0.0,biological_process
omega-hydroxylase P450 pathway,0.0,biological_process
epoxygenase P450 pathway,0.0,biological_process
porphyrin-containing compound metabolic process,0.0,biological_process
CORO1B,0.0,gene/protein
HSPH1,0.0,gene/protein
Urinary retention,0.0,effect/phenotype
cell population proliferation,0.0,biological_process
vasoconstriction,0.0,biological_process
BNIP5,0.0,gene/protein
TPT1,0.0,gene/protein
positive regulation of cell size,0.0,biological_process
KNTC1,0.0,gene/protein
ARFGEF1,0.0,gene/protein
GNA11,0.0,gene/protein
SNRPD2,0.0,gene/protein
CLTCL1,0.0,gene/protein
LRRK1,0.0,gene/protein
EDRF1,0.0,gene/protein
positive regulation of neutrophil chemotaxis,0.0,biological_process
middle ear morphogenesis,0.0,biological_process
positive regulation of smooth muscle contraction,0.0,biological_process
positive regulation of odontogenesis,0.0,biological_process
alkaloid metabolic process,0.0,biological_process
drug catabolic process,0.0,biological_process
dibenzo-p-dioxin metabolic process,0.0,biological_process
PGAM5,0.0,gene/protein
response to aldosterone,0.0,biological_process
Synthesis of epoxy (EET) and dihydroxyeicosatrienoic acids (DHET),0.0,pathway
Aflatoxin activation and detoxification,0.0,pathway
drug metabolic process,0.0,biological_process
retinol metabolic process,0.0,biological_process
long-chain fatty acid biosynthetic process,0.0,biological_process
Biosynthesis of protectins,0.0,pathway
aflatoxin metabolic process,0.0,biological_process
NOXO1,0.0,gene/protein
activation of phospholipase A2 activity by calcium-mediated signaling,0.0,biological_process
positive regulation of NAD(P)H oxidase activity,0.0,biological_process
LONP1,0.0,gene/protein
GNS,0.0,gene/protein
MCOLN1,0.0,gene/protein
AMDHD2,0.0,gene/protein
TRMO,0.0,gene/protein
DNPH1,0.0,gene/protein
MARCHF8,0.0,gene/protein
RALGAPA1,0.0,gene/protein
DHCR7,0.0,gene/protein
TRIAP1,0.0,gene/protein
NCOA5,0.0,gene/protein
CIDECP1,0.0,gene/protein
TSSK4,0.0,gene/protein
RNASEK,0.0,gene/protein
ATXN1L,0.0,gene/protein
RBM42,0.0,gene/protein
CNPPD1,0.0,gene/protein
COMMD4,0.0,gene/protein
feeding behavior,0.0,biological_process
GIPR,0.0,gene/protein
APPBP2,0.0,gene/protein
CYBB,0.0,gene/protein
CEBPE,0.0,gene/protein
GLYR1,0.0,gene/protein
PHF23,0.0,gene/protein
AP5Z1,0.0,gene/protein
SPPL3,0.0,gene/protein
ABT1,0.0,gene/protein
COX4I1,0.0,gene/protein
DZANK1,0.0,gene/protein
RIF1,0.0,gene/protein
GTF2H1,0.0,gene/protein
SLC35A5,0.0,gene/protein
RPUSD4,0.0,gene/protein
ARMT1,0.0,gene/protein
GABARAP,0.0,gene/protein
SDR39U1,0.0,gene/protein
HEXA,0.0,gene/protein
FAHD1,0.0,gene/protein
TRMT61B,0.0,gene/protein
PPP2R3C,0.0,gene/protein
CLCN6,0.0,gene/protein
NEURL4,0.0,gene/protein
PIP4P1,0.0,gene/protein
ZNF212,0.0,gene/protein
SRP54,0.0,gene/protein
BATF3,0.0,gene/protein
DNTTIP1,0.0,gene/protein
DDX51,0.0,gene/protein
GATC,0.0,gene/protein
MDP1,0.0,gene/protein
LAMTOR1,0.0,gene/protein
CEP162,0.0,gene/protein
PIGU,0.0,gene/protein
TSN,0.0,gene/protein
ATG3,0.0,gene/protein
UTP25,0.0,gene/protein
EMC3,0.0,gene/protein
UBAP2,0.0,gene/protein
PPP1R3E,0.0,gene/protein
NAGPA,0.0,gene/protein
ABHD4,0.0,gene/protein
SEC14L3,0.0,gene/protein
GALNS,0.0,gene/protein
JPH4,0.0,gene/protein
SPATA5L1,0.0,gene/protein
PDXDC1,0.0,gene/protein
NDUFAF1,0.0,gene/protein
TUBB2B,0.0,gene/protein
ZNF133,0.0,gene/protein
HOXA7,0.0,gene/protein
SNX12,0.0,gene/protein
SS18L1,0.0,gene/protein
CWC25,0.0,gene/protein
TIMM29,0.0,gene/protein
GPN3,0.0,gene/protein
carbohydrate transport,0.0,biological_process
positive regulation of mitochondrial membrane potential,0.0,biological_process
positive regulation of protein targeting to membrane,0.0,biological_process
FSHR,0.0,gene/protein
SPRR2A,0.0,gene/protein
retinal rod cell apoptotic process,0.0,biological_process
Fas signaling pathway,0.0,biological_process
positive regulation of calcium ion import,0.0,biological_process
FAM91A1,0.0,gene/protein
TMEM120A,0.0,gene/protein
ALG8,0.0,gene/protein
TEAD2,0.0,gene/protein
CBLC,0.0,gene/protein
ABCB5,0.0,gene/protein
KDELR2,0.0,gene/protein
TEX11,0.0,gene/protein
positive regulation of cysteine-type endopeptidase activity involved in apoptotic signaling pathway,0.0,biological_process
POLK,0.0,gene/protein
CHRM5,0.0,gene/protein
TBC1D7,0.0,gene/protein
S100A1,0.0,gene/protein
NSA2,0.0,gene/protein
KLHL12,0.0,gene/protein
MBD4,0.0,gene/protein
SSU72,0.0,gene/protein
KRIT1,0.0,gene/protein
OPRD1,0.0,gene/protein
MPTX1,0.0,gene/protein
negative regulation of heart contraction,0.0,biological_process
ABHD11,0.0,gene/protein
UFSP2,0.0,gene/protein
intracellular protein transmembrane transport,0.0,biological_process
FAIM2,0.0,gene/protein
positive regulation of apoptotic signaling pathway,0.0,biological_process
motor neuron apoptotic process,0.0,biological_process
COX6A1,0.0,gene/protein
Cyclin D associated events in G1,0.0,pathway
Regulation of RUNX1 Expression and Activity,0.0,pathway
"Defective binding of RB1 mutants to E2F1,(E2F2, E2F3)",0.0,pathway
adult locomotory behavior,0.0,biological_process
regulation of cyclin-dependent protein serine/threonine kinase activity,0.0,biological_process
SERTAD1,0.0,gene/protein
cellular response to X-ray,0.0,biological_process
POLR3D,0.0,gene/protein
FBXL2,0.0,gene/protein
Bradycardia,0.0,effect/phenotype
negative regulation of execution phase of apoptosis,0.0,biological_process
MEP1A,0.0,gene/protein
protein kinase A signaling,0.0,biological_process
COL6A2,0.0,gene/protein
BNIPL,0.0,gene/protein
BCLAF1,0.0,gene/protein
HRK,0.0,gene/protein
Colonic inertia,0.0,effect/phenotype
EPHB2,0.0,gene/protein
DOK5,0.0,gene/protein
NSMCE2,0.0,gene/protein
ATP5PO,0.0,gene/protein
SUMF1,0.0,gene/protein
TP53 Regulates Transcription of Death Receptors and Ligands,0.0,pathway
cellular response to hyperoxia,0.0,biological_process
regulation of stress-activated MAPK cascade,0.0,biological_process
ARF5,0.0,gene/protein
regulation of cardiac muscle contraction by calcium ion signaling,0.0,biological_process
RHOBTB3,0.0,gene/protein
SLC2A12,0.0,gene/protein
RCHY1,0.0,gene/protein
Hyperkinetic movements,0.0,effect/phenotype
TP53AIP1,0.0,gene/protein
ZNF507,0.0,gene/protein
mitotic cell cycle phase transition,0.0,biological_process
FGFR3,0.0,gene/protein
regulation of the force of heart contraction,0.0,biological_process
activation-induced cell death of T cells,0.0,biological_process
ULK3,0.0,gene/protein
LEAP2,0.0,gene/protein
MDH1,0.0,gene/protein
SYN1,0.0,gene/protein
TSTD2,0.0,gene/protein
ARPC5,0.0,gene/protein
STX17,0.0,gene/protein
SH3BGRL3,0.0,gene/protein
head development,0.0,biological_process
IGKC,0.0,gene/protein
RAB18,0.0,gene/protein
PIK3C2A,0.0,gene/protein
TNC,0.0,gene/protein
ERBB4,0.0,gene/protein
SH2D3A,0.0,gene/protein
SH3D21,0.0,gene/protein
SGPL1,0.0,gene/protein
XPO7,0.0,gene/protein
CBY3,0.0,gene/protein
MGST2,0.0,gene/protein
RBKS,0.0,gene/protein
VAMP5,0.0,gene/protein
SCAF11,0.0,gene/protein
SH3BGRL,0.0,gene/protein
TNS3,0.0,gene/protein
EREG,0.0,gene/protein
TBC1D9,0.0,gene/protein
EIF4G2,0.0,gene/protein
PNPLA2,0.0,gene/protein
DNAAF5,0.0,gene/protein
RAPGEF1,0.0,gene/protein
RBM10,0.0,gene/protein
MPV17,0.0,gene/protein
negative regulation of Notch signaling pathway,0.0,biological_process
H2AC18,0.0,gene/protein
cellular response to gamma radiation,0.0,biological_process
ATXN10,0.0,gene/protein
METTL23,0.0,gene/protein
negative regulation of smooth muscle cell apoptotic process,0.0,biological_process
respiratory gaseous exchange by respiratory system,0.0,biological_process
neural crest cell development,0.0,biological_process
body fluid secretion,0.0,biological_process
response to cycloheximide,0.0,biological_process
RTN1,0.0,gene/protein
BCL2L14,0.0,gene/protein
DNAJB11,0.0,gene/protein
UHRF2,0.0,gene/protein
mitochondrion morphogenesis,0.0,biological_process
suppression by virus of host apoptotic process,0.0,biological_process
regulation of growth,0.0,biological_process
SHC2,0.0,gene/protein
EXOC8,0.0,gene/protein
CMTM8,0.0,gene/protein
RAPH1,0.0,gene/protein
NDFIP2,0.0,gene/protein
regulation of cytokinesis,0.0,biological_process
hepatocyte apoptotic process,0.0,biological_process
ZHX1,0.0,gene/protein
apoptotic mitochondrial changes,0.0,biological_process
MTIF3,0.0,gene/protein
MUC4,0.0,gene/protein
CYTH2,0.0,gene/protein
PRKD1,0.0,gene/protein
GABARAPL2,0.0,gene/protein
ITPR2,0.0,gene/protein
PTPRH,0.0,gene/protein
EPS8,0.0,gene/protein
HOXC10,0.0,gene/protein
ITSN2,0.0,gene/protein
NPR2,0.0,gene/protein
SCAMP3,0.0,gene/protein
KCNN1,0.0,gene/protein
PLD2,0.0,gene/protein
GORAB,0.0,gene/protein
PDK3,0.0,gene/protein
MOGAT3,0.0,gene/protein
PEX13,0.0,gene/protein
NSMCE1,0.0,gene/protein
CDC42BPA,0.0,gene/protein
ANXA9,0.0,gene/protein
DHRS3,0.0,gene/protein
ZNF184,0.0,gene/protein
SLC16A3,0.0,gene/protein
MED7,0.0,gene/protein
PLG,0.0,gene/protein
DLGAP4,0.0,gene/protein
HNMT,0.0,gene/protein
type B pancreatic cell development,0.0,biological_process
SLC36A3,0.0,gene/protein
regulation of cholesterol metabolic process,0.0,biological_process
CELA3B,0.0,gene/protein
NUCKS1,0.0,gene/protein
KLC4,0.0,gene/protein
phospholipid homeostasis,0.0,biological_process
SLC28A1,0.0,gene/protein
TJAP1,0.0,gene/protein
MYH7,0.0,gene/protein
SLCO2B1,0.0,gene/protein
GIPC2,0.0,gene/protein
PLEKHG6,0.0,gene/protein
CITED2,0.0,gene/protein
TMBIM1,0.0,gene/protein
PUS10,0.0,gene/protein
FOXO6,0.0,gene/protein
DIDO1,0.0,gene/protein
TMEM150A,0.0,gene/protein
PLPP2,0.0,gene/protein
POMT2,0.0,gene/protein
GABBR2,0.0,gene/protein
KNL1,0.0,gene/protein
LBX2,0.0,gene/protein
LAMA5,0.0,gene/protein
SPTSSA,0.0,gene/protein
KHK,0.0,gene/protein
RAB5B,0.0,gene/protein
TMCO3,0.0,gene/protein
regulation of triglyceride metabolic process,0.0,biological_process
GRINA,0.0,gene/protein
RCAN2,0.0,gene/protein
GNGT2,0.0,gene/protein
CNIH4,0.0,gene/protein
TOMM6,0.0,gene/protein
P4HTM,0.0,gene/protein
MAN1A1,0.0,gene/protein
STX16,0.0,gene/protein
AFMID,0.0,gene/protein
NEU4,0.0,gene/protein
TRIM15,0.0,gene/protein
SMYD5,0.0,gene/protein
ALG11,0.0,gene/protein
CLIP4,0.0,gene/protein
LIME1,0.0,gene/protein
ANP32B,0.0,gene/protein
GAS1,0.0,gene/protein
ornithine metabolic process,0.0,biological_process
PNRC1,0.0,gene/protein
PAX8,0.0,gene/protein
SUB1,0.0,gene/protein
SYNJ2,0.0,gene/protein
TMBIM6,0.0,gene/protein
SLC2A4RG,0.0,gene/protein
SEPTIN9,0.0,gene/protein
B3GALT1,0.0,gene/protein
C18orf32,0.0,gene/protein
TMEM147,0.0,gene/protein
MT-ATP6,0.0,gene/protein
SYNGR4,0.0,gene/protein
PGRMC1,0.0,gene/protein
SLC15A4,0.0,gene/protein
CCDC142,0.0,gene/protein
response to endothelin,0.0,biological_process
ANKS1A,0.0,gene/protein
PDP1,0.0,gene/protein
ANKS1B,0.0,gene/protein
KCTD9P2,0.0,gene/protein
ILKAP,0.0,gene/protein
negative regulation of blood coagulation,0.0,biological_process
branching involved in blood vessel morphogenesis,0.0,biological_process
WASF3,0.0,gene/protein
TUFM,0.0,gene/protein
PICALM,0.0,gene/protein
CHD5,0.0,gene/protein
positive regulation of urine volume,0.0,biological_process
phospholipase C-activating G protein-coupled receptor signaling pathway,0.0,biological_process
positive regulation of renal sodium excretion,0.0,biological_process
STIP1,0.0,gene/protein
DNAJA1,0.0,gene/protein
dorsal/ventral pattern formation,0.0,biological_process
NDFIP1,0.0,gene/protein
TUBB6,0.0,gene/protein
PKN3,0.0,gene/protein
MGARP,0.0,gene/protein
RAB3A,0.0,gene/protein
GOT1,0.0,gene/protein
MT-CO2,0.0,gene/protein
midgut development,0.0,biological_process
epithelial fluid transport,0.0,biological_process
response to osmotic stress,0.0,biological_process
ERBB2 signaling pathway,0.0,biological_process
positive regulation of DNA replication,0.0,biological_process
regulation of peptidyl-tyrosine phosphorylation,0.0,biological_process
magnesium ion homeostasis,0.0,biological_process
VAV2,0.0,gene/protein
artery smooth muscle contraction,0.0,biological_process
membrane depolarization,0.0,biological_process
S100A7,0.0,gene/protein
peptidyl-tyrosine autophosphorylation,0.0,biological_process
SH3GL3,0.0,gene/protein
SCGB1D4,0.0,gene/protein
ERCC2,0.0,gene/protein
CNTN2,0.0,gene/protein
posterior midgut development,0.0,biological_process
PIN4,0.0,gene/protein
EXOC5,0.0,gene/protein
peripheral nervous system development,0.0,biological_process
BTAF1,0.0,gene/protein
Impaired neutrophil bactericidal activity,0.0,immune_effect/phenotype
Impaired T cell function,0.0,immune_effect/phenotype
Poor wound healing,0.0,effect/phenotype
PIGT,0.0,gene/protein
MT-CO1,0.0,gene/protein
MT-ND1,0.0,gene/protein
VPS11,0.0,gene/protein
MTX1,0.0,gene/protein
negative regulation of adenylate cyclase activity,0.0,biological_process
smooth muscle contraction,0.0,biological_process
PTPN18,0.0,gene/protein
NIBAN2,0.0,gene/protein
response to salt,0.0,biological_process
positive regulation of cardiac muscle hypertrophy,0.0,biological_process
vein smooth muscle contraction,0.0,biological_process
phospholipase D-activating G protein-coupled receptor signaling pathway,0.0,biological_process
inositol phosphate-mediated signaling,0.0,biological_process
positive regulation of signaling receptor activity,0.0,biological_process
SPTLC1,0.0,gene/protein
positive regulation of cytosolic calcium ion concentration involved in phospholipase C-activating G protein-coupled signaling pathway,0.0,biological_process
response to pain,0.0,biological_process
enteric nervous system development,0.0,biological_process
regulation of pH,0.0,biological_process
positive regulation of chemokine-mediated signaling pathway,0.0,biological_process
leukocyte activation,0.0,biological_process
NANS,0.0,gene/protein
HTR3A,0.0,gene/protein
KRT5,0.0,gene/protein
negative regulation of nitric-oxide synthase biosynthetic process,0.0,biological_process
UROD,0.0,gene/protein
FES,0.0,gene/protein
DOK6,0.0,gene/protein
SCN11A,0.0,gene/protein
nitric oxide transport,0.0,biological_process
AOPEP,0.0,gene/protein
KCNJ4,0.0,gene/protein
SLC5A1,0.0,gene/protein
FAH,0.0,gene/protein
ST8SIA4,0.0,gene/protein
OAZ1,0.0,gene/protein
EXOC2,0.0,gene/protein
viral life cycle,0.0,biological_process
tongue development,0.0,biological_process
response to hydroxyisoflavone,0.0,biological_process
EPGN,0.0,gene/protein
regulation of cell motility,0.0,biological_process
ANKRD13D,0.0,gene/protein
RIN2,0.0,gene/protein
CNOT9,0.0,gene/protein
DNAJC4,0.0,gene/protein
DCBLD2,0.0,gene/protein
PTPN20,0.0,gene/protein
DCTN2,0.0,gene/protein
cellular response to reactive oxygen species,0.0,biological_process
CCDC50,0.0,gene/protein
DNAJA2,0.0,gene/protein
KCTD9,0.0,gene/protein
AKAP12,0.0,gene/protein
PFKP,0.0,gene/protein
ROR1,0.0,gene/protein
ERCC1,0.0,gene/protein
EXOC3,0.0,gene/protein
SGSM2,0.0,gene/protein
FRAT2,0.0,gene/protein
SH3GL2,0.0,gene/protein
ANKRD13B,0.0,gene/protein
RIOK1,0.0,gene/protein
SEC61B,0.0,gene/protein
response to UV-A,0.0,biological_process
positive regulation of phosphorylation,0.0,biological_process
XRN2,0.0,gene/protein
HSPA2,0.0,gene/protein
RPN1,0.0,gene/protein
"positive regulation of synaptic transmission, glutamatergic",0.0,biological_process
SPCS2,0.0,gene/protein
EEA1,0.0,gene/protein
KCND3,0.0,gene/protein
RGS16,0.0,gene/protein
TBRG4,0.0,gene/protein
activation of phospholipase C activity,0.0,biological_process
HNRNPK,0.0,gene/protein
RUSC2,0.0,gene/protein
HNRNPH1,0.0,gene/protein
GBF1,0.0,gene/protein
positive regulation of mucus secretion,0.0,biological_process
translation,0.0,biological_process
H2AX,0.0,gene/protein
EIF2B3,0.0,gene/protein
PTPRT,0.0,gene/protein
SOS2,0.0,gene/protein
ASAP3,0.0,gene/protein
XPOT,0.0,gene/protein
TOM1L1,0.0,gene/protein
H2AC19,0.0,gene/protein
regulation of phosphatidylinositol 3-kinase signaling,0.0,biological_process
ovulation cycle,0.0,biological_process
PLSCR1,0.0,gene/protein
PTPN7,0.0,gene/protein
MATR3,0.0,gene/protein
LAPTM4B,0.0,gene/protein
GPRC5A,0.0,gene/protein
OSMR,0.0,gene/protein
ATXN2,0.0,gene/protein
regulation of ERK1 and ERK2 cascade,0.0,biological_process
Frontal balding,0.0,effect/phenotype
Optic nerve hypoplasia,0.0,effect/phenotype
Abnormally large globe,0.0,effect/phenotype
Short nose,0.0,effect/phenotype
Hypertonia,0.0,effect/phenotype
Macrotia,0.0,effect/phenotype
Preauricular skin tag,0.0,effect/phenotype
Enuresis,0.0,effect/phenotype
ZNF280A,0.0,gene/protein
Retractile testis,0.0,effect/phenotype
Extrapyramidal muscular rigidity,0.0,effect/phenotype
Weak voice,0.0,effect/phenotype
Calcaneovalgus deformity,0.0,effect/phenotype
Wide mouth,0.0,effect/phenotype
Thick lower lip vermilion,0.0,effect/phenotype
Restlessness,0.0,effect/phenotype
Furrowed tongue,0.0,effect/phenotype
Peripheral pulmonary artery stenosis,0.0,effect/phenotype
Posterior staphyloma,0.0,effect/phenotype
Hypopigmentation of the fundus,0.0,immune_effect/phenotype
Thoracic kyphosis,0.0,effect/phenotype
Prominent supraorbital ridges,0.0,effect/phenotype
Long toe,0.0,effect/phenotype
Abnormal left ventricle morphology,0.0,effect/phenotype
Hyperactivity,0.0,effect/phenotype
Cortical dysplasia,0.0,effect/phenotype
Anal atresia,0.0,effect/phenotype
Atonic seizure,0.0,effect/phenotype
Polymicrogyria,0.0,effect/phenotype
Mood swings,0.0,effect/phenotype
Bulbous nose,0.0,effect/phenotype
Simplified gyral pattern,0.0,effect/phenotype
Abnormal position of hair whorl,0.0,effect/phenotype
Dilation of lateral ventricles,0.0,effect/phenotype
Abnormality of the Leydig cells,0.0,effect/phenotype
Abnormal cardiac ventricular function,0.0,effect/phenotype
High forehead,0.0,effect/phenotype
Alacrima,0.0,effect/phenotype
Trigonocephaly,0.0,effect/phenotype
Overlapping toe,0.0,effect/phenotype
Small nail,0.0,effect/phenotype
Round face,0.0,effect/phenotype
Supernumerary nipple,0.0,effect/phenotype
Hypoplasia of the maxilla,0.0,effect/phenotype
Talipes calcaneovarus,0.0,effect/phenotype
Lower limb hypertonia,0.0,effect/phenotype
"Intellectual disability, progressive",0.0,effect/phenotype
Joint laxity,0.0,effect/phenotype
Diastema,0.0,effect/phenotype
Plagiocephaly,0.0,effect/phenotype
Talipes valgus,0.0,effect/phenotype
Hydrocele testis,0.0,effect/phenotype
Shyness,0.0,effect/phenotype
Pulmonary valve atresia,0.0,effect/phenotype
Square face,0.0,effect/phenotype
Urinary incontinence,0.0,effect/phenotype
Patchy alopecia,0.0,effect/phenotype
Generalized myoclonic seizure,0.0,effect/phenotype
Generalized non-motor (absence) seizure,0.0,effect/phenotype
Long face,0.0,effect/phenotype
Striae distensae,0.0,effect/phenotype
Childhood onset,0.0,effect/phenotype
Sandal gap,0.0,effect/phenotype
Preauricular pit,0.0,effect/phenotype
Low frustration tolerance,0.0,effect/phenotype
Double outlet right ventricle,0.0,effect/phenotype
Bilateral talipes equinovarus,0.0,effect/phenotype
Neutropenia,0.0,immune_effect/phenotype
Absent Achilles reflex,0.0,effect/phenotype
Holoprosencephaly,0.0,effect/phenotype
Unilateral vocal cord paralysis,0.0,effect/phenotype
Progressive spastic paraplegia,0.0,effect/phenotype
Aggressive behavior,0.0,effect/phenotype
Status epilepticus,0.0,effect/phenotype
Mitral stenosis,0.0,effect/phenotype
Pseudobulbar paralysis,0.0,effect/phenotype
Hyperactive patellar reflex,0.0,effect/phenotype
Arnold-Chiari type I malformation,0.0,effect/phenotype
Confetti-like hypopigmented macules,0.0,immune_effect/phenotype
Bilateral cryptorchidism,0.0,effect/phenotype
Ebstein anomaly of the tricuspid valve,0.0,effect/phenotype
Immotile cilia,0.0,effect/phenotype
Posterior subcapsular cataract,0.0,effect/phenotype
Red-green dyschromatopsia,0.0,effect/phenotype
Pallor,0.0,effect/phenotype
Cystoid macular edema,0.0,effect/phenotype
Posterior polar cataract,0.0,effect/phenotype
Hyperautofluorescent retinal lesion,0.0,effect/phenotype
Retinal pigment epithelial atrophy,0.0,immune_effect/phenotype
Progressive visual loss,0.0,effect/phenotype
Abnormality of retinal pigmentation,0.0,immune_effect/phenotype
Photoreceptor layer loss on macular OCT,0.0,effect/phenotype
Geographic atrophy,0.0,effect/phenotype
Abnormal light- and dark-adapted electroretinogram,0.0,effect/phenotype
Fundus atrophy,0.0,effect/phenotype
Progressive night blindness,0.0,effect/phenotype
Abnormality of skin pigmentation,0.0,immune_effect/phenotype
Chorioretinal atrophy,0.0,effect/phenotype
Visual field defect,0.0,effect/phenotype
Chorioretinal degeneration,0.0,effect/phenotype
Peripheral visual field loss,0.0,effect/phenotype
Tricuspid regurgitation,0.0,effect/phenotype
Color vision defect,0.0,effect/phenotype
Macular atrophy,0.0,effect/phenotype
Undetectable light- and dark-adapted electroretinogram,0.0,effect/phenotype
Macular edema,0.0,effect/phenotype
Epicanthus inversus,0.0,effect/phenotype
Cupped ear,0.0,effect/phenotype
Craniosynostosis,0.0,effect/phenotype
Spastic diplegia,0.0,effect/phenotype
Attenuation of retinal blood vessels,0.0,effect/phenotype
Bone spicule pigmentation of the retina,0.0,immune_effect/phenotype
Long fingers,0.0,effect/phenotype
Long hallux,0.0,effect/phenotype
Recurrent fractures,0.0,effect/phenotype
Hyperextensibility of the finger joints,0.0,effect/phenotype
Peripheral retinal atrophy,0.0,effect/phenotype
Synostosis involving the 1st metacarpal,0.0,effect/phenotype
Infantile constant exotropia,0.0,effect/phenotype
Anterior pituitary hypoplasia,0.0,effect/phenotype
Photopsia,0.0,effect/phenotype
Abnormality of fundus pigmentation,0.0,immune_effect/phenotype
Decreased light- and dark-adapted electroretinogram amplitude,0.0,effect/phenotype
Retinal arteriolar constriction,0.0,effect/phenotype
Abnormal light-adapted flicker electroretinogram,0.0,effect/phenotype
Intrahepatic bile duct dilatation,0.0,effect/phenotype
Retinal thinning,0.0,effect/phenotype
Postaxial polydactyly,0.0,effect/phenotype
Tritanomaly,0.0,effect/phenotype
Cystoid macular degeneration,0.0,effect/phenotype
Mixed astigmatism,0.0,immune_effect/phenotype
Abnormal electroretinogram,0.0,effect/phenotype
Macular coloboma,0.0,effect/phenotype
Peripapillary atrophy,0.0,effect/phenotype
Poor coordination,0.0,effect/phenotype
Rod-cone dystrophy,0.0,effect/phenotype
Undetectable electroretinogram,0.0,effect/phenotype
Triangular face,0.0,effect/phenotype
Stereotypy,0.0,effect/phenotype
Narrow palm,0.0,effect/phenotype
Cone/cone-rod dystrophy,0.0,effect/phenotype
Retinal flecks,0.0,effect/phenotype
Retinal detachment,0.0,effect/phenotype
Drusen,0.0,effect/phenotype
Peripapillary chorioretinal atrophy,0.0,effect/phenotype
Cone dystrophy,0.0,effect/phenotype
Profound hearing impairment,0.0,effect/phenotype
Narrow face,0.0,effect/phenotype
Growth abnormality,0.0,effect/phenotype
Central scotoma,0.0,effect/phenotype
ADAM32,0.0,gene/protein
GIMAP5,0.0,gene/protein
Hypoplasia of the femoral head,0.0,effect/phenotype
Anorexia,0.0,effect/phenotype
Elevated erythrocyte sedimentation rate,0.0,effect/phenotype
Chorioretinal coloboma,0.0,effect/phenotype
Narrow forehead,0.0,effect/phenotype
Pruritus,0.0,effect/phenotype
Aphasia,0.0,effect/phenotype
Abnormal bronchus physiology,0.0,effect/phenotype
Lymphadenopathy,0.0,immune_effect/phenotype
Hypoalbuminemia,0.0,effect/phenotype
Spastic tetraplegia,0.0,effect/phenotype
Wormian bones,0.0,effect/phenotype
Short philtrum,0.0,effect/phenotype
Recurrent gastroenteritis,0.0,effect/phenotype
Defective T cell proliferation,0.0,immune_effect/phenotype
Dislocation of the femoral head,0.0,effect/phenotype
Hypotelorism,0.0,effect/phenotype
Downslanted palpebral fissures,0.0,effect/phenotype
Decreased testicular size,0.0,effect/phenotype
Sporadic,0.0,effect/phenotype
Cleft palate,0.0,effect/phenotype
Wide nose,0.0,effect/phenotype
Small hand,0.0,effect/phenotype
Large beaked nose,0.0,effect/phenotype
KLHL10,0.0,gene/protein
Feeding difficulties,0.0,effect/phenotype
Hypercholesterolemia,0.0,effect/phenotype
Short foot,0.0,effect/phenotype
positive regulation of apoptotic process by virus,0.0,biological_process
RHPN2,0.0,gene/protein
male gonad development,0.0,biological_process
cellular response to glucocorticoid stimulus,0.0,biological_process
Salmonella osteomyelitis,0.0,effect/phenotype
DYNLL2,0.0,gene/protein
Joint hypermobility,0.0,effect/phenotype
Encephalitis,0.0,effect/phenotype
Herpes simplex encephalitis,0.0,effect/phenotype
Recurrent viral infections,0.0,effect/phenotype
Histiocytosis,0.0,immune_effect/phenotype
HIP1,0.0,gene/protein
TNFRSF10A,0.0,gene/protein
CCNL1,0.0,gene/protein
P4HA3,0.0,gene/protein
Increased circulating IgG level,0.0,immune_effect/phenotype
Conductive hearing impairment,0.0,effect/phenotype
AP3M1,0.0,gene/protein
anterograde synaptic vesicle transport,0.0,biological_process
AP3M2,0.0,gene/protein
Golgi to vacuole transport,0.0,biological_process
RNF13,0.0,gene/protein
odontogenesis of dentin-containing tooth,0.0,biological_process
CARD9,0.0,gene/protein
spleen development,0.0,biological_process
Decreased mean corpuscular volume,0.0,effect/phenotype
Night sweats,0.0,effect/phenotype
protein insertion into mitochondrial membrane involved in apoptotic signaling pathway,0.0,biological_process
ANKLE2,0.0,gene/protein
positive regulation of intrinsic apoptotic signaling pathway,0.0,biological_process
apoptotic process involved in embryonic digit morphogenesis,0.0,biological_process
thymocyte apoptotic process,0.0,biological_process
positive regulation of release of cytochrome c from mitochondria,0.0,biological_process
FEM1C,0.0,gene/protein
Enlarged mesenteric lymph node,0.0,immune_effect/phenotype
QDPR,0.0,gene/protein
SERPINB5,0.0,gene/protein
cell-matrix adhesion,0.0,biological_process
positive regulation of fibroblast apoptotic process,0.0,biological_process
positive regulation of autophagy in response to ER overload,0.0,biological_process
Decreased specific pneumococcal antibody level,0.0,immune_effect/phenotype
Rheumatoid factor positive,0.0,immune_effect/phenotype
Increased proportion of transitional B cells,0.0,immune_effect/phenotype
Increased circulating IgM level,0.0,immune_effect/phenotype
DYNLRB1,0.0,gene/protein
Laryngomalacia,0.0,effect/phenotype
Abnormality of the respiratory system,0.0,effect/phenotype
Chronic atrophic gastritis,0.0,effect/phenotype
Poor speech,0.0,effect/phenotype
Sideroblastic anemia,0.0,effect/phenotype
Fine hair,0.0,effect/phenotype
Refractory anemia with ringed sideroblasts,0.0,effect/phenotype
Abnormal erythrocyte morphology,0.0,effect/phenotype
Prominent nose,0.0,effect/phenotype
Erythroid hyperplasia,0.0,effect/phenotype
Hypoplastic ischia,0.0,effect/phenotype
Severe short stature,0.0,effect/phenotype
Dysharmonic delayed bone age,0.0,effect/phenotype
Vascular dilatation,0.0,effect/phenotype
Ventriculomegaly,0.0,effect/phenotype
Thin long bone diaphyses,0.0,effect/phenotype
Flat sella turcica,0.0,effect/phenotype
Elevated hepatic iron concentration,0.0,effect/phenotype
Action tremor,0.0,effect/phenotype
Bradykinesia,0.0,effect/phenotype
Agraphesthesia,0.0,effect/phenotype
Hypomimic face,0.0,effect/phenotype
Joint contracture of the 5th finger,0.0,effect/phenotype
Macroorchidism,0.0,effect/phenotype
Macrocephaly,0.0,effect/phenotype
Thick upper lip vermilion,0.0,effect/phenotype
Hypopigmented skin patches,0.0,immune_effect/phenotype
Hypoplastic pubic bone,0.0,effect/phenotype
Talipes,0.0,effect/phenotype
Minimal subcutaneous fat,0.0,effect/phenotype
Nasal speech,0.0,effect/phenotype
Abnormal cerebral vascular morphology,0.0,effect/phenotype
Arterial stenosis,0.0,effect/phenotype
Narrow palpebral fissure,0.0,effect/phenotype
Reduced number of teeth,0.0,effect/phenotype
Abnormality of the metaphysis,0.0,effect/phenotype
Oligodontia,0.0,effect/phenotype
Psoriasiform dermatitis,0.0,effect/phenotype
Thrombocytopenia,0.0,effect/phenotype
Myelodysplasia,0.0,effect/phenotype
Abnormality of bone marrow cell morphology,0.0,effect/phenotype
Chronic hepatic failure,0.0,effect/phenotype
Gastrointestinal hemorrhage,0.0,effect/phenotype
Neonatal cholestatic liver disease,0.0,effect/phenotype
Congenital hepatic fibrosis,0.0,effect/phenotype
Ulnar deviation of finger,0.0,effect/phenotype
Nyctalopia,0.0,effect/phenotype
Underdeveloped nasal alae,0.0,effect/phenotype
Clinodactyly of the 5th finger,0.0,effect/phenotype
Biparietal narrowing,0.0,effect/phenotype
Hypoplasia of penis,0.0,effect/phenotype
Erythema,0.0,effect/phenotype
Micropenis,0.0,effect/phenotype
Cutaneous photosensitivity,0.0,effect/phenotype
Telangiectasia,0.0,effect/phenotype
Abnormal bleeding,0.0,effect/phenotype
Cone-shaped epiphyses of the phalanges of the hand,0.0,effect/phenotype
Photophobia,0.0,effect/phenotype
Thin vermilion border,0.0,effect/phenotype
Brachycephaly,0.0,effect/phenotype
Low anterior hairline,0.0,effect/phenotype
Bird-like facies,0.0,effect/phenotype
Abnormality of the skeletal system,0.0,effect/phenotype
Aplasia/Hypoplasia of the eyebrow,0.0,effect/phenotype
Thin upper lip vermilion,0.0,effect/phenotype
Hypoplasia of the capital femoral epiphysis,0.0,effect/phenotype
Jaundice,0.0,effect/phenotype
Tracheal stenosis,0.0,effect/phenotype
Joint hyperflexibility,0.0,effect/phenotype
Abnormality of epiphysis morphology,0.0,effect/phenotype
Delayed cranial suture closure,0.0,effect/phenotype
Anisocytosis,0.0,effect/phenotype
Conjugated hyperbilirubinemia,0.0,effect/phenotype
Hypochromia,0.0,effect/phenotype
Aplasia/Hypoplasia of the earlobes,0.0,effect/phenotype
Response of EIF2AK1 (HRI) to heme deficiency,0.0,pathway
regulation of transcription from RNA polymerase II promoter in response to arsenic-containing substance,0.0,biological_process
positive regulation of TRAIL-activated apoptotic signaling pathway,0.0,biological_process
FAM174C,0.0,gene/protein
VPS33A,0.0,gene/protein
PCNA-AS1,0.0,gene/protein
regulation of cardiac muscle cell action potential involved in regulation of contraction,0.0,biological_process
organelle localization by membrane tethering,0.0,biological_process
High myopia,0.0,effect/phenotype
ER-nucleus signaling pathway,0.0,biological_process
TUBA1C,0.0,gene/protein
regulation of cardiac muscle cell membrane potential,0.0,biological_process
cardiac muscle hypertrophy in response to stress,0.0,biological_process
calcium ion import into sarcoplasmic reticulum,0.0,biological_process
autophagosome assembly,0.0,biological_process
regulation of calcium ion-dependent exocytosis of neurotransmitter,0.0,biological_process
relaxation of cardiac muscle,0.0,biological_process
positive regulation of protein kinase C activity,0.0,biological_process
EIF2B1,0.0,gene/protein
ID3,0.0,gene/protein
FBXO33,0.0,gene/protein
CLCN7,0.0,gene/protein
AP1G2,0.0,gene/protein
NGDN,0.0,gene/protein
ZNF76,0.0,gene/protein
CEBPG,0.0,gene/protein
Response of EIF2AK4 (GCN2) to amino acid deficiency,0.0,pathway
ITFG1,0.0,gene/protein
NUBPL,0.0,gene/protein
LRRC29,0.0,gene/protein
SLC38A7,0.0,gene/protein
BOD1,0.0,gene/protein
positive regulation of transcription from RNA polymerase II promoter in response to endoplasmic reticulum stress,0.0,biological_process
GZF1,0.0,gene/protein
ATF4 activates genes in response to endoplasmic reticulum  stress,0.0,pathway
RBM15B,0.0,gene/protein
SNX16,0.0,gene/protein
LAMP1,0.0,gene/protein
RPIA,0.0,gene/protein
NFX1,0.0,gene/protein
APPL2,0.0,gene/protein
CTNNBL1,0.0,gene/protein
ACAD9,0.0,gene/protein
Ankle flexion contracture,0.0,immune_effect/phenotype
Progressive spasticity,0.0,effect/phenotype
skeletal muscle contraction,0.0,biological_process
Gastrostomy tube feeding in infancy,0.0,effect/phenotype
Oral cleft,0.0,effect/phenotype
Cleft upper lip,0.0,effect/phenotype
Preaxial hand polydactyly,0.0,effect/phenotype
Hallux valgus,0.0,effect/phenotype
Macrogyria,0.0,effect/phenotype
Drooling,0.0,effect/phenotype
Left ventricular noncompaction cardiomyopathy,0.0,effect/phenotype
Submucous cleft soft palate,0.0,effect/phenotype
Everted lower lip vermilion,0.0,effect/phenotype
ATP6V0C,0.0,gene/protein
PRORP,0.0,gene/protein
ATP6V1H,0.0,gene/protein
GGCX,0.0,gene/protein
WFDC3,0.0,gene/protein
CCDC124,0.0,gene/protein
RRAGC,0.0,gene/protein
regulation of eIF2 alpha phosphorylation by heme,0.0,biological_process
MRPL55,0.0,gene/protein
Malar flattening,0.0,effect/phenotype
Facial hypotonia,0.0,effect/phenotype
CCNE2,0.0,gene/protein
TRAT1,0.0,gene/protein
Decreased proportion of CD3-positive T cells,0.0,immune_effect/phenotype
autophagosome membrane docking,0.0,biological_process
NPTN,0.0,gene/protein
CRLS1,0.0,gene/protein
GBA,0.0,gene/protein
skeletal muscle cell differentiation,0.0,biological_process
EGFR Transactivation by Gastrin,0.0,pathway
Signal transduction by L1,0.0,pathway
Signaling by EGFR,0.0,pathway
GAB1 signalosome,0.0,pathway
SHC1 events in EGFR signaling,0.0,pathway
electron transport chain,0.0,biological_process
Signaling by ERBB2 TMD/JMD mutants,0.0,pathway
Inhibition of Signaling by Overexpressed EGFR,0.0,pathway
ZNF292,0.0,gene/protein
Signaling by ERBB2,0.0,pathway
Constitutive Signaling by Ligand-Responsive EGFR Cancer Variants,0.0,pathway
Signaling by ERBB4,0.0,pathway
SHC1 events in ERBB2 signaling,0.0,pathway
PLCG1 events in ERBB2 signaling,0.0,pathway
GRB2 events in EGFR signaling,0.0,pathway
FRK,0.0,gene/protein
diterpenoid metabolic process,0.0,biological_process
Constitutive Signaling by EGFRvIII,0.0,pathway
TSR3,0.0,gene/protein
DHX35,0.0,gene/protein
RCBTB1,0.0,gene/protein
CACUL1,0.0,gene/protein
TRAPPC2L,0.0,gene/protein
CREB5,0.0,gene/protein
SLC36A1,0.0,gene/protein
AP4S1,0.0,gene/protein
OLFM1,0.0,gene/protein
Clathrin-mediated endocytosis,0.0,pathway
PTK6 promotes HIF1A stabilization,0.0,pathway
Downregulation of ERBB2 signaling,0.0,pathway
response to calcium ion,0.0,biological_process
membrane organization,0.0,biological_process
ERBB2 Activates PTK6 Signaling,0.0,pathway
positive regulation of bone resorption,0.0,biological_process
TFAP2 (AP-2) family regulates transcription of growth factors and their receptors,0.0,pathway
NOTCH3 Activation and Transmission of Signal to the Nucleus,0.0,pathway
DEXI,0.0,gene/protein
Signaling by ERBB2 ECD mutants,0.0,pathway
SEC22B,0.0,gene/protein
MBOAT1,0.0,gene/protein
OCIAD1,0.0,gene/protein
DHCR24,0.0,gene/protein
mitochondrion-endoplasmic reticulum membrane tethering,0.0,biological_process
transition between fast and slow fiber,0.0,biological_process
sarcoplasmic reticulum calcium ion transport,0.0,biological_process
ERBB2 Regulates Cell Motility,0.0,pathway
TMEM161A,0.0,gene/protein
PALMD,0.0,gene/protein
positive regulation of endoplasmic reticulum calcium ion concentration,0.0,biological_process
VTI1B,0.0,gene/protein
TMCO1,0.0,gene/protein
ESYT2,0.0,gene/protein
SLN,0.0,gene/protein
SLC33A1,0.0,gene/protein
SLC43A3,0.0,gene/protein
TRIM14,0.0,gene/protein
positive regulation of prolactin secretion,0.0,biological_process
hydrogen peroxide metabolic process,0.0,biological_process
negative regulation of ERBB signaling pathway,0.0,biological_process
Cargo recognition for clathrin-mediated endocytosis,0.0,pathway
ATP5PB,0.0,gene/protein
GOLT1B,0.0,gene/protein
YIPF5,0.0,gene/protein
TRIM13,0.0,gene/protein
Signaling by ERBB2 KD Mutants,0.0,pathway
ZBTB40,0.0,gene/protein
HPS5,0.0,gene/protein
GNPTG,0.0,gene/protein
AHNAK,0.0,gene/protein
EXOC7,0.0,gene/protein
EGFR interacts with phospholipase C-gamma,0.0,pathway
PI3K events in ERBB2 signaling,0.0,pathway
GRB2 events in ERBB2 signaling,0.0,pathway
EGFR downregulation,0.0,pathway
NOC4L,0.0,gene/protein
Hypoparathyroidism,0.0,effect/phenotype
Chronic oral candidiasis,0.0,effect/phenotype
Alcoholism,0.0,effect/phenotype
Abnormality of the optic nerve,0.0,effect/phenotype
Permanent atrial fibrillation,0.0,effect/phenotype
Cough,0.0,effect/phenotype
Abnormal blistering of the skin,0.0,effect/phenotype
Shock,0.0,effect/phenotype
Oval face,0.0,effect/phenotype
Abnormality of the spleen,0.0,effect/phenotype
Septic arthritis,0.0,effect/phenotype
Abnormality of exocrine pancreas physiology,0.0,effect/phenotype
Antiphospholipid antibody positivity,0.0,immune_effect/phenotype
Abnormal pulmonary Interstitial morphology,0.0,effect/phenotype
Blurred vision,0.0,effect/phenotype
Intracranial hemorrhage,0.0,effect/phenotype
Abnormal caudate nucleus morphology,0.0,effect/phenotype
Acute infectious pneumonia,0.0,effect/phenotype
Hepatic failure,0.0,effect/phenotype
Blindness,0.0,effect/phenotype
Metabolic acidosis,0.0,effect/phenotype
Bilateral basal ganglia lesions,0.0,effect/phenotype
Abnormal corpus callosum morphology,0.0,effect/phenotype
Confusion,0.0,effect/phenotype
Vomiting,0.0,effect/phenotype
Abnormal globus pallidus morphology,0.0,effect/phenotype
Cholelithiasis,0.0,effect/phenotype
Abnormal rapid eye movement sleep,0.0,effect/phenotype
Hypnagogic hallucinations,0.0,effect/phenotype
Hypnopompic hallucinations,0.0,effect/phenotype
Tympanosclerosis,0.0,effect/phenotype
Abnormal putamen morphology,0.0,effect/phenotype
Reduced visual acuity,0.0,effect/phenotype
Decreased circulating aldosterone level,0.0,effect/phenotype
Chronic active hepatitis,0.0,effect/phenotype
Decreased circulating parathyroid hormone level,0.0,effect/phenotype
Cataplexy,0.0,effect/phenotype
Broad forehead,0.0,effect/phenotype
Slender toe,0.0,effect/phenotype
Abnormal vena cava morphology,0.0,effect/phenotype
Decreased HDL cholesterol concentration,0.0,effect/phenotype
Opacification of the corneal stroma,0.0,effect/phenotype
Adrenal hyperplasia,0.0,effect/phenotype
Tubulointerstitial nephritis,0.0,effect/phenotype
Rheumatoid arthritis,0.0,effect/phenotype
Asplenia,0.0,effect/phenotype
Nail dystrophy,0.0,effect/phenotype
Adrenal insufficiency,0.0,effect/phenotype
Nephrocalcinosis,0.0,effect/phenotype
Primary adrenal insufficiency,0.0,effect/phenotype
Graves disease,0.0,effect/phenotype
Abnormality of the musculature,0.0,effect/phenotype
Abnormality of the thyroid gland,0.0,effect/phenotype
Nummular pigmentation of the fundus,0.0,immune_effect/phenotype
Cortical cataract,0.0,effect/phenotype
Keratoconjunctivitis sicca,0.0,effect/phenotype
Male hypogonadism,0.0,effect/phenotype
Paroxysmal drowsiness,0.0,effect/phenotype
Narcolepsy,0.0,effect/phenotype
Anterior pituitary dysgenesis,0.0,effect/phenotype
Xerostomia,0.0,effect/phenotype
Hypergonadotropic hypogonadism,0.0,effect/phenotype
Abnormal calcium-phosphate regulating hormone level,0.0,effect/phenotype
Alopecia universalis,0.0,effect/phenotype
Brain abscess,0.0,effect/phenotype
Aplasia/Hypoplasia of the spleen,0.0,effect/phenotype
Non-caseating epithelioid cell granulomatosis,0.0,effect/phenotype
Abnormal lung morphology,0.0,effect/phenotype
Parotitis,0.0,effect/phenotype
Osteomyelitis leading to amputation due to slow healing fractures,0.0,effect/phenotype
Foot osteomyelitis,0.0,effect/phenotype
Mandibular osteomyelitis,0.0,effect/phenotype
Carbuncle,0.0,effect/phenotype
Unusual skin infection,0.0,effect/phenotype
Autoimmune antibody positivity,0.0,immune_effect/phenotype
Coronal craniosynostosis,0.0,effect/phenotype
Patchy hypo- and hyperpigmentation,0.0,immune_effect/phenotype
Neonatal hyperbilirubinemia,0.0,effect/phenotype
Lumbar hypertrichosis,0.0,effect/phenotype
Clubbing of toes,0.0,effect/phenotype
Recurrent cutaneous abscess formation,0.0,effect/phenotype
Low hanging columella,0.0,effect/phenotype
Lower extremity joint dislocation,0.0,effect/phenotype
Abnormal eyelash morphology,0.0,effect/phenotype
Chronic constipation,0.0,effect/phenotype
Poor suck,0.0,effect/phenotype
Dyskinesia,0.0,effect/phenotype
Hydronephrosis,0.0,effect/phenotype
Large for gestational age,0.0,effect/phenotype
Tented upper lip vermilion,0.0,effect/phenotype
Poor eye contact,0.0,effect/phenotype
Dysplastic corpus callosum,0.0,effect/phenotype
Obsessive-compulsive behavior,0.0,effect/phenotype
Broad nasal tip,0.0,effect/phenotype
X-linked dominant inheritance,0.0,immune_effect/phenotype
Midface retrusion,0.0,effect/phenotype
Hostility,0.0,effect/phenotype
Localized periodontitis,0.0,effect/phenotype
Recurrent cystitis,0.0,effect/phenotype
Recurrent pyelonephritis,0.0,effect/phenotype
Generalized periodontitis,0.0,effect/phenotype
Death in childhood,0.0,effect/phenotype
Severely reduced visual acuity,0.0,effect/phenotype
Nephropathy,0.0,effect/phenotype
Neonatal hypoglycemia,0.0,effect/phenotype
Abnormal oral glucose tolerance,0.0,effect/phenotype
Pancreatic hypoplasia,0.0,effect/phenotype
Hepatocellular adenoma,0.0,effect/phenotype
Flushing,0.0,effect/phenotype
Azoospermia,0.0,effect/phenotype
Restricted large joint movement,0.0,effect/phenotype
Abnormal insulin level,0.0,effect/phenotype
Increased head circumference,0.0,effect/phenotype
Impulsivity,0.0,effect/phenotype
Pineal cyst,0.0,effect/phenotype
Mild global developmental delay,0.0,effect/phenotype
Deviated nasal septum,0.0,effect/phenotype
Perseveration,0.0,effect/phenotype
Thick corpus callosum,0.0,effect/phenotype
Open mouth,0.0,effect/phenotype
Right ventricular hypertrophy,0.0,effect/phenotype
Narrow nasal bridge,0.0,effect/phenotype
Widely spaced teeth,0.0,effect/phenotype
Fat malabsorption,0.0,effect/phenotype
Inflammatory arteriopathy,0.0,immune_effect/phenotype
Abnormal morphology of the cerebellar cortex,0.0,effect/phenotype
Abnormal toenail morphology,0.0,effect/phenotype
Adenoma sebaceum,0.0,effect/phenotype
Nephrolithiasis,0.0,effect/phenotype
Blepharitis,0.0,effect/phenotype
Slender build,0.0,effect/phenotype
Left ventricular noncompaction,0.0,effect/phenotype
Persistent head lag,0.0,effect/phenotype
Poor head control,0.0,effect/phenotype
Secondary microcephaly,0.0,effect/phenotype
Delayed myelination,0.0,effect/phenotype
Abnormal cortical gyration,0.0,effect/phenotype
Impaired social interactions,0.0,effect/phenotype
Absence of secondary sex characteristics,0.0,effect/phenotype
Increased LDL cholesterol concentration,0.0,effect/phenotype
Asymmetry of the ears,0.0,effect/phenotype
Focal motor seizure,0.0,effect/phenotype
Sparse eyebrow,0.0,effect/phenotype
Small earlobe,0.0,effect/phenotype
Decreased serum testosterone level,0.0,effect/phenotype
Basal ganglia necrosis,0.0,effect/phenotype
Abnormal parotid gland morphology,0.0,effect/phenotype
Premature coronary artery atherosclerosis,0.0,effect/phenotype
Involuntary movements,0.0,effect/phenotype
Unilateral ptosis,0.0,effect/phenotype
