node,degree_centrality,node_type
ETS1,0.14677310762720014,gene/protein
EGFR,0.07261710108685197,gene/protein
hepatocellular carcinoma,0.06309512359334424,disease
X-linked intellectual disability,0.05357314609983649,disease
RELA,0.04703279792247764,gene/protein
NFKB1,0.042704626334519574,gene/protein
HNF4A,0.03741463883812638,gene/protein
SOD1,0.035010099067038565,gene/protein
TNF,0.03443300952197749,gene/protein
ATF3,0.03404828315860344,gene/protein
CASP8,0.02972011157064538,gene/protein
SIRT1,0.029335385207271327,gene/protein
TGFB1,0.027700298162931614,gene/protein
type 2 diabetes mellitus,0.02683466384534,disease
PPARG,0.02558430316437434,gene/protein
BCL2,0.024814850437626237,gene/protein
diabetes mellitus (disease),0.022506492257381938,disease
retinitis pigmentosa,0.02183322112147735,disease
autosomal recessive spinocerebellar ataxia,0.021448494758103297,disease
CASP3,0.02115994998557276,gene/protein
obesity disorder,0.02039049725882466,effect/phenotype
PAX6,0.0199095893046071,gene/protein
PPARGC1A,0.0199095893046071,gene/protein
Immunodeficiency,0.019332499759546023,immune_effect/phenotype
TNFRSF1A,0.019332499759546023,gene/protein
PTPN1,0.018755410214484947,gene/protein
BCL2L1,0.018659228623641434,gene/protein
INSR,0.018082139078580358,gene/protein
PRKCB,0.017985957487736848,gene/protein
AKT2,0.017601231124362796,gene/protein
PPARA,0.01731268635183226,gene/protein
HMGA1,0.01702414157930172,gene/protein
PSMD6,0.016350870443397135,gene/protein
INS,0.015389054534962008,gene/protein
BRAF,0.015292872944118496,gene/protein
NOS3,0.014908146580744444,gene/protein
IRS1,0.014908146580744444,gene/protein
ADIPOQ,0.014811964989900932,gene/protein
MTNR1B,0.014811964989900932,gene/protein
microcephalic osteodysplastic primordial dwarfism,0.01433105703568337,disease
GLP1R,0.013273059536404732,gene/protein
HMOX1,0.013273059536404732,gene/protein
LEP,0.013080696354717706,gene/protein
alpha-mannosidosis,0.012984514763874194,disease
FAS,0.01279215158218717,gene/protein
EDN1,0.012503606809656632,gene/protein
ATP2A2,0.012407425218813118,gene/protein
NOTCH2,0.012407425218813118,gene/protein
ICAM1,0.011830335673752043,gene/protein
BCL2L11,0.011637972492065019,gene/protein
HMG20A,0.011445609310377993,gene/protein
ID1,0.010964701356160431,gene/protein
NOS2,0.010676156583629894,gene/protein
SOD2,0.010483793401942868,gene/protein
monosomy X,0.010291430220255842,disease
TCF7L2,0.01019524862941233,gene/protein
NEUROD1,0.010099067038568818,gene/protein
IRS2,0.010099067038568818,gene/protein
CCND2,0.00981052226603828,gene/protein
mosaic monosomy X,0.00981052226603828,disease
C3,0.009329614311820717,gene/protein
SLC30A8,0.009233432720977205,gene/protein
INPPL1,0.009041069539290179,gene/protein
SMAD5,0.008944887948446667,gene/protein
UBE2E2,0.008848706357603155,gene/protein
VPS26A,0.00865634317591613,gene/protein
CISD2,0.008463979994229105,gene/protein
HNF1A,0.008367798403385591,gene/protein
CAT,0.008079253630855054,gene/protein
PROX1,0.007694527267481004,gene/protein
autoimmune polyendocrine,0.007598345676637491,disease
CYBA,0.007598345676637491,gene/protein
UBC,0.007405982494950466,gene/protein
SLC2A1,0.007405982494950466,gene/protein
EDNRB,0.007405982494950466,gene/protein
SNAP25,0.007309800904106954,gene/protein
GNB3,0.007213619313263441,gene/protein
neonatal diabetes mellitus,0.0071174377224199285,disease
KCNQ1,0.0071174377224199285,gene/protein
TNFRSF1B,0.006828892949889391,gene/protein
MAPK8IP1,0.006828892949889391,gene/protein
LEPR,0.006636529768202366,gene/protein
SHBG,0.006444166586515341,gene/protein
Insulin resistance,0.006444166586515341,effect/phenotype
NFATC2,0.006444166586515341,gene/protein
congenital bile acid synthesis defect,0.006347984995671828,disease
HHEX,0.006251803404828316,gene/protein
pneumonia,0.00605944022314129,disease
PDX1,0.00605944022314129,gene/protein
CPT1A,0.00605944022314129,gene/protein
lipodystrophy,0.005963258632297778,disease
ATP2A3,0.005867077041454265,gene/protein
WFS1,0.0056747138597672405,gene/protein
RNF6,0.0056747138597672405,gene/protein
GPX1,0.005578532268923728,gene/protein
ataxia telangiectasia,0.005482350678080216,disease
KCNJ11,0.005193805905549678,gene/protein
CYP1A2,0.005193805905549678,gene/protein
ECE1,0.005193805905549678,gene/protein
FTO,0.005097624314706165,gene/protein
diabetic ketoacidosis,0.005097624314706165,disease
SFRP4,0.005001442723862652,gene/protein
PAM,0.005001442723862652,gene/protein
gene silencing by miRNA,0.004712897951332115,biological_process
HK1,0.004712897951332115,gene/protein
GCG,0.004712897951332115,gene/protein
TIMP1,0.004712897951332115,gene/protein
ITGA1,0.004616716360488602,gene/protein
THADA,0.0045205347696450895,gene/protein
EDNRA,0.0045205347696450895,gene/protein
CBS,0.0045205347696450895,gene/protein
HP,0.0045205347696450895,gene/protein
myopathy and diabetes mellitus,0.0044243531788015775,disease
motor developmental delay due to 14q32.2 paternally expressed gene defect,0.0044243531788015775,disease
UCP2,0.004328171587958065,gene/protein
S100A6,0.004231989997114553,gene/protein
DNA ligase IV deficiency,0.004231989997114553,disease
OGG1,0.004231989997114553,gene/protein
maturity-onset diabetes of the young,0.00413580840627104,disease
HBA1,0.00413580840627104,gene/protein
MAEA,0.00413580840627104,gene/protein
MIRLET7D,0.00413580840627104,gene/protein
craniopharyngioma,0.004039626815427527,disease
HNF1B,0.004039626815427527,gene/protein
FGF21,0.004039626815427527,gene/protein
MIR221,0.003847263633740502,gene/protein
ABCC8,0.003847263633740502,gene/protein
ADCY5,0.0037510820428969895,gene/protein
NUS1,0.003654900452053477,gene/protein
SLC2A4,0.0035587188612099642,gene/protein
ENPP1,0.0035587188612099642,gene/protein
Hyperglycemia,0.0035587188612099642,effect/phenotype
GRB14,0.0035587188612099642,gene/protein
USP48,0.0035587188612099642,gene/protein
JADE2,0.003462537270366452,gene/protein
GCK,0.003462537270366452,gene/protein
SLC1A2,0.003462537270366452,gene/protein
ZC3HC1,0.003462537270366452,gene/protein
CCDC92,0.0032701740886794265,gene/protein
MOK,0.0032701740886794265,gene/protein
KSR2,0.003173992497835914,gene/protein
maternally-inherited diabetes and deafness,0.003173992497835914,disease
ST6GAL1,0.0030778109069924016,gene/protein
AR,0.0030778109069924016,gene/protein
NKX6-1,0.0030778109069924016,gene/protein
PLEKHA1,0.002981629316148889,gene/protein
DGKD,0.002981629316148889,gene/protein
sideroblastic anemia,0.0028854477253053767,disease
IAPP,0.0028854477253053767,gene/protein
Kennedy disease,0.0028854477253053767,disease
GATA2,0.0028854477253053767,gene/protein
EP300,0.002789266134461864,gene/protein
KL,0.0026930845436183514,gene/protein
CTNNB1,0.0026930845436183514,gene/protein
AUTS2,0.0026930845436183514,gene/protein
CDO1,0.0026930845436183514,gene/protein
MIR222,0.0026930845436183514,gene/protein
regulation of transcription by RNA polymerase II,0.002596902952774839,biological_process
positive regulation of transcription by RNA polymerase II,0.002596902952774839,biological_process
narcolepsy,0.002596902952774839,disease
Peripheral neuropathy,0.002500721361931326,effect/phenotype
methanol poisoning,0.0024045397710878136,disease
SLC22A3,0.0024045397710878136,gene/protein
LIPC,0.0024045397710878136,gene/protein
HLA-DRB5,0.0024045397710878136,gene/protein
IGF2BP2,0.0024045397710878136,gene/protein
MRAS,0.0024045397710878136,gene/protein
MIR27A,0.0024045397710878136,gene/protein
negative regulation of transcription by RNA polymerase II,0.002308358180244301,biological_process
aromatase deficiency,0.002308358180244301,disease
EGR1,0.002308358180244301,gene/protein
SCTR,0.002308358180244301,gene/protein
MIR126,0.002308358180244301,gene/protein
GPD2,0.002308358180244301,gene/protein
KCNK16,0.002308358180244301,gene/protein
PAX4,0.002308358180244301,gene/protein
HPX,0.0022121765894007888,gene/protein
negative regulation of apoptotic process,0.0022121765894007888,biological_process
Seizure,0.0022121765894007888,effect/phenotype
MIR195,0.0021159949985572763,gene/protein
EPC2,0.0021159949985572763,gene/protein
MIR144,0.0021159949985572763,gene/protein
positive regulation of cell population proliferation,0.0021159949985572763,biological_process
RETN,0.0021159949985572763,gene/protein
"positive regulation of transcription, DNA-templated",0.0020198134077137634,biological_process
GCGR,0.0020198134077137634,gene/protein
MIR98,0.0020198134077137634,gene/protein
STAT3,0.0020198134077137634,gene/protein
response to drug,0.0020198134077137634,biological_process
IL13RA1,0.0020198134077137634,gene/protein
MIR140,0.001923631816870251,gene/protein
MAT1A,0.001923631816870251,gene/protein
MIR204,0.001923631816870251,gene/protein
SLC2A2,0.001923631816870251,gene/protein
AKT1,0.001923631816870251,gene/protein
glucose homeostasis,0.001923631816870251,biological_process
FOXP3,0.001923631816870251,gene/protein
SP1,0.0018274502260267386,gene/protein
BHMT,0.0018274502260267386,gene/protein
CTNND1,0.0018274502260267386,gene/protein
CNKSR2,0.0018274502260267386,gene/protein
MIR125B1,0.0018274502260267386,gene/protein
melioidosis,0.0018274502260267386,disease
Hepatomegaly,0.0018274502260267386,effect/phenotype
MIR214,0.0018274502260267386,gene/protein
GLIS3,0.0018274502260267386,gene/protein
CDKAL1,0.0018274502260267386,gene/protein
GSTM1,0.0018274502260267386,gene/protein
signal transduction,0.0018274502260267386,biological_process
GCKR,0.0018274502260267386,gene/protein
JUN,0.0018274502260267386,gene/protein
ARMC8,0.001731268635183226,gene/protein
RAP1GDS1,0.001731268635183226,gene/protein
CAPN10,0.001731268635183226,gene/protein
Autosomal dominant inheritance,0.001731268635183226,effect/phenotype
ADAMTS9,0.001731268635183226,gene/protein
KPNA1,0.001731268635183226,gene/protein
PRKCA,0.001731268635183226,gene/protein
PCSK2,0.001731268635183226,gene/protein
PKP2,0.0016350870443397132,gene/protein
KRT17,0.0016350870443397132,gene/protein
KPNA6,0.0016350870443397132,gene/protein
PKP3,0.0016350870443397132,gene/protein
SPAG6,0.0016350870443397132,gene/protein
PKP4,0.0016350870443397132,gene/protein
ANKAR,0.0016350870443397132,gene/protein
ARMC1,0.0016350870443397132,gene/protein
pituitary gigantism,0.0016350870443397132,disease
KPNA5,0.0016350870443397132,gene/protein
positive regulation of gene expression,0.0016350870443397132,biological_process
CTNND2,0.0016350870443397132,gene/protein
ARMC6,0.0016350870443397132,gene/protein
AP3S2,0.0016350870443397132,gene/protein
hyperinsulinism due to glucokinase deficiency,0.0016350870443397132,disease
ARVCF,0.0016350870443397132,gene/protein
ARMC3,0.0016350870443397132,gene/protein
cytokine-mediated signaling pathway,0.0015389054534962008,biological_process
autosomal recessive ataxia due to PEX10 deficiency,0.0015389054534962008,disease
ITLN1,0.0015389054534962008,gene/protein
TCF4,0.0015389054534962008,gene/protein
negative regulation of cell population proliferation,0.0015389054534962008,biological_process
MYC,0.0015389054534962008,gene/protein
JAZF1,0.0015389054534962008,gene/protein
YBX1,0.0015389054534962008,gene/protein
Recurrent respiratory infections,0.0015389054534962008,effect/phenotype
positive regulation of protein kinase B signaling,0.0015389054534962008,biological_process
ARMC7,0.0015389054534962008,gene/protein
MAPK1,0.0015389054534962008,gene/protein
acatalasia,0.0015389054534962008,disease
positive regulation of protein phosphorylation,0.0015389054534962008,biological_process
Elevated hepatic transaminase,0.0015389054534962008,effect/phenotype
STAT1,0.0015389054534962008,gene/protein
MIR181C,0.0015389054534962008,gene/protein
GRB2,0.0014427238626526884,gene/protein
G protein-coupled receptor signaling pathway,0.0014427238626526884,biological_process
positive regulation of apoptotic process,0.0014427238626526884,biological_process
TP53,0.0014427238626526884,gene/protein
Autosomal recessive inheritance,0.0014427238626526884,effect/phenotype
regulation of insulin secretion,0.0014427238626526884,biological_process
UBE2I,0.0014427238626526884,gene/protein
MAPK8,0.0014427238626526884,gene/protein
E2F1,0.0014427238626526884,gene/protein
ESR1,0.0014427238626526884,gene/protein
MIR17HG,0.0014427238626526884,gene/protein
PEPD,0.0014427238626526884,gene/protein
negative regulation of inflammatory response,0.0013465422718091757,biological_process
CAV1,0.0013465422718091757,gene/protein
periodontitis,0.0013465422718091757,disease
SUMO1,0.0013465422718091757,gene/protein
MIR142,0.0013465422718091757,gene/protein
FOS,0.0013465422718091757,gene/protein
Postprandial hyperglycemia,0.0013465422718091757,effect/phenotype
Recurrent bacterial infections,0.0013465422718091757,effect/phenotype
APP,0.001250360680965663,gene/protein
CMIP,0.001250360680965663,gene/protein
RXRA,0.001250360680965663,gene/protein
YWHAB,0.001250360680965663,gene/protein
CREBBP,0.001250360680965663,gene/protein
CDK1,0.001250360680965663,gene/protein
PIK3R1,0.001250360680965663,gene/protein
GSK3B,0.001250360680965663,gene/protein
negative regulation of gene expression,0.001250360680965663,biological_process
obesity due to CEP19 deficiency,0.001250360680965663,disease
response to hypoxia,0.001250360680965663,biological_process
cell differentiation,0.001250360680965663,biological_process
cellular response to insulin stimulus,0.0011541790901221506,biological_process
response to insulin,0.0011541790901221506,biological_process
Cardiomegaly,0.0011541790901221506,effect/phenotype
ZFAND3,0.0011541790901221506,gene/protein
MAPK14,0.0011541790901221506,gene/protein
Hearing impairment,0.0011541790901221506,effect/phenotype
MIR203A,0.0011541790901221506,gene/protein
IKBKB,0.0011541790901221506,gene/protein
REST,0.0011541790901221506,gene/protein
CEBPB,0.0011541790901221506,gene/protein
CSNK2A1,0.0011541790901221506,gene/protein
"negative regulation of transcription, DNA-templated",0.0011541790901221506,biological_process
PARP1,0.0011541790901221506,gene/protein
miRNA mediated inhibition of translation,0.0011541790901221506,biological_process
GATA1,0.0011541790901221506,gene/protein
SRC,0.0011541790901221506,gene/protein
positive regulation of ERK1 and ERK2 cascade,0.0011541790901221506,biological_process
HSP90AA1,0.0010579974992786382,gene/protein
SOCS3,0.0010579974992786382,gene/protein
RAF1,0.0010579974992786382,gene/protein
MAPK3,0.0010579974992786382,gene/protein
RB1,0.0010579974992786382,gene/protein
ELAVL1,0.0010579974992786382,gene/protein
"regulation of transcription, DNA-templated",0.0010579974992786382,biological_process
SMAD3,0.0010579974992786382,gene/protein
ABL1,0.0010579974992786382,gene/protein
HSPA5,0.0010579974992786382,gene/protein
glucose metabolic process,0.0010579974992786382,biological_process
GP2,0.0010579974992786382,gene/protein
TMEM18,0.0010579974992786382,gene/protein
tuberculosis,0.0010579974992786382,disease
Intellectual disability,0.0010579974992786382,effect/phenotype
inflammatory response,0.0010579974992786382,biological_process
response to ethanol,0.0010579974992786382,biological_process
regulation of blood pressure,0.0010579974992786382,biological_process
CHUK,0.0010579974992786382,gene/protein
NR3C1,0.0010579974992786382,gene/protein
Global developmental delay,0.0009618159084351255,effect/phenotype
BRCA1,0.0009618159084351255,gene/protein
CYSRT1,0.0009618159084351255,gene/protein
response to hydrogen peroxide,0.0009618159084351255,biological_process
positive regulation of blood vessel endothelial cell migration,0.0009618159084351255,biological_process
ACTB,0.0009618159084351255,gene/protein
MAPK cascade,0.0009618159084351255,biological_process
positive regulation of glucose import,0.0009618159084351255,biological_process
AURKA,0.0009618159084351255,gene/protein
response to estradiol,0.0009618159084351255,biological_process
Neurodegeneration,0.0009618159084351255,effect/phenotype
cellular response to hypoxia,0.0009618159084351255,biological_process
MIR205,0.0009618159084351255,gene/protein
Intrauterine growth retardation,0.0009618159084351255,effect/phenotype
aging,0.0009618159084351255,biological_process
response to lipopolysaccharide,0.0009618159084351255,biological_process
PRKACA,0.0009618159084351255,gene/protein
MIR141,0.0009618159084351255,gene/protein
NFKBIA,0.0009618159084351255,gene/protein
SUZ12,0.0009618159084351255,gene/protein
Transcriptional regulation of white adipocyte differentiation,0.0009618159084351255,pathway
PPP1R3A,0.0009618159084351255,gene/protein
Regulation of gene expression in beta cells,0.0009618159084351255,pathway
HSP90AB1,0.0009618159084351255,gene/protein
GATA3,0.0009618159084351255,gene/protein
HTT,0.0009618159084351255,gene/protein
Interleukin-4 and Interleukin-13 signaling,0.0009618159084351255,pathway
positive regulation of angiogenesis,0.000865634317591613,biological_process
STAT5A,0.000865634317591613,gene/protein
neutrophil degranulation,0.000865634317591613,biological_process
IGF1R,0.000865634317591613,gene/protein
YWHAZ,0.000865634317591613,gene/protein
YWHAG,0.000865634317591613,gene/protein
MAPK9,0.000865634317591613,gene/protein
STUB1,0.000865634317591613,gene/protein
PIN1,0.000865634317591613,gene/protein
PRKAA1,0.000865634317591613,gene/protein
Increased body weight,0.000865634317591613,effect/phenotype
JUND,0.000865634317591613,gene/protein
IKBKG,0.000865634317591613,gene/protein
E2F4,0.000865634317591613,gene/protein
Pulmonary arterial hypertension,0.000865634317591613,effect/phenotype
CALM3,0.000865634317591613,gene/protein
SMAD4,0.000865634317591613,gene/protein
heart development,0.000865634317591613,biological_process
YWHAQ,0.000865634317591613,gene/protein
apoptotic process,0.000865634317591613,biological_process
PML,0.000865634317591613,gene/protein
ATF2,0.000865634317591613,gene/protein
DAXX,0.000865634317591613,gene/protein
negative regulation of neuron apoptotic process,0.000865634317591613,biological_process
cellular response to tumor necrosis factor,0.000865634317591613,biological_process
HNRNPD,0.000865634317591613,gene/protein
Focal-onset seizure,0.000865634317591613,effect/phenotype
PRDM14,0.000865634317591613,gene/protein
Growth delay,0.000865634317591613,effect/phenotype
Recurrent infections,0.000865634317591613,effect/phenotype
PRKCD,0.000865634317591613,gene/protein
Neutrophil degranulation,0.000865634317591613,pathway
MIR10B,0.000865634317591613,gene/protein
cell surface receptor signaling pathway,0.000865634317591613,biological_process
ZNF263,0.000865634317591613,gene/protein
TFAP2C,0.000865634317591613,gene/protein
HIF1A,0.000865634317591613,gene/protein
PTPN11,0.000865634317591613,gene/protein
SUMO2,0.0007694527267481004,gene/protein
animal organ morphogenesis,0.0007694527267481004,biological_process
PPP2CA,0.0007694527267481004,gene/protein
response to glucose,0.0007694527267481004,biological_process
SMAD2,0.0007694527267481004,gene/protein
Splenomegaly,0.0007694527267481004,effect/phenotype
positive regulation of cell migration,0.0007694527267481004,biological_process
BIRC3,0.0007694527267481004,gene/protein
MAPK6,0.0007694527267481004,gene/protein
IL6,0.0007694527267481004,gene/protein
Strabismus,0.0007694527267481004,effect/phenotype
response to activity,0.0007694527267481004,biological_process
MMP9,0.0007694527267481004,gene/protein
NCOR2,0.0007694527267481004,gene/protein
SMARCA4,0.0007694527267481004,gene/protein
Decreased liver function,0.0007694527267481004,effect/phenotype
SPI1,0.0007694527267481004,gene/protein
ERBB2,0.0007694527267481004,gene/protein
Short stature,0.0007694527267481004,effect/phenotype
HDAC3,0.0007694527267481004,gene/protein
insulin receptor signaling pathway,0.0007694527267481004,biological_process
positive regulation of phosphatidylinositol 3-kinase signaling,0.0007694527267481004,biological_process
SREBF1,0.0007694527267481004,gene/protein
VCAM1,0.0007694527267481004,gene/protein
TRAF1,0.0007694527267481004,gene/protein
PIK3CA,0.0007694527267481004,gene/protein
MDM2,0.0007694527267481004,gene/protein
PRKAR1A,0.0007694527267481004,gene/protein
PRKCZ,0.0007694527267481004,gene/protein
cellular response to glucose stimulus,0.0007694527267481004,biological_process
PTEN,0.0007694527267481004,gene/protein
GAPDH,0.0007694527267481004,gene/protein
leukonychia totalis,0.0007694527267481004,disease
Hypotonia,0.0007694527267481004,effect/phenotype
PTPN6,0.0007694527267481004,gene/protein
FAM234A,0.0007694527267481004,gene/protein
MIR487B,0.0007694527267481004,gene/protein
BIRC2,0.0007694527267481004,gene/protein
UBB,0.0007694527267481004,gene/protein
MET,0.0007694527267481004,gene/protein
NCOA1,0.0007694527267481004,gene/protein
PLK1,0.0007694527267481004,gene/protein
osteomyelitis (disease),0.0007694527267481004,disease
intracellular signal transduction,0.0007694527267481004,biological_process
JAK2,0.0007694527267481004,gene/protein
Generalized hypotonia,0.0007694527267481004,effect/phenotype
cellular response to lipopolysaccharide,0.0007694527267481004,biological_process
negative regulation of DNA-binding transcription factor activity,0.0007694527267481004,biological_process
Dysarthria,0.0007694527267481004,effect/phenotype
MIR192,0.0007694527267481004,gene/protein
TP63,0.0007694527267481004,gene/protein
PIAS1,0.0007694527267481004,gene/protein
Failure to thrive,0.0007694527267481004,effect/phenotype
RIPK1,0.0007694527267481004,gene/protein
Delayed speech and language development,0.0006732711359045878,effect/phenotype
Infantile onset,0.0006732711359045878,effect/phenotype
response to nicotine,0.0006732711359045878,biological_process
positive regulation of NF-kappaB transcription factor activity,0.0006732711359045878,biological_process
positive regulation of cold-induced thermogenesis,0.0006732711359045878,biological_process
positive regulation of canonical Wnt signaling pathway,0.0006732711359045878,biological_process
folliculitis,0.0006732711359045878,disease
urinary tract infection (disease),0.0006732711359045878,disease
Ataxia,0.0006732711359045878,effect/phenotype
JAK1,0.0006732711359045878,gene/protein
NEDD4,0.0006732711359045878,gene/protein
BID,0.0006732711359045878,gene/protein
MIR30A,0.0006732711359045878,gene/protein
MIR939,0.0006732711359045878,gene/protein
KAT5,0.0006732711359045878,gene/protein
Type I diabetes mellitus,0.0006732711359045878,effect/phenotype
MIR130B,0.0006732711359045878,gene/protein
NCOR1,0.0006732711359045878,gene/protein
TBP,0.0006732711359045878,gene/protein
MIR483,0.0006732711359045878,gene/protein
MIR339,0.0006732711359045878,gene/protein
KCNU1,0.0006732711359045878,gene/protein
CTCF,0.0006732711359045878,gene/protein
RNF2,0.0006732711359045878,gene/protein
Weight loss,0.0006732711359045878,effect/phenotype
VIM,0.0006732711359045878,gene/protein
TAF1,0.0006732711359045878,gene/protein
Epicanthus,0.0006732711359045878,effect/phenotype
Cirrhosis,0.0006732711359045878,effect/phenotype
Micrognathia,0.0006732711359045878,effect/phenotype
Premature birth,0.0006732711359045878,effect/phenotype
Fever,0.0006732711359045878,effect/phenotype
Proteinuria,0.0006732711359045878,effect/phenotype
cellular response to mechanical stimulus,0.0006732711359045878,biological_process
MIR33B,0.0006732711359045878,gene/protein
transport across blood-brain barrier,0.0006732711359045878,biological_process
intrinsic apoptotic signaling pathway in response to DNA damage,0.0006732711359045878,biological_process
positive regulation of neuron apoptotic process,0.0006732711359045878,biological_process
TRAF2,0.0006732711359045878,gene/protein
multicellular organism development,0.0006732711359045878,biological_process
ANXA2,0.0006732711359045878,gene/protein
KAT2A,0.0006732711359045878,gene/protein
Recurrent gram-negative bacterial infections,0.0006732711359045878,effect/phenotype
CALM2,0.0006732711359045878,gene/protein
angiogenesis,0.0006732711359045878,biological_process
FOXA1,0.0006732711359045878,gene/protein
CASP1,0.0006732711359045878,gene/protein
negative regulation of fat cell differentiation,0.0006732711359045878,biological_process
negative regulation of extrinsic apoptotic signaling pathway via death domain receptors,0.0006732711359045878,biological_process
APOB,0.0006732711359045878,gene/protein
positive regulation of I-kappaB kinase/NF-kappaB signaling,0.0006732711359045878,biological_process
response to glucocorticoid,0.0006732711359045878,biological_process
PSEN1,0.0006732711359045878,gene/protein
negative regulation of angiogenesis,0.0006732711359045878,biological_process
A2M,0.0006732711359045878,gene/protein
protein phosphorylation,0.0006732711359045878,biological_process
CALM1,0.0006732711359045878,gene/protein
CCND1,0.0006732711359045878,gene/protein
CFLAR,0.0006732711359045878,gene/protein
TAL1,0.0006732711359045878,gene/protein
COPS5,0.0006732711359045878,gene/protein
PIM1,0.0006732711359045878,gene/protein
PRKDC,0.0006732711359045878,gene/protein
HSPA1B,0.0006732711359045878,gene/protein
EEF1A1,0.0006732711359045878,gene/protein
YWHAE,0.0006732711359045878,gene/protein
TFAP2A,0.0006732711359045878,gene/protein
negative regulation of vascular associated smooth muscle cell proliferation,0.0006732711359045878,biological_process
Maternal diabetes,0.0006732711359045878,effect/phenotype
cellular response to oxidative stress,0.0006732711359045878,biological_process
MTOR,0.0006732711359045878,gene/protein
proteolysis,0.0006732711359045878,biological_process
STMN1,0.0006732711359045878,gene/protein
HSPA8,0.0006732711359045878,gene/protein
positive regulation of G1/S transition of mitotic cell cycle,0.0005770895450610753,biological_process
negative regulation of cytokine production involved in inflammatory response,0.0005770895450610753,biological_process
negative regulation of tumor necrosis factor production,0.0005770895450610753,biological_process
negative regulation of cell migration,0.0005770895450610753,biological_process
regulation of gene expression,0.0005770895450610753,biological_process
PSEN2,0.0005770895450610753,gene/protein
response to interleukin-1,0.0005770895450610753,biological_process
cellular response to drug,0.0005770895450610753,biological_process
"FOXO-mediated transcription of oxidative stress, metabolic and neuronal genes",0.0005770895450610753,pathway
regulation of cell cycle,0.0005770895450610753,biological_process
HDAC1,0.0005770895450610753,gene/protein
HMGB1,0.0005770895450610753,gene/protein
HSPA1A,0.0005770895450610753,gene/protein
IFNG,0.0005770895450610753,gene/protein
ANXA1,0.0005770895450610753,gene/protein
circadian rhythm,0.0005770895450610753,biological_process
in utero embryonic development,0.0005770895450610753,biological_process
Cerebral hemorrhage,0.0005770895450610753,effect/phenotype
Delayed puberty,0.0005770895450610753,effect/phenotype
PAK1,0.0005770895450610753,gene/protein
positive regulation of vascular associated smooth muscle cell proliferation,0.0005770895450610753,biological_process
PIK3R3,0.0005770895450610753,gene/protein
PDIA3,0.0005770895450610753,gene/protein
FGFR1,0.0005770895450610753,gene/protein
XRCC6,0.0005770895450610753,gene/protein
ARNT,0.0005770895450610753,gene/protein
CDK4,0.0005770895450610753,gene/protein
BLK,0.0005770895450610753,gene/protein
HSPA4,0.0005770895450610753,gene/protein
SOCS1,0.0005770895450610753,gene/protein
AHR,0.0005770895450610753,gene/protein
Regulation of insulin secretion,0.0005770895450610753,pathway
potassium ion transmembrane transport,0.0005770895450610753,biological_process
cellulitis (disease),0.0005770895450610753,disease
XIAP,0.0005770895450610753,gene/protein
BMPR1A,0.0005770895450610753,gene/protein
PSMD2,0.0005770895450610753,gene/protein
FOXA2,0.0005770895450610753,gene/protein
IGF1,0.0005770895450610753,gene/protein
FOXO3,0.0005770895450610753,gene/protein
DCN,0.0005770895450610753,gene/protein
CDK9,0.0005770895450610753,gene/protein
TRAF3,0.0005770895450610753,gene/protein
FBXW11,0.0005770895450610753,gene/protein
TYK2,0.0005770895450610753,gene/protein
Recurrent Staphylococcus aureus infections,0.0005770895450610753,effect/phenotype
cellular response to DNA damage stimulus,0.0005770895450610753,biological_process
SHC1,0.0005770895450610753,gene/protein
insulin secretion,0.0005770895450610753,biological_process
positive regulation of DNA-binding transcription factor activity,0.0005770895450610753,biological_process
BTRC,0.0005770895450610753,gene/protein
NR4A1,0.0005770895450610753,gene/protein
GLI1,0.0005770895450610753,gene/protein
MAPT,0.0005770895450610753,gene/protein
PTK2B,0.0005770895450610753,gene/protein
GNAS,0.0005770895450610753,gene/protein
CREB1,0.0005770895450610753,gene/protein
CAMK2A,0.0005770895450610753,gene/protein
APPL1,0.0005770895450610753,gene/protein
CCL2,0.0005770895450610753,gene/protein
response to amino acid,0.0005770895450610753,biological_process
RASSF1,0.0005770895450610753,gene/protein
Edema,0.0005770895450610753,effect/phenotype
Anasarca,0.0005770895450610753,effect/phenotype
KEAP1,0.0005770895450610753,gene/protein
"PI5P, PP2A and IER3 Regulate PI3K/AKT Signaling",0.0005770895450610753,pathway
BCL10,0.0005770895450610753,gene/protein
PRKN,0.0005770895450610753,gene/protein
NFE2L2,0.0005770895450610753,gene/protein
ITGB2,0.0005770895450610753,gene/protein
MIR1908,0.0005770895450610753,gene/protein
MIR92B,0.0005770895450610753,gene/protein
CSF2,0.0005770895450610753,gene/protein
AP2M1,0.0005770895450610753,gene/protein
AQP6,0.0005770895450610753,gene/protein
Delayed skeletal maturation,0.0005770895450610753,effect/phenotype
positive regulation of inflammatory response,0.0005770895450610753,biological_process
tumor necrosis factor-mediated signaling pathway,0.0005770895450610753,biological_process
positive regulation of smooth muscle cell proliferation,0.0005770895450610753,biological_process
ATM,0.0005770895450610753,gene/protein
ZBTB7A,0.0005770895450610753,gene/protein
Allergy,0.0005770895450610753,effect/phenotype
PPARD,0.0005770895450610753,gene/protein
TNFAIP3,0.0005770895450610753,gene/protein
CSNK2A2,0.0005770895450610753,gene/protein
NR0B2,0.0005770895450610753,gene/protein
NR1H4,0.0005770895450610753,gene/protein
MIR200A,0.0005770895450610753,gene/protein
RPS6KA3,0.0005770895450610753,gene/protein
ZNF257,0.0005770895450610753,gene/protein
TSC1,0.0005770895450610753,gene/protein
Autoimmunity,0.0005770895450610753,effect/phenotype
positive regulation of glycogen biosynthetic process,0.0005770895450610753,biological_process
positive regulation of cytosolic calcium ion concentration,0.0005770895450610753,biological_process
G alpha (s) signalling events,0.0005770895450610753,pathway
ADORA2B mediated anti-inflammatory cytokines production,0.0005770895450610753,pathway
negative regulation of inflammatory response to antigenic stimulus,0.0005770895450610753,biological_process
KRTAP10-8,0.0005770895450610753,gene/protein
BECN1,0.0005770895450610753,gene/protein
CDC37,0.0005770895450610753,gene/protein
Retinal degeneration,0.0005770895450610753,effect/phenotype
sensory perception of sound,0.0005770895450610753,biological_process
response to nutrient levels,0.0005770895450610753,biological_process
RAD21,0.0005770895450610753,gene/protein
positive regulation of peptidyl-serine phosphorylation,0.0005770895450610753,biological_process
TSC2,0.0005770895450610753,gene/protein
RARA,0.0005770895450610753,gene/protein
EZH2,0.0005770895450610753,gene/protein
CBL,0.0005770895450610753,gene/protein
MAP3K7,0.0005770895450610753,gene/protein
LGALS3,0.0005770895450610753,gene/protein
MED1,0.0005770895450610753,gene/protein
SQSTM1,0.0005770895450610753,gene/protein
PCNA,0.0005770895450610753,gene/protein
TRAF6,0.0005770895450610753,gene/protein
CSNK1A1,0.0005770895450610753,gene/protein
PPP1CA,0.0005770895450610753,gene/protein
KLF14,0.0005770895450610753,gene/protein
C2CD4A,0.0005770895450610753,gene/protein
MIR375,0.0005770895450610753,gene/protein
Motor delay,0.0005770895450610753,effect/phenotype
Hepatic steatosis,0.0005770895450610753,effect/phenotype
High palate,0.0005770895450610753,effect/phenotype
Postnatal growth retardation,0.0005770895450610753,effect/phenotype
Osteopenia,0.0005770895450610753,effect/phenotype
negative regulation of insulin receptor signaling pathway,0.0005770895450610753,biological_process
female pregnancy,0.0005770895450610753,biological_process
Frontal bossing,0.0005770895450610753,effect/phenotype
Immune dysregulation,0.0005770895450610753,immune_effect/phenotype
"Intellectual disability, mild",0.0005770895450610753,effect/phenotype
Visual impairment,0.0005770895450610753,effect/phenotype
pancreas development,0.0005770895450610753,biological_process
positive regulation of insulin secretion,0.0005770895450610753,biological_process
cholesterol homeostasis,0.0005770895450610753,biological_process
cellular response to interleukin-6,0.00048090795421756275,biological_process
Atrial septal defect,0.00048090795421756275,effect/phenotype
Spasticity,0.00048090795421756275,effect/phenotype
lipoatrophic diabetes,0.00048090795421756275,disease
Malabsorption,0.00048090795421756275,effect/phenotype
Depressivity,0.00048090795421756275,effect/phenotype
Heterogeneous,0.00048090795421756275,effect/phenotype
Behavioral abnormality,0.00048090795421756275,effect/phenotype
extrinsic apoptotic signaling pathway in absence of ligand,0.00048090795421756275,biological_process
HDAC6,0.00048090795421756275,gene/protein
Male infertility,0.00048090795421756275,effect/phenotype
cellular glucose homeostasis,0.00048090795421756275,biological_process
NCOA3,0.00048090795421756275,gene/protein
Short neck,0.00048090795421756275,effect/phenotype
Optic atrophy,0.00048090795421756275,effect/phenotype
Hypogonadism,0.00048090795421756275,effect/phenotype
Wide nasal bridge,0.00048090795421756275,effect/phenotype
Hepatosplenomegaly,0.00048090795421756275,effect/phenotype
Genu valgum,0.00048090795421756275,effect/phenotype
ADAM17,0.00048090795421756275,gene/protein
MYOC,0.00048090795421756275,gene/protein
BMX,0.00048090795421756275,gene/protein
KRT18,0.00048090795421756275,gene/protein
RELB,0.00048090795421756275,gene/protein
IER3,0.00048090795421756275,gene/protein
TRIB3,0.00048090795421756275,gene/protein
UBE3A,0.00048090795421756275,gene/protein
TLE1,0.00048090795421756275,gene/protein
Decreased body weight,0.00048090795421756275,effect/phenotype
C2CD4B,0.00048090795421756275,gene/protein
BCL2L13,0.00048090795421756275,gene/protein
BIK,0.00048090795421756275,gene/protein
STK4,0.00048090795421756275,gene/protein
PSMD10,0.00048090795421756275,gene/protein
TP53BP2,0.00048090795421756275,gene/protein
DISC1,0.00048090795421756275,gene/protein
PICK1,0.00048090795421756275,gene/protein
PSTPIP1,0.00048090795421756275,gene/protein
HSPD1,0.00048090795421756275,gene/protein
Peptide ligand-binding receptors,0.00048090795421756275,pathway
Flexion contracture,0.00048090795421756275,effect/phenotype
STK11,0.00048090795421756275,gene/protein
CRK,0.00048090795421756275,gene/protein
IDE,0.00048090795421756275,gene/protein
FAF1,0.00048090795421756275,gene/protein
NR1H2,0.00048090795421756275,gene/protein
DVL2,0.00048090795421756275,gene/protein
SUV39H1,0.00048090795421756275,gene/protein
KAT2B,0.00048090795421756275,gene/protein
APEX1,0.00048090795421756275,gene/protein
NFKB2,0.00048090795421756275,gene/protein
spermatogenesis,0.00048090795421756275,biological_process
cellular response to cadmium ion,0.00048090795421756275,biological_process
YES1,0.00048090795421756275,gene/protein
Skeletal muscle atrophy,0.00048090795421756275,effect/phenotype
IQGAP1,0.00048090795421756275,gene/protein
positive regulation of tyrosine phosphorylation of STAT protein,0.00048090795421756275,biological_process
cellular response to glucagon stimulus,0.00048090795421756275,biological_process
adenylate cyclase-activating G protein-coupled receptor signaling pathway,0.00048090795421756275,biological_process
defense response to bacterium,0.00048090795421756275,biological_process
TGM2,0.00048090795421756275,gene/protein
negative regulation of gluconeogenesis,0.00048090795421756275,biological_process
positive regulation of MAPK cascade,0.00048090795421756275,biological_process
Attention deficit hyperactivity disorder,0.00048090795421756275,effect/phenotype
CCL20,0.00048090795421756275,gene/protein
extrinsic apoptotic signaling pathway,0.00048090795421756275,biological_process
transforming growth factor beta receptor signaling pathway,0.00048090795421756275,biological_process
KRTAP1-3,0.00048090795421756275,gene/protein
CREB3,0.00048090795421756275,gene/protein
ARRB2,0.00048090795421756275,gene/protein
HIPK2,0.00048090795421756275,gene/protein
SOCS6,0.00048090795421756275,gene/protein
H3C7,0.00048090795421756275,gene/protein
CCNB1,0.00048090795421756275,gene/protein
CDK2,0.00048090795421756275,gene/protein
VASN,0.00048090795421756275,gene/protein
TAB1,0.00048090795421756275,gene/protein
Focal sensory seizure,0.00048090795421756275,effect/phenotype
Muscle weakness,0.00048090795421756275,effect/phenotype
SMURF2,0.00048090795421756275,gene/protein
cellular response to organic cyclic compound,0.00048090795421756275,biological_process
carbohydrate metabolic process,0.00048090795421756275,biological_process
negative regulation of cell growth,0.00048090795421756275,biological_process
obesity due to melanocortin 4 receptor deficiency,0.00048090795421756275,disease
SREBF2,0.00048090795421756275,gene/protein
UBQLN1,0.00048090795421756275,gene/protein
KHDRBS1,0.00048090795421756275,gene/protein
RPTOR,0.00048090795421756275,gene/protein
negative regulation of interleukin-6 production,0.00048090795421756275,biological_process
FAM209A,0.00048090795421756275,gene/protein
positive regulation of interleukin-6 production,0.00048090795421756275,biological_process
Osteoporosis,0.00048090795421756275,effect/phenotype
cellular response to amyloid-beta,0.00048090795421756275,biological_process
positive regulation of interleukin-8 production,0.00048090795421756275,biological_process
activation of cysteine-type endopeptidase activity involved in apoptotic process,0.00048090795421756275,biological_process
TRADD,0.00048090795421756275,gene/protein
FADD,0.00048090795421756275,gene/protein
Tremor,0.00048090795421756275,effect/phenotype
negative regulation of neuron death,0.00048090795421756275,biological_process
PLA2G4A,0.00048090795421756275,gene/protein
PTGS2,0.00048090795421756275,gene/protein
GOLGA2,0.00048090795421756275,gene/protein
KPNA2,0.00048090795421756275,gene/protein
HDAC2,0.00048090795421756275,gene/protein
BAG1,0.00048090795421756275,gene/protein
ILF3,0.00048090795421756275,gene/protein
SH3KBP1,0.00048090795421756275,gene/protein
Increased inflammatory response,0.00048090795421756275,immune_effect/phenotype
ATP6V0D1,0.00048090795421756275,gene/protein
regulation of circadian rhythm,0.00048090795421756275,biological_process
transcription initiation from RNA polymerase II promoter,0.00048090795421756275,biological_process
MAFF,0.00048090795421756275,gene/protein
brain development,0.00048090795421756275,biological_process
Interleukin-10 signaling,0.00048090795421756275,pathway
Glucose intolerance,0.00048090795421756275,effect/phenotype
ITGAM,0.00048090795421756275,gene/protein
KPNB1,0.00048090795421756275,gene/protein
LYN,0.00048090795421756275,gene/protein
FLNA,0.00048090795421756275,gene/protein
TRIM27,0.00048090795421756275,gene/protein
CEBPD,0.00048090795421756275,gene/protein
VDAC1,0.00048090795421756275,gene/protein
MCL1,0.00048090795421756275,gene/protein
REL,0.00048090795421756275,gene/protein
ROCK1P1,0.00048090795421756275,gene/protein
RACK1,0.00048090795421756275,gene/protein
Penetrating foot ulcers,0.00048090795421756275,disease
TERF1,0.00048090795421756275,gene/protein
YWHAH,0.00048090795421756275,gene/protein
PKM,0.00048090795421756275,gene/protein
SIRT2,0.00048090795421756275,gene/protein
ANKRD30BL,0.00048090795421756275,gene/protein
PIP3 activates AKT signaling,0.00048090795421756275,pathway
IL2,0.00048090795421756275,gene/protein
IL4,0.00048090795421756275,gene/protein
PSMD4,0.00048090795421756275,gene/protein
RAC1,0.00048090795421756275,gene/protein
PPM1A,0.00048090795421756275,gene/protein
TRIM37,0.00048090795421756275,gene/protein
MAP3K8,0.00048090795421756275,gene/protein
Recurrent mycobacterial infections,0.00048090795421756275,effect/phenotype
response to wounding,0.00048090795421756275,biological_process
"Synthesis, secretion, and inactivation of Glucagon-like Peptide-1 (GLP-1)",0.00048090795421756275,pathway
Fasting hypoglycemia,0.00048090795421756275,effect/phenotype
HGS,0.00048090795421756275,gene/protein
PARK7,0.00048090795421756275,gene/protein
PTK2,0.00048090795421756275,gene/protein
USP2,0.00048090795421756275,gene/protein
MAP3K14,0.00048090795421756275,gene/protein
TBK1,0.00048090795421756275,gene/protein
IL2RA,0.00048090795421756275,gene/protein
IL7R,0.00048090795421756275,gene/protein
CLU,0.00048090795421756275,gene/protein
CRP,0.00048090795421756275,gene/protein
CHEK1,0.00048090795421756275,gene/protein
HSPA9,0.00048090795421756275,gene/protein
CRKL,0.00048090795421756275,gene/protein
HSPB1,0.00048090795421756275,gene/protein
SNAI1,0.00048090795421756275,gene/protein
positive regulation of fatty acid beta-oxidation,0.00048090795421756275,biological_process
CDKN1A,0.00048090795421756275,gene/protein
G alpha (q) signalling events,0.00048090795421756275,pathway
Heme signaling,0.00048090795421756275,pathway
Female infertility,0.00048090795421756275,effect/phenotype
response to cytokine,0.00048090795421756275,biological_process
Polyphagia,0.00048090795421756275,effect/phenotype
circadian regulation of gene expression,0.00048090795421756275,biological_process
Detoxification of Reactive Oxygen Species,0.00048090795421756275,pathway
positive regulation of pri-miRNA transcription by RNA polymerase II,0.00048090795421756275,biological_process
IRF1,0.00048090795421756275,gene/protein
ACTA2,0.00048090795421756275,gene/protein
HSPE1,0.00048090795421756275,gene/protein
LMNA,0.00048090795421756275,gene/protein
FYN,0.00048090795421756275,gene/protein
EPHA2,0.00048090795421756275,gene/protein
HRAS,0.00048090795421756275,gene/protein
GRB10,0.00048090795421756275,gene/protein
ADRB2,0.00048090795421756275,gene/protein
CD79A,0.00048090795421756275,gene/protein
MAP3K5,0.00048090795421756275,gene/protein
AP1M1,0.00048090795421756275,gene/protein
positive regulation of blood vessel endothelial cell proliferation involved in sprouting angiogenesis,0.00048090795421756275,biological_process
negative regulation of sprouting angiogenesis,0.00048090795421756275,biological_process
vasodilation,0.00048090795421756275,biological_process
wound healing,0.00048090795421756275,biological_process
positive regulation of cell migration involved in sprouting angiogenesis,0.00048090795421756275,biological_process
protein ubiquitination,0.00048090795421756275,biological_process
cholesterol metabolic process,0.00048090795421756275,biological_process
Insulin-resistant diabetes mellitus,0.0003847263633740502,effect/phenotype
response to tumor necrosis factor,0.0003847263633740502,biological_process
H4C14,0.0003847263633740502,gene/protein
lipid metabolic process,0.0003847263633740502,biological_process
CASP10,0.0003847263633740502,gene/protein
CEBPA,0.0003847263633740502,gene/protein
STAT2,0.0003847263633740502,gene/protein
CDK5,0.0003847263633740502,gene/protein
APAF1,0.0003847263633740502,gene/protein
positive regulation of nitric oxide biosynthetic process,0.0003847263633740502,biological_process
YAP1,0.0003847263633740502,gene/protein
post-translational protein modification,0.0003847263633740502,biological_process
MAVS,0.0003847263633740502,gene/protein
fatty acid metabolic process,0.0003847263633740502,biological_process
Retrognathia,0.0003847263633740502,effect/phenotype
Retinal atrophy,0.0003847263633740502,effect/phenotype
DDIT3,0.0003847263633740502,gene/protein
Abnormality of the dentition,0.0003847263633740502,effect/phenotype
Unsteady gait,0.0003847263633740502,effect/phenotype
response to antibiotic,0.0003847263633740502,biological_process
MAPKAPK3,0.0003847263633740502,gene/protein
extracellular matrix organization,0.0003847263633740502,biological_process
positive regulation of tumor necrosis factor production,0.0003847263633740502,biological_process
central nervous system development,0.0003847263633740502,biological_process
neuron apoptotic process,0.0003847263633740502,biological_process
RIPK2,0.0003847263633740502,gene/protein
nitric oxide mediated signal transduction,0.0003847263633740502,biological_process
Hypothermia,0.0003847263633740502,effect/phenotype
MAP2K1,0.0003847263633740502,gene/protein
BAX,0.0003847263633740502,gene/protein
DYNLL1,0.0003847263633740502,gene/protein
ABCD3,0.0003847263633740502,gene/protein
APC,0.0003847263633740502,gene/protein
B cell homeostasis,0.0003847263633740502,biological_process
TERT,0.0003847263633740502,gene/protein
PPARGC1B,0.0003847263633740502,gene/protein
Recurrent otitis media,0.0003847263633740502,effect/phenotype
Specific learning disability,0.0003847263633740502,effect/phenotype
FANCD2,0.0003847263633740502,gene/protein
Tachycardia,0.0003847263633740502,effect/phenotype
X-linked recessive inheritance,0.0003847263633740502,immune_effect/phenotype
response to ischemia,0.0003847263633740502,biological_process
Anteverted nares,0.0003847263633740502,effect/phenotype
Kyphosis,0.0003847263633740502,effect/phenotype
Pectus carinatum,0.0003847263633740502,effect/phenotype
DCAF11,0.0003847263633740502,gene/protein
PPP5C,0.0003847263633740502,gene/protein
Allodynia,0.0003847263633740502,effect/phenotype
CCL14,0.0003847263633740502,gene/protein
SH2B1,0.0003847263633740502,gene/protein
humoral immune response,0.0003847263633740502,biological_process
CLK1,0.0003847263633740502,gene/protein
TP73,0.0003847263633740502,gene/protein
IL10,0.0003847263633740502,gene/protein
Anxiety,0.0003847263633740502,effect/phenotype
Glucagon-type ligand receptors,0.0003847263633740502,pathway
Depressed nasal bridge,0.0003847263633740502,effect/phenotype
HDAC4,0.0003847263633740502,gene/protein
RPS6KB2,0.0003847263633740502,gene/protein
HUWE1,0.0003847263633740502,gene/protein
FZR1,0.0003847263633740502,gene/protein
CAVIN1,0.0003847263633740502,gene/protein
negative regulation of interleukin-21 production,0.0003847263633740502,biological_process
NIK/NF-kappaB signaling,0.0003847263633740502,biological_process
ITGB1,0.0003847263633740502,gene/protein
Decreased circulating antibody level,0.0003847263633740502,immune_effect/phenotype
Gait disturbance,0.0003847263633740502,effect/phenotype
positive regulation of leukocyte adhesion to vascular endothelial cell,0.0003847263633740502,biological_process
NEDD8,0.0003847263633740502,gene/protein
USF1,0.0003847263633740502,gene/protein
EZR,0.0003847263633740502,gene/protein
PKN1,0.0003847263633740502,gene/protein
cell adhesion,0.0003847263633740502,biological_process
SKI,0.0003847263633740502,gene/protein
BUB1,0.0003847263633740502,gene/protein
CSNK2B,0.0003847263633740502,gene/protein
TNIK,0.0003847263633740502,gene/protein
positive regulation of cell death,0.0003847263633740502,biological_process
VRK2,0.0003847263633740502,gene/protein
LRP2,0.0003847263633740502,gene/protein
CYB5A,0.0003847263633740502,gene/protein
TLE5,0.0003847263633740502,gene/protein
positive regulation of gluconeogenesis,0.0003847263633740502,biological_process
generation of precursor metabolites and energy,0.0003847263633740502,biological_process
OPTN,0.0003847263633740502,gene/protein
USF2,0.0003847263633740502,gene/protein
CDH13,0.0003847263633740502,gene/protein
HMGA2,0.0003847263633740502,gene/protein
GNAI3,0.0003847263633740502,gene/protein
CCL11,0.0003847263633740502,gene/protein
TLR4,0.0003847263633740502,gene/protein
Respiratory tract infection,0.0003847263633740502,effect/phenotype
GDPD1,0.0003847263633740502,gene/protein
Abnormality of chromosome stability,0.0003847263633740502,effect/phenotype
GADD45G,0.0003847263633740502,gene/protein
PRKCE,0.0003847263633740502,gene/protein
CDK3,0.0003847263633740502,gene/protein
negative regulation of vascular endothelial cell proliferation,0.0003847263633740502,biological_process
SFN,0.0003847263633740502,gene/protein
EFEMP2,0.0003847263633740502,gene/protein
PTCH1,0.0003847263633740502,gene/protein
positive regulation of insulin receptor signaling pathway,0.0003847263633740502,biological_process
hydrogen peroxide biosynthetic process,0.0003847263633740502,biological_process
negative regulation of protein kinase B signaling,0.0003847263633740502,biological_process
Upslanted palpebral fissure,0.0003847263633740502,effect/phenotype
RAF/MAP kinase cascade,0.0003847263633740502,pathway
Constitutive Signaling by Aberrant PI3K in Cancer,0.0003847263633740502,pathway
MMP2,0.0003847263633740502,gene/protein
negative regulation of NF-kappaB transcription factor activity,0.0003847263633740502,biological_process
NCOA2,0.0003847263633740502,gene/protein
GNAI2,0.0003847263633740502,gene/protein
negative regulation of oxidative stress-induced intrinsic apoptotic signaling pathway,0.0003847263633740502,biological_process
LATS2,0.0003847263633740502,gene/protein
cell aging,0.0003847263633740502,biological_process
KRAS,0.0003847263633740502,gene/protein
IRF2,0.0003847263633740502,gene/protein
cellular response to hydrogen peroxide,0.0003847263633740502,biological_process
regulation of glucose transmembrane transport,0.0003847263633740502,biological_process
DDX58,0.0003847263633740502,gene/protein
IGF2,0.0003847263633740502,gene/protein
IL1B,0.0003847263633740502,gene/protein
KLF6,0.0003847263633740502,gene/protein
MIR335,0.0003847263633740502,gene/protein
CPE,0.0003847263633740502,gene/protein
negative regulation of cholesterol efflux,0.0003847263633740502,biological_process
GRN,0.0003847263633740502,gene/protein
RBM4,0.0003847263633740502,gene/protein
lipid homeostasis,0.0003847263633740502,biological_process
UCHL1,0.0003847263633740502,gene/protein
USHBP1,0.0003847263633740502,gene/protein
ERP29,0.0003847263633740502,gene/protein
APLNR,0.0003847263633740502,gene/protein
FASLG,0.0003847263633740502,gene/protein
CSK,0.0003847263633740502,gene/protein
FOXO1,0.0003847263633740502,gene/protein
ALDOA,0.0003847263633740502,gene/protein
CAMK4,0.0003847263633740502,gene/protein
HLA-C,0.0003847263633740502,gene/protein
PSMA3,0.0003847263633740502,gene/protein
GATA6,0.0003847263633740502,gene/protein
ABL2,0.0003847263633740502,gene/protein
cell redox homeostasis,0.0003847263633740502,biological_process
PPARA activates gene expression,0.0003847263633740502,pathway
NR2F2,0.0003847263633740502,gene/protein
INPP5D,0.0003847263633740502,gene/protein
MIR377,0.0003847263633740502,gene/protein
RNF31,0.0003847263633740502,gene/protein
CD40,0.0003847263633740502,gene/protein
regulation of lipid metabolic process,0.0003847263633740502,biological_process
MUC1,0.0003847263633740502,gene/protein
RHEB,0.0003847263633740502,gene/protein
STAT6,0.0003847263633740502,gene/protein
HNF4G,0.0003847263633740502,gene/protein
CDK6,0.0003847263633740502,gene/protein
MMP3,0.0003847263633740502,gene/protein
MEN1,0.0003847263633740502,gene/protein
ARAF,0.0003847263633740502,gene/protein
regulation of cell migration,0.0003847263633740502,biological_process
negative regulation of blood pressure,0.0003847263633740502,biological_process
APOA1,0.0003847263633740502,gene/protein
IRF7,0.0003847263633740502,gene/protein
XPO1,0.0003847263633740502,gene/protein
EHHADH,0.0003847263633740502,gene/protein
FAM9B,0.0003847263633740502,gene/protein
Hyporeflexia,0.0003847263633740502,effect/phenotype
CIITA,0.0003847263633740502,gene/protein
CYLD,0.0003847263633740502,gene/protein
CYP7A1,0.0003847263633740502,gene/protein
endocytosis,0.0003847263633740502,biological_process
BAD,0.0003847263633740502,gene/protein
FBXW7,0.0003847263633740502,gene/protein
PTPRK,0.0003847263633740502,gene/protein
PRDX1,0.0003847263633740502,gene/protein
PSMD11,0.0003847263633740502,gene/protein
IRF4,0.0003847263633740502,gene/protein
NFATC1,0.0003847263633740502,gene/protein
RAP1A,0.0003847263633740502,gene/protein
CRYAB,0.0003847263633740502,gene/protein
PSMC1,0.0003847263633740502,gene/protein
GTF2B,0.0003847263633740502,gene/protein
PSME2,0.0003847263633740502,gene/protein
NCK1,0.0003847263633740502,gene/protein
JUP,0.0003847263633740502,gene/protein
Neurodevelopmental delay,0.0003847263633740502,effect/phenotype
negative regulation of necroptotic process,0.0003847263633740502,biological_process
Vitiligo,0.0003847263633740502,effect/phenotype
IRS activation,0.0003847263633740502,pathway
SGTA,0.0003847263633740502,gene/protein
RANBP9,0.0003847263633740502,gene/protein
IRF5,0.0003847263633740502,gene/protein
POU2F1,0.0003847263633740502,gene/protein
MAFK,0.0003847263633740502,gene/protein
Hypothyroidism,0.0003847263633740502,effect/phenotype
ELOVL4,0.0003847263633740502,gene/protein
THRA,0.0003847263633740502,gene/protein
ZFP36,0.0003847263633740502,gene/protein
CLNK,0.0003847263633740502,gene/protein
AXIN2,0.0003847263633740502,gene/protein
Low-set ears,0.0003847263633740502,effect/phenotype
PAG1,0.0003847263633740502,gene/protein
negative regulation of protein catabolic process,0.0003847263633740502,biological_process
Memory impairment,0.0003847263633740502,effect/phenotype
Alopecia,0.0003847263633740502,effect/phenotype
cellular calcium ion homeostasis,0.0003847263633740502,biological_process
positive regulation of cell growth,0.0003847263633740502,biological_process
ITPR3,0.0003847263633740502,gene/protein
GH1,0.0003847263633740502,gene/protein
PSMC2,0.0003847263633740502,gene/protein
HLA-DRB1,0.0003847263633740502,gene/protein
HLA-A,0.0003847263633740502,gene/protein
liver development,0.0003847263633740502,biological_process
USP7,0.0003847263633740502,gene/protein
SOX10,0.0003847263633740502,gene/protein
EBP,0.0003847263633740502,gene/protein
RUVBL1,0.0003847263633740502,gene/protein
MIR485,0.0003847263633740502,gene/protein
MIR409,0.0003847263633740502,gene/protein
AGT,0.0003847263633740502,gene/protein
Signal attenuation,0.0003847263633740502,pathway
PPP2R1A,0.0003847263633740502,gene/protein
VCP,0.0003847263633740502,gene/protein
negative regulation of I-kappaB kinase/NF-kappaB signaling,0.0003847263633740502,biological_process
AJUBA,0.0003847263633740502,gene/protein
cellular response to leukemia inhibitory factor,0.0003847263633740502,biological_process
NOTCH2NLA,0.0003847263633740502,gene/protein
Hepatic fibrosis,0.0003847263633740502,effect/phenotype
Hip dysplasia,0.0003847263633740502,effect/phenotype
Abnormal fingernail morphology,0.0003847263633740502,effect/phenotype
Macroglossia,0.0003847263633740502,effect/phenotype
transmembrane transport,0.0003847263633740502,biological_process
positive regulation of endothelial cell migration,0.0003847263633740502,biological_process
cellular response to transforming growth factor beta stimulus,0.0003847263633740502,biological_process
PTPRF,0.0003847263633740502,gene/protein
Lymphoma,0.0003847263633740502,immune_effect/phenotype
RUVBL2,0.0003847263633740502,gene/protein
BLID,0.0003847263633740502,gene/protein
BANP,0.0003847263633740502,gene/protein
NLE1,0.0003847263633740502,gene/protein
TINF2,0.0003847263633740502,gene/protein
negative regulation of transforming growth factor beta receptor signaling pathway,0.0003847263633740502,biological_process
positive regulation of MAP kinase activity,0.0003847263633740502,biological_process
Neonatal onset,0.0003847263633740502,effect/phenotype
H2BC9,0.0003847263633740502,gene/protein
JAK3,0.0003847263633740502,gene/protein
negative regulation of type B pancreatic cell apoptotic process,0.0003847263633740502,biological_process
PON2,0.0003847263633740502,gene/protein
UBE2O,0.0003847263633740502,gene/protein
APC2,0.0003847263633740502,gene/protein
MECP2,0.0003847263633740502,gene/protein
PLCG1,0.0003847263633740502,gene/protein
kidney development,0.0003847263633740502,biological_process
PLEKHO1,0.0003847263633740502,gene/protein
Glucagon-like Peptide-1 (GLP1) regulates insulin secretion,0.0003847263633740502,pathway
T cell receptor signaling pathway,0.0003847263633740502,biological_process
PTPN2,0.0003847263633740502,gene/protein
TCF12,0.0003847263633740502,gene/protein
Coarse facial features,0.0003847263633740502,effect/phenotype
G alpha (i) signalling events,0.0003847263633740502,pathway
TNFRSF10B,0.0003847263633740502,gene/protein
negative regulation of insulin secretion,0.0003847263633740502,biological_process
Fc-epsilon receptor signaling pathway,0.0003847263633740502,biological_process
Celiac disease,0.0003847263633740502,effect/phenotype
PTPN12,0.0003847263633740502,gene/protein
LRRK2,0.0003847263633740502,gene/protein
CDKN2A,0.0003847263633740502,gene/protein
IKZF3,0.0003847263633740502,gene/protein
Coma,0.0003847263633740502,effect/phenotype
LDHA,0.0003847263633740502,gene/protein
Infertility,0.0003847263633740502,effect/phenotype
ESR2,0.0003847263633740502,gene/protein
negative regulation of mitotic cell cycle,0.0003847263633740502,biological_process
fat cell differentiation,0.0003847263633740502,biological_process
CD163,0.0003847263633740502,gene/protein
PIK3R2,0.0003847263633740502,gene/protein
Prominent forehead,0.0003847263633740502,effect/phenotype
Purinergic signaling in leishmaniasis infection,0.0003847263633740502,pathway
XRCC5,0.0003847263633740502,gene/protein
FN1,0.0003847263633740502,gene/protein
UBA1,0.0003847263633740502,gene/protein
Downstream TCR signaling,0.0003847263633740502,pathway
HSP90B1,0.0003847263633740502,gene/protein
post-embryonic development,0.0003847263633740502,biological_process
negative regulation of endoplasmic reticulum stress-induced intrinsic apoptotic signaling pathway,0.0003847263633740502,biological_process
FAF2,0.0003847263633740502,gene/protein
Bacteremia,0.0003847263633740502,disease
protein localization to plasma membrane,0.0003847263633740502,biological_process
positive regulation of NIK/NF-kappaB signaling,0.0003847263633740502,biological_process
MIR885,0.0003847263633740502,gene/protein
response to hormone,0.0003847263633740502,biological_process
CLK2,0.0003847263633740502,gene/protein
Micropenis,0.0003847263633740502,effect/phenotype
negative regulation of extrinsic apoptotic signaling pathway in absence of ligand,0.0003847263633740502,biological_process
Clinodactyly of the 5th finger,0.0003847263633740502,effect/phenotype
SPP1,0.0003847263633740502,gene/protein
PHB,0.0003847263633740502,gene/protein
B cell receptor signaling pathway,0.0003847263633740502,biological_process
Photophobia,0.0003847263633740502,effect/phenotype
GRK2,0.0003847263633740502,gene/protein
innate immune response,0.0003847263633740502,biological_process
response to cold,0.0003847263633740502,biological_process
TNIP2,0.0003847263633740502,gene/protein
SH2B3,0.0003847263633740502,gene/protein
WWP2,0.0003847263633740502,gene/protein
Recurrent ear infections,0.0003847263633740502,effect/phenotype
ACTR2,0.0003847263633740502,gene/protein
TXN,0.0003847263633740502,gene/protein
negative regulation of signaling receptor activity,0.0003847263633740502,biological_process
MAP2K6,0.0003847263633740502,gene/protein
PPP4C,0.0003847263633740502,gene/protein
epidermal growth factor receptor signaling pathway,0.0003847263633740502,biological_process
VAV3,0.0003847263633740502,gene/protein
CDH1,0.0003847263633740502,gene/protein
negative regulation of blood vessel endothelial cell migration,0.0003847263633740502,biological_process
PDPK1,0.0003847263633740502,gene/protein
DDIT4L,0.0003847263633740502,gene/protein
Recurrent Klebsiella infections,0.0003847263633740502,effect/phenotype
Signaling by BRAF and RAF fusions,0.0003847263633740502,pathway
otitis externa,0.0003847263633740502,disease
Recurrent streptococcus pneumoniae infections,0.0003847263633740502,effect/phenotype
STAT5B,0.0003847263633740502,gene/protein
CTTN,0.0003847263633740502,gene/protein
RAD9A,0.0003847263633740502,gene/protein
ACTR3,0.0003847263633740502,gene/protein
Limb ataxia,0.0003847263633740502,effect/phenotype
HDAC7,0.0003847263633740502,gene/protein
cellular response to nicotine,0.0003847263633740502,biological_process
Activation of NF-kappaB in B cells,0.0003847263633740502,pathway
cellular response to interleukin-1,0.0003847263633740502,biological_process
transcription by RNA polymerase II,0.0003847263633740502,biological_process
Cellular hexose transport,0.0003847263633740502,pathway
EPN1,0.0003847263633740502,gene/protein
MIR215,0.0003847263633740502,gene/protein
Recurrent bacterial skin infections,0.0003847263633740502,effect/phenotype
SNX1,0.0003847263633740502,gene/protein
liver regeneration,0.0003847263633740502,biological_process
regulation of mitochondrial membrane potential,0.0003847263633740502,biological_process
Albuminuria,0.0003847263633740502,effect/phenotype
SNX2,0.0003847263633740502,gene/protein
PCBD1,0.0003847263633740502,gene/protein
IGFBP3,0.0003847263633740502,gene/protein
NR1I3,0.0003847263633740502,gene/protein
AHCYL1,0.0003847263633740502,gene/protein
Pes planus,0.0003847263633740502,effect/phenotype
ovarian follicle development,0.0003847263633740502,biological_process
MAX,0.0003847263633740502,gene/protein
nervous system development,0.0003847263633740502,biological_process
activation of MAPK activity,0.0003847263633740502,biological_process
positive regulation of interleukin-1 beta production,0.0003847263633740502,biological_process
Signaling by Leptin,0.0003847263633740502,pathway
Optic disc pallor,0.0003847263633740502,effect/phenotype
cell-cell signaling,0.0003847263633740502,biological_process
response to organic substance,0.0003847263633740502,biological_process
BMF,0.0003847263633740502,gene/protein
UBE2D1,0.0003847263633740502,gene/protein
Babinski sign,0.0003847263633740502,effect/phenotype
GPANK1,0.0003847263633740502,gene/protein
positive regulation of superoxide anion generation,0.0003847263633740502,biological_process
Pulmonary edema,0.0003847263633740502,effect/phenotype
superoxide metabolic process,0.0003847263633740502,biological_process
PXK,0.0003847263633740502,gene/protein
RPS6KA5,0.0003847263633740502,gene/protein
COPS6,0.0003847263633740502,gene/protein
KHNYN,0.0003847263633740502,gene/protein
ADRM1,0.0003847263633740502,gene/protein
RAB7A,0.0003847263633740502,gene/protein
immune response,0.0003847263633740502,biological_process
MEOX2,0.0003847263633740502,gene/protein
PSMD8,0.0003847263633740502,gene/protein
FLOT1,0.0003847263633740502,gene/protein
SLC9A3R1,0.0003847263633740502,gene/protein
PSMD1,0.0003847263633740502,gene/protein
UCHL5,0.0003847263633740502,gene/protein
SERPINA1,0.0003847263633740502,gene/protein
SNX27,0.0003847263633740502,gene/protein
receptor-mediated endocytosis,0.0003847263633740502,biological_process
cellular oxidant detoxification,0.0003847263633740502,biological_process
TRAF4,0.0003847263633740502,gene/protein
NRIP1,0.0003847263633740502,gene/protein
adenylate cyclase-modulating G protein-coupled receptor signaling pathway,0.0003847263633740502,biological_process
NBPF19,0.0003847263633740502,gene/protein
Delayed social development,0.0003847263633740502,effect/phenotype
ESRRA,0.0003847263633740502,gene/protein
Hypermetropia,0.0003847263633740502,effect/phenotype
Cerebellar atrophy,0.0003847263633740502,effect/phenotype
Fatigue,0.0003847263633740502,effect/phenotype
MAP2K3,0.0003847263633740502,gene/protein
PAK2,0.0003847263633740502,gene/protein
negative regulation of ERK1 and ERK2 cascade,0.0003847263633740502,biological_process
YY1,0.0003847263633740502,gene/protein
RBM39,0.0003847263633740502,gene/protein
CANX,0.0003847263633740502,gene/protein
ATP6V0B,0.0003847263633740502,gene/protein
extrinsic apoptotic signaling pathway via death domain receptors,0.0003847263633740502,biological_process
HMGB2,0.0003847263633740502,gene/protein
PITX3,0.0003847263633740502,gene/protein
response to zinc ion,0.0003847263633740502,biological_process
Gliosis,0.0003847263633740502,effect/phenotype
SFPQ,0.0003847263633740502,gene/protein
MED14,0.0003847263633740502,gene/protein
CISH,0.0003847263633740502,gene/protein
H2BC21,0.0003847263633740502,gene/protein
POU6F2,0.0003847263633740502,gene/protein
endoplasmic reticulum unfolded protein response,0.0003847263633740502,biological_process
SLC3A2,0.0003847263633740502,gene/protein
KMT2A,0.0003847263633740502,gene/protein
HCFC1,0.0003847263633740502,gene/protein
ATP5F1A,0.0003847263633740502,gene/protein
CHEK2,0.0003847263633740502,gene/protein
TGFBR1,0.00028854477253053765,gene/protein
cell migration,0.00028854477253053765,biological_process
RRAS,0.00028854477253053765,gene/protein
PVR,0.00028854477253053765,gene/protein
Toxemia of pregnancy,0.00028854477253053765,effect/phenotype
Degradation of the extracellular matrix,0.00028854477253053765,pathway
MIR127,0.00028854477253053765,gene/protein
BMPR2,0.00028854477253053765,gene/protein
IL24,0.00028854477253053765,gene/protein
stimulatory C-type lectin receptor signaling pathway,0.00028854477253053765,biological_process
SCGB1D1,0.00028854477253053765,gene/protein
cellular response to fatty acid,0.00028854477253053765,biological_process
GRK6,0.00028854477253053765,gene/protein
TRIP4,0.00028854477253053765,gene/protein
UBASH3A,0.00028854477253053765,gene/protein
NCK2,0.00028854477253053765,gene/protein
UCKL1,0.00028854477253053765,gene/protein
NTRK2,0.00028854477253053765,gene/protein
BATF,0.00028854477253053765,gene/protein
TMEM63A,0.00028854477253053765,gene/protein
hydrogen peroxide catabolic process,0.00028854477253053765,biological_process
positive regulation of cysteine-type endopeptidase activity involved in apoptotic process,0.00028854477253053765,biological_process
EIF3A,0.00028854477253053765,gene/protein
response to muscle stretch,0.00028854477253053765,biological_process
UBQLN4,0.00028854477253053765,gene/protein
PI4KA,0.00028854477253053765,gene/protein
actin cytoskeleton reorganization,0.00028854477253053765,biological_process
EMC9,0.00028854477253053765,gene/protein
GAB1,0.00028854477253053765,gene/protein
STX1A,0.00028854477253053765,gene/protein
PSMB1,0.00028854477253053765,gene/protein
Recurrent streptococcal infections,0.00028854477253053765,effect/phenotype
SMC3,0.00028854477253053765,gene/protein
Recurrent staphylococcal infections,0.00028854477253053765,effect/phenotype
PAX5,0.00028854477253053765,gene/protein
CREB3L1,0.00028854477253053765,gene/protein
FRS2,0.00028854477253053765,gene/protein
UBAC1,0.00028854477253053765,gene/protein
VPS35,0.00028854477253053765,gene/protein
CCR4,0.00028854477253053765,gene/protein
MORF4L1,0.00028854477253053765,gene/protein
positive regulation of fatty acid metabolic process,0.00028854477253053765,biological_process
AGRP,0.00028854477253053765,gene/protein
PDIK1L,0.00028854477253053765,gene/protein
Aplasia/Hypoplasia of the cerebellum,0.00028854477253053765,effect/phenotype
positive regulation of B cell proliferation,0.00028854477253053765,biological_process
CYBC1,0.00028854477253053765,gene/protein
SHH,0.00028854477253053765,gene/protein
PPP3CA,0.00028854477253053765,gene/protein
IL13RA2,0.00028854477253053765,gene/protein
RIPK3,0.00028854477253053765,gene/protein
IRF2BP2,0.00028854477253053765,gene/protein
LRPPRC,0.00028854477253053765,gene/protein
SPNS1,0.00028854477253053765,gene/protein
VAV1,0.00028854477253053765,gene/protein
CTU2,0.00028854477253053765,gene/protein
RTL10,0.00028854477253053765,gene/protein
H3C1,0.00028854477253053765,gene/protein
DHRS1,0.00028854477253053765,gene/protein
RYBP,0.00028854477253053765,gene/protein
THOC1,0.00028854477253053765,gene/protein
HNRNPA1,0.00028854477253053765,gene/protein
PACC1,0.00028854477253053765,gene/protein
SOS1,0.00028854477253053765,gene/protein
Ion homeostasis,0.00028854477253053765,pathway
RUNX1,0.00028854477253053765,gene/protein
LCK,0.00028854477253053765,gene/protein
Recurrent sinopulmonary infections,0.00028854477253053765,effect/phenotype
CUL1,0.00028854477253053765,gene/protein
Recurrent lower respiratory tract infections,0.00028854477253053765,effect/phenotype
Preeclampsia,0.00028854477253053765,effect/phenotype
PPP2R5A,0.00028854477253053765,gene/protein
HLA-DQB1,0.00028854477253053765,gene/protein
MAPK7,0.00028854477253053765,gene/protein
Growth hormone receptor signaling,0.00028854477253053765,pathway
C5AR2,0.00028854477253053765,gene/protein
H1-5,0.00028854477253053765,gene/protein
LTB4R2,0.00028854477253053765,gene/protein
MAP3K3,0.00028854477253053765,gene/protein
SIX5,0.00028854477253053765,gene/protein
EPOR,0.00028854477253053765,gene/protein
VDR,0.00028854477253053765,gene/protein
TCF3,0.00028854477253053765,gene/protein
UHMK1,0.00028854477253053765,gene/protein
triglyceride metabolic process,0.00028854477253053765,biological_process
PRKAA2,0.00028854477253053765,gene/protein
STOM,0.00028854477253053765,gene/protein
RBX1,0.00028854477253053765,gene/protein
eating behavior,0.00028854477253053765,biological_process
sensory perception of pain,0.00028854477253053765,biological_process
Scavenging of heme from plasma,0.00028854477253053765,pathway
TRAC,0.00028854477253053765,gene/protein
KRTAP6-3,0.00028854477253053765,gene/protein
LEF1,0.00028854477253053765,gene/protein
MOAP1,0.00028854477253053765,gene/protein
TTYH3,0.00028854477253053765,gene/protein
negative regulation of intrinsic apoptotic signaling pathway,0.00028854477253053765,biological_process
NLK,0.00028854477253053765,gene/protein
response to peptide hormone,0.00028854477253053765,biological_process
Difficulty standing,0.00028854477253053765,effect/phenotype
membrane protein intracellular domain proteolysis,0.00028854477253053765,biological_process
Pigmentary retinopathy,0.00028854477253053765,immune_effect/phenotype
External ophthalmoplegia,0.00028854477253053765,effect/phenotype
regulation of lipid storage,0.00028854477253053765,biological_process
UTP15,0.00028854477253053765,gene/protein
STRN3,0.00028854477253053765,gene/protein
BABAM2,0.00028854477253053765,gene/protein
SOCS5,0.00028854477253053765,gene/protein
RET,0.00028854477253053765,gene/protein
BIRC6,0.00028854477253053765,gene/protein
KLK5,0.00028854477253053765,gene/protein
KRTAP1-1,0.00028854477253053765,gene/protein
PSMC3IP,0.00028854477253053765,gene/protein
SNIP1,0.00028854477253053765,gene/protein
Small for gestational age,0.00028854477253053765,effect/phenotype
KRT31,0.00028854477253053765,gene/protein
regulation of tumor necrosis factor-mediated signaling pathway,0.00028854477253053765,biological_process
negative regulation of viral genome replication,0.00028854477253053765,biological_process
Cerebral edema,0.00028854477253053765,effect/phenotype
Pain,0.00028854477253053765,effect/phenotype
BRD4,0.00028854477253053765,gene/protein
CLIP3,0.00028854477253053765,gene/protein
TNFR1-induced proapoptotic signaling,0.00028854477253053765,pathway
negative regulation of glucose import,0.00028854477253053765,biological_process
Premature ovarian insufficiency,0.00028854477253053765,effect/phenotype
"High, narrow palate",0.00028854477253053765,effect/phenotype
hormone-mediated signaling pathway,0.00028854477253053765,biological_process
cellular response to starvation,0.00028854477253053765,biological_process
DDX19B,0.00028854477253053765,gene/protein
cellular response to estradiol stimulus,0.00028854477253053765,biological_process
chromatin organization,0.00028854477253053765,biological_process
HEMGN,0.00028854477253053765,gene/protein
KASH5,0.00028854477253053765,gene/protein
Pre-NOTCH Processing in Golgi,0.00028854477253053765,pathway
positive regulation of amyloid-beta formation,0.00028854477253053765,biological_process
Cachexia,0.00028854477253053765,effect/phenotype
DEDD,0.00028854477253053765,gene/protein
TBL1X,0.00028854477253053765,gene/protein
Low posterior hairline,0.00028854477253053765,effect/phenotype
DDX31,0.00028854477253053765,gene/protein
LGALS8,0.00028854477253053765,gene/protein
response to nutrient,0.00028854477253053765,biological_process
response to bacterium,0.00028854477253053765,biological_process
SMAD protein signal transduction,0.00028854477253053765,biological_process
NCSTN,0.00028854477253053765,gene/protein
glucose transmembrane transport,0.00028854477253053765,biological_process
NUFIP1,0.00028854477253053765,gene/protein
SMURF1,0.00028854477253053765,gene/protein
proton transmembrane transport,0.00028854477253053765,biological_process
death-inducing signaling complex assembly,0.00028854477253053765,biological_process
positive regulation of glial cell proliferation,0.00028854477253053765,biological_process
HAX1,0.00028854477253053765,gene/protein
neurotransmitter transport,0.00028854477253053765,biological_process
locomotory behavior,0.00028854477253053765,biological_process
brown fat cell differentiation,0.00028854477253053765,biological_process
TIA1,0.00028854477253053765,gene/protein
KRTAP6-1,0.00028854477253053765,gene/protein
ACTR8,0.00028854477253053765,gene/protein
negative regulation of canonical Wnt signaling pathway,0.00028854477253053765,biological_process
KRTAP10-7,0.00028854477253053765,gene/protein
FNDC9,0.00028854477253053765,gene/protein
Constriction of peripheral visual field,0.00028854477253053765,effect/phenotype
Signaling downstream of RAS mutants,0.00028854477253053765,pathway
Paradoxical activation of RAF signaling by kinase inactive BRAF,0.00028854477253053765,pathway
NR1D1,0.00028854477253053765,gene/protein
RNF8,0.00028854477253053765,gene/protein
cellular response to amino acid starvation,0.00028854477253053765,biological_process
PDLIM2,0.00028854477253053765,gene/protein
KRTAP10-3,0.00028854477253053765,gene/protein
SPEN,0.00028854477253053765,gene/protein
Abnormal dermatoglyphics,0.00028854477253053765,effect/phenotype
energy reserve metabolic process,0.00028854477253053765,biological_process
negative regulation of autophagy,0.00028854477253053765,biological_process
ABI1,0.00028854477253053765,gene/protein
JMJD7-PLA2G4B,0.00028854477253053765,gene/protein
Failure to thrive in infancy,0.00028854477253053765,effect/phenotype
Truncal ataxia,0.00028854477253053765,effect/phenotype
TMED2,0.00028854477253053765,gene/protein
ERP44,0.00028854477253053765,gene/protein
BCAS3,0.00028854477253053765,gene/protein
MAP2K and MAPK activation,0.00028854477253053765,pathway
Signaling by moderate kinase activity BRAF mutants,0.00028854477253053765,pathway
endoplasmic reticulum calcium ion homeostasis,0.00028854477253053765,biological_process
regulation of angiogenesis,0.00028854477253053765,biological_process
NKRF,0.00028854477253053765,gene/protein
TAB2,0.00028854477253053765,gene/protein
STXBP1,0.00028854477253053765,gene/protein
positive regulation of epithelial cell proliferation,0.00028854477253053765,biological_process
platelet degranulation,0.00028854477253053765,biological_process
positive regulation of protein-containing complex assembly,0.00028854477253053765,biological_process
Signaling by high-kinase activity BRAF mutants,0.00028854477253053765,pathway
Signaling by RAF1 mutants,0.00028854477253053765,pathway
RASA1,0.00028854477253053765,gene/protein
SYNCRIP,0.00028854477253053765,gene/protein
ACTR1A,0.00028854477253053765,gene/protein
SNRNP70,0.00028854477253053765,gene/protein
cellular response to angiotensin,0.00028854477253053765,biological_process
UNC45B,0.00028854477253053765,gene/protein
response to endoplasmic reticulum stress,0.00028854477253053765,biological_process
STX12,0.00028854477253053765,gene/protein
SLC39A4,0.00028854477253053765,gene/protein
Circadian Clock,0.00028854477253053765,pathway
positive regulation of cholesterol efflux,0.00028854477253053765,biological_process
CCL4,0.00028854477253053765,gene/protein
ERGIC3,0.00028854477253053765,gene/protein
NR2C2,0.00028854477253053765,gene/protein
BCL2L2,0.00028854477253053765,gene/protein
calcium-mediated signaling,0.00028854477253053765,biological_process
Insulin processing,0.00028854477253053765,pathway
"Synthesis, secretion, and deacylation of Ghrelin",0.00028854477253053765,pathway
GMPR2,0.00028854477253053765,gene/protein
UBE2N,0.00028854477253053765,gene/protein
MIR151A,0.00028854477253053765,gene/protein
SSMEM1,0.00028854477253053765,gene/protein
MIR432,0.00028854477253053765,gene/protein
regulation of nitric-oxide synthase activity,0.00028854477253053765,biological_process
regulation of systemic arterial blood pressure by endothelin,0.00028854477253053765,biological_process
H2BC1,0.00028854477253053765,gene/protein
YEATS4,0.00028854477253053765,gene/protein
Myalgia,0.00028854477253053765,effect/phenotype
Lower limb hyperreflexia,0.00028854477253053765,effect/phenotype
PKMYT1,0.00028854477253053765,gene/protein
REEP4,0.00028854477253053765,gene/protein
Inability to walk,0.00028854477253053765,effect/phenotype
FAM118B,0.00028854477253053765,gene/protein
SBK1,0.00028854477253053765,gene/protein
CASP7,0.00028854477253053765,gene/protein
ATR,0.00028854477253053765,gene/protein
SYK,0.00028854477253053765,gene/protein
Extra-nuclear estrogen signaling,0.00028854477253053765,pathway
ROS and RNS production in phagocytes,0.00028854477253053765,pathway
TNPO3,0.00028854477253053765,gene/protein
SORBS1,0.00028854477253053765,gene/protein
SOCS7,0.00028854477253053765,gene/protein
positive regulation of nitric-oxide synthase activity,0.00028854477253053765,biological_process
response to leptin,0.00028854477253053765,biological_process
LRRTM1,0.00028854477253053765,gene/protein
phosphatidylinositol 3-kinase signaling,0.00028854477253053765,biological_process
vesicle-mediated transport,0.00028854477253053765,biological_process
STS,0.00028854477253053765,gene/protein
positive regulation of protein localization to plasma membrane,0.00028854477253053765,biological_process
positive regulation of receptor signaling pathway via JAK-STAT,0.00028854477253053765,biological_process
TDP2,0.00028854477253053765,gene/protein
POTEI,0.00028854477253053765,gene/protein
SNX4,0.00028854477253053765,gene/protein
protein-containing complex assembly,0.00028854477253053765,biological_process
ENO1,0.00028854477253053765,gene/protein
NRG1,0.00028854477253053765,gene/protein
NBPF1,0.00028854477253053765,gene/protein
SP3,0.00028854477253053765,gene/protein
ACTBL2,0.00028854477253053765,gene/protein
MIR423,0.00028854477253053765,gene/protein
PLN,0.00028854477253053765,gene/protein
RALBP1,0.00028854477253053765,gene/protein
MAP4K1,0.00028854477253053765,gene/protein
leptin-mediated signaling pathway,0.00028854477253053765,biological_process
proteasome-mediated ubiquitin-dependent protein catabolic process,0.00028854477253053765,biological_process
WASL,0.00028854477253053765,gene/protein
placenta development,0.00028854477253053765,biological_process
response to copper ion,0.00028854477253053765,biological_process
TNFR2 non-canonical NF-kB pathway,0.00028854477253053765,pathway
positive regulation of erythrocyte differentiation,0.00028854477253053765,biological_process
cartilage development,0.00028854477253053765,biological_process
glutathione metabolic process,0.00028854477253053765,biological_process
RRAS2,0.00028854477253053765,gene/protein
ACTRT2,0.00028854477253053765,gene/protein
ACTR6,0.00028854477253053765,gene/protein
ARFGEF2,0.00028854477253053765,gene/protein
positive regulation of phagocytosis,0.00028854477253053765,biological_process
thymus development,0.00028854477253053765,biological_process
cellular iron ion homeostasis,0.00028854477253053765,biological_process
ACTR10,0.00028854477253053765,gene/protein
Regulation of TNFR1 signaling,0.00028854477253053765,pathway
regulation of cytokine production involved in inflammatory response,0.00028854477253053765,biological_process
regulation of cell population proliferation,0.00028854477253053765,biological_process
cellular protein metabolic process,0.00028854477253053765,biological_process
SHARPIN,0.00028854477253053765,gene/protein
Post-translational protein phosphorylation,0.00028854477253053765,pathway
negative regulation of endopeptidase activity,0.00028854477253053765,biological_process
RPS6KA2,0.00028854477253053765,gene/protein
ACTR1B,0.00028854477253053765,gene/protein
ACTL9,0.00028854477253053765,gene/protein
ARHGEF7,0.00028854477253053765,gene/protein
NDUFS1,0.00028854477253053765,gene/protein
regulation of glucose metabolic process,0.00028854477253053765,biological_process
regulation of apoptotic process,0.00028854477253053765,biological_process
HSD17B11,0.00028854477253053765,gene/protein
BAG3,0.00028854477253053765,gene/protein
ACVR2B,0.00028854477253053765,gene/protein
positive regulation of mitotic nuclear division,0.00028854477253053765,biological_process
positive regulation of cardiac muscle cell proliferation,0.00028854477253053765,biological_process
multicellular organism growth,0.00028854477253053765,biological_process
response to oxidative stress,0.00028854477253053765,biological_process
CPLX4,0.00028854477253053765,gene/protein
NEK6,0.00028854477253053765,gene/protein
regulation of ion transmembrane transport,0.00028854477253053765,biological_process
NOP9,0.00028854477253053765,gene/protein
Frequent falls,0.00028854477253053765,effect/phenotype
Hyporeflexia of upper limbs,0.00028854477253053765,effect/phenotype
Progressive cerebellar ataxia,0.00028854477253053765,effect/phenotype
"Intellectual disability, moderate",0.00028854477253053765,effect/phenotype
Diabetic ketoacidosis,0.00028854477253053765,effect/phenotype
multicellular organism aging,0.00028854477253053765,biological_process
Abnormal facial shape,0.00028854477253053765,effect/phenotype
leukocyte migration,0.00028854477253053765,biological_process
Regulation of Insulin-like Growth Factor (IGF) transport and uptake by Insulin-like Growth Factor Binding Proteins (IGFBPs),0.00028854477253053765,pathway
TIMM13,0.00028854477253053765,gene/protein
CCDC88A,0.00028854477253053765,gene/protein
negative regulation of endothelial cell apoptotic process,0.00028854477253053765,biological_process
MEAF6,0.00028854477253053765,gene/protein
response to organic cyclic compound,0.00028854477253053765,biological_process
Multiple cafe-au-lait spots,0.00028854477253053765,effect/phenotype
MAP3K12,0.00028854477253053765,gene/protein
MAP3K11,0.00028854477253053765,gene/protein
PSMD5,0.00028854477253053765,gene/protein
IGF2R,0.00028854477253053765,gene/protein
PSMA4,0.00028854477253053765,gene/protein
Abnormal circulating lipid concentration,0.00028854477253053765,effect/phenotype
hepatocyte differentiation,0.00028854477253053765,biological_process
VTN,0.00028854477253053765,gene/protein
ATG5,0.00028854477253053765,gene/protein
CD83,0.00028854477253053765,gene/protein
MYCN,0.00028854477253053765,gene/protein
NR1H3,0.00028854477253053765,gene/protein
FLNC,0.00028854477253053765,gene/protein
PSMA7,0.00028854477253053765,gene/protein
IKBKE,0.00028854477253053765,gene/protein
TRIM28,0.00028854477253053765,gene/protein
ZYX,0.00028854477253053765,gene/protein
SMAD7,0.00028854477253053765,gene/protein
Neurological speech impairment,0.00028854477253053765,effect/phenotype
Platelet degranulation ,0.00028854477253053765,pathway
positive regulation of epithelial to mesenchymal transition,0.00028854477253053765,biological_process
Pes cavus,0.00028854477253053765,effect/phenotype
EFNB1,0.00028854477253053765,gene/protein
SET,0.00028854477253053765,gene/protein
BFAR,0.00028854477253053765,gene/protein
vasoconstriction,0.00028854477253053765,biological_process
Progressive,0.00028854477253053765,effect/phenotype
LRP1,0.00028854477253053765,gene/protein
Juvenile onset,0.00028854477253053765,effect/phenotype
Muscular hypotonia of the trunk,0.00028854477253053765,immune_effect/phenotype
Cerebral atrophy,0.00028854477253053765,effect/phenotype
Tall stature,0.00028854477253053765,effect/phenotype
Large hands,0.00028854477253053765,effect/phenotype
PIAS2,0.00028854477253053765,gene/protein
RAD51,0.00028854477253053765,gene/protein
SRP72,0.00028854477253053765,gene/protein
PCDHAC2,0.00028854477253053765,gene/protein
RNF14,0.00028854477253053765,gene/protein
EIF3I,0.00028854477253053765,gene/protein
DHDDS,0.00028854477253053765,gene/protein
ZBTB33,0.00028854477253053765,gene/protein
PSMD14,0.00028854477253053765,gene/protein
Congestive heart failure,0.00028854477253053765,effect/phenotype
UBXN7,0.00028854477253053765,gene/protein
Dysmetria,0.00028854477253053765,effect/phenotype
superoxide anion generation,0.00028854477253053765,biological_process
response to superoxide,0.00028854477253053765,biological_process
positive regulation of cytokine production,0.00028854477253053765,biological_process
Abnormal pyramidal sign,0.00028854477253053765,effect/phenotype
Mandibular prognathia,0.00028854477253053765,effect/phenotype
UBE2V2,0.00028854477253053765,gene/protein
BNIP3L,0.00028854477253053765,gene/protein
ERRFI1,0.00028854477253053765,gene/protein
BCAP31,0.00028854477253053765,gene/protein
IFNGR2,0.00028854477253053765,gene/protein
MAPK10,0.00028854477253053765,gene/protein
NCL,0.00028854477253053765,gene/protein
"diabetes mellitus, noninsulin-dependent",0.00028854477253053765,disease
FHL2,0.00028854477253053765,gene/protein
Biliary cirrhosis,0.00028854477253053765,effect/phenotype
RFC1,0.00028854477253053765,gene/protein
BIRC5,0.00028854477253053765,gene/protein
GHRL,0.00028854477253053765,gene/protein
PIK3CD,0.00028854477253053765,gene/protein
TFRC,0.00028854477253053765,gene/protein
RUBCN,0.00028854477253053765,gene/protein
TPP1,0.00028854477253053765,gene/protein
Kyphoscoliosis,0.00028854477253053765,effect/phenotype
Abnormal cerebral white matter morphology,0.00028854477253053765,effect/phenotype
Thickened calvaria,0.00028854477253053765,effect/phenotype
Slurred speech,0.00028854477253053765,effect/phenotype
PRKAG1,0.00028854477253053765,gene/protein
PRDX3,0.00028854477253053765,gene/protein
positive regulation of peptidyl-tyrosine phosphorylation,0.00028854477253053765,biological_process
ANGPTL4,0.00028854477253053765,gene/protein
CYCS,0.00028854477253053765,gene/protein
CD247,0.00028854477253053765,gene/protein
ATF6,0.00028854477253053765,gene/protein
LIG4,0.00028854477253053765,gene/protein
GDF15,0.00028854477253053765,gene/protein
XRCC1,0.00028854477253053765,gene/protein
Pancreatitis,0.00028854477253053765,effect/phenotype
TRAP1,0.00028854477253053765,gene/protein
axon guidance,0.00028854477253053765,biological_process
MIR130A,0.00028854477253053765,gene/protein
TNK2,0.00028854477253053765,gene/protein
ARF6,0.00028854477253053765,gene/protein
TRPV1,0.00028854477253053765,gene/protein
SOX2,0.00028854477253053765,gene/protein
SOCS2,0.00028854477253053765,gene/protein
SPOP,0.00028854477253053765,gene/protein
SLC11A1,0.00028854477253053765,gene/protein
PTPN22,0.00028854477253053765,gene/protein
PRKCQ,0.00028854477253053765,gene/protein
IL27,0.00028854477253053765,gene/protein
Nuclear Receptor transcription pathway,0.00028854477253053765,pathway
removal of superoxide radicals,0.00028854477253053765,biological_process
release of cytochrome c from mitochondria,0.00028854477253053765,biological_process
positive regulation of vascular associated smooth muscle cell apoptotic process,0.00028854477253053765,biological_process
Transcriptional activation of mitochondrial biogenesis,0.00028854477253053765,pathway
TSLP,0.00028854477253053765,gene/protein
UGDH,0.00028854477253053765,gene/protein
XPC,0.00028854477253053765,gene/protein
Broad neck,0.00028854477253053765,effect/phenotype
USP27X,0.00028854477253053765,gene/protein
COMT,0.00028854477253053765,gene/protein
endothelin receptor signaling pathway,0.00028854477253053765,biological_process
IL33,0.00028854477253053765,gene/protein
TRAIP,0.00028854477253053765,gene/protein
Ectopic kidney,0.00028854477253053765,effect/phenotype
Patent ductus arteriosus,0.00028854477253053765,effect/phenotype
Inflammation of the large intestine,0.00028854477253053765,immune_effect/phenotype
Primary amenorrhea,0.00028854477253053765,effect/phenotype
CCR2,0.00028854477253053765,gene/protein
MID2,0.00028854477253053765,gene/protein
CCL19,0.00028854477253053765,gene/protein
CX3CL1,0.00028854477253053765,gene/protein
Coarctation of aorta,0.00028854477253053765,effect/phenotype
Hashimoto thyroiditis,0.00028854477253053765,effect/phenotype
CCNE1,0.00028854477253053765,gene/protein
smoothened signaling pathway,0.00028854477253053765,biological_process
neuron migration,0.00028854477253053765,biological_process
triglyceride homeostasis,0.00028854477253053765,biological_process
negative regulation of cellular protein metabolic process,0.00028854477253053765,biological_process
regulation of transcription initiation from RNA polymerase II promoter,0.00028854477253053765,biological_process
Hepatitis,0.00028854477253053765,effect/phenotype
NF2,0.00028854477253053765,gene/protein
PDGFRA,0.00028854477253053765,gene/protein
PTK6,0.00028854477253053765,gene/protein
SH2D1A,0.00028854477253053765,gene/protein
CLEC7A (Dectin-1) signaling,0.00028854477253053765,pathway
Transcriptional Regulation by VENTX,0.00028854477253053765,pathway
The NLRP3 inflammasome,0.00028854477253053765,pathway
Estrogen-dependent nuclear events downstream of ESR-membrane signaling,0.00028854477253053765,pathway
PMF1,0.00028854477253053765,gene/protein
ITPR1,0.00028854477253053765,gene/protein
CHMP4A,0.00028854477253053765,gene/protein
NUMB,0.00028854477253053765,gene/protein
PKN2,0.00028854477253053765,gene/protein
CCN3,0.00028854477253053765,gene/protein
H1-3,0.00028854477253053765,gene/protein
NOTCH1,0.00028854477253053765,gene/protein
CAMK2D,0.00028854477253053765,gene/protein
PPP1CC,0.00028854477253053765,gene/protein
CD44,0.00028854477253053765,gene/protein
activation of adenylate cyclase activity,0.00028854477253053765,biological_process
COMMD1,0.00028854477253053765,gene/protein
TNIP1,0.00028854477253053765,gene/protein
TANK,0.00028854477253053765,gene/protein
PDIA6,0.00028854477253053765,gene/protein
learning or memory,0.00028854477253053765,biological_process
detection of glucose,0.00028854477253053765,biological_process
I-kappaB kinase/NF-kappaB signaling,0.00028854477253053765,biological_process
adaptive thermogenesis,0.00028854477253053765,biological_process
protein polyubiquitination,0.00028854477253053765,biological_process
CHFR,0.00028854477253053765,gene/protein
RNF166,0.00028854477253053765,gene/protein
UBQLN2,0.00028854477253053765,gene/protein
Blindness,0.00028854477253053765,effect/phenotype
Jaundice,0.00028854477253053765,effect/phenotype
Brachycephaly,0.00028854477253053765,effect/phenotype
Feeding difficulties,0.00028854477253053765,effect/phenotype
male gonad development,0.00028854477253053765,biological_process
Hypoplasia of penis,0.00028854477253053765,effect/phenotype
Regulation of gene expression in early pancreatic precursor cells,0.00028854477253053765,pathway
anatomical structure development,0.00028854477253053765,biological_process
Hypergonadotropic hypogonadism,0.00028854477253053765,effect/phenotype
TLN1,0.00028854477253053765,gene/protein
IRS4,0.00028854477253053765,gene/protein
IPO4,0.00028854477253053765,gene/protein
Posteriorly rotated ears,0.00028854477253053765,effect/phenotype
Pancytopenia,0.00028854477253053765,effect/phenotype
positive regulation of intrinsic apoptotic signaling pathway,0.00028854477253053765,biological_process
Narrow forehead,0.00028854477253053765,effect/phenotype
Short philtrum,0.00028854477253053765,effect/phenotype
BH3-only proteins associate with and inactivate anti-apoptotic BCL-2 members,0.00028854477253053765,pathway
ear development,0.00028854477253053765,biological_process
PCDHB11,0.00028854477253053765,gene/protein
Abdominal pain,0.00028854477253053765,effect/phenotype
Generalized hirsutism,0.00028854477253053765,effect/phenotype
Prominent nose,0.00028854477253053765,effect/phenotype
CLN3,0.00028854477253053765,gene/protein
HSD11B1,0.00028854477253053765,gene/protein
EPO,0.00028854477253053765,gene/protein
BBS1,0.00028854477253053765,gene/protein
BBS2,0.00028854477253053765,gene/protein
RPGRIP1,0.00028854477253053765,gene/protein
adenylate cyclase-inhibiting G protein-coupled receptor signaling pathway,0.00028854477253053765,biological_process
Antigen processing: Ubiquitination & Proteasome degradation,0.00028854477253053765,pathway
Impaired smooth pursuit,0.00028854477253053765,effect/phenotype
Long foot,0.00028854477253053765,effect/phenotype
CCDC57,0.00028854477253053765,gene/protein
Interleukin-1 signaling,0.00028854477253053765,pathway
SELENOP,0.00028854477253053765,gene/protein
GPX3,0.00028854477253053765,gene/protein
CLEC7A/inflammasome pathway,0.00028854477253053765,pathway
Adult onset,0.00028854477253053765,effect/phenotype
NPM1,0.00028854477253053765,gene/protein
MC4R,0.00028854477253053765,gene/protein
MAPKAPK2,0.00028854477253053765,gene/protein
PSME1,0.00028854477253053765,gene/protein
DHRS2,0.00028854477253053765,gene/protein
Glucagon signaling in metabolic regulation,0.00028854477253053765,pathway
Dysphagia,0.00028854477253053765,effect/phenotype
NUP214,0.00028854477253053765,gene/protein
response to fatty acid,0.00028854477253053765,biological_process
SIN3A,0.00028854477253053765,gene/protein
SEC23A,0.00028854477253053765,gene/protein
PCK2,0.00028854477253053765,gene/protein
NR1I2,0.00028854477253053765,gene/protein
CTF1,0.00028854477253053765,gene/protein
apoptotic signaling pathway,0.00028854477253053765,biological_process
BRCA2,0.00028854477253053765,gene/protein
PRMT1,0.00028854477253053765,gene/protein
NFKBIB,0.00028854477253053765,gene/protein
ACACB,0.00028854477253053765,gene/protein
positive regulation of lipid storage,0.00028854477253053765,biological_process
TNS4,0.00028854477253053765,gene/protein
defense response to virus,0.00028854477253053765,biological_process
MTPN,0.00028854477253053765,gene/protein
ATF7,0.00028854477253053765,gene/protein
FANK1,0.00028854477253053765,gene/protein
ion transmembrane transport,0.00028854477253053765,biological_process
Relative macrocephaly,0.00028854477253053765,effect/phenotype
Short palpebral fissure,0.00028854477253053765,effect/phenotype
KSR1,0.00028854477253053765,gene/protein
FASN,0.00028854477253053765,gene/protein
Cerebral cortical atrophy,0.00028854477253053765,effect/phenotype
SPTBN1,0.00028854477253053765,gene/protein
RNF111,0.00028854477253053765,gene/protein
Truncal obesity,0.00028854477253053765,effect/phenotype
Prolonged neonatal jaundice,0.00028854477253053765,effect/phenotype
Abnormality of eye movement,0.00028854477253053765,effect/phenotype
T cell homeostasis,0.00028854477253053765,biological_process
WRAP53,0.00028854477253053765,gene/protein
NEK2,0.00028854477253053765,gene/protein
Delayed eruption of teeth,0.00028854477253053765,effect/phenotype
Clinodactyly,0.00028854477253053765,effect/phenotype
CASP9,0.00028854477253053765,gene/protein
FCERI mediated NF-kB activation,0.00028854477253053765,pathway
PPIL4,0.00028854477253053765,gene/protein
AP2A1,0.00028854477253053765,gene/protein
CTBP2,0.00028854477253053765,gene/protein
ARNTL,0.00028854477253053765,gene/protein
GNB2,0.00028854477253053765,gene/protein
AP1B1,0.00028854477253053765,gene/protein
GNAZ,0.00028854477253053765,gene/protein
NMT2,0.00028854477253053765,gene/protein
NRAS,0.00028854477253053765,gene/protein
F2RL1,0.00028854477253053765,gene/protein
CRX,0.00028854477253053765,gene/protein
HNRNPC,0.00028854477253053765,gene/protein
NFYC,0.00028854477253053765,gene/protein
EPHA4,0.00028854477253053765,gene/protein
HOXC8,0.00028854477253053765,gene/protein
SMAD1,0.00028854477253053765,gene/protein
PCK1,0.00028854477253053765,gene/protein
NR5A2,0.00028854477253053765,gene/protein
RANBP1,0.00028854477253053765,gene/protein
CFTR,0.00028854477253053765,gene/protein
positive regulation of cyclin-dependent protein serine/threonine kinase activity,0.00028854477253053765,biological_process
AGR3,0.00028854477253053765,gene/protein
LAMTOR3,0.00028854477253053765,gene/protein
LAT,0.00028854477253053765,gene/protein
FBP1,0.00028854477253053765,gene/protein
NFYA,0.00028854477253053765,gene/protein
positive regulation of heart rate,0.00028854477253053765,biological_process
fatty acid beta-oxidation,0.00028854477253053765,biological_process
IGFBP1,0.00028854477253053765,gene/protein
PEBP1,0.00028854477253053765,gene/protein
GLI3,0.00028854477253053765,gene/protein
HMGB3,0.00028854477253053765,gene/protein
NISCH,0.00028854477253053765,gene/protein
positive regulation of glucose metabolic process,0.00028854477253053765,biological_process
LGALS1,0.00028854477253053765,gene/protein
ELF1,0.00028854477253053765,gene/protein
KPNA3,0.00028854477253053765,gene/protein
BCL3,0.00028854477253053765,gene/protein
GNAI1,0.00028854477253053765,gene/protein
PI3K Cascade,0.00028854477253053765,pathway
TOP2A,0.00028854477253053765,gene/protein
DIRAS3,0.00028854477253053765,gene/protein
TTK,0.00028854477253053765,gene/protein
UMPS,0.00028854477253053765,gene/protein
TRIM24,0.00028854477253053765,gene/protein
ITK,0.00028854477253053765,gene/protein
regulation of cardiac conduction,0.00028854477253053765,biological_process
MAP3K10,0.00028854477253053765,gene/protein
IL13,0.00028854477253053765,gene/protein
X-linked inheritance,0.00028854477253053765,immune_effect/phenotype
AKAP9,0.00028854477253053765,gene/protein
TNFSF10,0.00028854477253053765,gene/protein
CEP55,0.00028854477253053765,gene/protein
DTL,0.00028854477253053765,gene/protein
negative regulation of receptor binding,0.00028854477253053765,biological_process
MEF2D,0.00028854477253053765,gene/protein
IFNB1,0.00028854477253053765,gene/protein
CTNNA1,0.00028854477253053765,gene/protein
EBF1,0.00028854477253053765,gene/protein
CDX2,0.00028854477253053765,gene/protein
Hirsutism,0.00028854477253053765,effect/phenotype
ESRRG,0.00028854477253053765,gene/protein
FTL,0.00028854477253053765,gene/protein
FUS,0.00028854477253053765,gene/protein
POU1F1,0.00028854477253053765,gene/protein
LRIF1,0.00028854477253053765,gene/protein
cell division,0.00028854477253053765,biological_process
UNC5CL,0.00028854477253053765,gene/protein
MTRNR2L1,0.00028854477253053765,gene/protein
TUBB4A,0.00028854477253053765,gene/protein
COL5A1,0.00028854477253053765,gene/protein
MIR628,0.00028854477253053765,gene/protein
MIR1306,0.00028854477253053765,gene/protein
MIR1226,0.00028854477253053765,gene/protein
SLC25A3,0.00028854477253053765,gene/protein
BCR,0.00028854477253053765,gene/protein
BTK,0.00028854477253053765,gene/protein
FKBP8,0.00028854477253053765,gene/protein
WDR74,0.00028854477253053765,gene/protein
TUBB,0.00028854477253053765,gene/protein
DPF2,0.00028854477253053765,gene/protein
TYW3,0.00028854477253053765,gene/protein
RFX5,0.00028854477253053765,gene/protein
MIR1249,0.00028854477253053765,gene/protein
PDGFRB,0.00028854477253053765,gene/protein
GHR,0.00028854477253053765,gene/protein
FMR1,0.00028854477253053765,gene/protein
GNA12,0.00028854477253053765,gene/protein
LPXN,0.00028854477253053765,gene/protein
negative regulation of smooth muscle cell proliferation,0.00028854477253053765,biological_process
RSF1,0.00028854477253053765,gene/protein
interleukin-1-mediated signaling pathway,0.00028854477253053765,biological_process
MIR1296,0.00028854477253053765,gene/protein
lung development,0.00028854477253053765,biological_process
RPS6KA4,0.00028854477253053765,gene/protein
signal transduction involved in regulation of gene expression,0.00028854477253053765,biological_process
neuron differentiation,0.00028854477253053765,biological_process
MDFI,0.00028854477253053765,gene/protein
LTA,0.00028854477253053765,gene/protein
NFYB,0.00028854477253053765,gene/protein
ZBTB3,0.00028854477253053765,gene/protein
positive regulation of endothelial cell proliferation,0.00028854477253053765,biological_process
TGFBR2,0.00028854477253053765,gene/protein
CUL3,0.00028854477253053765,gene/protein
chemical synaptic transmission,0.00028854477253053765,biological_process
PEX5,0.00028854477253053765,gene/protein
PDGFRL,0.00028854477253053765,gene/protein
MIR532,0.00028854477253053765,gene/protein
ATP6V1C1,0.00028854477253053765,gene/protein
EIF6,0.00028854477253053765,gene/protein
KCNA5,0.00028854477253053765,gene/protein
KCNC4,0.00028854477253053765,gene/protein
GRAP2,0.00028854477253053765,gene/protein
regulation of brown fat cell differentiation,0.00028854477253053765,biological_process
temperature homeostasis,0.00028854477253053765,biological_process
adipose tissue development,0.00028854477253053765,biological_process
IRF9,0.00028854477253053765,gene/protein
SRF,0.00028854477253053765,gene/protein
PIK3CG,0.00028854477253053765,gene/protein
CDC34,0.00028854477253053765,gene/protein
NTRK1,0.00028854477253053765,gene/protein
MIR744,0.00028854477253053765,gene/protein
MIR1307,0.00028854477253053765,gene/protein
GSK3A,0.00028854477253053765,gene/protein
Wide intermamillary distance,0.00028854477253053765,effect/phenotype
ITGB3BP,0.00028854477253053765,gene/protein
cell fate determination,0.00028854477253053765,biological_process
Gait ataxia,0.00028854477253053765,effect/phenotype
RUNX3,0.00028854477253053765,gene/protein
CCL5,0.00028854477253053765,gene/protein
BLVRA,0.00028854477253053765,gene/protein
gene expression,0.00028854477253053765,biological_process
LAMTOR5,0.00028854477253053765,gene/protein
Bicuspid aortic valve,0.00028854477253053765,effect/phenotype
Cytoprotection by HMOX1,0.00028854477253053765,pathway
MAPK11,0.00028854477253053765,gene/protein
PRKAB2,0.00028854477253053765,gene/protein
negative regulation of pri-miRNA transcription by RNA polymerase II,0.00028854477253053765,biological_process
negative regulation of leukocyte adhesion to vascular endothelial cell,0.00028854477253053765,biological_process
Cerebral calcification,0.00028854477253053765,effect/phenotype
MARCKSL1,0.00028854477253053765,gene/protein
RANBP3,0.00028854477253053765,gene/protein
negative regulation of protein phosphorylation,0.00028854477253053765,biological_process
DOK1,0.00028854477253053765,gene/protein
ACOX1,0.00028854477253053765,gene/protein
FABP1,0.00028854477253053765,gene/protein
PRCC,0.00028854477253053765,gene/protein
ST14,0.00028854477253053765,gene/protein
GATA4,0.00028854477253053765,gene/protein
SLC37A4,0.00028854477253053765,gene/protein
CD7,0.00028854477253053765,gene/protein
G alpha (z) signalling events,0.00028854477253053765,pathway
Absent speech,0.00028854477253053765,effect/phenotype
Hydrocephalus,0.00028854477253053765,effect/phenotype
BCL2L10,0.00028854477253053765,gene/protein
BAK1,0.00028854477253053765,gene/protein
AURKB,0.00028854477253053765,gene/protein
Webbed neck,0.00028854477253053765,effect/phenotype
Pointed chin,0.00028854477253053765,effect/phenotype
Infantile muscular hypotonia,0.00028854477253053765,effect/phenotype
melanocyte differentiation,0.00028854477253053765,biological_process
protein processing,0.00028854477253053765,biological_process
PMAIP1,0.00028854477253053765,gene/protein
RBBP6,0.00028854477253053765,gene/protein
IL12A,0.00028854477253053765,gene/protein
NAMPT,0.00028854477253053765,gene/protein
ACTN4,0.00028854477253053765,gene/protein
Atypical scarring of skin,0.00028854477253053765,effect/phenotype
PLS3,0.00028854477253053765,gene/protein
SRSF11,0.00028854477253053765,gene/protein
CLTC,0.00028854477253053765,gene/protein
AK2,0.00028854477253053765,gene/protein
GSTP1,0.00028854477253053765,gene/protein
PSMB6,0.00028854477253053765,gene/protein
CDC42,0.00028854477253053765,gene/protein
P4HB,0.00028854477253053765,gene/protein
Increased circulating gonadotropin level,0.00028854477253053765,effect/phenotype
Hypoplasia of the corpus callosum,0.00028854477253053765,effect/phenotype
Agenesis of corpus callosum,0.00028854477253053765,effect/phenotype
UBE2M,0.00028854477253053765,gene/protein
response to radiation,0.00028854477253053765,biological_process
LMNB1,0.00028854477253053765,gene/protein
MSX2,0.00028854477253053765,gene/protein
GNB1,0.00028854477253053765,gene/protein
Cubitus valgus,0.00028854477253053765,effect/phenotype
MAT2A,0.00028854477253053765,gene/protein
RHOA,0.00028854477253053765,gene/protein
ATP7B,0.00028854477253053765,gene/protein
IL2RG,0.00028854477253053765,gene/protein
CDC20,0.00028854477253053765,gene/protein
negative regulation of macrophage derived foam cell differentiation,0.00028854477253053765,biological_process
CARD11,0.00028854477253053765,gene/protein
CBLB,0.00028854477253053765,gene/protein
CXCL8,0.00028854477253053765,gene/protein
RCC1,0.00028854477253053765,gene/protein
LSP1,0.00028854477253053765,gene/protein
CD69,0.00028854477253053765,gene/protein
ANXA4,0.00028854477253053765,gene/protein
GLUL,0.00028854477253053765,gene/protein
ACTG2,0.00028854477253053765,gene/protein
B2M,0.00028854477253053765,gene/protein
IFNGR1,0.00028854477253053765,gene/protein
lipoprotein transport,0.00028854477253053765,biological_process
ARRB1,0.00028854477253053765,gene/protein
TGFA,0.00028854477253053765,gene/protein
negative regulation of vascular endothelial growth factor production,0.00028854477253053765,biological_process
BAG6,0.00028854477253053765,gene/protein
DDR1,0.00028854477253053765,gene/protein
KLF5,0.00028854477253053765,gene/protein
HLA-B,0.00028854477253053765,gene/protein
MTNR1A,0.00028854477253053765,gene/protein
negative regulation of interleukin-8 production,0.00028854477253053765,biological_process
negative regulation of interleukin-1 beta production,0.00028854477253053765,biological_process
negative regulation of vascular associated smooth muscle cell migration,0.00028854477253053765,biological_process
KLF4,0.00028854477253053765,gene/protein
IL16,0.00028854477253053765,gene/protein
ACTA1,0.00028854477253053765,gene/protein
FOSL2,0.00028854477253053765,gene/protein
CIDEA,0.00028854477253053765,gene/protein
PSMC6,0.00028854477253053765,gene/protein
RTN4,0.00028854477253053765,gene/protein
EEF1B2,0.00028854477253053765,gene/protein
PSMC5,0.00028854477253053765,gene/protein
ASGR2,0.00028854477253053765,gene/protein
CLIC1,0.00028854477253053765,gene/protein
GNG4,0.00028854477253053765,gene/protein
MIF,0.00028854477253053765,gene/protein
DFFA,0.00028854477253053765,gene/protein
PLK3,0.00028854477253053765,gene/protein
ISG15,0.00028854477253053765,gene/protein
CD82,0.00028854477253053765,gene/protein
RACGAP1,0.00028854477253053765,gene/protein
FOSL1,0.00028854477253053765,gene/protein
EPRS1,0.00028854477253053765,gene/protein
PPM1B,0.00028854477253053765,gene/protein
AHSG,0.00028854477253053765,gene/protein
peptidyl-serine phosphorylation,0.00028854477253053765,biological_process
GMNN,0.00028854477253053765,gene/protein
NCF1,0.00028854477253053765,gene/protein
NSD1,0.00028854477253053765,gene/protein
FEN1,0.00028854477253053765,gene/protein
ACTL6A,0.00028854477253053765,gene/protein
ACTG1,0.00028854477253053765,gene/protein
AREG,0.00028854477253053765,gene/protein
EEF1G,0.00028854477253053765,gene/protein
APOE,0.00028854477253053765,gene/protein
PRDX6,0.00028854477253053765,gene/protein
ITCH,0.0001923631816870251,gene/protein
Increased antibiotic exposure,0.0001923631816870251,effect/phenotype
RNF185,0.0001923631816870251,gene/protein
High myopia,0.0001923631816870251,effect/phenotype
Abnormality of the musculature,0.0001923631816870251,effect/phenotype
Nail dystrophy,0.0001923631816870251,effect/phenotype
Craniosynostosis,0.0001923631816870251,effect/phenotype
Prominent supraorbital ridges,0.0001923631816870251,effect/phenotype
Macrotia,0.0001923631816870251,effect/phenotype
Neutropenia,0.0001923631816870251,immune_effect/phenotype
Bilateral talipes equinovarus,0.0001923631816870251,effect/phenotype
Childhood onset,0.0001923631816870251,effect/phenotype
Talipes valgus,0.0001923631816870251,effect/phenotype
NOX1,0.0001923631816870251,gene/protein
IPO11,0.0001923631816870251,gene/protein
RNF25,0.0001923631816870251,gene/protein
UBR5,0.0001923631816870251,gene/protein
Assembly of active LPL and LIPC lipase complexes,0.0001923631816870251,pathway
USP15,0.0001923631816870251,gene/protein
PGPEP1,0.0001923631816870251,gene/protein
G beta:gamma signalling through PI3Kgamma,0.0001923631816870251,pathway
Macrocephaly,0.0001923631816870251,effect/phenotype
Joint hyperflexibility,0.0001923631816870251,effect/phenotype
Confusion,0.0001923631816870251,effect/phenotype
Thin upper lip vermilion,0.0001923631816870251,effect/phenotype
Thrombocytopenia,0.0001923631816870251,effect/phenotype
Ventriculomegaly,0.0001923631816870251,effect/phenotype
Cone-shaped epiphyses of the phalanges of the hand,0.0001923631816870251,effect/phenotype
Thin vermilion border,0.0001923631816870251,effect/phenotype
positive regulation of protein kinase activity,0.0001923631816870251,biological_process
cognition,0.0001923631816870251,biological_process
ING4,0.0001923631816870251,gene/protein
negative regulation of lipid catabolic process,0.0001923631816870251,biological_process
protein kinase B signaling,0.0001923631816870251,biological_process
CDYL,0.0001923631816870251,gene/protein
lipopolysaccharide-mediated signaling pathway,0.0001923631816870251,biological_process
regulation of JNK cascade,0.0001923631816870251,biological_process
PTPN23,0.0001923631816870251,gene/protein
Regulation of PTEN stability and activity,0.0001923631816870251,pathway
WASHC2C,0.0001923631816870251,gene/protein
positive regulation of synaptic transmission,0.0001923631816870251,biological_process
negative regulation of osteoblast differentiation,0.0001923631816870251,biological_process
positive regulation of neuroinflammatory response,0.0001923631816870251,biological_process
regulation of establishment of endothelial barrier,0.0001923631816870251,biological_process
negative regulation of bicellular tight junction assembly,0.0001923631816870251,biological_process
calcium ion homeostasis,0.0001923631816870251,biological_process
positive regulation of glucose transmembrane transport,0.0001923631816870251,biological_process
long-term memory,0.0001923631816870251,biological_process
Glutamate Neurotransmitter Release Cycle,0.0001923631816870251,pathway
Bronchiectasis,0.0001923631816870251,effect/phenotype
"antigen processing and presentation of exogenous peptide antigen via MHC class I, TAP-dependent",0.0001923631816870251,biological_process
Defective B cell differentiation,0.0001923631816870251,immune_effect/phenotype
Cafe-au-lait spot,0.0001923631816870251,effect/phenotype
Dermatoglyphic ridges abnormal,0.0001923631816870251,effect/phenotype
Enlargement of the distal femoral epiphysis,0.0001923631816870251,effect/phenotype
Irregular proximal tibial epiphyses,0.0001923631816870251,effect/phenotype
Neck pterygia,0.0001923631816870251,effect/phenotype
Other interleukin signaling,0.0001923631816870251,pathway
GOSR1,0.0001923631816870251,gene/protein
ZDHHC17,0.0001923631816870251,gene/protein
astrocyte activation,0.0001923631816870251,biological_process
TIMM50,0.0001923631816870251,gene/protein
"regulation of synaptic transmission, glutamatergic",0.0001923631816870251,biological_process
response to virus,0.0001923631816870251,biological_process
endothelial cell apoptotic process,0.0001923631816870251,biological_process
negative regulation of apoptotic signaling pathway,0.0001923631816870251,biological_process
positive regulation of osteoclast differentiation,0.0001923631816870251,biological_process
POTEF,0.0001923631816870251,gene/protein
regulation of macroautophagy,0.0001923631816870251,biological_process
SORD,0.0001923631816870251,gene/protein
ABC-family proteins mediated transport,0.0001923631816870251,pathway
regulation of appetite,0.0001923631816870251,biological_process
ureteric bud development,0.0001923631816870251,biological_process
SMAD6,0.0001923631816870251,gene/protein
TOB1,0.0001923631816870251,gene/protein
WDFY2,0.0001923631816870251,gene/protein
xenobiotic transport,0.0001923631816870251,biological_process
erythrocyte differentiation,0.0001923631816870251,biological_process
CHMP3,0.0001923631816870251,gene/protein
Incoordination,0.0001923631816870251,effect/phenotype
ACAP1,0.0001923631816870251,gene/protein
DNAJC12,0.0001923631816870251,gene/protein
COPB2,0.0001923631816870251,gene/protein
SLC39A8,0.0001923631816870251,gene/protein
dehydroascorbic acid transport,0.0001923631816870251,biological_process
GDPD5,0.0001923631816870251,gene/protein
HDAC10,0.0001923631816870251,gene/protein
cellular response to glucose starvation,0.0001923631816870251,biological_process
TXNIP,0.0001923631816870251,gene/protein
intracellular protein transport,0.0001923631816870251,biological_process
positive regulation of kinase activity,0.0001923631816870251,biological_process
positive regulation of membrane protein ectodomain proteolysis,0.0001923631816870251,biological_process
POTEE,0.0001923631816870251,gene/protein
Wnt signaling pathway,0.0001923631816870251,biological_process
NDN,0.0001923631816870251,gene/protein
Signaling by MRAS-complex mutants,0.0001923631816870251,pathway
BHMT2,0.0001923631816870251,gene/protein
AKT3,0.0001923631816870251,gene/protein
MAP2K2,0.0001923631816870251,gene/protein
neuron projection maintenance,0.0001923631816870251,biological_process
ZNF496,0.0001923631816870251,gene/protein
positive regulation of developmental growth,0.0001923631816870251,biological_process
positive regulation of respiratory burst,0.0001923631816870251,biological_process
CCL22,0.0001923631816870251,gene/protein
BRD2,0.0001923631816870251,gene/protein
U2AF2,0.0001923631816870251,gene/protein
ANKRD13A,0.0001923631816870251,gene/protein
C12orf57,0.0001923631816870251,gene/protein
TNFAIP2,0.0001923631816870251,gene/protein
negative regulation of production of miRNAs involved in gene silencing by miRNA,0.0001923631816870251,biological_process
nervous system process,0.0001923631816870251,biological_process
ANTXR1,0.0001923631816870251,gene/protein
Dyssynergia,0.0001923631816870251,effect/phenotype
negative regulation of extracellular matrix disassembly,0.0001923631816870251,biological_process
positive regulation of phosphatidylinositol 3-kinase activity,0.0001923631816870251,biological_process
POC1B,0.0001923631816870251,gene/protein
SPTAN1,0.0001923631816870251,gene/protein
NFKBIZ,0.0001923631816870251,gene/protein
PTMA,0.0001923631816870251,gene/protein
Translocation of SLC2A4 (GLUT4) to the plasma membrane,0.0001923631816870251,pathway
macrophage derived foam cell differentiation,0.0001923631816870251,biological_process
response to progesterone,0.0001923631816870251,biological_process
phosphate-containing compound metabolic process,0.0001923631816870251,biological_process
positive regulation of interleukin-12 production,0.0001923631816870251,biological_process
ZNF8,0.0001923631816870251,gene/protein
TSPOAP1,0.0001923631816870251,gene/protein
protein autophosphorylation,0.0001923631816870251,biological_process
RAF activation,0.0001923631816870251,pathway
MAPK8IP2,0.0001923631816870251,gene/protein
DUSP16,0.0001923631816870251,gene/protein
TUBB3,0.0001923631816870251,gene/protein
STYX,0.0001923631816870251,gene/protein
PTPRR,0.0001923631816870251,gene/protein
BCAR1,0.0001923631816870251,gene/protein
ACTL7B,0.0001923631816870251,gene/protein
UQCRC1,0.0001923631816870251,gene/protein
SH2B2,0.0001923631816870251,gene/protein
positive regulation of cardiac muscle cell differentiation,0.0001923631816870251,biological_process
positive regulation of vascular endothelial growth factor production,0.0001923631816870251,biological_process
connective tissue replacement involved in inflammatory response wound healing,0.0001923631816870251,biological_process
negative regulation of gene silencing by miRNA,0.0001923631816870251,biological_process
Reduced tendon reflexes,0.0001923631816870251,effect/phenotype
Decreased proportion of CD4-positive helper T cells,0.0001923631816870251,immune_effect/phenotype
Decreased circulating IgG level,0.0001923631816870251,immune_effect/phenotype
T lymphocytopenia,0.0001923631816870251,immune_effect/phenotype
Female hypogonadism,0.0001923631816870251,effect/phenotype
THRSP,0.0001923631816870251,gene/protein
negative regulation of protein localization to plasma membrane,0.0001923631816870251,biological_process
Choreoathetosis,0.0001923631816870251,effect/phenotype
Decreased circulating IgA level,0.0001923631816870251,immune_effect/phenotype
Decreased circulating IgG2 level,0.0001923631816870251,immune_effect/phenotype
Inverted nipples,0.0001923631816870251,effect/phenotype
negative regulation of cell differentiation,0.0001923631816870251,biological_process
renal water homeostasis,0.0001923631816870251,biological_process
ventricular cardiac muscle tissue morphogenesis,0.0001923631816870251,biological_process
BMP signaling pathway,0.0001923631816870251,biological_process
FBXO6,0.0001923631816870251,gene/protein
phagocytosis,0.0001923631816870251,biological_process
WASHC5,0.0001923631816870251,gene/protein
APOBEC3C,0.0001923631816870251,gene/protein
positive regulation of apoptotic process involved in morphogenesis,0.0001923631816870251,biological_process
negative regulation of extracellular matrix constituent secretion,0.0001923631816870251,biological_process
negative regulation of neuroinflammatory response,0.0001923631816870251,biological_process
CCDC107,0.0001923631816870251,gene/protein
DUSP19,0.0001923631816870251,gene/protein
activation of protein kinase B activity,0.0001923631816870251,biological_process
positive regulation of protein-containing complex disassembly,0.0001923631816870251,biological_process
AZI2,0.0001923631816870251,gene/protein
NSMAF,0.0001923631816870251,gene/protein
GLMN,0.0001923631816870251,gene/protein
Vertigo,0.0001923631816870251,effect/phenotype
Hypoplastic toenails,0.0001923631816870251,effect/phenotype
Aortic arch aneurysm,0.0001923631816870251,effect/phenotype
UBE2D2,0.0001923631816870251,gene/protein
T cell differentiation,0.0001923631816870251,biological_process
FBXO25,0.0001923631816870251,gene/protein
CDC73,0.0001923631816870251,gene/protein
positive regulation of bone mineralization,0.0001923631816870251,biological_process
positive regulation of protein binding,0.0001923631816870251,biological_process
NSD3,0.0001923631816870251,gene/protein
FRS3,0.0001923631816870251,gene/protein
HCK,0.0001923631816870251,gene/protein
GREB1,0.0001923631816870251,gene/protein
PRSS50,0.0001923631816870251,gene/protein
RBPMS,0.0001923631816870251,gene/protein
regulation of hormone metabolic process,0.0001923631816870251,biological_process
heart valve morphogenesis,0.0001923631816870251,biological_process
positive regulation of protein import into nucleus,0.0001923631816870251,biological_process
SORBS3,0.0001923631816870251,gene/protein
Cardiomyopathy,0.0001923631816870251,effect/phenotype
FGFR1OP2,0.0001923631816870251,gene/protein
UNK,0.0001923631816870251,gene/protein
MAPK8IP3,0.0001923631816870251,gene/protein
MOB4,0.0001923631816870251,gene/protein
TNFSF13,0.0001923631816870251,gene/protein
MFSD5,0.0001923631816870251,gene/protein
transmembrane receptor protein tyrosine kinase signaling pathway,0.0001923631816870251,biological_process
LMBR1,0.0001923631816870251,gene/protein
MAPKAP1,0.0001923631816870251,gene/protein
peptidyl-tyrosine phosphorylation,0.0001923631816870251,biological_process
BAG4,0.0001923631816870251,gene/protein
Gonadoblastoma,0.0001923631816870251,effect/phenotype
TLR2,0.0001923631816870251,gene/protein
ADAMTSL4,0.0001923631816870251,gene/protein
ATG4D,0.0001923631816870251,gene/protein
Myoclonus,0.0001923631816870251,effect/phenotype
Dectin-1 mediated noncanonical NF-kB signaling,0.0001923631816870251,pathway
ECPAS,0.0001923631816870251,gene/protein
Aplasia/Hypoplasia of the nipples,0.0001923631816870251,effect/phenotype
Recurrent bronchitis,0.0001923631816870251,effect/phenotype
response to gamma radiation,0.0001923631816870251,biological_process
UPF2,0.0001923631816870251,gene/protein
negative regulation of cardiac muscle hypertrophy,0.0001923631816870251,biological_process
RUFY1,0.0001923631816870251,gene/protein
regulation of bone remodeling,0.0001923631816870251,biological_process
Astrocytosis,0.0001923631816870251,effect/phenotype
sexual reproduction,0.0001923631816870251,biological_process
Glycosuria,0.0001923631816870251,effect/phenotype
Elevated hemoglobin A1c,0.0001923631816870251,effect/phenotype
Renal insufficiency,0.0001923631816870251,effect/phenotype
VAC14,0.0001923631816870251,gene/protein
negative regulation of extrinsic apoptotic signaling pathway,0.0001923631816870251,biological_process
ZBTB16,0.0001923631816870251,gene/protein
bone growth,0.0001923631816870251,biological_process
KRTAP6-2,0.0001923631816870251,gene/protein
TLE3,0.0001923631816870251,gene/protein
GIT1,0.0001923631816870251,gene/protein
amyloid fibril formation,0.0001923631816870251,biological_process
Deactivation of the beta-catenin transactivating complex,0.0001923631816870251,pathway
PRMT6,0.0001923631816870251,gene/protein
Ca2+ pathway,0.0001923631816870251,pathway
hemoglobin metabolic process,0.0001923631816870251,biological_process
positive regulation of humoral immune response mediated by circulating immunoglobulin,0.0001923631816870251,biological_process
TGIF1,0.0001923631816870251,gene/protein
STRIP1,0.0001923631816870251,gene/protein
positive regulation of chemokine production,0.0001923631816870251,biological_process
Gastrointestinal angiodysplasia,0.0001923631816870251,effect/phenotype
cellular response to growth factor stimulus,0.0001923631816870251,biological_process
aortic valve development,0.0001923631816870251,biological_process
pulmonary valve development,0.0001923631816870251,biological_process
DHRS7,0.0001923631816870251,gene/protein
regulation of fat cell differentiation,0.0001923631816870251,biological_process
microglial cell activation,0.0001923631816870251,biological_process
positive regulation of JUN kinase activity,0.0001923631816870251,biological_process
positive regulation of JNK cascade,0.0001923631816870251,biological_process
HTRA2,0.0001923631816870251,gene/protein
SFXN5,0.0001923631816870251,gene/protein
INTS12,0.0001923631816870251,gene/protein
cardiac muscle contraction,0.0001923631816870251,biological_process
OTULIN,0.0001923631816870251,gene/protein
LAMC3,0.0001923631816870251,gene/protein
PEX1,0.0001923631816870251,gene/protein
acute-phase response,0.0001923631816870251,biological_process
BTNL9,0.0001923631816870251,gene/protein
SPARCL1,0.0001923631816870251,gene/protein
VANGL1,0.0001923631816870251,gene/protein
NEK7,0.0001923631816870251,gene/protein
TNFs bind their physiological receptors,0.0001923631816870251,pathway
DGCR6L,0.0001923631816870251,gene/protein
TBC1D22B,0.0001923631816870251,gene/protein
MVP,0.0001923631816870251,gene/protein
positive regulation of protein kinase A signaling,0.0001923631816870251,biological_process
cellular response to leptin stimulus,0.0001923631816870251,biological_process
glucose 6-phosphate metabolic process,0.0001923631816870251,biological_process
Amyloid fiber formation,0.0001923631816870251,pathway
negative regulation of hormone secretion,0.0001923631816870251,biological_process
low-density lipoprotein particle clearance,0.0001923631816870251,biological_process
DTX2,0.0001923631816870251,gene/protein
UBR1,0.0001923631816870251,gene/protein
Regulation of Glucokinase by Glucokinase Regulatory Protein,0.0001923631816870251,pathway
regulation of glycolytic process,0.0001923631816870251,biological_process
Glycolysis,0.0001923631816870251,pathway
Defective TPR may confer susceptibility towards thyroid papillary carcinoma (TPC),0.0001923631816870251,pathway
PDE4DIP,0.0001923631816870251,gene/protein
carbohydrate phosphorylation,0.0001923631816870251,biological_process
Cholestatic liver disease,0.0001923631816870251,effect/phenotype
response to mechanical stimulus,0.0001923631816870251,biological_process
RANBP10,0.0001923631816870251,gene/protein
WDR26,0.0001923631816870251,gene/protein
DOK4,0.0001923631816870251,gene/protein
response to dietary excess,0.0001923631816870251,biological_process
response to leucine,0.0001923631816870251,biological_process
C10orf67,0.0001923631816870251,gene/protein
positive regulation of BMP signaling pathway,0.0001923631816870251,biological_process
RBCK1,0.0001923631816870251,gene/protein
cellular response to amino acid stimulus,0.0001923631816870251,biological_process
negative regulation of cysteine-type endopeptidase activity involved in apoptotic process,0.0001923631816870251,biological_process
NFAT5,0.0001923631816870251,gene/protein
AGO2,0.0001923631816870251,gene/protein
GPRC5C,0.0001923631816870251,gene/protein
STAMBP,0.0001923631816870251,gene/protein
negative regulation of protein sumoylation,0.0001923631816870251,biological_process
Madelung deformity,0.0001923631816870251,effect/phenotype
Nevus,0.0001923631816870251,effect/phenotype
Reduced bone mineral density,0.0001923631816870251,effect/phenotype
Numerous congenital melanocytic nevi,0.0001923631816870251,effect/phenotype
External ear malformation,0.0001923631816870251,effect/phenotype
Aplasia/Hypoplasia of the mandible,0.0001923631816870251,effect/phenotype
Splayed toes,0.0001923631816870251,effect/phenotype
amyloid-beta clearance,0.0001923631816870251,biological_process
regulation of immune response,0.0001923631816870251,biological_process
fibroblast growth factor receptor signaling pathway,0.0001923631816870251,biological_process
negative regulation of glycolytic process,0.0001923631816870251,biological_process
CREBZF,0.0001923631816870251,gene/protein
positive regulation of ATP biosynthetic process,0.0001923631816870251,biological_process
cellular respiration,0.0001923631816870251,biological_process
LTN1,0.0001923631816870251,gene/protein
ZNF510,0.0001923631816870251,gene/protein
CFI,0.0001923631816870251,gene/protein
response to starvation,0.0001923631816870251,biological_process
Immunoregulatory interactions between a Lymphoid and a non-Lymphoid cell,0.0001923631816870251,pathway
MAP3K1,0.0001923631816870251,gene/protein
RAP1GAP,0.0001923631816870251,gene/protein
ACTRT1,0.0001923631816870251,gene/protein
fatty acid oxidation,0.0001923631816870251,biological_process
UHRF1BP1,0.0001923631816870251,gene/protein
KHSRP,0.0001923631816870251,gene/protein
SEC61A1,0.0001923631816870251,gene/protein
NRP1,0.0001923631816870251,gene/protein
EPSTI1,0.0001923631816870251,gene/protein
S100A9,0.0001923631816870251,gene/protein
cellular response to interferon-gamma,0.0001923631816870251,biological_process
RABGEF1,0.0001923631816870251,gene/protein
TUBA4A,0.0001923631816870251,gene/protein
TNFR1-induced NFkappaB signaling pathway,0.0001923631816870251,pathway
SCNM1,0.0001923631816870251,gene/protein
AGR2,0.0001923631816870251,gene/protein
activation of MAPKK activity,0.0001923631816870251,biological_process
CDK15,0.0001923631816870251,gene/protein
cellular response to calcium ion,0.0001923631816870251,biological_process
acute inflammatory response,0.0001923631816870251,biological_process
glycolytic process,0.0001923631816870251,biological_process
canonical glycolysis,0.0001923631816870251,biological_process
PDCD6,0.0001923631816870251,gene/protein
peripheral nervous system myelin maintenance,0.0001923631816870251,biological_process
response to methionine,0.0001923631816870251,biological_process
positive regulation of MAPKKK cascade by fibroblast growth factor receptor signaling pathway,0.0001923631816870251,biological_process
SGTB,0.0001923631816870251,gene/protein
ING3,0.0001923631816870251,gene/protein
protein deubiquitination,0.0001923631816870251,biological_process
positive regulation of low-density lipoprotein receptor activity,0.0001923631816870251,biological_process
macrophage differentiation,0.0001923631816870251,biological_process
positive regulation of cAMP-dependent protein kinase activity,0.0001923631816870251,biological_process
PPP4R3A,0.0001923631816870251,gene/protein
CCT8,0.0001923631816870251,gene/protein
myeloid cell homeostasis,0.0001923631816870251,biological_process
heart contraction,0.0001923631816870251,biological_process
ACTL7A,0.0001923631816870251,gene/protein
reactive oxygen species metabolic process,0.0001923631816870251,biological_process
ZNF707,0.0001923631816870251,gene/protein
ovulation from ovarian follicle,0.0001923631816870251,biological_process
germ cell development,0.0001923631816870251,biological_process
negative regulation of BMP signaling pathway,0.0001923631816870251,biological_process
anatomical structure morphogenesis,0.0001923631816870251,biological_process
positive regulation of transcription from RNA polymerase II promoter involved in cellular response to chemical stimulus,0.0001923631816870251,biological_process
regulation of multicellular organism growth,0.0001923631816870251,biological_process
positive regulation of catalytic activity,0.0001923631816870251,biological_process
anterograde axonal transport,0.0001923631816870251,biological_process
BHLHE41,0.0001923631816870251,gene/protein
negative regulation of myeloid cell apoptotic process,0.0001923631816870251,biological_process
oxidative demethylation,0.0001923631816870251,biological_process
HEY2,0.0001923631816870251,gene/protein
response to heat,0.0001923631816870251,biological_process
ACTRT3,0.0001923631816870251,gene/protein
BANF1,0.0001923631816870251,gene/protein
positive regulation of histone H3-K4 methylation,0.0001923631816870251,biological_process
TNFR1-mediated ceramide production,0.0001923631816870251,pathway
TNF signaling,0.0001923631816870251,pathway
necroptotic signaling pathway,0.0001923631816870251,biological_process
prostaglandin secretion,0.0001923631816870251,biological_process
long-chain fatty acid metabolic process,0.0001923631816870251,biological_process
negative regulation of cell migration involved in sprouting angiogenesis,0.0001923631816870251,biological_process
negative regulation of blood vessel endothelial cell proliferation involved in sprouting angiogenesis,0.0001923631816870251,biological_process
ventricular septum morphogenesis,0.0001923631816870251,biological_process
hepatocyte proliferation,0.0001923631816870251,biological_process
Interferon gamma signaling,0.0001923631816870251,pathway
Integrin cell surface interactions,0.0001923631816870251,pathway
viral entry into host cell,0.0001923631816870251,biological_process
cellular response to potassium ion,0.0001923631816870251,biological_process
RTRAF,0.0001923631816870251,gene/protein
Ub-specific processing proteases,0.0001923631816870251,pathway
TUBA8,0.0001923631816870251,gene/protein
ZNF219,0.0001923631816870251,gene/protein
BUD31,0.0001923631816870251,gene/protein
negative regulation of protein binding,0.0001923631816870251,biological_process
cellular response to alkaloid,0.0001923631816870251,biological_process
interferon-gamma-mediated signaling pathway,0.0001923631816870251,biological_process
BCL11A,0.0001923631816870251,gene/protein
GIT2,0.0001923631816870251,gene/protein
POT1,0.0001923631816870251,gene/protein
H2AC4,0.0001923631816870251,gene/protein
positive regulation of osteoblast differentiation,0.0001923631816870251,biological_process
MYBBP1A,0.0001923631816870251,gene/protein
regulation of mitotic cell cycle,0.0001923631816870251,biological_process
TPI1,0.0001923631816870251,gene/protein
CUTA,0.0001923631816870251,gene/protein
H1-10,0.0001923631816870251,gene/protein
KRTAP10-5,0.0001923631816870251,gene/protein
blood vessel endothelial cell migration,0.0001923631816870251,biological_process
EDA2R,0.0001923631816870251,gene/protein
positive regulation of Ras protein signal transduction,0.0001923631816870251,biological_process
SSR4,0.0001923631816870251,gene/protein
NAPA,0.0001923631816870251,gene/protein
DSTN,0.0001923631816870251,gene/protein
Spastic gait,0.0001923631816870251,effect/phenotype
PDCD6IP,0.0001923631816870251,gene/protein
SSB,0.0001923631816870251,gene/protein
Shuffling gait,0.0001923631816870251,effect/phenotype
Hyperconvex fingernails,0.0001923631816870251,effect/phenotype
Short toe,0.0001923631816870251,effect/phenotype
regulation of organ growth,0.0001923631816870251,biological_process
Oncogene Induced Senescence,0.0001923631816870251,pathway
positive regulation of vasoconstriction,0.0001923631816870251,biological_process
GPR37L1,0.0001923631816870251,gene/protein
FKBP5,0.0001923631816870251,gene/protein
negative regulation of release of cytochrome c from mitochondria,0.0001923631816870251,biological_process
PHF21A,0.0001923631816870251,gene/protein
STX5,0.0001923631816870251,gene/protein
SRCIN1,0.0001923631816870251,gene/protein
SNAPIN,0.0001923631816870251,gene/protein
exocytosis,0.0001923631816870251,biological_process
response to amphetamine,0.0001923631816870251,biological_process
Hypoinsulinemia,0.0001923631816870251,effect/phenotype
PDIA4,0.0001923631816870251,gene/protein
CCAR2,0.0001923631816870251,gene/protein
cellular response to dexamethasone stimulus,0.0001923631816870251,biological_process
negative regulation of DNA binding,0.0001923631816870251,biological_process
negative regulation of transcription by transcription factor localization,0.0001923631816870251,biological_process
negative regulation of cyclin-dependent protein serine/threonine kinase activity,0.0001923631816870251,biological_process
Sinusitis,0.0001923631816870251,effect/phenotype
CHD1L,0.0001923631816870251,gene/protein
TMEM31,0.0001923631816870251,gene/protein
negative regulation of B cell apoptotic process,0.0001923631816870251,biological_process
autophagy of mitochondrion,0.0001923631816870251,biological_process
DLL1,0.0001923631816870251,gene/protein
cellular response to epidermal growth factor stimulus,0.0001923631816870251,biological_process
Short 5th metacarpal,0.0001923631816870251,effect/phenotype
negative regulation of interleukin-1 alpha production,0.0001923631816870251,biological_process
SUGT1,0.0001923631816870251,gene/protein
CD99L2,0.0001923631816870251,gene/protein
BSND,0.0001923631816870251,gene/protein
CMTM7,0.0001923631816870251,gene/protein
positive regulation of cellular senescence,0.0001923631816870251,biological_process
CEP95,0.0001923631816870251,gene/protein
SKP2,0.0001923631816870251,gene/protein
TMEM14B,0.0001923631816870251,gene/protein
regulation of vascular permeability involved in acute inflammatory response,0.0001923631816870251,biological_process
NAALADL2,0.0001923631816870251,gene/protein
Signaling by Insulin receptor,0.0001923631816870251,pathway
Insulin receptor recycling,0.0001923631816870251,pathway
positive regulation of nitric oxide mediated signal transduction,0.0001923631816870251,biological_process
positive regulation of glycolytic process,0.0001923631816870251,biological_process
APBA3,0.0001923631816870251,gene/protein
ITGAL,0.0001923631816870251,gene/protein
PCGF5,0.0001923631816870251,gene/protein
RUSF1,0.0001923631816870251,gene/protein
GORASP2,0.0001923631816870251,gene/protein
PIK3R4,0.0001923631816870251,gene/protein
TMEM208,0.0001923631816870251,gene/protein
FCER1G,0.0001923631816870251,gene/protein
HMOX2,0.0001923631816870251,gene/protein
negative regulation of cold-induced thermogenesis,0.0001923631816870251,biological_process
xenobiotic metabolic process,0.0001923631816870251,biological_process
TJP1,0.0001923631816870251,gene/protein
MTA3,0.0001923631816870251,gene/protein
NRBF2,0.0001923631816870251,gene/protein
Cardiorespiratory arrest,0.0001923631816870251,effect/phenotype
SLC9A1,0.0001923631816870251,gene/protein
negative regulation of reactive oxygen species biosynthetic process,0.0001923631816870251,biological_process
positive regulation of guanylate cyclase activity,0.0001923631816870251,biological_process
RASSF5,0.0001923631816870251,gene/protein
positive regulation of fatty acid oxidation,0.0001923631816870251,biological_process
Impaired vibratory sensation,0.0001923631816870251,effect/phenotype
Bilateral tonic-clonic seizure,0.0001923631816870251,effect/phenotype
GPR42,0.0001923631816870251,gene/protein
ATP13A1,0.0001923631816870251,gene/protein
REEP6,0.0001923631816870251,gene/protein
TXNDC11,0.0001923631816870251,gene/protein
Paralysis,0.0001923631816870251,effect/phenotype
regulation of transmembrane transporter activity,0.0001923631816870251,biological_process
UGT1A9,0.0001923631816870251,gene/protein
intracellular receptor signaling pathway,0.0001923631816870251,biological_process
rhythmic process,0.0001923631816870251,biological_process
TMEM237,0.0001923631816870251,gene/protein
SYS1,0.0001923631816870251,gene/protein
RNF34,0.0001923631816870251,gene/protein
CGRRF1,0.0001923631816870251,gene/protein
THSD7B,0.0001923631816870251,gene/protein
STIM2,0.0001923631816870251,gene/protein
RTN3,0.0001923631816870251,gene/protein
SLC18A1,0.0001923631816870251,gene/protein
VAMP2,0.0001923631816870251,gene/protein
Insulin receptor signalling cascade,0.0001923631816870251,pathway
Regulation of RUNX2 expression and activity,0.0001923631816870251,pathway
SCN3B,0.0001923631816870251,gene/protein
TMEM43,0.0001923631816870251,gene/protein
estrogen metabolic process,0.0001923631816870251,biological_process
RBM25,0.0001923631816870251,gene/protein
androgen metabolic process,0.0001923631816870251,biological_process
positive regulation of macroautophagy,0.0001923631816870251,biological_process
SELENOK,0.0001923631816870251,gene/protein
DERL1,0.0001923631816870251,gene/protein
TRRAP,0.0001923631816870251,gene/protein
MYCL,0.0001923631816870251,gene/protein
RMDN3,0.0001923631816870251,gene/protein
MORF4L2,0.0001923631816870251,gene/protein
Ras protein signal transduction,0.0001923631816870251,biological_process
regulation of cell adhesion,0.0001923631816870251,biological_process
positive regulation of acute inflammatory response,0.0001923631816870251,biological_process
THTPA,0.0001923631816870251,gene/protein
FIS1,0.0001923631816870251,gene/protein
VDAC2,0.0001923631816870251,gene/protein
EXOC6,0.0001923631816870251,gene/protein
smooth muscle hyperplasia,0.0001923631816870251,biological_process
Synthesis of PIPs at the plasma membrane,0.0001923631816870251,pathway
actin filament organization,0.0001923631816870251,biological_process
phosphatidylinositol biosynthetic process,0.0001923631816870251,biological_process
CD244,0.0001923631816870251,gene/protein
PINK1,0.0001923631816870251,gene/protein
CTSA,0.0001923631816870251,gene/protein
arginine catabolic process,0.0001923631816870251,biological_process
CCDC88C,0.0001923631816870251,gene/protein
energy homeostasis,0.0001923631816870251,biological_process
positive regulation of DNA repair,0.0001923631816870251,biological_process
muscle organ development,0.0001923631816870251,biological_process
POR,0.0001923631816870251,gene/protein
CIDEB,0.0001923631816870251,gene/protein
leukocyte tethering or rolling,0.0001923631816870251,biological_process
homeostasis of number of cells within a tissue,0.0001923631816870251,biological_process
SRPK2,0.0001923631816870251,gene/protein
ACTL10,0.0001923631816870251,gene/protein
SPATA2,0.0001923631816870251,gene/protein
AGAP2,0.0001923631816870251,gene/protein
protein stabilization,0.0001923631816870251,biological_process
gluconeogenesis,0.0001923631816870251,biological_process
TRIP6,0.0001923631816870251,gene/protein
AIG1,0.0001923631816870251,gene/protein
IL1R2,0.0001923631816870251,gene/protein
EMD,0.0001923631816870251,gene/protein
TMPRSS3,0.0001923631816870251,gene/protein
C14orf180,0.0001923631816870251,gene/protein
MST1P2,0.0001923631816870251,gene/protein
CTDSP1,0.0001923631816870251,gene/protein
C1orf112,0.0001923631816870251,gene/protein
SUFU,0.0001923631816870251,gene/protein
Downturned corners of mouth,0.0001923631816870251,effect/phenotype
positive regulation of endoplasmic reticulum stress-induced intrinsic apoptotic signaling pathway,0.0001923631816870251,biological_process
neuron projection morphogenesis,0.0001923631816870251,biological_process
negative regulation of intrinsic apoptotic signaling pathway in response to DNA damage by p53 class mediator,0.0001923631816870251,biological_process
TRAPPC6B,0.0001923631816870251,gene/protein
AKIP1,0.0001923631816870251,gene/protein
Neonatal hypotonia,0.0001923631816870251,effect/phenotype
HEXIM1,0.0001923631816870251,gene/protein
CXCR4,0.0001923631816870251,gene/protein
PNKP,0.0001923631816870251,gene/protein
YIPF6,0.0001923631816870251,gene/protein
ACTL8,0.0001923631816870251,gene/protein
CFHR5,0.0001923631816870251,gene/protein
protein transport,0.0001923631816870251,biological_process
APOL2,0.0001923631816870251,gene/protein
ASIC4,0.0001923631816870251,gene/protein
FAM210B,0.0001923631816870251,gene/protein
E2F6,0.0001923631816870251,gene/protein
STRN,0.0001923631816870251,gene/protein
KRT8,0.0001923631816870251,gene/protein
CDKN2B,0.0001923631816870251,gene/protein
response to testosterone,0.0001923631816870251,biological_process
regulation of cellular amino acid metabolic process,0.0001923631816870251,biological_process
LRATD2,0.0001923631816870251,gene/protein
MAST1,0.0001923631816870251,gene/protein
VEGFR2 mediated vascular permeability,0.0001923631816870251,pathway
POTEJ,0.0001923631816870251,gene/protein
CIAO3,0.0001923631816870251,gene/protein
Peroxisomal protein import,0.0001923631816870251,pathway
response to reactive oxygen species,0.0001923631816870251,biological_process
PABPN1,0.0001923631816870251,gene/protein
L-cysteine catabolic process,0.0001923631816870251,biological_process
TAFA3,0.0001923631816870251,gene/protein
SLC7A5P2,0.0001923631816870251,gene/protein
RNF149,0.0001923631816870251,gene/protein
DPH1,0.0001923631816870251,gene/protein
TMPRSS2,0.0001923631816870251,gene/protein
ST13,0.0001923631816870251,gene/protein
AQP3,0.0001923631816870251,gene/protein
Mitochondrial inheritance,0.0001923631816870251,effect/phenotype
Peripheral axonal neuropathy,0.0001923631816870251,effect/phenotype
BGN,0.0001923631816870251,gene/protein
HSPB2,0.0001923631816870251,gene/protein
POLR2A,0.0001923631816870251,gene/protein
CLDN7,0.0001923631816870251,gene/protein
CHGB,0.0001923631816870251,gene/protein
AKR1C2,0.0001923631816870251,gene/protein
CAPNS1,0.0001923631816870251,gene/protein
positive regulation of insulin secretion involved in cellular response to glucose stimulus,0.0001923631816870251,biological_process
LNPEP,0.0001923631816870251,gene/protein
Elevated serum creatine kinase,0.0001923631816870251,effect/phenotype
Facial palsy,0.0001923631816870251,effect/phenotype
GRK5,0.0001923631816870251,gene/protein
NFATC3,0.0001923631816870251,gene/protein
BCL6,0.0001923631816870251,gene/protein
DAPK1,0.0001923631816870251,gene/protein
Variable expressivity,0.0001923631816870251,effect/phenotype
positive regulation of Notch signaling pathway,0.0001923631816870251,biological_process
UV protection,0.0001923631816870251,biological_process
protein localization,0.0001923631816870251,biological_process
RAC2,0.0001923631816870251,gene/protein
Nitric oxide stimulates guanylate cyclase,0.0001923631816870251,pathway
MAP4K5,0.0001923631816870251,gene/protein
PHAF1,0.0001923631816870251,gene/protein
NTAQ1,0.0001923631816870251,gene/protein
HID1,0.0001923631816870251,gene/protein
ZFAND2B,0.0001923631816870251,gene/protein
CBLN3,0.0001923631816870251,gene/protein
prostaglandin metabolic process,0.0001923631816870251,biological_process
NEURL2,0.0001923631816870251,gene/protein
AGTR1,0.0001923631816870251,gene/protein
ATP2B2,0.0001923631816870251,gene/protein
response to alkaloid,0.0001923631816870251,biological_process
LCP2,0.0001923631816870251,gene/protein
HLA-DQA1,0.0001923631816870251,gene/protein
HLA-DRA,0.0001923631816870251,gene/protein
DAG1,0.0001923631816870251,gene/protein
IGF2BP1,0.0001923631816870251,gene/protein
GNG13,0.0001923631816870251,gene/protein
RBPJ,0.0001923631816870251,gene/protein
ADAM10,0.0001923631816870251,gene/protein
Ketoacidosis,0.0001923631816870251,effect/phenotype
Hypsarrhythmia,0.0001923631816870251,effect/phenotype
Abnormality of the kidney,0.0001923631816870251,effect/phenotype
Abnormal heart morphology,0.0001923631816870251,effect/phenotype
H3-3B,0.0001923631816870251,gene/protein
GAA,0.0001923631816870251,gene/protein
NDUFV1,0.0001923631816870251,gene/protein
JAG2,0.0001923631816870251,gene/protein
Distal lower limb amyotrophy,0.0001923631816870251,effect/phenotype
LAPTM4A,0.0001923631816870251,gene/protein
KIDINS220,0.0001923631816870251,gene/protein
STRN4,0.0001923631816870251,gene/protein
response to vitamin E,0.0001923631816870251,biological_process
TPM1,0.0001923631816870251,gene/protein
TAFA4,0.0001923631816870251,gene/protein
RMRP,0.0001923631816870251,gene/protein
SELE,0.0001923631816870251,gene/protein
PIAS3,0.0001923631816870251,gene/protein
ZNHIT3,0.0001923631816870251,gene/protein
PLD3,0.0001923631816870251,gene/protein
CXCL11,0.0001923631816870251,gene/protein
negative regulation of epidermal growth factor receptor signaling pathway,0.0001923631816870251,biological_process
CDC6,0.0001923631816870251,gene/protein
GYS2,0.0001923631816870251,gene/protein
CD28,0.0001923631816870251,gene/protein
ALK,0.0001923631816870251,gene/protein
MAD2L2,0.0001923631816870251,gene/protein
regulation of synaptic plasticity,0.0001923631816870251,biological_process
nitric oxide biosynthetic process,0.0001923631816870251,biological_process
positive regulation of transcription regulatory region DNA binding,0.0001923631816870251,biological_process
GPX7,0.0001923631816870251,gene/protein
MAGEA11,0.0001923631816870251,gene/protein
ATP2B4,0.0001923631816870251,gene/protein
HOXB5,0.0001923631816870251,gene/protein
FGB,0.0001923631816870251,gene/protein
ANKRD11,0.0001923631816870251,gene/protein
C1orf109,0.0001923631816870251,gene/protein
ZNF232,0.0001923631816870251,gene/protein
SHC3,0.0001923631816870251,gene/protein
HMMR,0.0001923631816870251,gene/protein
NEO1,0.0001923631816870251,gene/protein
RAB5A,0.0001923631816870251,gene/protein
lactation,0.0001923631816870251,biological_process
NR3C2,0.0001923631816870251,gene/protein
H3C4,0.0001923631816870251,gene/protein
SUOX,0.0001923631816870251,gene/protein
TPR,0.0001923631816870251,gene/protein
USP8,0.0001923631816870251,gene/protein
PIM2,0.0001923631816870251,gene/protein
DNAJC5,0.0001923631816870251,gene/protein
DNM1,0.0001923631816870251,gene/protein
TNPO2,0.0001923631816870251,gene/protein
COQ9,0.0001923631816870251,gene/protein
STK17B,0.0001923631816870251,gene/protein
IGSF21,0.0001923631816870251,gene/protein
MPZL1,0.0001923631816870251,gene/protein
response to ozone,0.0001923631816870251,biological_process
STIM1,0.0001923631816870251,gene/protein
positive regulation of cellular protein metabolic process,0.0001923631816870251,biological_process
PRKCG,0.0001923631816870251,gene/protein
VRK1,0.0001923631816870251,gene/protein
CAMK1D,0.0001923631816870251,gene/protein
mitochondrion organization,0.0001923631816870251,biological_process
pulmonary valve morphogenesis,0.0001923631816870251,biological_process
aortic valve morphogenesis,0.0001923631816870251,biological_process
MARCHF6,0.0001923631816870251,gene/protein
SYNE2,0.0001923631816870251,gene/protein
HDAC5,0.0001923631816870251,gene/protein
positive regulation of neuron differentiation,0.0001923631816870251,biological_process
CAMKK2,0.0001923631816870251,gene/protein
SDF2L1,0.0001923631816870251,gene/protein
LIMK1,0.0001923631816870251,gene/protein
BAIAP2,0.0001923631816870251,gene/protein
regulation of vasoconstriction,0.0001923631816870251,biological_process
ITGB3,0.0001923631816870251,gene/protein
H3C12,0.0001923631816870251,gene/protein
HSF1,0.0001923631816870251,gene/protein
XPA,0.0001923631816870251,gene/protein
TCTN2,0.0001923631816870251,gene/protein
EFNB2,0.0001923631816870251,gene/protein
PCDHA3,0.0001923631816870251,gene/protein
ZFR,0.0001923631816870251,gene/protein
AMBRA1,0.0001923631816870251,gene/protein
NLRP1,0.0001923631816870251,gene/protein
SLC25A1,0.0001923631816870251,gene/protein
SNX9,0.0001923631816870251,gene/protein
TNFSF11,0.0001923631816870251,gene/protein
SKP1,0.0001923631816870251,gene/protein
CIAO1,0.0001923631816870251,gene/protein
HLA-DPA1,0.0001923631816870251,gene/protein
SNW1,0.0001923631816870251,gene/protein
H3C11,0.0001923631816870251,gene/protein
SPAG9,0.0001923631816870251,gene/protein
negative regulation of proteolysis,0.0001923631816870251,biological_process
positive regulation of lipid biosynthetic process,0.0001923631816870251,biological_process
regulation of protein secretion,0.0001923631816870251,biological_process
SYTL4,0.0001923631816870251,gene/protein
fatty acid homeostasis,0.0001923631816870251,biological_process
negative regulation of vascular endothelial growth factor receptor signaling pathway,0.0001923631816870251,biological_process
MAML2,0.0001923631816870251,gene/protein
RPS3,0.0001923631816870251,gene/protein
EDN3,0.0001923631816870251,gene/protein
H2BC11,0.0001923631816870251,gene/protein
AVEN,0.0001923631816870251,gene/protein
GPS1,0.0001923631816870251,gene/protein
ALG9,0.0001923631816870251,gene/protein
EMC8,0.0001923631816870251,gene/protein
STK3,0.0001923631816870251,gene/protein
TAP1,0.0001923631816870251,gene/protein
negative regulation of vascular associated smooth muscle cell differentiation,0.0001923631816870251,biological_process
TBX21,0.0001923631816870251,gene/protein
MFF,0.0001923631816870251,gene/protein
EIF2S2,0.0001923631816870251,gene/protein
TUBA1A,0.0001923631816870251,gene/protein
DNAJA3,0.0001923631816870251,gene/protein
TNS2,0.0001923631816870251,gene/protein
MTA1,0.0001923631816870251,gene/protein
BNIP1,0.0001923631816870251,gene/protein
PDHA1,0.0001923631816870251,gene/protein
CAMK1,0.0001923631816870251,gene/protein
CDC25A,0.0001923631816870251,gene/protein
RNF123,0.0001923631816870251,gene/protein
H3C2,0.0001923631816870251,gene/protein
POMGNT1,0.0001923631816870251,gene/protein
CHRNA9,0.0001923631816870251,gene/protein
TRIB1,0.0001923631816870251,gene/protein
DRD3,0.0001923631816870251,gene/protein
HECTD3,0.0001923631816870251,gene/protein
BCL2L12,0.0001923631816870251,gene/protein
GIPC1,0.0001923631816870251,gene/protein
WIPI2,0.0001923631816870251,gene/protein
AAK1,0.0001923631816870251,gene/protein
STK24,0.0001923631816870251,gene/protein
SPINT2,0.0001923631816870251,gene/protein
DCAF7,0.0001923631816870251,gene/protein
TMUB1,0.0001923631816870251,gene/protein
STAM2,0.0001923631816870251,gene/protein
Chromosome breakage,0.0001923631816870251,effect/phenotype
DMXL2,0.0001923631816870251,gene/protein
MIB1,0.0001923631816870251,gene/protein
negative regulation of MAP kinase activity,0.0001923631816870251,biological_process
regulation of signal transduction,0.0001923631816870251,biological_process
PHB2,0.0001923631816870251,gene/protein
positive regulation of cell cycle,0.0001923631816870251,biological_process
negative regulation of feeding behavior,0.0001923631816870251,biological_process
CEBPZ,0.0001923631816870251,gene/protein
Recurrent upper respiratory tract infections,0.0001923631816870251,effect/phenotype
PPP3CB,0.0001923631816870251,gene/protein
positive regulation of sarcomere organization,0.0001923631816870251,biological_process
TRIB2,0.0001923631816870251,gene/protein
KIF21B,0.0001923631816870251,gene/protein
ACVR1B,0.0001923631816870251,gene/protein
SLC35B4,0.0001923631816870251,gene/protein
COPS2,0.0001923631816870251,gene/protein
TTPA,0.0001923631816870251,gene/protein
PDCD11,0.0001923631816870251,gene/protein
positive regulation of connective tissue replacement,0.0001923631816870251,biological_process
IRE1-mediated unfolded protein response,0.0001923631816870251,biological_process
CASC3,0.0001923631816870251,gene/protein
Increased risk of pathogen mutation,0.0001923631816870251,effect/phenotype
TAF9,0.0001923631816870251,gene/protein
MACF1,0.0001923631816870251,gene/protein
PIDD1,0.0001923631816870251,gene/protein
IL21R,0.0001923631816870251,gene/protein
STX7,0.0001923631816870251,gene/protein
C4orf3,0.0001923631816870251,gene/protein
DTX4,0.0001923631816870251,gene/protein
NPDC1,0.0001923631816870251,gene/protein
The NLRP1 inflammasome,0.0001923631816870251,pathway
IL17RB,0.0001923631816870251,gene/protein
protein kinase C-activating G protein-coupled receptor signaling pathway,0.0001923631816870251,biological_process
RFFL,0.0001923631816870251,gene/protein
ARPC1A,0.0001923631816870251,gene/protein
RPL23A,0.0001923631816870251,gene/protein
PSPC1,0.0001923631816870251,gene/protein
LTK,0.0001923631816870251,gene/protein
PI3K/AKT activation,0.0001923631816870251,pathway
Interleukin-7 signaling,0.0001923631816870251,pathway
TNFRSF14,0.0001923631816870251,gene/protein
mammary gland development,0.0001923631816870251,biological_process
GAB2,0.0001923631816870251,gene/protein
RXRG,0.0001923631816870251,gene/protein
MIF4GD,0.0001923631816870251,gene/protein
VPS45,0.0001923631816870251,gene/protein
protein dephosphorylation,0.0001923631816870251,biological_process
positive regulation of IRE1-mediated unfolded protein response,0.0001923631816870251,biological_process
NOP14,0.0001923631816870251,gene/protein
WNT7A,0.0001923631816870251,gene/protein
H4C2,0.0001923631816870251,gene/protein
HIF1AN,0.0001923631816870251,gene/protein
regulation of mitochondrial membrane permeability,0.0001923631816870251,biological_process
ossification,0.0001923631816870251,biological_process
NTRK3,0.0001923631816870251,gene/protein
MSN,0.0001923631816870251,gene/protein
NR5A1,0.0001923631816870251,gene/protein
MBP,0.0001923631816870251,gene/protein
CAPN2,0.0001923631816870251,gene/protein
SLC39A12,0.0001923631816870251,gene/protein
TIFA,0.0001923631816870251,gene/protein
CARM1,0.0001923631816870251,gene/protein
ECSIT,0.0001923631816870251,gene/protein
IFIH1,0.0001923631816870251,gene/protein
ZBTB9,0.0001923631816870251,gene/protein
RNF41,0.0001923631816870251,gene/protein
TLCD1,0.0001923631816870251,gene/protein
regulation of mRNA stability,0.0001923631816870251,biological_process
GAP43,0.0001923631816870251,gene/protein
intrinsic apoptotic signaling pathway in response to endoplasmic reticulum stress,0.0001923631816870251,biological_process
CD36,0.0001923631816870251,gene/protein
EPB41,0.0001923631816870251,gene/protein
PLAGL1,0.0001923631816870251,gene/protein
PTPA,0.0001923631816870251,gene/protein
cell cycle,0.0001923631816870251,biological_process
TYW1B,0.0001923631816870251,gene/protein
SKAP1,0.0001923631816870251,gene/protein
WNK1,0.0001923631816870251,gene/protein
BRMS1,0.0001923631816870251,gene/protein
ACKR4,0.0001923631816870251,gene/protein
DUSP22,0.0001923631816870251,gene/protein
TRIM23,0.0001923631816870251,gene/protein
BBC3,0.0001923631816870251,gene/protein
APBB3,0.0001923631816870251,gene/protein
KIF1A,0.0001923631816870251,gene/protein
DAB2,0.0001923631816870251,gene/protein
NCAM1,0.0001923631816870251,gene/protein
phosphatidylinositol-mediated signaling,0.0001923631816870251,biological_process
interleukin-7-mediated signaling pathway,0.0001923631816870251,biological_process
SOS-mediated signalling,0.0001923631816870251,pathway
IRS-mediated signalling,0.0001923631816870251,pathway
H1-1,0.0001923631816870251,gene/protein
C1orf52,0.0001923631816870251,gene/protein
protein homotrimerization,0.0001923631816870251,biological_process
tRNA modification in the nucleus and cytosol,0.0001923631816870251,pathway
regulation of cytokine production,0.0001923631816870251,biological_process
LNX1,0.0001923631816870251,gene/protein
PSME3IP1,0.0001923631816870251,gene/protein
STK40,0.0001923631816870251,gene/protein
MTMR6,0.0001923631816870251,gene/protein
MAFA,0.0001923631816870251,gene/protein
anterior/posterior pattern specification,0.0001923631816870251,biological_process
DISP3,0.0001923631816870251,gene/protein
HASPIN,0.0001923631816870251,gene/protein
cerebellum development,0.0001923631816870251,biological_process
RNF4,0.0001923631816870251,gene/protein
GRB7,0.0001923631816870251,gene/protein
calcium ion transport from cytosol to endoplasmic reticulum,0.0001923631816870251,biological_process
negative regulation of appetite,0.0001923631816870251,biological_process
IRS-related events triggered by IGF1R,0.0001923631816870251,pathway
PTPRJ,0.0001923631816870251,gene/protein
RING1,0.0001923631816870251,gene/protein
PRKAR1B,0.0001923631816870251,gene/protein
MMS19,0.0001923631816870251,gene/protein
inner ear development,0.0001923631816870251,biological_process
endocrine pancreas development,0.0001923631816870251,biological_process
STK36,0.0001923631816870251,gene/protein
MAPKAPK5,0.0001923631816870251,gene/protein
GJB1,0.0001923631816870251,gene/protein
Reduction of cytosolic Ca++ levels,0.0001923631816870251,pathway
calcium ion transmembrane transport,0.0001923631816870251,biological_process
S100A4,0.0001923631816870251,gene/protein
FKBP4,0.0001923631816870251,gene/protein
PPID,0.0001923631816870251,gene/protein
SERPINB4,0.0001923631816870251,gene/protein
ELF3,0.0001923631816870251,gene/protein
AGER,0.0001923631816870251,gene/protein
RNF5,0.0001923631816870251,gene/protein
SRPK1,0.0001923631816870251,gene/protein
CLASP1,0.0001923631816870251,gene/protein
KIF23,0.0001923631816870251,gene/protein
GNAO1,0.0001923631816870251,gene/protein
Ion transport by P-type ATPases,0.0001923631816870251,pathway
BNIP3,0.0001923631816870251,gene/protein
cell-cell adhesion,0.0001923631816870251,biological_process
PPP2R3A,0.0001923631816870251,gene/protein
HABP2,0.0001923631816870251,gene/protein
PCDHB16,0.0001923631816870251,gene/protein
SIVA1,0.0001923631816870251,gene/protein
positive regulation of cell differentiation,0.0001923631816870251,biological_process
dentate gyrus development,0.0001923631816870251,biological_process
PHLPP2,0.0001923631816870251,gene/protein
RAB11A,0.0001923631816870251,gene/protein
BCOR,0.0001923631816870251,gene/protein
COP1,0.0001923631816870251,gene/protein
ATF1,0.0001923631816870251,gene/protein
BIN1,0.0001923631816870251,gene/protein
UBE2K,0.0001923631816870251,gene/protein
SIGLEC6,0.0001923631816870251,gene/protein
GPR152,0.0001923631816870251,gene/protein
MAFG,0.0001923631816870251,gene/protein
HNRNPU,0.0001923631816870251,gene/protein
ASAH1,0.0001923631816870251,gene/protein
STAT4,0.0001923631816870251,gene/protein
FDFT1,0.0001923631816870251,gene/protein
ADGRG5,0.0001923631816870251,gene/protein
ARHGAP39,0.0001923631816870251,gene/protein
SLC4A1,0.0001923631816870251,gene/protein
ROS1,0.0001923631816870251,gene/protein
EPHX1,0.0001923631816870251,gene/protein
CAMK2G,0.0001923631816870251,gene/protein
negative regulation of low-density lipoprotein receptor activity,0.0001923631816870251,biological_process
negative regulation of T cell activation,0.0001923631816870251,biological_process
Arthritis,0.0001923631816870251,effect/phenotype
positive regulation of vascular endothelial cell proliferation,0.0001923631816870251,biological_process
HGF,0.0001923631816870251,gene/protein
ECT2,0.0001923631816870251,gene/protein
TMEM70,0.0001923631816870251,gene/protein
EGF,0.0001923631816870251,gene/protein
CELSR3,0.0001923631816870251,gene/protein
MVK,0.0001923631816870251,gene/protein
BUB1B,0.0001923631816870251,gene/protein
WDR76,0.0001923631816870251,gene/protein
intestinal absorption,0.0001923631816870251,biological_process
ACTN1,0.0001923631816870251,gene/protein
CALR,0.0001923631816870251,gene/protein
MCC,0.0001923631816870251,gene/protein
negative regulation of interleukin-6-mediated signaling pathway,0.0001923631816870251,biological_process
HERC5,0.0001923631816870251,gene/protein
ORC1,0.0001923631816870251,gene/protein
RRM2,0.0001923631816870251,gene/protein
RPS6,0.0001923631816870251,gene/protein
CDKN1B,0.0001923631816870251,gene/protein
MELK,0.0001923631816870251,gene/protein
SLIT2,0.0001923631816870251,gene/protein
LTBR,0.0001923631816870251,gene/protein
IL17RC,0.0001923631816870251,gene/protein
HOXA1,0.0001923631816870251,gene/protein
MYLK,0.0001923631816870251,gene/protein
EPHA1,0.0001923631816870251,gene/protein
potassium ion import across plasma membrane,0.0001923631816870251,biological_process
glycogen metabolic process,0.0001923631816870251,biological_process
positive regulation of high-density lipoprotein particle clearance,0.0001923631816870251,biological_process
PRDX2,0.0001923631816870251,gene/protein
SCD,0.0001923631816870251,gene/protein
CCL3,0.0001923631816870251,gene/protein
negative regulation of G2/M transition of mitotic cell cycle,0.0001923631816870251,biological_process
negative regulation of TRAIL-activated apoptotic signaling pathway,0.0001923631816870251,biological_process
negative regulation of protein autophosphorylation,0.0001923631816870251,biological_process
cellular response to epinephrine stimulus,0.0001923631816870251,biological_process
cellular response to cAMP,0.0001923631816870251,biological_process
MKNK2,0.0001923631816870251,gene/protein
CSE1L,0.0001923631816870251,gene/protein
ADCY3,0.0001923631816870251,gene/protein
COX11,0.0001923631816870251,gene/protein
CD276,0.0001923631816870251,gene/protein
cellular response to vascular endothelial growth factor stimulus,0.0001923631816870251,biological_process
positive regulation of vascular endothelial growth factor receptor signaling pathway,0.0001923631816870251,biological_process
negative regulation of cell-matrix adhesion,0.0001923631816870251,biological_process
CCNB2,0.0001923631816870251,gene/protein
CFP,0.0001923631816870251,gene/protein
DYNC1H1,0.0001923631816870251,gene/protein
COPA,0.0001923631816870251,gene/protein
HTR2C,0.0001923631816870251,gene/protein
GPM6B,0.0001923631816870251,gene/protein
CD40LG,0.0001923631816870251,gene/protein
DUSP3,0.0001923631816870251,gene/protein
CSNK1E,0.0001923631816870251,gene/protein
EGR4,0.0001923631816870251,gene/protein
SEC11C,0.0001923631816870251,gene/protein
CDC20B,0.0001923631816870251,gene/protein
cardiac muscle hypertrophy,0.0001923631816870251,biological_process
RARG,0.0001923631816870251,gene/protein
KRTAP5-9,0.0001923631816870251,gene/protein
EPS8L3,0.0001923631816870251,gene/protein
positive regulation of vascular associated smooth muscle cell dedifferentiation,0.0001923631816870251,biological_process
negative regulation by host of viral genome replication,0.0001923631816870251,biological_process
negative regulation of cell adhesion molecule production,0.0001923631816870251,biological_process
negative regulation of heterotypic cell-cell adhesion,0.0001923631816870251,biological_process
CCND3,0.0001923631816870251,gene/protein
negative regulation of NIK/NF-kappaB signaling,0.0001923631816870251,biological_process
negative regulation of long-chain fatty acid import across plasma membrane,0.0001923631816870251,biological_process
positive regulation of DNA binding,0.0001923631816870251,biological_process
BMPR1B,0.0001923631816870251,gene/protein
CDK7,0.0001923631816870251,gene/protein
HSPA1L,0.0001923631816870251,gene/protein
negative regulation of fibroblast growth factor production,0.0001923631816870251,biological_process
positive regulation of axon regeneration,0.0001923631816870251,biological_process
TK1,0.0001923631816870251,gene/protein
CDC25C,0.0001923631816870251,gene/protein
AXIN1,0.0001923631816870251,gene/protein
CDKN1C,0.0001923631816870251,gene/protein
DLG4,0.0001923631816870251,gene/protein
EPAS1,0.0001923631816870251,gene/protein
ROBO1,0.0001923631816870251,gene/protein
EIF4E,0.0001923631816870251,gene/protein
MIRLET7C,0.0001923631816870251,gene/protein
AKAP13,0.0001923631816870251,gene/protein
EIF2B2,0.0001923631816870251,gene/protein
DST,0.0001923631816870251,gene/protein
GADD45B,0.0001923631816870251,gene/protein
LCP1,0.0001923631816870251,gene/protein
NCF2,0.0001923631816870251,gene/protein
CXCL10,0.0001923631816870251,gene/protein
platelet-derived growth factor receptor signaling pathway,0.0001923631816870251,biological_process
positive regulation of epithelial cell migration,0.0001923631816870251,biological_process
positive regulation of Schwann cell migration,0.0001923631816870251,biological_process
HBA2,0.0001923631816870251,gene/protein
HBB,0.0001923631816870251,gene/protein
HIVEP1,0.0001923631816870251,gene/protein
TSC22D3,0.0001923631816870251,gene/protein
SRPRB,0.0001923631816870251,gene/protein
SDCBP,0.0001923631816870251,gene/protein
LTB,0.0001923631816870251,gene/protein
IRF8,0.0001923631816870251,gene/protein
ISG20,0.0001923631816870251,gene/protein
FIBCD1,0.0001923631816870251,gene/protein
negative regulation of hematopoietic stem cell proliferation,0.0001923631816870251,biological_process
positive regulation of Schwann cell proliferation involved in axon regeneration,0.0001923631816870251,biological_process
adaptive immune response,0.0001923631816870251,biological_process
negative regulation of prostaglandin biosynthetic process,0.0001923631816870251,biological_process
HBEGF,0.0001923631816870251,gene/protein
DBP,0.0001923631816870251,gene/protein
RPS6KA1,0.0001923631816870251,gene/protein
negative regulation of cholesterol storage,0.0001923631816870251,biological_process
cellular response to low-density lipoprotein particle stimulus,0.0001923631816870251,biological_process
white fat cell differentiation,0.0001923631816870251,biological_process
GNAQ,0.0001923631816870251,gene/protein
CSNK1D,0.0001923631816870251,gene/protein
EFNA5,0.0001923631816870251,gene/protein
AP2A2,0.0001923631816870251,gene/protein
DNM2,0.0001923631816870251,gene/protein
KIF2C,0.0001923631816870251,gene/protein
TRPV6,0.0001923631816870251,gene/protein
IRF3,0.0001923631816870251,gene/protein
cell fate commitment,0.0001923631816870251,biological_process
H2AC12,0.0001923631816870251,gene/protein
CRMP1,0.0001923631816870251,gene/protein
LYL1,0.0001923631816870251,gene/protein
MAP2K5,0.0001923631816870251,gene/protein
AP3S1,0.0001923631816870251,gene/protein
CFB,0.0001923631816870251,gene/protein
CSF2RB,0.0001923631816870251,gene/protein
ITSN1,0.0001923631816870251,gene/protein
KIF5B,0.0001923631816870251,gene/protein
CEND1,0.0001923631816870251,gene/protein
JAGN1,0.0001923631816870251,gene/protein
cellular response to heat,0.0001923631816870251,biological_process
RBBP5,0.0001923631816870251,gene/protein
MIRLET7F2,0.0001923631816870251,gene/protein
NCOA6,0.0001923631816870251,gene/protein
CRYZ,0.0001923631816870251,gene/protein
ZFP36L1,0.0001923631816870251,gene/protein
ITGB4,0.0001923631816870251,gene/protein
positive regulation of mitochondrion organization,0.0001923631816870251,biological_process
HAGH,0.0001923631816870251,gene/protein
RGS2,0.0001923631816870251,gene/protein
PHLPP1,0.0001923631816870251,gene/protein
platelet activation,0.0001923631816870251,biological_process
calcium ion transport,0.0001923631816870251,biological_process
UBE2T,0.0001923631816870251,gene/protein
CFL1,0.0001923631816870251,gene/protein
ASGR1,0.0001923631816870251,gene/protein
CDH5,0.0001923631816870251,gene/protein
DAD1,0.0001923631816870251,gene/protein
AGXT,0.0001923631816870251,gene/protein
ZFP36L2,0.0001923631816870251,gene/protein
ADA,0.0001923631816870251,gene/protein
MIRLET7B,0.0001923631816870251,gene/protein
RORA activates gene expression,0.0001923631816870251,pathway
TTC3,0.0001923631816870251,gene/protein
PHLDA1,0.0001923631816870251,gene/protein
ABCA1,0.0001923631816870251,gene/protein
PBK,0.0001923631816870251,gene/protein
NEIL3,0.0001923631816870251,gene/protein
FANCI,0.0001923631816870251,gene/protein
MSH5,0.0001923631816870251,gene/protein
blood vessel development,0.0001923631816870251,biological_process
RAB5C,0.0001923631816870251,gene/protein
AP4M1,0.0001923631816870251,gene/protein
ACO2,0.0001923631816870251,gene/protein
SERPINH1,0.0001923631816870251,gene/protein
EEF1D,0.0001923631816870251,gene/protein
AARS1,0.0001923631816870251,gene/protein
ATP1A1,0.0001923631816870251,gene/protein
MYOG,0.0001923631816870251,gene/protein
HNRNPAB,0.0001923631816870251,gene/protein
CCR6,0.0001923631816870251,gene/protein
PRPF4B,0.0001923631816870251,gene/protein
HES1,0.0001923631816870251,gene/protein
IL4R,0.0001923631816870251,gene/protein
CCN2,0.0001923631816870251,gene/protein
EFNA1,0.0001923631816870251,gene/protein
PRKCSH,0.0001923631816870251,gene/protein
PSMA6,0.0001923631816870251,gene/protein
CES1,0.0001923631816870251,gene/protein
ACTC1,0.0001923631816870251,gene/protein
MCM4,0.0001923631816870251,gene/protein
NME1,0.0001923631816870251,gene/protein
EIF3E,0.0001923631816870251,gene/protein
negative regulation of sequestering of triglyceride,0.0001923631816870251,biological_process
response to lipid,0.0001923631816870251,biological_process
VSIG4,0.0001923631816870251,gene/protein
UBE2C,0.0001923631816870251,gene/protein
SCAP,0.0001923631816870251,gene/protein
RRAD,0.0001923631816870251,gene/protein
KLK9,0.0001923631816870251,gene/protein
PYCARD,0.0001923631816870251,gene/protein
AP2B1,0.0001923631816870251,gene/protein
keratinocyte differentiation,0.0001923631816870251,biological_process
APBB2,0.0001923631816870251,gene/protein
AP2S1,0.0001923631816870251,gene/protein
CEP350,0.0001923631816870251,gene/protein
negative regulation of activated T cell proliferation,0.0001923631816870251,biological_process
B cell activation,0.0001923631816870251,biological_process
ARHGAP5,0.0001923631816870251,gene/protein
BDH1,0.0001923631816870251,gene/protein
GTF2A1,0.0001923631816870251,gene/protein
CD4,0.0001923631816870251,gene/protein
SETDB1,0.0001923631816870251,gene/protein
ZMYND8,0.0001923631816870251,gene/protein
Short sternum,0.0001923631816870251,effect/phenotype
SAE1,0.0001923631816870251,gene/protein
CELF1,0.0001923631816870251,gene/protein
KCTD7,0.0001923631816870251,gene/protein
INTS3,0.0001923631816870251,gene/protein
H2AC17,0.0001923631816870251,gene/protein
IQGAP2,0.0001923631816870251,gene/protein
negative regulation of neuron differentiation,0.0001923631816870251,biological_process
ACP1,0.0001923631816870251,gene/protein
ERBB3,0.0001923631816870251,gene/protein
MECR,0.0001923631816870251,gene/protein
COL2A1,0.0001923631816870251,gene/protein
SPARC,0.0001923631816870251,gene/protein
RHOB,0.0001923631816870251,gene/protein
negative regulation of low-density lipoprotein particle clearance,0.0001923631816870251,biological_process
ATP sensitive Potassium channels,0.0001923631816870251,pathway
MORN3,0.0001923631816870251,gene/protein
RHO GTPases Activate NADPH Oxidases,0.0001923631816870251,pathway
High urinary gonadotropin level,0.0001923631816870251,effect/phenotype
Abnormal forearm bone morphology,0.0001923631816870251,effect/phenotype
Enlarged thorax,0.0001923631816870251,effect/phenotype
Lymphedema,0.0001923631816870251,immune_effect/phenotype
response to selenium ion,0.0001923631816870251,biological_process
response to pH,0.0001923631816870251,biological_process
KLK7,0.0001923631816870251,gene/protein
FKBP1A,0.0001923631816870251,gene/protein
CST6,0.0001923631816870251,gene/protein
DMD,0.0001923631816870251,gene/protein
CSTF1,0.0001923631816870251,gene/protein
ITGAV,0.0001923631816870251,gene/protein
Cerebellar vermis hypoplasia,0.0001923631816870251,effect/phenotype
Defective ABCC8 can cause hypo- and hyper-glycemias,0.0001923631816870251,pathway
ATP6V1C2,0.0001923631816870251,gene/protein
GAS2L2,0.0001923631816870251,gene/protein
TCP11L1,0.0001923631816870251,gene/protein
PGRMC1,0.0001923631816870251,gene/protein
DEFA1,0.0001923631816870251,gene/protein
CCNG2,0.0001923631816870251,gene/protein
ITGB6,0.0001923631816870251,gene/protein
RAB4A,0.0001923631816870251,gene/protein
SMARCA2,0.0001923631816870251,gene/protein
IDH3A,0.0001923631816870251,gene/protein
PFN1,0.0001923631816870251,gene/protein
H1-0,0.0001923631816870251,gene/protein
MCM2,0.0001923631816870251,gene/protein
FBLN1,0.0001923631816870251,gene/protein
negative regulation of neurogenesis,0.0001923631816870251,biological_process
WASHC3,0.0001923631816870251,gene/protein
ILF2,0.0001923631816870251,gene/protein
GDI1,0.0001923631816870251,gene/protein
MCM6,0.0001923631816870251,gene/protein
RAC3,0.0001923631816870251,gene/protein
RYR3,0.0001923631816870251,gene/protein
MDH2,0.0001923631816870251,gene/protein
ALB,0.0001923631816870251,gene/protein
TMBIM6,0.0001923631816870251,gene/protein
IGFBP7,0.0001923631816870251,gene/protein
PZP,0.0001923631816870251,gene/protein
inorganic cation transmembrane transport,0.0001923631816870251,biological_process
memory,0.0001923631816870251,biological_process
Melanocytic nevus,0.0001923631816870251,effect/phenotype
Progressive visual field defects,0.0001923631816870251,effect/phenotype
SGK1,0.0001923631816870251,gene/protein
CTBP1,0.0001923631816870251,gene/protein
APLP2,0.0001923631816870251,gene/protein
ACVR1,0.0001923631816870251,gene/protein
FCGRT,0.0001923631816870251,gene/protein
BCL2A1,0.0001923631816870251,gene/protein
TMCO3,0.0001923631816870251,gene/protein
HBG2,0.0001923631816870251,gene/protein
PCMT1,0.0001923631816870251,gene/protein
EIF2S1,0.0001923631816870251,gene/protein
PGK1,0.0001923631816870251,gene/protein
MCM3,0.0001923631816870251,gene/protein
Clumsiness,0.0001923631816870251,effect/phenotype
Increased upper to lower segment ratio,0.0001923631816870251,effect/phenotype
Severe global developmental delay,0.0001923631816870251,effect/phenotype
response to cadmium ion,0.0001923631816870251,biological_process
Sleep disturbance,0.0001923631816870251,effect/phenotype
Abnormality of the ovary,0.0001923631816870251,effect/phenotype
Perifoveal ring of hyperautofluorescence,0.0001923631816870251,effect/phenotype
Incomplete penetrance,0.0001923631816870251,effect/phenotype
Sulfur amino acid metabolism,0.0001923631816870251,pathway
"Metabolism of ingested SeMet, Sec, MeSec into H2Se",0.0001923631816870251,pathway
CTNNA3,0.0001923631816870251,gene/protein
LYSMD1,0.0001923631816870251,gene/protein
negative regulation of epithelial cell proliferation,0.0001923631816870251,biological_process
sulfur amino acid metabolic process,0.0001923631816870251,biological_process
PSMA2,0.0001923631816870251,gene/protein
TOP3B,0.0001923631816870251,gene/protein
CSNK1G1,0.0001923631816870251,gene/protein
RUNX2,0.0001923631816870251,gene/protein
HOXA13,0.0001923631816870251,gene/protein
HNRNPL,0.0001923631816870251,gene/protein
UQCRC2,0.0001923631816870251,gene/protein
TCAP,0.0001923631816870251,gene/protein
SAT1,0.0001923631816870251,gene/protein
HNRNPH3,0.0001923631816870251,gene/protein
IL12RB1,0.0001923631816870251,gene/protein
LCN2,0.0001923631816870251,gene/protein
cellular response to gamma radiation,0.0001923631816870251,biological_process
JUNB,0.0001923631816870251,gene/protein
POMC,0.0001923631816870251,gene/protein
TBC1D1,0.0001923631816870251,gene/protein
RAPGEF3,0.0001923631816870251,gene/protein
RAI1,0.0001923631816870251,gene/protein
DES,0.0001923631816870251,gene/protein
GATA5,0.0001923631816870251,gene/protein
Methylation,0.0001923631816870251,pathway
Excessive daytime somnolence,0.0001923631816870251,effect/phenotype
Telecanthus,0.0001923631816870251,effect/phenotype
Progeroid facial appearance,0.0001923631816870251,effect/phenotype
IST1,0.0001923631816870251,gene/protein
MARF1,0.0001923631816870251,gene/protein
RGS20,0.0001923631816870251,gene/protein
protein homotetramerization,0.0001923631816870251,biological_process
pituitary gland development,0.0001923631816870251,biological_process
respiratory gaseous exchange by respiratory system,0.0001923631816870251,biological_process
XPO7,0.0001923631816870251,gene/protein
peptide hormone processing,0.0001923631816870251,biological_process
CUL2,0.0001923631816870251,gene/protein
MKRN3,0.0001923631816870251,gene/protein
VHL,0.0001923631816870251,gene/protein
PCSK1,0.0001923631816870251,gene/protein
SERPINE1,0.0001923631816870251,gene/protein
SLC22A1,0.0001923631816870251,gene/protein
RNU4ATAC,0.0001923631816870251,gene/protein
AKAP1,0.0001923631816870251,gene/protein
SLC16A7,0.0001923631816870251,gene/protein
MRAP2,0.0001923631816870251,gene/protein
SMN1,0.0001923631816870251,gene/protein
FGL1,0.0001923631816870251,gene/protein
MTHFR,0.0001923631816870251,gene/protein
PEX19,0.0001923631816870251,gene/protein
ATP6V1G1,0.0001923631816870251,gene/protein
CD3E,0.0001923631816870251,gene/protein
RAB21,0.0001923631816870251,gene/protein
PRKCH,0.0001923631816870251,gene/protein
Increased intracranial pressure,0.0001923631816870251,effect/phenotype
Thickened nuchal skin fold,0.0001923631816870251,effect/phenotype
Delayed gross motor development,0.0001923631816870251,effect/phenotype
Small forehead,0.0001923631816870251,effect/phenotype
neural crest cell development,0.0001923631816870251,biological_process
Rigidity,0.0001923631816870251,effect/phenotype
Ophthalmoplegia,0.0001923631816870251,effect/phenotype
Abnormality of skeletal morphology,0.0001923631816870251,effect/phenotype
Fasciculations,0.0001923631816870251,effect/phenotype
ACOT12,0.0001923631816870251,gene/protein
RAN,0.0001923631816870251,gene/protein
PSORS1C2,0.0001923631816870251,gene/protein
HEBP2,0.0001923631816870251,gene/protein
CHN2,0.0001923631816870251,gene/protein
CPT1B,0.0001923631816870251,gene/protein
AP3D1,0.0001923631816870251,gene/protein
PFKFB3,0.0001923631816870251,gene/protein
CCNH,0.0001923631816870251,gene/protein
WDR17,0.0001923631816870251,gene/protein
NUDCD3,0.0001923631816870251,gene/protein
NR2E3,0.0001923631816870251,gene/protein
TOPORS,0.0001923631816870251,gene/protein
SNX14,0.0001923631816870251,gene/protein
ME1,0.0001923631816870251,gene/protein
PCNT,0.0001923631816870251,gene/protein
EXOC2,0.0001923631816870251,gene/protein
IFNAR2,0.0001923631816870251,gene/protein
CERKL,0.0001923631816870251,gene/protein
PDAP1,0.0001923631816870251,gene/protein
XRCC4,0.0001923631816870251,gene/protein
GRM1,0.0001923631816870251,gene/protein
PMPCA,0.0001923631816870251,gene/protein
WWOX,0.0001923631816870251,gene/protein
VWA3B,0.0001923631816870251,gene/protein
SNRNP200,0.0001923631816870251,gene/protein
HSD3B7,0.0001923631816870251,gene/protein
TF,0.0001923631816870251,gene/protein
Oligosacchariduria,0.0001923631816870251,effect/phenotype
Deep philtrum,0.0001923631816870251,effect/phenotype
"Intellectual disability, severe",0.0001923631816870251,effect/phenotype
Brain atrophy,0.0001923631816870251,effect/phenotype
Aortic dissection,0.0001923631816870251,effect/phenotype
lens development in camera-type eye,0.0001923631816870251,biological_process
visual perception,0.0001923631816870251,biological_process
methylation,0.0001923631816870251,biological_process
ASPSCR1,0.0001923631816870251,gene/protein
potassium ion transport,0.0001923631816870251,biological_process
KIAA1549,0.0001923631816870251,gene/protein
PRPF6,0.0001923631816870251,gene/protein
TTC8,0.0001923631816870251,gene/protein
ARL6,0.0001923631816870251,gene/protein
IFT140,0.0001923631816870251,gene/protein
DPYD,0.0001923631816870251,gene/protein
epidermis development,0.0001923631816870251,biological_process
AIP,0.0001923631816870251,gene/protein
MIRLET7E,0.0001923631816870251,gene/protein
KRTAP10-1,0.0001923631816870251,gene/protein
TNP1,0.0001923631816870251,gene/protein
AFF4,0.0001923631816870251,gene/protein
LRAT,0.0001923631816870251,gene/protein
ZBTB7B,0.0001923631816870251,gene/protein
MTCH2,0.0001923631816870251,gene/protein
Abnormality of immune system physiology,0.0001923631816870251,immune_effect/phenotype
BBS4,0.0001923631816870251,gene/protein
HK2,0.0001923631816870251,gene/protein
FCGR3B,0.0001923631816870251,gene/protein
PRDX4,0.0001923631816870251,gene/protein
ACLY,0.0001923631816870251,gene/protein
KANK2,0.0001923631816870251,gene/protein
type B pancreatic cell differentiation,0.0001923631816870251,biological_process
salivary gland morphogenesis,0.0001923631816870251,biological_process
Hypoplastic left heart,0.0001923631816870251,effect/phenotype
Gastrointestinal inflammation,0.0001923631816870251,immune_effect/phenotype
Arterial dissection,0.0001923631816870251,effect/phenotype
Shield chest,0.0001923631816870251,effect/phenotype
Impaired use of nonverbal behaviors,0.0001923631816870251,effect/phenotype
Full cheeks,0.0001923631816870251,effect/phenotype
Palpebral edema,0.0001923631816870251,effect/phenotype
Secondary amenorrhea,0.0001923631816870251,effect/phenotype
AFP,0.0001923631816870251,gene/protein
CASP2,0.0001923631816870251,gene/protein
BLM,0.0001923631816870251,gene/protein
CASP6,0.0001923631816870251,gene/protein
CYP2E1,0.0001923631816870251,gene/protein
MAP4K4,0.0001923631816870251,gene/protein
RXRB,0.0001923631816870251,gene/protein
response to cAMP,0.0001923631816870251,biological_process
CXCL12,0.0001923631816870251,gene/protein
SIM1,0.0001923631816870251,gene/protein
artery smooth muscle contraction,0.0001923631816870251,biological_process
epithelial fluid transport,0.0001923631816870251,biological_process
positive regulation of mucus secretion,0.0001923631816870251,biological_process
activation of phospholipase C activity,0.0001923631816870251,biological_process
ADRB1,0.0001923631816870251,gene/protein
NQO1,0.0001923631816870251,gene/protein
F2,0.0001923631816870251,gene/protein
ARHGEF6,0.0001923631816870251,gene/protein
positive regulation of urine volume,0.0001923631816870251,biological_process
OGT,0.0001923631816870251,gene/protein
WAS,0.0001923631816870251,gene/protein
Sepsis,0.0001923631816870251,effect/phenotype
intrinsic apoptotic signaling pathway in response to oxidative stress,0.0001923631816870251,biological_process
Methylmalonic acidemia,0.0001923631816870251,effect/phenotype
Hypoxemia,0.0001923631816870251,effect/phenotype
Abdominal obesity,0.0001923631816870251,effect/phenotype
ATG16L1,0.0001923631816870251,gene/protein
CASK,0.0001923631816870251,gene/protein
ATP6AP2,0.0001923631816870251,gene/protein
CORO1A,0.0001923631816870251,gene/protein
IRAK1,0.0001923631816870251,gene/protein
ACSL4,0.0001923631816870251,gene/protein
IL6ST,0.0001923631816870251,gene/protein
Inflammatory abnormality of the skin,0.0001923631816870251,immune_effect/phenotype
UBE2A,0.0001923631816870251,gene/protein
Skin ulcer,0.0001923631816870251,effect/phenotype
enteric nervous system development,0.0001923631816870251,biological_process
IL1RN,0.0001923631816870251,gene/protein
regulation of pH,0.0001923631816870251,biological_process
branching involved in blood vessel morphogenesis,0.0001923631816870251,biological_process
IL18,0.0001923631816870251,gene/protein
CCR1,0.0001923631816870251,gene/protein
IL1R1,0.0001923631816870251,gene/protein
NUF2,0.0001923631816870251,gene/protein
CBR1,0.0001923631816870251,gene/protein
MAD2L1,0.0001923631816870251,gene/protein
PKP1,0.0001923631816870251,gene/protein
PITX1,0.0001923631816870251,gene/protein
PHF8,0.0001923631816870251,gene/protein
positive regulation of renal sodium excretion,0.0001923631816870251,biological_process
Speech apraxia,0.0001923631816870251,effect/phenotype
Arachnodactyly,0.0001923631816870251,effect/phenotype
Broad-based gait,0.0001923631816870251,effect/phenotype
MBTPS1,0.0001923631816870251,gene/protein
TAGLN2,0.0001923631816870251,gene/protein
TOP1,0.0001923631816870251,gene/protein
ZSCAN22,0.0001923631816870251,gene/protein
regulation of sensory perception of pain,0.0001923631816870251,biological_process
HAMP,0.0001923631816870251,gene/protein
KMT2C,0.0001923631816870251,gene/protein
vein smooth muscle contraction,0.0001923631816870251,biological_process
DBH,0.0001923631816870251,gene/protein
USP9X,0.0001923631816870251,gene/protein
LCAT,0.0001923631816870251,gene/protein
KIFC1,0.0001923631816870251,gene/protein
HHIP,0.0001923631816870251,gene/protein
NCAPG,0.0001923631816870251,gene/protein
KIF14,0.0001923631816870251,gene/protein
IL1RAP,0.0001923631816870251,gene/protein
TFPI2,0.0001923631816870251,gene/protein
Pulmonary artery stenosis,0.0001923631816870251,effect/phenotype
Abnormal sella turcica morphology,0.0001923631816870251,effect/phenotype
Horseshoe kidney,0.0001923631816870251,effect/phenotype
neural tube development,0.0001923631816870251,biological_process
positive regulation of cell division,0.0001923631816870251,biological_process
hair follicle development,0.0001923631816870251,biological_process
Gene and protein expression by JAK-STAT signaling after Interleukin-12 stimulation,0.0001923631816870251,pathway
response to L-ascorbic acid,0.0001923631816870251,biological_process
Deregulated CDK5 triggers multiple neurodegenerative pathways in Alzheimer's disease models,0.0001923631816870251,pathway
GET4,0.0001923631816870251,gene/protein
Hypoplasia of the pons,0.0001923631816870251,effect/phenotype
CHAF1B,0.0001923631816870251,gene/protein
CDC45,0.0001923631816870251,gene/protein
CYP17A1,0.0001923631816870251,gene/protein
CDKN2C,0.0001923631816870251,gene/protein
RALGDS,0.0001923631816870251,gene/protein
PKLR,0.0001923631816870251,gene/protein
PLXNB1,0.0001923631816870251,gene/protein
ELOC,0.0001923631816870251,gene/protein
BAP1,0.0001923631816870251,gene/protein
SIX3,0.0001923631816870251,gene/protein
CLEC4G,0.0001923631816870251,gene/protein
IL19,0.0001923631816870251,gene/protein
IQGAP3,0.0001923631816870251,gene/protein
AIFM1,0.0001923631816870251,gene/protein
CLEC16A,0.0001923631816870251,gene/protein
CP,0.0001923631816870251,gene/protein
epithelial cell differentiation,0.0001923631816870251,biological_process
SUMOylation of intracellular receptors,0.0001923631816870251,pathway
NOD1,0.0001923631816870251,gene/protein
EIF3H,0.0001923631816870251,gene/protein
Generalized-onset seizure,0.0001923631816870251,effect/phenotype
DNM1L,0.0001923631816870251,gene/protein
interleukin-12-mediated signaling pathway,0.0001923631816870251,biological_process
DYNC1LI1,0.0001923631816870251,gene/protein
VAPA,0.0001923631816870251,gene/protein
SIRT6,0.0001923631816870251,gene/protein
response to immobilization stress,0.0001923631816870251,biological_process
positive regulation of production of miRNAs involved in gene silencing by miRNA,0.0001923631816870251,biological_process
Regulation of RUNX3 expression and activity,0.0001923631816870251,pathway
KLF11,0.0001923631816870251,gene/protein
BACH2,0.0001923631816870251,gene/protein
CTSH,0.0001923631816870251,gene/protein
SUMO3,0.0001923631816870251,gene/protein
ZFP64,0.0001923631816870251,gene/protein
ASNS,0.0001923631816870251,gene/protein
STAC3,0.0001923631816870251,gene/protein
negative regulation of myoblast differentiation,0.0001923631816870251,biological_process
positive regulation of protein localization to nucleus,0.0001923631816870251,biological_process
Sensory neuropathy,0.0001923631816870251,effect/phenotype
ZMPSTE24,0.0001923631816870251,gene/protein
LMNB2,0.0001923631816870251,gene/protein
FANCC,0.0001923631816870251,gene/protein
ZBTB5,0.0001923631816870251,gene/protein
ATG7,0.0001923631816870251,gene/protein
AHCY,0.0001923631816870251,gene/protein
AKR1D1,0.0001923631816870251,gene/protein
MYO9A,0.0001923631816870251,gene/protein
RNASE4,0.0001923631816870251,gene/protein
Cystic hygroma,0.0001923631816870251,effect/phenotype
Hypermobility of toe joints,0.0001923631816870251,effect/phenotype
Abnormal enzyme/coenzyme activity,0.0001923631816870251,effect/phenotype
Macular degeneration,0.0001923631816870251,effect/phenotype
UBL4A,0.0001923631816870251,gene/protein
SLC11A2,0.0001923631816870251,gene/protein
MAP3K13,0.0001923631816870251,gene/protein
RPS2,0.0001923631816870251,gene/protein
TPT1,0.0001923631816870251,gene/protein
GNA11,0.0001923631816870251,gene/protein
SMARCD2,0.0001923631816870251,gene/protein
NHLH2,0.0001923631816870251,gene/protein
FOXO4,0.0001923631816870251,gene/protein
positive regulation of transcription initiation from RNA polymerase II promoter,0.0001923631816870251,biological_process
Polyneuropathy,0.0001923631816870251,effect/phenotype
Sensorimotor neuropathy,0.0001923631816870251,effect/phenotype
Retinopathy,0.0001923631816870251,effect/phenotype
Cellular immunodeficiency,0.0001923631816870251,immune_effect/phenotype
negative regulation of biomineral tissue development,0.0001923631816870251,biological_process
positive regulation of peptidyl-threonine phosphorylation,0.0001923631816870251,biological_process
Progressive gait ataxia,0.0001923631816870251,effect/phenotype
Prolonged QT interval,0.0001923631816870251,effect/phenotype
Furuncle,0.0001923631816870251,effect/phenotype
Cognitive impairment,0.0001923631816870251,effect/phenotype
Abnormal testis morphology,0.0001923631816870251,effect/phenotype
Increased reactive oxygen species production,0.0001923631816870251,effect/phenotype
Systemic autoinflammation,0.0001923631816870251,immune_effect/phenotype
SMPDL3A,0.0001923631816870251,gene/protein
DYRK1B,0.0001923631816870251,gene/protein
H2AC21,0.0001923631816870251,gene/protein
UCH proteinases,0.0001923631816870251,pathway
angiogenesis involved in wound healing,0.0001923631816870251,biological_process
Polycystic ovaries,0.0001923631816870251,effect/phenotype
cell population proliferation,0.0001923631816870251,biological_process
Glomerulopathy,0.0001923631816870251,effect/phenotype
MIRLET7A3,0.0001923631816870251,gene/protein
glucose import,0.0001923631816870251,biological_process
BPIFA1,0.0001923631816870251,gene/protein
PTBP1,0.0001923631816870251,gene/protein
DNAJC8,0.0001923631816870251,gene/protein
PCBP1,0.0001923631816870251,gene/protein
UFSP1,0.0001923631816870251,gene/protein
TM4SF4,0.0001923631816870251,gene/protein
CLK3,0.0001923631816870251,gene/protein
USP22,0.0001923631816870251,gene/protein
RECQL5,0.0001923631816870251,gene/protein
MAP2K7,0.0001923631816870251,gene/protein
CAMLG,0.0001923631816870251,gene/protein
TIAM1,0.0001923631816870251,gene/protein
PSMB9,0.0001923631816870251,gene/protein
RLF,0.0001923631816870251,gene/protein
RBL2,0.0001923631816870251,gene/protein
Telangiectasia of the skin,0.0001923631816870251,effect/phenotype
Delayed ability to walk,0.0001923631816870251,effect/phenotype
Intention tremor,0.0001923631816870251,effect/phenotype
positive regulation of vascular associated smooth muscle cell differentiation involved in phenotypic switching,0.0001923631816870251,biological_process
EIF3D,0.0001923631816870251,gene/protein
ZBED3,0.0001923631816870251,gene/protein
PTGDS,0.0001923631816870251,gene/protein
PRKCI,0.0001923631816870251,gene/protein
MALT1,0.0001923631816870251,gene/protein
TICAM1,0.0001923631816870251,gene/protein
CCT7,0.0001923631816870251,gene/protein
UFL1,0.0001923631816870251,gene/protein
PSMB3,0.0001923631816870251,gene/protein
ZPR1,0.0001923631816870251,gene/protein
Hypertrophic cardiomyopathy,0.0001923631816870251,effect/phenotype
Arrhythmia,0.0001923631816870251,effect/phenotype
PSMD3,0.0001923631816870251,gene/protein
KRT1,0.0001923631816870251,gene/protein
NUTF2,0.0001923631816870251,gene/protein
NCOA4,0.0001923631816870251,gene/protein
VPS4B,0.0001923631816870251,gene/protein
OTX1,0.0001923631816870251,gene/protein
USP14,0.0001923631816870251,gene/protein
ERCC4,0.0001923631816870251,gene/protein
NUBP2,0.0001923631816870251,gene/protein
CCNK,0.0001923631816870251,gene/protein
SNTA1,0.0001923631816870251,gene/protein
BRAP,0.0001923631816870251,gene/protein
ZC4H2,0.0001923631816870251,gene/protein
PSMA5,0.0001923631816870251,gene/protein
CDKL1,0.0001923631816870251,gene/protein
Abnormality of movement,0.0001923631816870251,effect/phenotype
Late onset,0.0001923631816870251,effect/phenotype
Increased waist to hip ratio,0.0001923631816870251,effect/phenotype
Esotropia,0.0001923631816870251,effect/phenotype
Synophrys,0.0001923631816870251,effect/phenotype
TBL2,0.0001923631816870251,gene/protein
HOOK2,0.0001923631816870251,gene/protein
ASCC1,0.0001923631816870251,gene/protein
NUP93,0.0001923631816870251,gene/protein
TIAL1,0.0001923631816870251,gene/protein
ubiquitin-dependent protein catabolic process,0.0001923631816870251,biological_process
protein K48-linked ubiquitination,0.0001923631816870251,biological_process
PSMD12,0.0001923631816870251,gene/protein
APEX2,0.0001923631816870251,gene/protein
INTS2,0.0001923631816870251,gene/protein
PHF14,0.0001923631816870251,gene/protein
PSMC4,0.0001923631816870251,gene/protein
UBE2H,0.0001923631816870251,gene/protein
SLC27A4,0.0001923631816870251,gene/protein
P3H1,0.0001923631816870251,gene/protein
UBR2,0.0001923631816870251,gene/protein
Cerebellar hypoplasia,0.0001923631816870251,effect/phenotype
Hyporeflexia of lower limbs,0.0001923631816870251,effect/phenotype
PAWR,0.0001923631816870251,gene/protein
CCDC6,0.0001923631816870251,gene/protein
PSMD13,0.0001923631816870251,gene/protein
ADD1,0.0001923631816870251,gene/protein
SF1,0.0001923631816870251,gene/protein
CRADD,0.0001923631816870251,gene/protein
CASP8AP2,0.0001923631816870251,gene/protein
CBLC,0.0001923631816870251,gene/protein
PSMC3,0.0001923631816870251,gene/protein
PLEKHA5,0.0001923631816870251,gene/protein
ABCB11,0.0001923631816870251,gene/protein
GOLM1,0.0001923631816870251,gene/protein
PTPN13,0.0001923631816870251,gene/protein
MED12,0.0001923631816870251,gene/protein
GZMB,0.0001923631816870251,gene/protein
NUCB2,0.0001923631816870251,gene/protein
FasL/ CD95L signaling,0.0001923631816870251,pathway
positive regulation of protein insertion into mitochondrial membrane involved in apoptotic signaling pathway,0.0001923631816870251,biological_process
NAA10,0.0001923631816870251,gene/protein
SEC24A,0.0001923631816870251,gene/protein
CD274,0.0001923631816870251,gene/protein
ZNRD2,0.0001923631816870251,gene/protein
ANG,0.0001923631816870251,gene/protein
EWSR1,0.0001923631816870251,gene/protein
KIF20B,0.0001923631816870251,gene/protein
RIN1,0.0001923631816870251,gene/protein
Recurrent hypoglycemia,0.0001923631816870251,effect/phenotype
Areflexia,0.0001923631816870251,effect/phenotype
Psychomotor retardation,0.0001923631816870251,effect/phenotype
CD2BP2,0.0001923631816870251,gene/protein
CACYBP,0.0001923631816870251,gene/protein
NEDD1,0.0001923631816870251,gene/protein
FAM25G,0.0001923631816870251,gene/protein
CCDC33,0.0001923631816870251,gene/protein
MIPOL1,0.0001923631816870251,gene/protein
RBM26,0.0001923631816870251,gene/protein
UBE2F,0.0001923631816870251,gene/protein
STAM,0.0001923631816870251,gene/protein
PSMD7,0.0001923631816870251,gene/protein
WDR45B,0.0001923631816870251,gene/protein
PPP1R15A,0.0001923631816870251,gene/protein
CLDN14,0.0001923631816870251,gene/protein
FGFR4,0.0001923631816870251,gene/protein
AGPAT2,0.0001923631816870251,gene/protein
Dimerization of procaspase-8,0.0001923631816870251,pathway
ILK,0.0001923631816870251,gene/protein
Bradycardia,0.0001923631816870251,effect/phenotype
negative regulation of execution phase of apoptosis,0.0001923631816870251,biological_process
DOK5,0.0001923631816870251,gene/protein
MED16,0.0001923631816870251,gene/protein
PRMT5,0.0001923631816870251,gene/protein
PNN,0.0001923631816870251,gene/protein
MT1F,0.0001923631816870251,gene/protein
SH3RF1,0.0001923631816870251,gene/protein
Cutaneous abscess,0.0001923631816870251,effect/phenotype
TRNE,0.0001923631816870251,gene/protein
ILVBL,0.0001923631816870251,gene/protein
IGBP1,0.0001923631816870251,gene/protein
TRMO,0.0001923631816870251,gene/protein
BNIPL,0.0001923631816870251,gene/protein
BCLAF1,0.0001923631816870251,gene/protein
HRK,0.0001923631816870251,gene/protein
XBP1,0.0001923631816870251,gene/protein
IFT88,0.0001923631816870251,gene/protein
RIF1,0.0001923631816870251,gene/protein
NEIL1,0.0001923631816870251,gene/protein
PDK1,0.0001923631816870251,gene/protein
POFUT1,0.0001923631816870251,gene/protein
SIK2,0.0001923631816870251,gene/protein
PPIF,0.0001923631816870251,gene/protein
AKT1S1,0.0001923631816870251,gene/protein
response to cobalt ion,0.0001923631816870251,biological_process
EIF2AK3,0.0001923631816870251,gene/protein
CXCL1,0.0001923631816870251,gene/protein
SORBS2,0.0001923631816870251,gene/protein
FAM25A,0.0001923631816870251,gene/protein
Cerebellar vermis atrophy,0.0001923631816870251,effect/phenotype
Dilated fourth ventricle,0.0001923631816870251,effect/phenotype
Leukocytosis,0.0001923631816870251,immune_effect/phenotype
Leukopenia,0.0001923631816870251,immune_effect/phenotype
Accelerated skeletal maturation,0.0001923631816870251,effect/phenotype
NFKBID,0.0001923631816870251,gene/protein
AP5M1,0.0001923631816870251,gene/protein
Abnormal C-peptide level,0.0001923631816870251,effect/phenotype
NF-kB is activated and signals survival,0.0001923631816870251,pathway
DBNL,0.0001923631816870251,gene/protein
OTUD7B,0.0001923631816870251,gene/protein
NOL3,0.0001923631816870251,gene/protein
Camptodactyly,0.0001923631816870251,effect/phenotype
LONP1,0.0001923631816870251,gene/protein
PKMTs methylate histone lysines,0.0001923631816870251,pathway
SMARCB1,0.0001923631816870251,gene/protein
Hand tremor,0.0001923631816870251,effect/phenotype
Distal muscle weakness,0.0001923631816870251,effect/phenotype
Hyperhidrosis,0.0001923631816870251,effect/phenotype
Left ventricular hypertrophy,0.0001923631816870251,effect/phenotype
CEP70,0.0001923631816870251,gene/protein
axonogenesis,0.0001923631816870251,biological_process
IFNL1,0.0001923631816870251,gene/protein
UBE2L3,0.0001923631816870251,gene/protein
IDH3B,0.0001923631816870251,gene/protein
FLVCR1,0.0001923631816870251,gene/protein
AHI1,0.0001923631816870251,gene/protein
IGFALS,0.0001923631816870251,gene/protein
IGFBP2,0.0001923631816870251,gene/protein
PNPLA6,0.0001923631816870251,gene/protein
CD68,0.0001923631816870251,gene/protein
UBTF,0.0001923631816870251,gene/protein
Thick vermilion border,0.0001923631816870251,effect/phenotype
NR4A3,0.0001923631816870251,gene/protein
MIR2116,0.0001923631816870251,gene/protein
MIR6741,0.0001923631816870251,gene/protein
MIR1301,0.0001923631816870251,gene/protein
MIR3173,0.0001923631816870251,gene/protein
MIR1260B,0.0001923631816870251,gene/protein
MIR4516,0.0001923631816870251,gene/protein
Autistic behavior,0.0001923631816870251,effect/phenotype
Talipes equinovarus,0.0001923631816870251,effect/phenotype
Dental crowding,0.0001923631816870251,effect/phenotype
Apraxia,0.0001923631816870251,effect/phenotype
execution phase of apoptosis,0.0001923631816870251,biological_process
Senescence-Associated Secretory Phenotype (SASP),0.0001923631816870251,pathway
Autoimmune thrombocytopenia,0.0001923631816870251,immune_effect/phenotype
AKAP8,0.0001923631816870251,gene/protein
DEx/H-box helicases activate type I IFN and inflammatory cytokines production ,0.0001923631816870251,pathway
TRAF6 mediated NF-kB activation,0.0001923631816870251,pathway
HCMV Early Events,0.0001923631816870251,pathway
NEK8,0.0001923631816870251,gene/protein
AQP1,0.0001923631816870251,gene/protein
MIR4482,0.0001923631816870251,gene/protein
MIR7704,0.0001923631816870251,gene/protein
MIR8061,0.0001923631816870251,gene/protein
PDXDC1,0.0001923631816870251,gene/protein
MIR6803,0.0001923631816870251,gene/protein
TMEM155,0.0001923631816870251,gene/protein
MIR1260A,0.0001923631816870251,gene/protein
MIR1228,0.0001923631816870251,gene/protein
MRC1,0.0001923631816870251,gene/protein
TAK1 activates NFkB by phosphorylation and activation of IKKs complex,0.0001923631816870251,pathway
Interleukin-1 processing,0.0001923631816870251,pathway
IFNL3,0.0001923631816870251,gene/protein
H4C9,0.0001923631816870251,gene/protein
TAPBP,0.0001923631816870251,gene/protein
EPS15,0.0001923631816870251,gene/protein
CDC5L,0.0001923631816870251,gene/protein
DAPK3,0.0001923631816870251,gene/protein
PDGFB,0.0001923631816870251,gene/protein
RIPK1-mediated regulated necrosis,0.0001923631816870251,pathway
CASP8 activity is inhibited,0.0001923631816870251,pathway
Regulation by c-FLIP,0.0001923631816870251,pathway
Caspase-mediated cleavage of cytoskeletal proteins,0.0001923631816870251,pathway
Caspase activation via Death Receptors in the presence of ligand,0.0001923631816870251,pathway
Broad face,0.0001923631816870251,effect/phenotype
ARHGAP32,0.0001923631816870251,gene/protein
BARD1,0.0001923631816870251,gene/protein
IL12B,0.0001923631816870251,gene/protein
ALCAM,0.0001923631816870251,gene/protein
Long philtrum,0.0001923631816870251,effect/phenotype
MMP1,0.0001923631816870251,gene/protein
MT2A,0.0001923631816870251,gene/protein
electron transport chain,0.0001923631816870251,biological_process
CTSD,0.0001923631816870251,gene/protein
PSMA1,0.0001923631816870251,gene/protein
CD63,0.0001923631816870251,gene/protein
RAD23B,0.0001923631816870251,gene/protein
PSMB10,0.0001923631816870251,gene/protein
MLH1,0.0001923631816870251,gene/protein
CD55,0.0001923631816870251,gene/protein
regulation of protein stability,0.0001923631816870251,biological_process
ATXN3,0.0001923631816870251,gene/protein
ATN1,0.0001923631816870251,gene/protein
Vasopressin regulates renal water homeostasis via Aquaporins,0.0001923631816870251,pathway
CBY1,0.0001923631816870251,gene/protein
GSN,0.0001923631816870251,gene/protein
IkBA variant leads to EDA-ID,0.0001923631816870251,pathway
RIP-mediated NFkB activation via ZBP1,0.0001923631816870251,pathway
Regulated proteolysis of p75NTR,0.0001923631816870251,pathway
Congenital onset,0.0001923631816870251,effect/phenotype
ATP6AP1,0.0001923631816870251,gene/protein
COL8A1,0.0001923631816870251,gene/protein
IMPDH1,0.0001923631816870251,gene/protein
DHX9,0.0001923631816870251,gene/protein
GADD45A,0.0001923631816870251,gene/protein
GTF2H3,0.0001923631816870251,gene/protein
Apoptotic cleavage of cellular proteins,0.0001923631816870251,pathway
regulation of extrinsic apoptotic signaling pathway via death domain receptors,0.0001923631816870251,biological_process
SH2D3C,0.0001923631816870251,gene/protein
PCIF1,0.0001923631816870251,gene/protein
WDR5,0.0001923631816870251,gene/protein
YPEL1,0.0001923631816870251,gene/protein
PDE8A,0.0001923631816870251,gene/protein
PPP2CB,0.0001923631816870251,gene/protein
ATF4,0.0001923631816870251,gene/protein
GP1BB,0.0001923631816870251,gene/protein
ADRA2A,0.0001923631816870251,gene/protein
KLF9,0.0001923631816870251,gene/protein
PLCG2,0.0001923631816870251,gene/protein
NFKBIE,0.0001923631816870251,gene/protein
NR4A2,0.0001923631816870251,gene/protein
CLCN7,0.0001923631816870251,gene/protein
positive regulation of miRNA metabolic process,0.0001923631816870251,biological_process
"Adrenaline,noradrenaline inhibits insulin secretion",0.0001923631816870251,pathway
Flat occiput,0.0001923631816870251,effect/phenotype
Open bite,0.0001923631816870251,effect/phenotype
Thick eyebrow,0.0001923631816870251,effect/phenotype
Joint stiffness,0.0001923631816870251,effect/phenotype
PELI1,0.0001923631816870251,gene/protein
SEC13,0.0001923631816870251,gene/protein
YDJC,0.0001923631816870251,gene/protein
SPRY2,0.0001923631816870251,gene/protein
LRSAM1,0.0001923631816870251,gene/protein
CD2AP,0.0001923631816870251,gene/protein
PPIL2,0.0001923631816870251,gene/protein
SOCS4,0.0001923631816870251,gene/protein
STAP2,0.0001923631816870251,gene/protein
ORMDL3,0.0001923631816870251,gene/protein
FER,0.0001923631816870251,gene/protein
STT3A,0.0001923631816870251,gene/protein
UBE2B,0.0001923631816870251,gene/protein
UBE2Q1,0.0001923631816870251,gene/protein
DOK2,0.0001923631816870251,gene/protein
SLA,0.0001923631816870251,gene/protein
AIF1L,0.0001923631816870251,gene/protein
PTPRA,0.0001923631816870251,gene/protein
MTMR4,0.0001923631816870251,gene/protein
PIK3CB,0.0001923631816870251,gene/protein
CCDC116,0.0001923631816870251,gene/protein
WDTC1,0.0001923631816870251,gene/protein
HIPK3,0.0001923631816870251,gene/protein
FGR,0.0001923631816870251,gene/protein
APH1A,0.0001923631816870251,gene/protein
LAMTOR2,0.0001923631816870251,gene/protein
SH2D2A,0.0001923631816870251,gene/protein
Chronic otitis media,0.0001923631816870251,effect/phenotype
positive regulation of type I interferon production,0.0001923631816870251,biological_process
ROCK1,0.0001923631816870251,gene/protein
Testicular atrophy,0.0001923631816870251,effect/phenotype
FLT3 Signaling,0.0001923631816870251,pathway
Activation of BAD and translocation to mitochondria ,0.0001923631816870251,pathway
KRT40,0.0001923631816870251,gene/protein
NME1-NME2,0.0001923631816870251,gene/protein
MAGED1,0.0001923631816870251,gene/protein
FAM25C,0.0001923631816870251,gene/protein
FSTL1,0.0001923631816870251,gene/protein
NUP153,0.0001923631816870251,gene/protein
ZAP70,0.0001923631816870251,gene/protein
PRKAR2A,0.0001923631816870251,gene/protein
PIK3C2B,0.0001923631816870251,gene/protein
CHMP4B,0.0001923631816870251,gene/protein
GLIS2,0.0001923631816870251,gene/protein
Abnormality of the pinna,0.0001923631816870251,effect/phenotype
Malar flattening,0.0001923631816870251,effect/phenotype
Facial hypotonia,0.0001923631816870251,effect/phenotype
TRMT2A,0.0001923631816870251,gene/protein
TBL3,0.0001923631816870251,gene/protein
UBASH3B,0.0001923631816870251,gene/protein
GNG7,0.0001923631816870251,gene/protein
SRA1,0.0001923631816870251,gene/protein
LRIG1,0.0001923631816870251,gene/protein
FBXW8,0.0001923631816870251,gene/protein
GNG2,0.0001923631816870251,gene/protein
PRAME,0.0001923631816870251,gene/protein
SNX6,0.0001923631816870251,gene/protein
Disproportionate tall stature,0.0001923631816870251,effect/phenotype
TOPBP1,0.0001923631816870251,gene/protein
CD209 (DC-SIGN) signaling,0.0001923631816870251,pathway
Hypoplasia of dental enamel,0.0001923631816870251,effect/phenotype
Portal hypertension,0.0001923631816870251,effect/phenotype
ATP6V1H,0.0001923631816870251,gene/protein
UFD1,0.0001923631816870251,gene/protein
PXN,0.0001923631816870251,gene/protein
QRFP,0.0001923631816870251,gene/protein
SNAP29,0.0001923631816870251,gene/protein
NTHL1,0.0001923631816870251,gene/protein
RAB36,0.0001923631816870251,gene/protein
AKTIP,0.0001923631816870251,gene/protein
SLA2,0.0001923631816870251,gene/protein
RSPH14,0.0001923631816870251,gene/protein
Narrow chest,0.0001923631816870251,effect/phenotype
Microtia,0.0001923631816870251,effect/phenotype
Tetralogy of Fallot,0.0001923631816870251,effect/phenotype
TSSK3,0.0001923631816870251,gene/protein
ERG28,0.0001923631816870251,gene/protein
Increased circulating ferritin concentration,0.0001923631816870251,effect/phenotype
STX11,0.0001923631816870251,gene/protein
cellular response to peptide hormone stimulus,0.0001923631816870251,biological_process
MDC1,0.0001923631816870251,gene/protein
Platyspondyly,0.0001923631816870251,effect/phenotype
Midface retrusion,0.0001923631816870251,effect/phenotype
LAMP1,0.0001923631816870251,gene/protein
Elbow flexion contracture,0.0001923631816870251,effect/phenotype
Limited elbow extension,0.0001923631816870251,effect/phenotype
Short distal phalanx of finger,0.0001923631816870251,effect/phenotype
Microdontia,0.0001923631816870251,effect/phenotype
Dry skin,0.0001923631816870251,effect/phenotype
Femoral bowing,0.0001923631816870251,effect/phenotype
Hip contracture,0.0001923631816870251,effect/phenotype
Prominent nasal bridge,0.0001923631816870251,effect/phenotype
Sloping forehead,0.0001923631816870251,effect/phenotype
Single transverse palmar crease,0.0001923631816870251,effect/phenotype
Iron deficiency anemia,0.0001923631816870251,effect/phenotype
Liver abscess,0.0001923631816870251,effect/phenotype
Esophageal varix,0.0001923631816870251,effect/phenotype
Multifactorial inheritance,0.0001923631816870251,effect/phenotype
Micronodular cirrhosis,0.0001923631816870251,effect/phenotype
Myopathy,0.0001923631816870251,effect/phenotype
Decreased serum complement C3,0.0001923631816870251,immune_effect/phenotype
Abnormality of metabolism/homeostasis,0.0001923631816870251,effect/phenotype
Exocrine pancreatic insufficiency,0.0001923631816870251,effect/phenotype
Parkinsonism,0.0001923631816870251,effect/phenotype
Bone pain,0.0001923631816870251,effect/phenotype
Severe periodontitis,0.0001923631816870251,effect/phenotype
Renal cyst,0.0001923631816870251,effect/phenotype
Knee flexion contracture,0.0001923631816870251,effect/phenotype
Sporadic,0.0001923631816870251,effect/phenotype
Cleft palate,0.0001923631816870251,effect/phenotype
Small hand,0.0001923631816870251,effect/phenotype
Nasogastric tube feeding,0.0001923631816870251,effect/phenotype
Severely reduced visual acuity,0.0001923631816870251,effect/phenotype
Hyperbilirubinemia,0.0001923631816870251,effect/phenotype
Overweight,0.0001923631816870251,effect/phenotype
Bifid uvula,0.0001923631816870251,effect/phenotype
AP3M1,0.0001923631816870251,gene/protein
AP3M2,0.0001923631816870251,gene/protein
CARD9,0.0001923631816870251,gene/protein
spleen development,0.0001923631816870251,biological_process
UBE2V1,0.0001923631816870251,gene/protein
TLR3,0.0001923631816870251,gene/protein
HIP1,0.0001923631816870251,gene/protein
TNFRSF10A,0.0001923631816870251,gene/protein
EIF4A3,0.0001923631816870251,gene/protein
QRICH1,0.0001923631816870251,gene/protein
TLK1,0.0001923631816870251,gene/protein
TMEM230,0.0001923631816870251,gene/protein
PTPRD,0.0001923631816870251,gene/protein
MAFB,0.0001923631816870251,gene/protein
GPR50,0.0001923631816870251,gene/protein
UBR4,0.0001923631816870251,gene/protein
cell-matrix adhesion,0.0001923631816870251,biological_process
GIMAP5,0.0001923631816870251,gene/protein
Anorexia,0.0001923631816870251,effect/phenotype
Chorioretinal coloboma,0.0001923631816870251,effect/phenotype
Lymphadenopathy,0.0001923631816870251,immune_effect/phenotype
Hypoalbuminemia,0.0001923631816870251,effect/phenotype
Spastic tetraplegia,0.0001923631816870251,effect/phenotype
Decreased testicular size,0.0001923631816870251,effect/phenotype
Low anterior hairline,0.0001923631816870251,effect/phenotype
Abnormal cerebral vascular morphology,0.0001923631816870251,effect/phenotype
Narrow palpebral fissure,0.0001923631816870251,effect/phenotype
Hypopigmented skin patches,0.0001923631816870251,immune_effect/phenotype
Joint hypermobility,0.0001923631816870251,effect/phenotype
Widely spaced teeth,0.0001923631816870251,effect/phenotype
Delayed myelination,0.0001923631816870251,effect/phenotype
Hypercholesterolemia,0.0001923631816870251,effect/phenotype
Short foot,0.0001923631816870251,effect/phenotype
cellular response to glucocorticoid stimulus,0.0001923631816870251,biological_process
Salmonella osteomyelitis,0.0001923631816870251,effect/phenotype
Nyctalopia,0.0001923631816870251,effect/phenotype
Underdeveloped nasal alae,0.0001923631816870251,effect/phenotype
Biparietal narrowing,0.0001923631816870251,effect/phenotype
CCNL1,0.0001923631816870251,gene/protein
Recurrent gastroenteritis,0.0001923631816870251,effect/phenotype
Joint laxity,0.0001923631816870251,effect/phenotype
SNCA,0.0001923631816870251,gene/protein
Reduced visual acuity,0.0001923631816870251,effect/phenotype
Broad forehead,0.0001923631816870251,effect/phenotype
Blurred vision,0.0001923631816870251,effect/phenotype
PFDN5,0.0001923631816870251,gene/protein
response to cobalamin,0.0001923631816870251,biological_process
response to UV-B,0.0001923631816870251,biological_process
PCGF2,0.0001923631816870251,gene/protein
DCAF16,0.0001923631816870251,gene/protein
DLC1,0.0001923631816870251,gene/protein
positive regulation of receptor internalization,0.0001923631816870251,biological_process
TRIM2,0.0001923631816870251,gene/protein
Hypotelorism,0.0001923631816870251,effect/phenotype
Downslanted palpebral fissures,0.0001923631816870251,effect/phenotype
Thrombocytosis,0.0001923631816870251,effect/phenotype
positive regulation of ceramide biosynthetic process,0.0001923631816870251,biological_process
sequestering of triglyceride,0.0001923631816870251,biological_process
Short 4th metacarpal,0.0001923631816870251,effect/phenotype
CLEC10A,0.0001923631816870251,gene/protein
negative regulation of lipid storage,0.0001923631816870251,biological_process
negative regulation of amyloid-beta clearance,0.0001923631816870251,biological_process
CNNM3,0.0001923631816870251,gene/protein
canonical Wnt signaling pathway,0.0001923631816870251,biological_process
ARIH2,0.0001923631816870251,gene/protein
MUL1,0.0001923631816870251,gene/protein
DAZAP2,0.0001923631816870251,gene/protein
Foot osteomyelitis,0.0001923631816870251,effect/phenotype
Male hypogonadism,0.0001923631816870251,effect/phenotype
Thick upper lip vermilion,0.0001923631816870251,effect/phenotype
Oligodontia,0.0001923631816870251,effect/phenotype
Nasal speech,0.0001923631816870251,effect/phenotype
positive regulation of T cell receptor signaling pathway,9.618159084351255e-05,biological_process
MRTFA,9.618159084351255e-05,gene/protein
DUOX2,9.618159084351255e-05,gene/protein
REPS2,9.618159084351255e-05,gene/protein
PLA2G4C,9.618159084351255e-05,gene/protein
Cervical lymphadenopathy,9.618159084351255e-05,immune_effect/phenotype
Antinuclear antibody positivity,9.618159084351255e-05,immune_effect/phenotype
Complete or near-complete absence of specific antibody response to tetanus vaccine,9.618159084351255e-05,immune_effect/phenotype
Cutis laxa,9.618159084351255e-05,effect/phenotype
Erythroderma,9.618159084351255e-05,effect/phenotype
Increased circulating IgE level,9.618159084351255e-05,immune_effect/phenotype
Antimitochondrial antibody positivity,9.618159084351255e-05,immune_effect/phenotype
ISG15-protein conjugation,9.618159084351255e-05,biological_process
cellular response to peptidoglycan,9.618159084351255e-05,biological_process
cellular response to hepatocyte growth factor stimulus,9.618159084351255e-05,biological_process
protein K11-linked ubiquitination,9.618159084351255e-05,biological_process
The fatty acid cycling model,9.618159084351255e-05,pathway
UBOX5,9.618159084351255e-05,gene/protein
bone morphogenesis,9.618159084351255e-05,biological_process
non-canonical Wnt signaling pathway,9.618159084351255e-05,biological_process
RNF115,9.618159084351255e-05,gene/protein
Chronic oral candidiasis,9.618159084351255e-05,effect/phenotype
Carbuncle,9.618159084351255e-05,effect/phenotype
Unusual skin infection,9.618159084351255e-05,effect/phenotype
Brain abscess,9.618159084351255e-05,effect/phenotype
Slender toe,9.618159084351255e-05,effect/phenotype
Abnormal vena cava morphology,9.618159084351255e-05,effect/phenotype
Decreased HDL cholesterol concentration,9.618159084351255e-05,effect/phenotype
Opacification of the corneal stroma,9.618159084351255e-05,effect/phenotype
Adrenal hyperplasia,9.618159084351255e-05,effect/phenotype
Abnormality of exocrine pancreas physiology,9.618159084351255e-05,effect/phenotype
Antiphospholipid antibody positivity,9.618159084351255e-05,immune_effect/phenotype
Abnormal pulmonary Interstitial morphology,9.618159084351255e-05,effect/phenotype
Intracranial hemorrhage,9.618159084351255e-05,effect/phenotype
Abnormal caudate nucleus morphology,9.618159084351255e-05,effect/phenotype
Asplenia,9.618159084351255e-05,effect/phenotype
KRTAP5-8,9.618159084351255e-05,gene/protein
Abnormal lung morphology,9.618159084351255e-05,effect/phenotype
Parotitis,9.618159084351255e-05,effect/phenotype
Osteomyelitis leading to amputation due to slow healing fractures,9.618159084351255e-05,effect/phenotype
Mandibular osteomyelitis,9.618159084351255e-05,effect/phenotype
Paroxysmal drowsiness,9.618159084351255e-05,effect/phenotype
Narcolepsy,9.618159084351255e-05,effect/phenotype
Anterior pituitary dysgenesis,9.618159084351255e-05,effect/phenotype
Xerostomia,9.618159084351255e-05,effect/phenotype
Abnormal calcium-phosphate regulating hormone level,9.618159084351255e-05,effect/phenotype
Alopecia universalis,9.618159084351255e-05,effect/phenotype
Autoimmune antibody positivity,9.618159084351255e-05,immune_effect/phenotype
Decreased circulating aldosterone level,9.618159084351255e-05,effect/phenotype
Chronic active hepatitis,9.618159084351255e-05,effect/phenotype
Decreased circulating parathyroid hormone level,9.618159084351255e-05,effect/phenotype
Cholelithiasis,9.618159084351255e-05,effect/phenotype
Hypoparathyroidism,9.618159084351255e-05,effect/phenotype
Tricuspid regurgitation,9.618159084351255e-05,effect/phenotype
Tubulointerstitial nephritis,9.618159084351255e-05,effect/phenotype
Rheumatoid arthritis,9.618159084351255e-05,effect/phenotype
Keratoconjunctivitis sicca,9.618159084351255e-05,effect/phenotype
Adrenal insufficiency,9.618159084351255e-05,effect/phenotype
Nephrocalcinosis,9.618159084351255e-05,effect/phenotype
Primary adrenal insufficiency,9.618159084351255e-05,effect/phenotype
Graves disease,9.618159084351255e-05,effect/phenotype
Abnormality of the thyroid gland,9.618159084351255e-05,effect/phenotype
Nummular pigmentation of the fundus,9.618159084351255e-05,immune_effect/phenotype
Cortical cataract,9.618159084351255e-05,effect/phenotype
Abnormal light- and dark-adapted electroretinogram,9.618159084351255e-05,effect/phenotype
Fundus atrophy,9.618159084351255e-05,effect/phenotype
Progressive night blindness,9.618159084351255e-05,effect/phenotype
Aplasia/Hypoplasia of the spleen,9.618159084351255e-05,effect/phenotype
Non-caseating epithelioid cell granulomatosis,9.618159084351255e-05,effect/phenotype
Progressive visual loss,9.618159084351255e-05,effect/phenotype
Abnormality of retinal pigmentation,9.618159084351255e-05,immune_effect/phenotype
Abnormality of skin pigmentation,9.618159084351255e-05,immune_effect/phenotype
Chorioretinal atrophy,9.618159084351255e-05,effect/phenotype
Visual field defect,9.618159084351255e-05,effect/phenotype
Chorioretinal degeneration,9.618159084351255e-05,effect/phenotype
Peripheral visual field loss,9.618159084351255e-05,effect/phenotype
Bone spicule pigmentation of the retina,9.618159084351255e-05,immune_effect/phenotype
Color vision defect,9.618159084351255e-05,effect/phenotype
Macular atrophy,9.618159084351255e-05,effect/phenotype
Undetectable light- and dark-adapted electroretinogram,9.618159084351255e-05,effect/phenotype
Macular edema,9.618159084351255e-05,effect/phenotype
Epicanthus inversus,9.618159084351255e-05,effect/phenotype
Cupped ear,9.618159084351255e-05,effect/phenotype
Spastic diplegia,9.618159084351255e-05,effect/phenotype
Attenuation of retinal blood vessels,9.618159084351255e-05,effect/phenotype
Drusen,9.618159084351255e-05,effect/phenotype
Peripapillary chorioretinal atrophy,9.618159084351255e-05,effect/phenotype
Pseudobulbar paralysis,9.618159084351255e-05,effect/phenotype
Hyperactive patellar reflex,9.618159084351255e-05,effect/phenotype
Arnold-Chiari type I malformation,9.618159084351255e-05,effect/phenotype
Confetti-like hypopigmented macules,9.618159084351255e-05,immune_effect/phenotype
Bilateral cryptorchidism,9.618159084351255e-05,effect/phenotype
Ebstein anomaly of the tricuspid valve,9.618159084351255e-05,effect/phenotype
Immotile cilia,9.618159084351255e-05,effect/phenotype
Posterior subcapsular cataract,9.618159084351255e-05,effect/phenotype
Geographic atrophy,9.618159084351255e-05,effect/phenotype
Pallor,9.618159084351255e-05,effect/phenotype
Cystoid macular edema,9.618159084351255e-05,effect/phenotype
Posterior polar cataract,9.618159084351255e-05,effect/phenotype
Hyperautofluorescent retinal lesion,9.618159084351255e-05,effect/phenotype
Retinal pigment epithelial atrophy,9.618159084351255e-05,immune_effect/phenotype
Abnormality of fundus pigmentation,9.618159084351255e-05,immune_effect/phenotype
Decreased light- and dark-adapted electroretinogram amplitude,9.618159084351255e-05,effect/phenotype
Photoreceptor layer loss on macular OCT,9.618159084351255e-05,effect/phenotype
Photopsia,9.618159084351255e-05,effect/phenotype
Abnormal electroretinogram,9.618159084351255e-05,effect/phenotype
Macular coloboma,9.618159084351255e-05,effect/phenotype
Peripapillary atrophy,9.618159084351255e-05,effect/phenotype
Poor coordination,9.618159084351255e-05,effect/phenotype
Rod-cone dystrophy,9.618159084351255e-05,effect/phenotype
Undetectable electroretinogram,9.618159084351255e-05,effect/phenotype
Triangular face,9.618159084351255e-05,effect/phenotype
Stereotypy,9.618159084351255e-05,effect/phenotype
Central scotoma,9.618159084351255e-05,effect/phenotype
Cone/cone-rod dystrophy,9.618159084351255e-05,effect/phenotype
Retinal flecks,9.618159084351255e-05,effect/phenotype
Retinal detachment,9.618159084351255e-05,effect/phenotype
Hyperactivity,9.618159084351255e-05,effect/phenotype
Cortical dysplasia,9.618159084351255e-05,effect/phenotype
Cone dystrophy,9.618159084351255e-05,effect/phenotype
Profound hearing impairment,9.618159084351255e-05,effect/phenotype
Narrow face,9.618159084351255e-05,effect/phenotype
Growth abnormality,9.618159084351255e-05,effect/phenotype
Narrow palm,9.618159084351255e-05,effect/phenotype
Long fingers,9.618159084351255e-05,effect/phenotype
Long hallux,9.618159084351255e-05,effect/phenotype
Recurrent fractures,9.618159084351255e-05,effect/phenotype
Hyperextensibility of the finger joints,9.618159084351255e-05,effect/phenotype
Peripheral retinal atrophy,9.618159084351255e-05,effect/phenotype
Synostosis involving the 1st metacarpal,9.618159084351255e-05,effect/phenotype
Infantile constant exotropia,9.618159084351255e-05,effect/phenotype
Anterior pituitary hypoplasia,9.618159084351255e-05,effect/phenotype
Mixed astigmatism,9.618159084351255e-05,immune_effect/phenotype
Abnormally large globe,9.618159084351255e-05,effect/phenotype
Short nose,9.618159084351255e-05,effect/phenotype
Hypertonia,9.618159084351255e-05,effect/phenotype
Retinal arteriolar constriction,9.618159084351255e-05,effect/phenotype
Abnormal light-adapted flicker electroretinogram,9.618159084351255e-05,effect/phenotype
Intrahepatic bile duct dilatation,9.618159084351255e-05,effect/phenotype
Retinal thinning,9.618159084351255e-05,effect/phenotype
Postaxial polydactyly,9.618159084351255e-05,effect/phenotype
Tritanomaly,9.618159084351255e-05,effect/phenotype
Cystoid macular degeneration,9.618159084351255e-05,effect/phenotype
Red-green dyschromatopsia,9.618159084351255e-05,effect/phenotype
Posterior staphyloma,9.618159084351255e-05,effect/phenotype
Hypopigmentation of the fundus,9.618159084351255e-05,immune_effect/phenotype
Thoracic kyphosis,9.618159084351255e-05,effect/phenotype
Long toe,9.618159084351255e-05,effect/phenotype
Abnormal left ventricle morphology,9.618159084351255e-05,effect/phenotype
Patchy alopecia,9.618159084351255e-05,effect/phenotype
Generalized myoclonic seizure,9.618159084351255e-05,effect/phenotype
Generalized non-motor (absence) seizure,9.618159084351255e-05,effect/phenotype
High forehead,9.618159084351255e-05,effect/phenotype
Atonic seizure,9.618159084351255e-05,effect/phenotype
Polymicrogyria,9.618159084351255e-05,effect/phenotype
Mood swings,9.618159084351255e-05,effect/phenotype
Bulbous nose,9.618159084351255e-05,effect/phenotype
Simplified gyral pattern,9.618159084351255e-05,effect/phenotype
Abnormal position of hair whorl,9.618159084351255e-05,effect/phenotype
Dilation of lateral ventricles,9.618159084351255e-05,effect/phenotype
Abnormality of the Leydig cells,9.618159084351255e-05,effect/phenotype
Abnormal cardiac ventricular function,9.618159084351255e-05,effect/phenotype
Anal atresia,9.618159084351255e-05,effect/phenotype
Frontal balding,9.618159084351255e-05,effect/phenotype
Optic nerve hypoplasia,9.618159084351255e-05,effect/phenotype
Progressive spastic paraplegia,9.618159084351255e-05,effect/phenotype
Aggressive behavior,9.618159084351255e-05,effect/phenotype
Status epilepticus,9.618159084351255e-05,effect/phenotype
Low frustration tolerance,9.618159084351255e-05,effect/phenotype
Preauricular skin tag,9.618159084351255e-05,effect/phenotype
Enuresis,9.618159084351255e-05,effect/phenotype
Peripheral pulmonary artery stenosis,9.618159084351255e-05,effect/phenotype
Retractile testis,9.618159084351255e-05,effect/phenotype
Extrapyramidal muscular rigidity,9.618159084351255e-05,effect/phenotype
Weak voice,9.618159084351255e-05,effect/phenotype
Calcaneovalgus deformity,9.618159084351255e-05,effect/phenotype
Wide mouth,9.618159084351255e-05,effect/phenotype
Thick lower lip vermilion,9.618159084351255e-05,effect/phenotype
Restlessness,9.618159084351255e-05,effect/phenotype
Furrowed tongue,9.618159084351255e-05,effect/phenotype
Lower limb hypertonia,9.618159084351255e-05,effect/phenotype
Talipes calcaneovarus,9.618159084351255e-05,effect/phenotype
Urinary incontinence,9.618159084351255e-05,effect/phenotype
"Intellectual disability, progressive",9.618159084351255e-05,effect/phenotype
Diastema,9.618159084351255e-05,effect/phenotype
Plagiocephaly,9.618159084351255e-05,effect/phenotype
Hydrocele testis,9.618159084351255e-05,effect/phenotype
Shyness,9.618159084351255e-05,effect/phenotype
Long face,9.618159084351255e-05,effect/phenotype
Striae distensae,9.618159084351255e-05,effect/phenotype
Sandal gap,9.618159084351255e-05,effect/phenotype
Preauricular pit,9.618159084351255e-05,effect/phenotype
Mitral stenosis,9.618159084351255e-05,effect/phenotype
Double outlet right ventricle,9.618159084351255e-05,effect/phenotype
Absent Achilles reflex,9.618159084351255e-05,effect/phenotype
Holoprosencephaly,9.618159084351255e-05,effect/phenotype
Unilateral vocal cord paralysis,9.618159084351255e-05,effect/phenotype
Action tremor,9.618159084351255e-05,effect/phenotype
Bradykinesia,9.618159084351255e-05,effect/phenotype
Agraphesthesia,9.618159084351255e-05,effect/phenotype
Hypomimic face,9.618159084351255e-05,effect/phenotype
Joint contracture of the 5th finger,9.618159084351255e-05,effect/phenotype
Macroorchidism,9.618159084351255e-05,effect/phenotype
Hypoplastic pubic bone,9.618159084351255e-05,effect/phenotype
Talipes,9.618159084351255e-05,effect/phenotype
Minimal subcutaneous fat,9.618159084351255e-05,effect/phenotype
Alacrima,9.618159084351255e-05,effect/phenotype
Trigonocephaly,9.618159084351255e-05,effect/phenotype
Overlapping toe,9.618159084351255e-05,effect/phenotype
Small nail,9.618159084351255e-05,effect/phenotype
Round face,9.618159084351255e-05,effect/phenotype
Supernumerary nipple,9.618159084351255e-05,effect/phenotype
Hypoplasia of the maxilla,9.618159084351255e-05,effect/phenotype
Hepatic failure,9.618159084351255e-05,effect/phenotype
Metabolic acidosis,9.618159084351255e-05,effect/phenotype
Bilateral basal ganglia lesions,9.618159084351255e-05,effect/phenotype
Abnormal corpus callosum morphology,9.618159084351255e-05,effect/phenotype
Abnormality of the respiratory system,9.618159084351255e-05,effect/phenotype
Chronic atrophic gastritis,9.618159084351255e-05,effect/phenotype
Poor speech,9.618159084351255e-05,effect/phenotype
Sideroblastic anemia,9.618159084351255e-05,effect/phenotype
Fine hair,9.618159084351255e-05,effect/phenotype
Refractory anemia with ringed sideroblasts,9.618159084351255e-05,effect/phenotype
Abnormal erythrocyte morphology,9.618159084351255e-05,effect/phenotype
Elevated hepatic iron concentration,9.618159084351255e-05,effect/phenotype
Erythroid hyperplasia,9.618159084351255e-05,effect/phenotype
Pulmonary valve atresia,9.618159084351255e-05,effect/phenotype
Square face,9.618159084351255e-05,effect/phenotype
Aphasia,9.618159084351255e-05,effect/phenotype
Aplasia/Hypoplasia of the eyebrow,9.618159084351255e-05,effect/phenotype
Arterial stenosis,9.618159084351255e-05,effect/phenotype
Reduced number of teeth,9.618159084351255e-05,effect/phenotype
Abnormality of the metaphysis,9.618159084351255e-05,effect/phenotype
Laryngomalacia,9.618159084351255e-05,effect/phenotype
Alcoholism,9.618159084351255e-05,effect/phenotype
Abnormality of the optic nerve,9.618159084351255e-05,effect/phenotype
Permanent atrial fibrillation,9.618159084351255e-05,effect/phenotype
Cough,9.618159084351255e-05,effect/phenotype
Abnormal blistering of the skin,9.618159084351255e-05,effect/phenotype
Shock,9.618159084351255e-05,effect/phenotype
Acute infectious pneumonia,9.618159084351255e-05,effect/phenotype
Abnormality of the spleen,9.618159084351255e-05,effect/phenotype
Septic arthritis,9.618159084351255e-05,effect/phenotype
Blepharitis,9.618159084351255e-05,effect/phenotype
Abnormal eyelash morphology,9.618159084351255e-05,effect/phenotype
Anisocytosis,9.618159084351255e-05,effect/phenotype
Conjugated hyperbilirubinemia,9.618159084351255e-05,effect/phenotype
Hypochromia,9.618159084351255e-05,effect/phenotype
Psoriasiform dermatitis,9.618159084351255e-05,effect/phenotype
Myelodysplasia,9.618159084351255e-05,effect/phenotype
Abnormality of bone marrow cell morphology,9.618159084351255e-05,effect/phenotype
Chronic hepatic failure,9.618159084351255e-05,effect/phenotype
Hypoplastic ischia,9.618159084351255e-05,effect/phenotype
Severe short stature,9.618159084351255e-05,effect/phenotype
Dysharmonic delayed bone age,9.618159084351255e-05,effect/phenotype
Vascular dilatation,9.618159084351255e-05,effect/phenotype
Thin long bone diaphyses,9.618159084351255e-05,effect/phenotype
Flat sella turcica,9.618159084351255e-05,effect/phenotype
Ulnar deviation of finger,9.618159084351255e-05,effect/phenotype
Bird-like facies,9.618159084351255e-05,effect/phenotype
Abnormality of the skeletal system,9.618159084351255e-05,effect/phenotype
Delayed cranial suture closure,9.618159084351255e-05,effect/phenotype
Vomiting,9.618159084351255e-05,effect/phenotype
Abnormal globus pallidus morphology,9.618159084351255e-05,effect/phenotype
Cataplexy,9.618159084351255e-05,effect/phenotype
Abnormal rapid eye movement sleep,9.618159084351255e-05,effect/phenotype
Hypnagogic hallucinations,9.618159084351255e-05,effect/phenotype
Hypnopompic hallucinations,9.618159084351255e-05,effect/phenotype
Tympanosclerosis,9.618159084351255e-05,effect/phenotype
Abnormal putamen morphology,9.618159084351255e-05,effect/phenotype
Impulsivity,9.618159084351255e-05,effect/phenotype
Pineal cyst,9.618159084351255e-05,effect/phenotype
Mild global developmental delay,9.618159084351255e-05,effect/phenotype
Deviated nasal septum,9.618159084351255e-05,effect/phenotype
Perseveration,9.618159084351255e-05,effect/phenotype
Thick corpus callosum,9.618159084351255e-05,effect/phenotype
Open mouth,9.618159084351255e-05,effect/phenotype
Asymmetry of the ears,9.618159084351255e-05,effect/phenotype
Focal motor seizure,9.618159084351255e-05,effect/phenotype
positive regulation of apoptotic process by virus,9.618159084351255e-05,biological_process
RHPN2,9.618159084351255e-05,gene/protein
DYNLL2,9.618159084351255e-05,gene/protein
Gastrointestinal hemorrhage,9.618159084351255e-05,effect/phenotype
Neonatal cholestatic liver disease,9.618159084351255e-05,effect/phenotype
Congenital hepatic fibrosis,9.618159084351255e-05,effect/phenotype
Abnormal bleeding,9.618159084351255e-05,effect/phenotype
Erythema,9.618159084351255e-05,effect/phenotype
Cutaneous photosensitivity,9.618159084351255e-05,effect/phenotype
Telangiectasia,9.618159084351255e-05,effect/phenotype
Aplasia/Hypoplasia of the earlobes,9.618159084351255e-05,effect/phenotype
Hypoplasia of the capital femoral epiphysis,9.618159084351255e-05,effect/phenotype
Tracheal stenosis,9.618159084351255e-05,effect/phenotype
Abnormality of epiphysis morphology,9.618159084351255e-05,effect/phenotype
Abnormal bronchus physiology,9.618159084351255e-05,effect/phenotype
Wormian bones,9.618159084351255e-05,effect/phenotype
Wide nose,9.618159084351255e-05,effect/phenotype
Large beaked nose,9.618159084351255e-05,effect/phenotype
Slender build,9.618159084351255e-05,effect/phenotype
Narrow nasal bridge,9.618159084351255e-05,effect/phenotype
Fat malabsorption,9.618159084351255e-05,effect/phenotype
Inflammatory arteriopathy,9.618159084351255e-05,immune_effect/phenotype
Abnormal morphology of the cerebellar cortex,9.618159084351255e-05,effect/phenotype
Abnormal toenail morphology,9.618159084351255e-05,effect/phenotype
Adenoma sebaceum,9.618159084351255e-05,effect/phenotype
Nephrolithiasis,9.618159084351255e-05,effect/phenotype
Abnormal cortical gyration,9.618159084351255e-05,effect/phenotype
Impaired social interactions,9.618159084351255e-05,effect/phenotype
Absence of secondary sex characteristics,9.618159084351255e-05,effect/phenotype
Unilateral ptosis,9.618159084351255e-05,effect/phenotype
Dyskinesia,9.618159084351255e-05,effect/phenotype
Hydronephrosis,9.618159084351255e-05,effect/phenotype
apoptotic process involved in embryonic digit morphogenesis,9.618159084351255e-05,biological_process
thymocyte apoptotic process,9.618159084351255e-05,biological_process
positive regulation of release of cytochrome c from mitochondria,9.618159084351255e-05,biological_process
FEM1C,9.618159084351255e-05,gene/protein
DYNLRB1,9.618159084351255e-05,gene/protein
QDPR,9.618159084351255e-05,gene/protein
SERPINB5,9.618159084351255e-05,gene/protein
positive regulation of fibroblast apoptotic process,9.618159084351255e-05,biological_process
KLHL10,9.618159084351255e-05,gene/protein
ADAM32,9.618159084351255e-05,gene/protein
Hypoplasia of the femoral head,9.618159084351255e-05,effect/phenotype
Elevated erythrocyte sedimentation rate,9.618159084351255e-05,effect/phenotype
Pruritus,9.618159084351255e-05,effect/phenotype
Dislocation of the femoral head,9.618159084351255e-05,effect/phenotype
protein insertion into mitochondrial membrane involved in apoptotic signaling pathway,9.618159084351255e-05,biological_process
ANKLE2,9.618159084351255e-05,gene/protein
Sparse eyebrow,9.618159084351255e-05,effect/phenotype
Small earlobe,9.618159084351255e-05,effect/phenotype
Decreased serum testosterone level,9.618159084351255e-05,effect/phenotype
Basal ganglia necrosis,9.618159084351255e-05,effect/phenotype
Abnormal parotid gland morphology,9.618159084351255e-05,effect/phenotype
Premature coronary artery atherosclerosis,9.618159084351255e-05,effect/phenotype
Involuntary movements,9.618159084351255e-05,effect/phenotype
Increased LDL cholesterol concentration,9.618159084351255e-05,effect/phenotype
Increased head circumference,9.618159084351255e-05,effect/phenotype
Low hanging columella,9.618159084351255e-05,effect/phenotype
Lower extremity joint dislocation,9.618159084351255e-05,effect/phenotype
Obsessive-compulsive behavior,9.618159084351255e-05,effect/phenotype
Chronic constipation,9.618159084351255e-05,effect/phenotype
Poor suck,9.618159084351255e-05,effect/phenotype
positive regulation of autophagy in response to ER overload,9.618159084351255e-05,biological_process
Decreased specific pneumococcal antibody level,9.618159084351255e-05,immune_effect/phenotype
Rheumatoid factor positive,9.618159084351255e-05,immune_effect/phenotype
Increased proportion of transitional B cells,9.618159084351255e-05,immune_effect/phenotype
Increased circulating IgM level,9.618159084351255e-05,immune_effect/phenotype
Enlarged mesenteric lymph node,9.618159084351255e-05,immune_effect/phenotype
Encephalitis,9.618159084351255e-05,effect/phenotype
Herpes simplex encephalitis,9.618159084351255e-05,effect/phenotype
Recurrent viral infections,9.618159084351255e-05,effect/phenotype
Histiocytosis,9.618159084351255e-05,immune_effect/phenotype
P4HA3,9.618159084351255e-05,gene/protein
Decreased mean corpuscular volume,9.618159084351255e-05,effect/phenotype
Conductive hearing impairment,9.618159084351255e-05,effect/phenotype
Defective T cell proliferation,9.618159084351255e-05,immune_effect/phenotype
Increased circulating IgG level,9.618159084351255e-05,immune_effect/phenotype
Night sweats,9.618159084351255e-05,effect/phenotype
RUNX3 regulates BCL2L11 (BIM) transcription,9.618159084351255e-05,pathway
FOXO-mediated transcription of cell death genes,9.618159084351255e-05,pathway
meiosis I,9.618159084351255e-05,biological_process
Unicameral bone cyst,9.618159084351255e-05,effect/phenotype
Old-aged sensorineural hearing impairment,9.618159084351255e-05,effect/phenotype
Gingival bleeding,9.618159084351255e-05,effect/phenotype
Lipoatrophy,9.618159084351255e-05,effect/phenotype
Reduced catalase level,9.618159084351255e-05,effect/phenotype
anterograde synaptic vesicle transport,9.618159084351255e-05,biological_process
Golgi to vacuole transport,9.618159084351255e-05,biological_process
RNF13,9.618159084351255e-05,gene/protein
odontogenesis of dentin-containing tooth,9.618159084351255e-05,biological_process
CHD3,9.618159084351255e-05,gene/protein
NUCB1,9.618159084351255e-05,gene/protein
SNRPD3,9.618159084351255e-05,gene/protein
ATAD2,9.618159084351255e-05,gene/protein
Pancreatic hypoplasia,9.618159084351255e-05,effect/phenotype
Hepatocellular adenoma,9.618159084351255e-05,effect/phenotype
Flushing,9.618159084351255e-05,effect/phenotype
Abnormality of coagulation,9.618159084351255e-05,effect/phenotype
Severe generalized osteoporosis,9.618159084351255e-05,effect/phenotype
PEA15,9.618159084351255e-05,gene/protein
Abnormal cardiovascular system physiology,9.618159084351255e-05,effect/phenotype
Loss of subcutaneous adipose tissue from upper limbs,9.618159084351255e-05,effect/phenotype
Loss of truncal subcutaneous adipose tissue,9.618159084351255e-05,effect/phenotype
Sparse eyelashes,9.618159084351255e-05,effect/phenotype
NRAGE signals death through JNK,9.618159084351255e-05,pathway
regulation of developmental pigmentation,9.618159084351255e-05,biological_process
developmental pigmentation,9.618159084351255e-05,biological_process
tube formation,9.618159084351255e-05,biological_process
post-embryonic animal organ morphogenesis,9.618159084351255e-05,biological_process
Activation of BIM and translocation to mitochondria ,9.618159084351255e-05,pathway
Few cafe-au-lait spots,9.618159084351255e-05,effect/phenotype
Oral ulcer,9.618159084351255e-05,effect/phenotype
Agenesis of cerebellar vermis,9.618159084351255e-05,effect/phenotype
Bowed humerus,9.618159084351255e-05,effect/phenotype
Large for gestational age,9.618159084351255e-05,effect/phenotype
Tented upper lip vermilion,9.618159084351255e-05,effect/phenotype
Poor eye contact,9.618159084351255e-05,effect/phenotype
Dysplastic corpus callosum,9.618159084351255e-05,effect/phenotype
Right ventricular hypertrophy,9.618159084351255e-05,effect/phenotype
Left ventricular noncompaction,9.618159084351255e-05,effect/phenotype
Persistent head lag,9.618159084351255e-05,effect/phenotype
Poor head control,9.618159084351255e-05,effect/phenotype
Secondary microcephaly,9.618159084351255e-05,effect/phenotype
Nephropathy,9.618159084351255e-05,effect/phenotype
Neonatal hypoglycemia,9.618159084351255e-05,effect/phenotype
Abnormal oral glucose tolerance,9.618159084351255e-05,effect/phenotype
Chronic hepatitis,9.618159084351255e-05,effect/phenotype
Absent knee epiphyses,9.618159084351255e-05,effect/phenotype
Menometrorrhagia,9.618159084351255e-05,effect/phenotype
Hematuria,9.618159084351255e-05,effect/phenotype
Neoplasm of the larynx,9.618159084351255e-05,effect/phenotype
Gingivitis,9.618159084351255e-05,effect/phenotype
Lymphocytosis,9.618159084351255e-05,immune_effect/phenotype
Generalized hyperpigmentation,9.618159084351255e-05,immune_effect/phenotype
Panniculitis,9.618159084351255e-05,effect/phenotype
Astrocytoma,9.618159084351255e-05,effect/phenotype
Hepatic encephalopathy,9.618159084351255e-05,effect/phenotype
Metabolic alkalosis,9.618159084351255e-05,effect/phenotype
Gangrene,9.618159084351255e-05,effect/phenotype
Premature loss of permanent teeth,9.618159084351255e-05,effect/phenotype
Feeding difficulties in infancy,9.618159084351255e-05,effect/phenotype
Decreased response to growth hormone stimuation test,9.618159084351255e-05,effect/phenotype
Dyspnea,9.618159084351255e-05,effect/phenotype
Epigastric pain,9.618159084351255e-05,immune_effect/phenotype
Subacute progressive viral hepatitis,9.618159084351255e-05,effect/phenotype
Somatic mutation,9.618159084351255e-05,effect/phenotype
Hepatocellular carcinoma,9.618159084351255e-05,effect/phenotype
Hemobilia,9.618159084351255e-05,effect/phenotype
Arthralgia,9.618159084351255e-05,effect/phenotype
Angina pectoris,9.618159084351255e-05,effect/phenotype
Type IV atherosclerotic lesion,9.618159084351255e-05,effect/phenotype
Progressive loss of facial adipose tissue,9.618159084351255e-05,effect/phenotype
Microscopic hematuria,9.618159084351255e-05,effect/phenotype
Abnormality of complement system,9.618159084351255e-05,immune_effect/phenotype
Calf muscle pseudohypertrophy,9.618159084351255e-05,effect/phenotype
Pedal edema,9.618159084351255e-05,effect/phenotype
Abnormality of the coagulation cascade,9.618159084351255e-05,effect/phenotype
Tetany,9.618159084351255e-05,effect/phenotype
Skeletal muscle hypertrophy,9.618159084351255e-05,effect/phenotype
Internal hemorrhage,9.618159084351255e-05,effect/phenotype
Short middle phalanx of finger,9.618159084351255e-05,effect/phenotype
Encephalopathy,9.618159084351255e-05,effect/phenotype
Increased serum bile acid concentration,9.618159084351255e-05,effect/phenotype
Vertical supranuclear gaze palsy,9.618159084351255e-05,effect/phenotype
Biliary tract abnormality,9.618159084351255e-05,effect/phenotype
Cholestasis,9.618159084351255e-05,effect/phenotype
Hyperthyroidism,9.618159084351255e-05,effect/phenotype
Keratoconjunctivitis,9.618159084351255e-05,effect/phenotype
Beta-cell dysfunction,9.618159084351255e-05,effect/phenotype
Hypocholesterolemia,9.618159084351255e-05,effect/phenotype
Hyponatremia,9.618159084351255e-05,effect/phenotype
Hepatic necrosis,9.618159084351255e-05,effect/phenotype
Mood changes,9.618159084351255e-05,effect/phenotype
Hypoglycemia,9.618159084351255e-05,effect/phenotype
Drooling,9.618159084351255e-05,effect/phenotype
Left ventricular noncompaction cardiomyopathy,9.618159084351255e-05,effect/phenotype
Submucous cleft soft palate,9.618159084351255e-05,effect/phenotype
Oval face,9.618159084351255e-05,effect/phenotype
Prominent occiput,9.618159084351255e-05,effect/phenotype
Constitutional symptom,9.618159084351255e-05,effect/phenotype
Ascites,9.618159084351255e-05,effect/phenotype
Short metacarpal,9.618159084351255e-05,effect/phenotype
Stillbirth,9.618159084351255e-05,effect/phenotype
11 pairs of ribs,9.618159084351255e-05,effect/phenotype
Small anterior fontanelle,9.618159084351255e-05,effect/phenotype
Poor appetite,9.618159084351255e-05,effect/phenotype
Abnormality of the hepatic vasculature,9.618159084351255e-05,effect/phenotype
Abnormal rectum morphology,9.618159084351255e-05,effect/phenotype
Abnormality of the liver,9.618159084351255e-05,effect/phenotype
Abdominal distention,9.618159084351255e-05,effect/phenotype
Iris hypopigmentation,9.618159084351255e-05,immune_effect/phenotype
Prolonged partial thromboplastin time,9.618159084351255e-05,effect/phenotype
Cleft vertebral arch,9.618159084351255e-05,effect/phenotype
Pachygyria,9.618159084351255e-05,effect/phenotype
Azoospermia,9.618159084351255e-05,effect/phenotype
Restricted large joint movement,9.618159084351255e-05,effect/phenotype
Death in childhood,9.618159084351255e-05,effect/phenotype
Coronal craniosynostosis,9.618159084351255e-05,effect/phenotype
Patchy hypo- and hyperpigmentation,9.618159084351255e-05,immune_effect/phenotype
Neonatal hyperbilirubinemia,9.618159084351255e-05,effect/phenotype
Lumbar hypertrichosis,9.618159084351255e-05,effect/phenotype
Clubbing of toes,9.618159084351255e-05,effect/phenotype
Recurrent cutaneous abscess formation,9.618159084351255e-05,effect/phenotype
Preaxial hand polydactyly,9.618159084351255e-05,effect/phenotype
Hallux valgus,9.618159084351255e-05,effect/phenotype
Macrogyria,9.618159084351255e-05,effect/phenotype
Short humerus,9.618159084351255e-05,effect/phenotype
Enlarged metaphyses,9.618159084351255e-05,effect/phenotype
Giant cell hepatitis,9.618159084351255e-05,immune_effect/phenotype
Acholic stools,9.618159084351255e-05,effect/phenotype
Hypolipidemia,9.618159084351255e-05,effect/phenotype
Elbow dislocation,9.618159084351255e-05,effect/phenotype
Ivory epiphyses,9.618159084351255e-05,effect/phenotype
Dilatation of the cerebral artery,9.618159084351255e-05,effect/phenotype
Pseudoepiphyses of the metacarpals,9.618159084351255e-05,effect/phenotype
Straight clavicles,9.618159084351255e-05,effect/phenotype
Hypoplastic ilia,9.618159084351255e-05,effect/phenotype
Slender long bone,9.618159084351255e-05,effect/phenotype
Large sella turcica,9.618159084351255e-05,effect/phenotype
Band keratopathy,9.618159084351255e-05,effect/phenotype
Cone-shaped epiphysis,9.618159084351255e-05,effect/phenotype
Bilateral single transverse palmar creases,9.618159084351255e-05,effect/phenotype
Hyperkeratosis,9.618159084351255e-05,effect/phenotype
Limb undergrowth,9.618159084351255e-05,effect/phenotype
Hypoplastic scapulae,9.618159084351255e-05,effect/phenotype
Narrow pelvis bone,9.618159084351255e-05,effect/phenotype
Areas of hypopigmentation and hyperpigmentation that do not follow Blaschko lines,9.618159084351255e-05,immune_effect/phenotype
Intrahepatic cholestasis,9.618159084351255e-05,effect/phenotype
Elevated alkaline phosphatase,9.618159084351255e-05,effect/phenotype
Low levels of vitamin D,9.618159084351255e-05,effect/phenotype
Portal fibrosis,9.618159084351255e-05,effect/phenotype
Increased total iron binding capacity,9.618159084351255e-05,effect/phenotype
Long clavicles,9.618159084351255e-05,effect/phenotype
Micromelia,9.618159084351255e-05,effect/phenotype
Hypoplasia of the frontal lobes,9.618159084351255e-05,effect/phenotype
Sparse and thin eyebrow,9.618159084351255e-05,effect/phenotype
Disproportionate short stature,9.618159084351255e-05,effect/phenotype
Short femur,9.618159084351255e-05,effect/phenotype
Sparse scalp hair,9.618159084351255e-05,effect/phenotype
Hip dislocation,9.618159084351255e-05,effect/phenotype
Broad nasal tip,9.618159084351255e-05,effect/phenotype
X-linked dominant inheritance,9.618159084351255e-05,immune_effect/phenotype
Hostility,9.618159084351255e-05,effect/phenotype
Localized periodontitis,9.618159084351255e-05,effect/phenotype
Recurrent cystitis,9.618159084351255e-05,effect/phenotype
Recurrent pyelonephritis,9.618159084351255e-05,effect/phenotype
Generalized periodontitis,9.618159084351255e-05,effect/phenotype
Abnormal insulin level,9.618159084351255e-05,effect/phenotype
NPTN,9.618159084351255e-05,gene/protein
CRLS1,9.618159084351255e-05,gene/protein
GBA,9.618159084351255e-05,gene/protein
MRPL55,9.618159084351255e-05,gene/protein
RPIA,9.618159084351255e-05,gene/protein
NFX1,9.618159084351255e-05,gene/protein
ITGA4,9.618159084351255e-05,gene/protein
TICAM2,9.618159084351255e-05,gene/protein
C21orf62-AS1,9.618159084351255e-05,gene/protein
Tibial bowing,9.618159084351255e-05,effect/phenotype
Abnormality of female external genitalia,9.618159084351255e-05,effect/phenotype
Moyamoya phenomenon,9.618159084351255e-05,effect/phenotype
Short 1st metacarpal,9.618159084351255e-05,effect/phenotype
Thin clavicles,9.618159084351255e-05,effect/phenotype
High pitched voice,9.618159084351255e-05,effect/phenotype
Shoulder flexion contracture,9.618159084351255e-05,effect/phenotype
PHKG2,9.618159084351255e-05,gene/protein
MRPL40,9.618159084351255e-05,gene/protein
PRKAG2,9.618159084351255e-05,gene/protein
PRKD2,9.618159084351255e-05,gene/protein
TAF5,9.618159084351255e-05,gene/protein
Gray matter heterotopia,9.618159084351255e-05,effect/phenotype
CCNY,9.618159084351255e-05,gene/protein
CEP290,9.618159084351255e-05,gene/protein
SMU1,9.618159084351255e-05,gene/protein
AAAS,9.618159084351255e-05,gene/protein
WDR37,9.618159084351255e-05,gene/protein
WIPI1,9.618159084351255e-05,gene/protein
YTHDC1,9.618159084351255e-05,gene/protein
ZFYVE9,9.618159084351255e-05,gene/protein
Long palm,9.618159084351255e-05,effect/phenotype
Nail dysplasia,9.618159084351255e-05,effect/phenotype
AKAP5,9.618159084351255e-05,gene/protein
Radial bowing,9.618159084351255e-05,effect/phenotype
Ulnar bowing,9.618159084351255e-05,effect/phenotype
Hypoplastic iliac wing,9.618159084351255e-05,effect/phenotype
Flared metaphysis,9.618159084351255e-05,effect/phenotype
Proximal femoral epiphysiolysis,9.618159084351255e-05,effect/phenotype
WDR27,9.618159084351255e-05,gene/protein
WDR75,9.618159084351255e-05,gene/protein
IREB2,9.618159084351255e-05,gene/protein
PPP2R5E,9.618159084351255e-05,gene/protein
TSSK6,9.618159084351255e-05,gene/protein
SLK,9.618159084351255e-05,gene/protein
IL5,9.618159084351255e-05,gene/protein
PREB,9.618159084351255e-05,gene/protein
DHH,9.618159084351255e-05,gene/protein
PIAS4,9.618159084351255e-05,gene/protein
SEPTIN5,9.618159084351255e-05,gene/protein
RPL13A,9.618159084351255e-05,gene/protein
ITFG2,9.618159084351255e-05,gene/protein
UBE2G2,9.618159084351255e-05,gene/protein
WDR12,9.618159084351255e-05,gene/protein
C1orf159,9.618159084351255e-05,gene/protein
PLCB1,9.618159084351255e-05,gene/protein
STRADA,9.618159084351255e-05,gene/protein
THAP7,9.618159084351255e-05,gene/protein
IL27RA,9.618159084351255e-05,gene/protein
PPME1,9.618159084351255e-05,gene/protein
TBXA2R,9.618159084351255e-05,gene/protein
ATG16L2,9.618159084351255e-05,gene/protein
FGF9,9.618159084351255e-05,gene/protein
GNB1L,9.618159084351255e-05,gene/protein
ERBIN,9.618159084351255e-05,gene/protein
UTRN,9.618159084351255e-05,gene/protein
TXK,9.618159084351255e-05,gene/protein
HCFC1R1,9.618159084351255e-05,gene/protein
TESK1,9.618159084351255e-05,gene/protein
RNF167,9.618159084351255e-05,gene/protein
CDK13,9.618159084351255e-05,gene/protein
H2BC7,9.618159084351255e-05,gene/protein
MAP4K2,9.618159084351255e-05,gene/protein
PRL,9.618159084351255e-05,gene/protein
PRPF19,9.618159084351255e-05,gene/protein
DCAF10,9.618159084351255e-05,gene/protein
OXSR1,9.618159084351255e-05,gene/protein
FIBP,9.618159084351255e-05,gene/protein
SERBP1,9.618159084351255e-05,gene/protein
CPLX2,9.618159084351255e-05,gene/protein
ZFYVE28,9.618159084351255e-05,gene/protein
FGF17,9.618159084351255e-05,gene/protein
WDFY4,9.618159084351255e-05,gene/protein
SNORA78,9.618159084351255e-05,gene/protein
WDSUB1,9.618159084351255e-05,gene/protein
LY6E,9.618159084351255e-05,gene/protein
WDR45,9.618159084351255e-05,gene/protein
DYRK4,9.618159084351255e-05,gene/protein
SRSF10,9.618159084351255e-05,gene/protein
RHOU,9.618159084351255e-05,gene/protein
EEF1E1,9.618159084351255e-05,gene/protein
RFC4,9.618159084351255e-05,gene/protein
MEF2A,9.618159084351255e-05,gene/protein
HERC1,9.618159084351255e-05,gene/protein
TNFRSF19,9.618159084351255e-05,gene/protein
DENR,9.618159084351255e-05,gene/protein
SLC12A2,9.618159084351255e-05,gene/protein
WSB1,9.618159084351255e-05,gene/protein
NRDC,9.618159084351255e-05,gene/protein
CCNYL1,9.618159084351255e-05,gene/protein
GEMIN5,9.618159084351255e-05,gene/protein
GRIN2D,9.618159084351255e-05,gene/protein
STK38L,9.618159084351255e-05,gene/protein
AURKC,9.618159084351255e-05,gene/protein
ROCK2,9.618159084351255e-05,gene/protein
RPS19,9.618159084351255e-05,gene/protein
IFRD2,9.618159084351255e-05,gene/protein
WASF2,9.618159084351255e-05,gene/protein
CCDC163,9.618159084351255e-05,gene/protein
TRAF5,9.618159084351255e-05,gene/protein
PARD3,9.618159084351255e-05,gene/protein
IL6R,9.618159084351255e-05,gene/protein
CDC42BPG,9.618159084351255e-05,gene/protein
PES1,9.618159084351255e-05,gene/protein
DSTYK,9.618159084351255e-05,gene/protein
PTPRC,9.618159084351255e-05,gene/protein
PPP2R2A,9.618159084351255e-05,gene/protein
PPFIA1,9.618159084351255e-05,gene/protein
FEM1A,9.618159084351255e-05,gene/protein
PRORP,9.618159084351255e-05,gene/protein
GGCX,9.618159084351255e-05,gene/protein
WFDC3,9.618159084351255e-05,gene/protein
CCDC124,9.618159084351255e-05,gene/protein
PLK4,9.618159084351255e-05,gene/protein
MAF,9.618159084351255e-05,gene/protein
THRAP3,9.618159084351255e-05,gene/protein
CILK1,9.618159084351255e-05,gene/protein
STK10,9.618159084351255e-05,gene/protein
TMEM115,9.618159084351255e-05,gene/protein
BRWD1,9.618159084351255e-05,gene/protein
PLAA,9.618159084351255e-05,gene/protein
RNU11-5P,9.618159084351255e-05,gene/protein
CTDSP2,9.618159084351255e-05,gene/protein
PANK4,9.618159084351255e-05,gene/protein
SEC31B,9.618159084351255e-05,gene/protein
ACAD8,9.618159084351255e-05,gene/protein
ST3GAL2,9.618159084351255e-05,gene/protein
TTBK2,9.618159084351255e-05,gene/protein
STK31,9.618159084351255e-05,gene/protein
DPH7,9.618159084351255e-05,gene/protein
APPL2,9.618159084351255e-05,gene/protein
CTNNBL1,9.618159084351255e-05,gene/protein
ACAD9,9.618159084351255e-05,gene/protein
Ankle flexion contracture,9.618159084351255e-05,immune_effect/phenotype
Progressive spasticity,9.618159084351255e-05,effect/phenotype
Everted lower lip vermilion,9.618159084351255e-05,effect/phenotype
Gastrostomy tube feeding in infancy,9.618159084351255e-05,effect/phenotype
Oral cleft,9.618159084351255e-05,effect/phenotype
Cleft upper lip,9.618159084351255e-05,effect/phenotype
skeletal muscle contraction,9.618159084351255e-05,biological_process
ATP6V0C,9.618159084351255e-05,gene/protein
SH2D7,9.618159084351255e-05,gene/protein
PAFAH2,9.618159084351255e-05,gene/protein
PTPRE,9.618159084351255e-05,gene/protein
PAK4,9.618159084351255e-05,gene/protein
PUF60,9.618159084351255e-05,gene/protein
DGCR8,9.618159084351255e-05,gene/protein
CFAP251,9.618159084351255e-05,gene/protein
WDR6,9.618159084351255e-05,gene/protein
CORO6,9.618159084351255e-05,gene/protein
SP100,9.618159084351255e-05,gene/protein
TEP1,9.618159084351255e-05,gene/protein
NEK9,9.618159084351255e-05,gene/protein
WDR77,9.618159084351255e-05,gene/protein
SNORD35A,9.618159084351255e-05,gene/protein
TRAPPC3,9.618159084351255e-05,gene/protein
IL3,9.618159084351255e-05,gene/protein
WDR5B,9.618159084351255e-05,gene/protein
PRKACB,9.618159084351255e-05,gene/protein
PWP2,9.618159084351255e-05,gene/protein
LAS1L,9.618159084351255e-05,gene/protein
ETS2,9.618159084351255e-05,gene/protein
NBEAL2,9.618159084351255e-05,gene/protein
FOXH1,9.618159084351255e-05,gene/protein
DENND3,9.618159084351255e-05,gene/protein
STK39,9.618159084351255e-05,gene/protein
DCAF12,9.618159084351255e-05,gene/protein
LIF,9.618159084351255e-05,gene/protein
BRWD3,9.618159084351255e-05,gene/protein
TLX1,9.618159084351255e-05,gene/protein
DYNC2I2,9.618159084351255e-05,gene/protein
GRK7,9.618159084351255e-05,gene/protein
NR2F1,9.618159084351255e-05,gene/protein
WDFY1,9.618159084351255e-05,gene/protein
LUC7L2,9.618159084351255e-05,gene/protein
GRIN1,9.618159084351255e-05,gene/protein
PPP2R2B,9.618159084351255e-05,gene/protein
WDR7,9.618159084351255e-05,gene/protein
PLCB2,9.618159084351255e-05,gene/protein
SNHG12,9.618159084351255e-05,gene/protein
SH3BP2,9.618159084351255e-05,gene/protein
STT3B,9.618159084351255e-05,gene/protein
FAM171A1,9.618159084351255e-05,gene/protein
WT1,9.618159084351255e-05,gene/protein
UBE2J1,9.618159084351255e-05,gene/protein
GMFB,9.618159084351255e-05,gene/protein
NKIRAS1,9.618159084351255e-05,gene/protein
SAP18,9.618159084351255e-05,gene/protein
HIPK1,9.618159084351255e-05,gene/protein
CFAP57,9.618159084351255e-05,gene/protein
BMP2K,9.618159084351255e-05,gene/protein
NCKIPSD,9.618159084351255e-05,gene/protein
PLEC,9.618159084351255e-05,gene/protein
NAA38,9.618159084351255e-05,gene/protein
HUNK,9.618159084351255e-05,gene/protein
WDR54,9.618159084351255e-05,gene/protein
TTC32,9.618159084351255e-05,gene/protein
STK17A,9.618159084351255e-05,gene/protein
HHAT,9.618159084351255e-05,gene/protein
FZD1,9.618159084351255e-05,gene/protein
COQ4,9.618159084351255e-05,gene/protein
RNASEL,9.618159084351255e-05,gene/protein
MADCAM1,9.618159084351255e-05,gene/protein
CAPRIN2,9.618159084351255e-05,gene/protein
WBP4,9.618159084351255e-05,gene/protein
TAOK2,9.618159084351255e-05,gene/protein
RGS10,9.618159084351255e-05,gene/protein
PPP1R10,9.618159084351255e-05,gene/protein
LRP6,9.618159084351255e-05,gene/protein
TCERG1,9.618159084351255e-05,gene/protein
LRRFIP2,9.618159084351255e-05,gene/protein
SEH1L,9.618159084351255e-05,gene/protein
CORO1C,9.618159084351255e-05,gene/protein
GRAP,9.618159084351255e-05,gene/protein
EIPR1,9.618159084351255e-05,gene/protein
MAML3,9.618159084351255e-05,gene/protein
WDR70,9.618159084351255e-05,gene/protein
NEFM,9.618159084351255e-05,gene/protein
SNORD32A,9.618159084351255e-05,gene/protein
MBIP,9.618159084351255e-05,gene/protein
STYXL1,9.618159084351255e-05,gene/protein
PCNA-AS1,9.618159084351255e-05,gene/protein
regulation of cardiac muscle cell action potential involved in regulation of contraction,9.618159084351255e-05,biological_process
organelle localization by membrane tethering,9.618159084351255e-05,biological_process
HYAL2,9.618159084351255e-05,gene/protein
PCSK7,9.618159084351255e-05,gene/protein
WDR36,9.618159084351255e-05,gene/protein
GSPT1,9.618159084351255e-05,gene/protein
WNT4,9.618159084351255e-05,gene/protein
RAE1,9.618159084351255e-05,gene/protein
WAC,9.618159084351255e-05,gene/protein
TTBK1,9.618159084351255e-05,gene/protein
CCNQP1,9.618159084351255e-05,gene/protein
CCNL2,9.618159084351255e-05,gene/protein
ARL6IP4,9.618159084351255e-05,gene/protein
TAMALIN,9.618159084351255e-05,gene/protein
VARS1,9.618159084351255e-05,gene/protein
NR2C1,9.618159084351255e-05,gene/protein
TBL1XR1,9.618159084351255e-05,gene/protein
TFG,9.618159084351255e-05,gene/protein
RNU12-2P,9.618159084351255e-05,gene/protein
CCNQ,9.618159084351255e-05,gene/protein
RRAGC,9.618159084351255e-05,gene/protein
regulation of eIF2 alpha phosphorylation by heme,9.618159084351255e-05,biological_process
skeletal muscle cell differentiation,9.618159084351255e-05,biological_process
CCNE2,9.618159084351255e-05,gene/protein
TRAT1,9.618159084351255e-05,gene/protein
Decreased proportion of CD3-positive T cells,9.618159084351255e-05,immune_effect/phenotype
autophagosome membrane docking,9.618159084351255e-05,biological_process
regulation of transcription from RNA polymerase II promoter in response to arsenic-containing substance,9.618159084351255e-05,biological_process
positive regulation of TRAIL-activated apoptotic signaling pathway,9.618159084351255e-05,biological_process
FAM174C,9.618159084351255e-05,gene/protein
VPS33A,9.618159084351255e-05,gene/protein
RPS6KC1,9.618159084351255e-05,gene/protein
CDC42EP3,9.618159084351255e-05,gene/protein
MAD2L1BP,9.618159084351255e-05,gene/protein
CDK16,9.618159084351255e-05,gene/protein
INTS9,9.618159084351255e-05,gene/protein
LINC00476,9.618159084351255e-05,gene/protein
CDK11A,9.618159084351255e-05,gene/protein
SSTR2,9.618159084351255e-05,gene/protein
WWC1,9.618159084351255e-05,gene/protein
POC1A,9.618159084351255e-05,gene/protein
PRKAB1,9.618159084351255e-05,gene/protein
UBE2J2,9.618159084351255e-05,gene/protein
WDR41,9.618159084351255e-05,gene/protein
PHIP,9.618159084351255e-05,gene/protein
DDAH2,9.618159084351255e-05,gene/protein
SMC1A,9.618159084351255e-05,gene/protein
SNORD42B,9.618159084351255e-05,gene/protein
CDC42SE2,9.618159084351255e-05,gene/protein
NEK1,9.618159084351255e-05,gene/protein
WDR13,9.618159084351255e-05,gene/protein
NEURL1,9.618159084351255e-05,gene/protein
UBE2Q2,9.618159084351255e-05,gene/protein
ITGB5,9.618159084351255e-05,gene/protein
ZNHIT6,9.618159084351255e-05,gene/protein
PRPF40B,9.618159084351255e-05,gene/protein
TMEM79,9.618159084351255e-05,gene/protein
STK35,9.618159084351255e-05,gene/protein
PLRG1,9.618159084351255e-05,gene/protein
KPNA4,9.618159084351255e-05,gene/protein
LMTK2,9.618159084351255e-05,gene/protein
GALM,9.618159084351255e-05,gene/protein
TOLLIP,9.618159084351255e-05,gene/protein
EIF2AK1,9.618159084351255e-05,gene/protein
NEK5,9.618159084351255e-05,gene/protein
NEK4,9.618159084351255e-05,gene/protein
ZNF280B,9.618159084351255e-05,gene/protein
H2AC7,9.618159084351255e-05,gene/protein
GCNT4,9.618159084351255e-05,gene/protein
UBE2E3,9.618159084351255e-05,gene/protein
DCAF5,9.618159084351255e-05,gene/protein
UBE2Z,9.618159084351255e-05,gene/protein
MED15,9.618159084351255e-05,gene/protein
WDR53,9.618159084351255e-05,gene/protein
RPS11,9.618159084351255e-05,gene/protein
DYNC2I1,9.618159084351255e-05,gene/protein
RAB14,9.618159084351255e-05,gene/protein
TCEAL3,9.618159084351255e-05,gene/protein
PI4K2B,9.618159084351255e-05,gene/protein
UBE2D3,9.618159084351255e-05,gene/protein
Abnormality of the helix,9.618159084351255e-05,effect/phenotype
Generalized abnormality of skin,9.618159084351255e-05,effect/phenotype
Dental malocclusion,9.618159084351255e-05,effect/phenotype
USP6NL,9.618159084351255e-05,gene/protein
GRWD1,9.618159084351255e-05,gene/protein
Facial asymmetry,9.618159084351255e-05,effect/phenotype
CDC7,9.618159084351255e-05,gene/protein
MINK1,9.618159084351255e-05,gene/protein
NEK10,9.618159084351255e-05,gene/protein
THOC3,9.618159084351255e-05,gene/protein
FAM78A,9.618159084351255e-05,gene/protein
QTRT1,9.618159084351255e-05,gene/protein
PKD1,9.618159084351255e-05,gene/protein
CLK4,9.618159084351255e-05,gene/protein
UBE2R2,9.618159084351255e-05,gene/protein
WDR82,9.618159084351255e-05,gene/protein
WDR18,9.618159084351255e-05,gene/protein
SIRPA,9.618159084351255e-05,gene/protein
MATK,9.618159084351255e-05,gene/protein
Narrow palate,9.618159084351255e-05,effect/phenotype
Thoracolumbar kyphosis,9.618159084351255e-05,effect/phenotype
Delusions,9.618159084351255e-05,effect/phenotype
Narrow mouth,9.618159084351255e-05,effect/phenotype
Abnormal cardiac septum morphology,9.618159084351255e-05,effect/phenotype
Microretrognathia,9.618159084351255e-05,effect/phenotype
RAP2A,9.618159084351255e-05,gene/protein
PITRM1,9.618159084351255e-05,gene/protein
NPHP1,9.618159084351255e-05,gene/protein
SPRY4,9.618159084351255e-05,gene/protein
IL22RA2,9.618159084351255e-05,gene/protein
H2AC16,9.618159084351255e-05,gene/protein
Hallucinations,9.618159084351255e-05,effect/phenotype
Synostosis of joints,9.618159084351255e-05,effect/phenotype
Bowing of the long bones,9.618159084351255e-05,effect/phenotype
Avascular necrosis,9.618159084351255e-05,effect/phenotype
Drowsiness,9.618159084351255e-05,effect/phenotype
Craniofacial hyperostosis,9.618159084351255e-05,effect/phenotype
Highly arched eyebrow,9.618159084351255e-05,effect/phenotype
Facial shape deformation,9.618159084351255e-05,effect/phenotype
Asthenia,9.618159084351255e-05,effect/phenotype
Osteolysis,9.618159084351255e-05,effect/phenotype
Cranial hyperostosis,9.618159084351255e-05,effect/phenotype
MTSS1,9.618159084351255e-05,gene/protein
WDR55,9.618159084351255e-05,gene/protein
GAS6,9.618159084351255e-05,gene/protein
PRKX,9.618159084351255e-05,gene/protein
COPS3,9.618159084351255e-05,gene/protein
Abnormality of the sphenoid sinus,9.618159084351255e-05,effect/phenotype
Communicating hydrocephalus,9.618159084351255e-05,effect/phenotype
Aortic regurgitation,9.618159084351255e-05,effect/phenotype
Loss of speech,9.618159084351255e-05,effect/phenotype
Corneal opacity,9.618159084351255e-05,effect/phenotype
WDR59,9.618159084351255e-05,gene/protein
STXBP4,9.618159084351255e-05,gene/protein
RSU1,9.618159084351255e-05,gene/protein
H4C5,9.618159084351255e-05,gene/protein
MMACHC,9.618159084351255e-05,gene/protein
DUSP10,9.618159084351255e-05,gene/protein
Tapered finger,9.618159084351255e-05,effect/phenotype
Protruding ear,9.618159084351255e-05,effect/phenotype
Spondyloepiphyseal dysplasia,9.618159084351255e-05,effect/phenotype
Progressive microcephaly,9.618159084351255e-05,effect/phenotype
Skeletal dysplasia,9.618159084351255e-05,effect/phenotype
Dolichocephaly,9.618159084351255e-05,effect/phenotype
Gastroesophageal reflux,9.618159084351255e-05,effect/phenotype
Smooth philtrum,9.618159084351255e-05,effect/phenotype
Cortical thickening of long bone diaphyses,9.618159084351255e-05,effect/phenotype
Dysostosis multiplex,9.618159084351255e-05,effect/phenotype
Spinocerebellar tract disease in lower limbs,9.618159084351255e-05,effect/phenotype
Mitral regurgitation,9.618159084351255e-05,effect/phenotype
Thickened ribs,9.618159084351255e-05,effect/phenotype
Soft skin,9.618159084351255e-05,effect/phenotype
Spastic paraplegia,9.618159084351255e-05,effect/phenotype
Short attention span,9.618159084351255e-05,effect/phenotype
Infantile axial hypotonia,9.618159084351255e-05,effect/phenotype
Hypoplastic inferior ilia,9.618159084351255e-05,effect/phenotype
Bilateral coxa valga,9.618159084351255e-05,effect/phenotype
Subcortical cerebral atrophy,9.618159084351255e-05,effect/phenotype
Flat face,9.618159084351255e-05,effect/phenotype
"Ambiguous genitalia, female",9.618159084351255e-05,effect/phenotype
"Macroorchidism, postpubertal",9.618159084351255e-05,effect/phenotype
mammary gland epithelial cell differentiation,9.618159084351255e-05,biological_process
MLST8,9.618159084351255e-05,gene/protein
NGFR,9.618159084351255e-05,gene/protein
SMG5,9.618159084351255e-05,gene/protein
PAK1IP1,9.618159084351255e-05,gene/protein
PIP5K1A,9.618159084351255e-05,gene/protein
Small fontanelle,9.618159084351255e-05,effect/phenotype
Apneic episodes in infancy,9.618159084351255e-05,effect/phenotype
Thickened helices,9.618159084351255e-05,effect/phenotype
PSKH1,9.618159084351255e-05,gene/protein
Arnold-Chiari malformation,9.618159084351255e-05,effect/phenotype
TNS1,9.618159084351255e-05,gene/protein
CABLES2,9.618159084351255e-05,gene/protein
ARPC1B,9.618159084351255e-05,gene/protein
NGDN,9.618159084351255e-05,gene/protein
ZNF76,9.618159084351255e-05,gene/protein
CEBPG,9.618159084351255e-05,gene/protein
SNX16,9.618159084351255e-05,gene/protein
ITFG1,9.618159084351255e-05,gene/protein
NUBPL,9.618159084351255e-05,gene/protein
Depressed nasal ridge,9.618159084351255e-05,effect/phenotype
Vacuolated lymphocytes,9.618159084351255e-05,immune_effect/phenotype
Increased vertebral height,9.618159084351255e-05,effect/phenotype
Visual loss,9.618159084351255e-05,effect/phenotype
Large forehead,9.618159084351255e-05,effect/phenotype
Misalignment of teeth,9.618159084351255e-05,effect/phenotype
Clinodactyly of the 2nd toe,9.618159084351255e-05,effect/phenotype
Shortening of all distal phalanges of the fingers,9.618159084351255e-05,effect/phenotype
Moderate sensorineural hearing impairment,9.618159084351255e-05,effect/phenotype
Mixed hearing impairment,9.618159084351255e-05,effect/phenotype
Gingival overgrowth,9.618159084351255e-05,effect/phenotype
Enlarged polycystic ovaries,9.618159084351255e-05,effect/phenotype
Maternal virilization in pregnancy,9.618159084351255e-05,effect/phenotype
Eunuchoid habitus,9.618159084351255e-05,effect/phenotype
Female pseudohermaphroditism,9.618159084351255e-05,effect/phenotype
Delayed epiphyseal ossification,9.618159084351255e-05,effect/phenotype
positive regulation of protein kinase C activity,9.618159084351255e-05,biological_process
ER-nucleus signaling pathway,9.618159084351255e-05,biological_process
TUBA1C,9.618159084351255e-05,gene/protein
regulation of cardiac muscle cell membrane potential,9.618159084351255e-05,biological_process
cardiac muscle hypertrophy in response to stress,9.618159084351255e-05,biological_process
calcium ion import into sarcoplasmic reticulum,9.618159084351255e-05,biological_process
autophagosome assembly,9.618159084351255e-05,biological_process
regulation of calcium ion-dependent exocytosis of neurotransmitter,9.618159084351255e-05,biological_process
relaxation of cardiac muscle,9.618159084351255e-05,biological_process
AP1G2,9.618159084351255e-05,gene/protein
Gait imbalance,9.618159084351255e-05,effect/phenotype
Mild neurosensory hearing impairment,9.618159084351255e-05,effect/phenotype
Widened subarachnoid space,9.618159084351255e-05,effect/phenotype
Hypoplasia of the musculature,9.618159084351255e-05,effect/phenotype
Developmental cataract,9.618159084351255e-05,effect/phenotype
Large fontanelles,9.618159084351255e-05,effect/phenotype
Thick nasal alae,9.618159084351255e-05,effect/phenotype
2-3 toe syndactyly,9.618159084351255e-05,effect/phenotype
Meckel diverticulum,9.618159084351255e-05,effect/phenotype
Long palpebral fissure,9.618159084351255e-05,effect/phenotype
Equinovarus deformity,9.618159084351255e-05,effect/phenotype
"Intellectual disability, profound",9.618159084351255e-05,effect/phenotype
Abnormality of chromosome segregation,9.618159084351255e-05,effect/phenotype
Hernia of the abdominal wall,9.618159084351255e-05,effect/phenotype
Hypoplastic nasal bridge,9.618159084351255e-05,effect/phenotype
Abnormal rib cage morphology,9.618159084351255e-05,effect/phenotype
Toe syndactyly,9.618159084351255e-05,effect/phenotype
Congenital hip dislocation,9.618159084351255e-05,effect/phenotype
Prominent coccyx,9.618159084351255e-05,effect/phenotype
Regional abnormality of skin,9.618159084351255e-05,effect/phenotype
Spotty hypopigmentation,9.618159084351255e-05,immune_effect/phenotype
Abnormal hair whorl,9.618159084351255e-05,effect/phenotype
Broad hallux,9.618159084351255e-05,effect/phenotype
Hypointensity of cerebral white matter on MRI,9.618159084351255e-05,effect/phenotype
Almond-shaped palpebral fissure,9.618159084351255e-05,effect/phenotype
Rocker bottom foot,9.618159084351255e-05,effect/phenotype
Triphalangeal thumb,9.618159084351255e-05,effect/phenotype
Shawl scrotum,9.618159084351255e-05,effect/phenotype
Nasolacrimal duct obstruction,9.618159084351255e-05,effect/phenotype
Thickened ears,9.618159084351255e-05,effect/phenotype
Sparse hair,9.618159084351255e-05,effect/phenotype
Caesarian section,9.618159084351255e-05,effect/phenotype
SV2A,9.618159084351255e-05,gene/protein
Prominent protruding coccyx,9.618159084351255e-05,effect/phenotype
Depressed nasal tip,9.618159084351255e-05,effect/phenotype
Talipes cavus equinovarus,9.618159084351255e-05,effect/phenotype
Sleep-wake cycle disturbance,9.618159084351255e-05,effect/phenotype
Short digit,9.618159084351255e-05,effect/phenotype
Camptodactyly of finger,9.618159084351255e-05,effect/phenotype
Sparse body hair,9.618159084351255e-05,effect/phenotype
Non-midline cleft lip,9.618159084351255e-05,effect/phenotype
Broad columella,9.618159084351255e-05,effect/phenotype
Contractures of the large joints,9.618159084351255e-05,effect/phenotype
Severe muscular hypotonia,9.618159084351255e-05,effect/phenotype
Abnormality of dental morphology,9.618159084351255e-05,effect/phenotype
Incomprehensible speech,9.618159084351255e-05,effect/phenotype
Abnormal hair pattern,9.618159084351255e-05,effect/phenotype
Down-sloping shoulders,9.618159084351255e-05,effect/phenotype
FNBP4,9.618159084351255e-05,gene/protein
STK16,9.618159084351255e-05,gene/protein
P2RX6,9.618159084351255e-05,gene/protein
CCR10,9.618159084351255e-05,gene/protein
Short palm,9.618159084351255e-05,effect/phenotype
Sacral dimple,9.618159084351255e-05,effect/phenotype
Eczema,9.618159084351255e-05,effect/phenotype
Abnormality of earlobe,9.618159084351255e-05,effect/phenotype
Broad chin,9.618159084351255e-05,effect/phenotype
Toenail dysplasia,9.618159084351255e-05,effect/phenotype
Abnormality of the septum pellucidum,9.618159084351255e-05,effect/phenotype
Oral-pharyngeal dysphagia,9.618159084351255e-05,effect/phenotype
Tetraparesis,9.618159084351255e-05,effect/phenotype
TUBGCP5,9.618159084351255e-05,gene/protein
ELP1,9.618159084351255e-05,gene/protein
FBXW9,9.618159084351255e-05,gene/protein
CDK20,9.618159084351255e-05,gene/protein
CDK19,9.618159084351255e-05,gene/protein
NUDCD1,9.618159084351255e-05,gene/protein
XYLT1,9.618159084351255e-05,gene/protein
HOMER1,9.618159084351255e-05,gene/protein
Decreased muscle mass,9.618159084351255e-05,effect/phenotype
Severe postnatal growth retardation,9.618159084351255e-05,effect/phenotype
EEG abnormality,9.618159084351255e-05,effect/phenotype
Developmental regression,9.618159084351255e-05,effect/phenotype
Periorbital fullness,9.618159084351255e-05,effect/phenotype
Self-injurious behavior,9.618159084351255e-05,effect/phenotype
Abnormality of the basal ganglia,9.618159084351255e-05,effect/phenotype
High-frequency hearing impairment,9.618159084351255e-05,effect/phenotype
Dandy-Walker malformation,9.618159084351255e-05,effect/phenotype
Increased serum lactate,9.618159084351255e-05,effect/phenotype
OSM,9.618159084351255e-05,gene/protein
PAXBP1,9.618159084351255e-05,gene/protein
PCSK4,9.618159084351255e-05,gene/protein
PPP4R3B,9.618159084351255e-05,gene/protein
TXNRD2,9.618159084351255e-05,gene/protein
SCYL3,9.618159084351255e-05,gene/protein
SETD2,9.618159084351255e-05,gene/protein
TRIM33,9.618159084351255e-05,gene/protein
CORO7,9.618159084351255e-05,gene/protein
EML4,9.618159084351255e-05,gene/protein
WDR89,9.618159084351255e-05,gene/protein
SNHG9,9.618159084351255e-05,gene/protein
MCPH1,9.618159084351255e-05,gene/protein
UBE2S,9.618159084351255e-05,gene/protein
KATNB1,9.618159084351255e-05,gene/protein
WEE1,9.618159084351255e-05,gene/protein
DGCR2,9.618159084351255e-05,gene/protein
PALMD,9.618159084351255e-05,gene/protein
positive regulation of endoplasmic reticulum calcium ion concentration,9.618159084351255e-05,biological_process
VTI1B,9.618159084351255e-05,gene/protein
TMCO1,9.618159084351255e-05,gene/protein
IL22,9.618159084351255e-05,gene/protein
H1-4,9.618159084351255e-05,gene/protein
STON2,9.618159084351255e-05,gene/protein
WDR31,9.618159084351255e-05,gene/protein
H4C13,9.618159084351255e-05,gene/protein
PHF19,9.618159084351255e-05,gene/protein
SHE,9.618159084351255e-05,gene/protein
ARID4B,9.618159084351255e-05,gene/protein
MAST2,9.618159084351255e-05,gene/protein
TAOK3,9.618159084351255e-05,gene/protein
DYRK2,9.618159084351255e-05,gene/protein
SH2D4B,9.618159084351255e-05,gene/protein
WDR48,9.618159084351255e-05,gene/protein
ULK4,9.618159084351255e-05,gene/protein
STK38,9.618159084351255e-05,gene/protein
PPP1R9B,9.618159084351255e-05,gene/protein
LRRC29,9.618159084351255e-05,gene/protein
SLC38A7,9.618159084351255e-05,gene/protein
BOD1,9.618159084351255e-05,gene/protein
positive regulation of transcription from RNA polymerase II promoter in response to endoplasmic reticulum stress,9.618159084351255e-05,biological_process
GZF1,9.618159084351255e-05,gene/protein
ATF4 activates genes in response to endoplasmic reticulum  stress,9.618159084351255e-05,pathway
RBM15B,9.618159084351255e-05,gene/protein
Response of EIF2AK4 (GCN2) to amino acid deficiency,9.618159084351255e-05,pathway
Response of EIF2AK1 (HRI) to heme deficiency,9.618159084351255e-05,pathway
sarcoplasmic reticulum calcium ion transport,9.618159084351255e-05,biological_process
TRIM14,9.618159084351255e-05,gene/protein
TMEM161A,9.618159084351255e-05,gene/protein
VRK3,9.618159084351255e-05,gene/protein
RPL12,9.618159084351255e-05,gene/protein
WRAP73,9.618159084351255e-05,gene/protein
GAK,9.618159084351255e-05,gene/protein
PRKACG,9.618159084351255e-05,gene/protein
PPP1R1B,9.618159084351255e-05,gene/protein
UBE2W,9.618159084351255e-05,gene/protein
WDR1,9.618159084351255e-05,gene/protein
PRAG1,9.618159084351255e-05,gene/protein
HUS1,9.618159084351255e-05,gene/protein
GRK4,9.618159084351255e-05,gene/protein
hypothalamus development,9.618159084351255e-05,biological_process
AP1M2,9.618159084351255e-05,gene/protein
PPP1R2,9.618159084351255e-05,gene/protein
WDR47,9.618159084351255e-05,gene/protein
TAOK1,9.618159084351255e-05,gene/protein
CDKL3,9.618159084351255e-05,gene/protein
FLT1,9.618159084351255e-05,gene/protein
KIFAP3,9.618159084351255e-05,gene/protein
PPP2R5B,9.618159084351255e-05,gene/protein
PWP1,9.618159084351255e-05,gene/protein
CHCHD4,9.618159084351255e-05,gene/protein
CDK5R1,9.618159084351255e-05,gene/protein
EVL,9.618159084351255e-05,gene/protein
MAPKBP1,9.618159084351255e-05,gene/protein
GDF11,9.618159084351255e-05,gene/protein
SIT1,9.618159084351255e-05,gene/protein
PHF13,9.618159084351255e-05,gene/protein
RFX1,9.618159084351255e-05,gene/protein
UBE2U,9.618159084351255e-05,gene/protein
ULK2,9.618159084351255e-05,gene/protein
UBE2G1,9.618159084351255e-05,gene/protein
MARK3,9.618159084351255e-05,gene/protein
RFWD3,9.618159084351255e-05,gene/protein
MRPL24,9.618159084351255e-05,gene/protein
SNRK,9.618159084351255e-05,gene/protein
FRAT1,9.618159084351255e-05,gene/protein
WDR90,9.618159084351255e-05,gene/protein
BUB3,9.618159084351255e-05,gene/protein
FBXL19-AS1,9.618159084351255e-05,gene/protein
USP5,9.618159084351255e-05,gene/protein
LSM3,9.618159084351255e-05,gene/protein
TANGO2,9.618159084351255e-05,gene/protein
DCAF4,9.618159084351255e-05,gene/protein
H2AC11,9.618159084351255e-05,gene/protein
POLDIP3,9.618159084351255e-05,gene/protein
NEDD9,9.618159084351255e-05,gene/protein
PPP2R5D,9.618159084351255e-05,gene/protein
CIT,9.618159084351255e-05,gene/protein
PDE4D,9.618159084351255e-05,gene/protein
RAP1B,9.618159084351255e-05,gene/protein
SH3BP5,9.618159084351255e-05,gene/protein
WDR24,9.618159084351255e-05,gene/protein
WDR35,9.618159084351255e-05,gene/protein
regulation of extracellular matrix disassembly,9.618159084351255e-05,biological_process
positive regulation of cellular component movement,9.618159084351255e-05,biological_process
RHOQ,9.618159084351255e-05,gene/protein
WDR61,9.618159084351255e-05,gene/protein
ZZZ3,9.618159084351255e-05,gene/protein
BRSK1,9.618159084351255e-05,gene/protein
STK25,9.618159084351255e-05,gene/protein
SAV1,9.618159084351255e-05,gene/protein
NKD1,9.618159084351255e-05,gene/protein
MAST3,9.618159084351255e-05,gene/protein
AHNAK,9.618159084351255e-05,gene/protein
EXOC7,9.618159084351255e-05,gene/protein
EGFR interacts with phospholipase C-gamma,9.618159084351255e-05,pathway
PI3K events in ERBB2 signaling,9.618159084351255e-05,pathway
GRB2 events in ERBB2 signaling,9.618159084351255e-05,pathway
FLT4,9.618159084351255e-05,gene/protein
SNORD33,9.618159084351255e-05,gene/protein
DNAAF10,9.618159084351255e-05,gene/protein
Cytokine storm,9.618159084351255e-05,immune_effect/phenotype
cell motility,9.618159084351255e-05,biological_process
NUP43,9.618159084351255e-05,gene/protein
IL26,9.618159084351255e-05,gene/protein
TULP4,9.618159084351255e-05,gene/protein
RPL13AP5,9.618159084351255e-05,gene/protein
response to laminar fluid shear stress,9.618159084351255e-05,biological_process
PRPF40A,9.618159084351255e-05,gene/protein
PNKD,9.618159084351255e-05,gene/protein
ITGA2,9.618159084351255e-05,gene/protein
PPP2R5C,9.618159084351255e-05,gene/protein
DCAF8,9.618159084351255e-05,gene/protein
MAP3K4,9.618159084351255e-05,gene/protein
SUPT5H,9.618159084351255e-05,gene/protein
ESYT2,9.618159084351255e-05,gene/protein
SLN,9.618159084351255e-05,gene/protein
SLC33A1,9.618159084351255e-05,gene/protein
SLC43A3,9.618159084351255e-05,gene/protein
ZNF292,9.618159084351255e-05,gene/protein
EIF2B1,9.618159084351255e-05,gene/protein
ID3,9.618159084351255e-05,gene/protein
FBXO33,9.618159084351255e-05,gene/protein
HPS5,9.618159084351255e-05,gene/protein
GNPTG,9.618159084351255e-05,gene/protein
diterpenoid metabolic process,9.618159084351255e-05,biological_process
ERBB2 Regulates Cell Motility,9.618159084351255e-05,pathway
positive regulation of prolactin secretion,9.618159084351255e-05,biological_process
LMO2,9.618159084351255e-05,gene/protein
APH1B,9.618159084351255e-05,gene/protein
FBXW2,9.618159084351255e-05,gene/protein
CYB5D1,9.618159084351255e-05,gene/protein
SFRP2,9.618159084351255e-05,gene/protein
TGFB3,9.618159084351255e-05,gene/protein
estrous cycle,9.618159084351255e-05,biological_process
PML body organization,9.618159084351255e-05,biological_process
CNTNAP1,9.618159084351255e-05,gene/protein
SLC25A11,9.618159084351255e-05,gene/protein
CD200,9.618159084351255e-05,gene/protein
IL1A,9.618159084351255e-05,gene/protein
MEFV,9.618159084351255e-05,gene/protein
proteolysis involved in cellular protein catabolic process,9.618159084351255e-05,biological_process
GFI1,9.618159084351255e-05,gene/protein
positive regulation of leukocyte adhesion to arterial endothelial cell,9.618159084351255e-05,biological_process
EGFR downregulation,9.618159084351255e-05,pathway
Signaling by ERBB2 KD Mutants,9.618159084351255e-05,pathway
Signaling by ERBB2 ECD mutants,9.618159084351255e-05,pathway
SEC22B,9.618159084351255e-05,gene/protein
MBOAT1,9.618159084351255e-05,gene/protein
OCIAD1,9.618159084351255e-05,gene/protein
DHCR24,9.618159084351255e-05,gene/protein
mitochondrion-endoplasmic reticulum membrane tethering,9.618159084351255e-05,biological_process
transition between fast and slow fiber,9.618159084351255e-05,biological_process
SHC1 events in ERBB2 signaling,9.618159084351255e-05,pathway
PLCG1 events in ERBB2 signaling,9.618159084351255e-05,pathway
GRB2 events in EGFR signaling,9.618159084351255e-05,pathway
FRK,9.618159084351255e-05,gene/protein
NFIC,9.618159084351255e-05,gene/protein
CXCL2,9.618159084351255e-05,gene/protein
DUT,9.618159084351255e-05,gene/protein
DDX1,9.618159084351255e-05,gene/protein
APBA2,9.618159084351255e-05,gene/protein
DNAH6,9.618159084351255e-05,gene/protein
Apoptosis induced DNA fragmentation,9.618159084351255e-05,pathway
GRIPAP1,9.618159084351255e-05,gene/protein
BIRC7,9.618159084351255e-05,gene/protein
Signaling by Hippo,9.618159084351255e-05,pathway
regulation of innate immune response,9.618159084351255e-05,biological_process
"Activation, myristolyation of BID and translocation to mitochondria",9.618159084351255e-05,pathway
natural killer cell activation,9.618159084351255e-05,biological_process
modulation by virus of host cellular process,9.618159084351255e-05,biological_process
syncytiotrophoblast cell differentiation involved in labyrinthine layer development,9.618159084351255e-05,biological_process
self proteolysis,9.618159084351255e-05,biological_process
OLFM1,9.618159084351255e-05,gene/protein
EGFR Transactivation by Gastrin,9.618159084351255e-05,pathway
Signal transduction by L1,9.618159084351255e-05,pathway
Signaling by EGFR,9.618159084351255e-05,pathway
ELF4,9.618159084351255e-05,gene/protein
ENO2,9.618159084351255e-05,gene/protein
SEPTIN1,9.618159084351255e-05,gene/protein
HLA-DRB3,9.618159084351255e-05,gene/protein
FBL,9.618159084351255e-05,gene/protein
COL13A1,9.618159084351255e-05,gene/protein
GTF2F2,9.618159084351255e-05,gene/protein
pyroptosis,9.618159084351255e-05,biological_process
MTCP1,9.618159084351255e-05,gene/protein
DAO,9.618159084351255e-05,gene/protein
AGA,9.618159084351255e-05,gene/protein
FOXA3,9.618159084351255e-05,gene/protein
MX1,9.618159084351255e-05,gene/protein
CXCL3,9.618159084351255e-05,gene/protein
ISL1,9.618159084351255e-05,gene/protein
PGR,9.618159084351255e-05,gene/protein
hydrogen peroxide metabolic process,9.618159084351255e-05,biological_process
negative regulation of ERBB signaling pathway,9.618159084351255e-05,biological_process
Cargo recognition for clathrin-mediated endocytosis,9.618159084351255e-05,pathway
ATP5PB,9.618159084351255e-05,gene/protein
GOLT1B,9.618159084351255e-05,gene/protein
YIPF5,9.618159084351255e-05,gene/protein
TRIM13,9.618159084351255e-05,gene/protein
NOC4L,9.618159084351255e-05,gene/protein
ZBTB40,9.618159084351255e-05,gene/protein
positive regulation of bone resorption,9.618159084351255e-05,biological_process
TFAP2 (AP-2) family regulates transcription of growth factors and their receptors,9.618159084351255e-05,pathway
NOTCH3 Activation and Transmission of Signal to the Nucleus,9.618159084351255e-05,pathway
COL1A2,9.618159084351255e-05,gene/protein
CLDN4,9.618159084351255e-05,gene/protein
SEMA3F,9.618159084351255e-05,gene/protein
PSMB2,9.618159084351255e-05,gene/protein
HSD17B10,9.618159084351255e-05,gene/protein
CHD1,9.618159084351255e-05,gene/protein
PRMT2,9.618159084351255e-05,gene/protein
BRS3,9.618159084351255e-05,gene/protein
FNTB,9.618159084351255e-05,gene/protein
FANCE,9.618159084351255e-05,gene/protein
VWA5A,9.618159084351255e-05,gene/protein
ZFAND5,9.618159084351255e-05,gene/protein
DLD,9.618159084351255e-05,gene/protein
PSMB7,9.618159084351255e-05,gene/protein
UBE3C,9.618159084351255e-05,gene/protein
ARR3,9.618159084351255e-05,gene/protein
GAB1 signalosome,9.618159084351255e-05,pathway
SHC1 events in EGFR signaling,9.618159084351255e-05,pathway
Signaling by ERBB2 TMD/JMD mutants,9.618159084351255e-05,pathway
Inhibition of Signaling by Overexpressed EGFR,9.618159084351255e-05,pathway
Constitutive Signaling by EGFRvIII,9.618159084351255e-05,pathway
Signaling by ERBB2,9.618159084351255e-05,pathway
Constitutive Signaling by Ligand-Responsive EGFR Cancer Variants,9.618159084351255e-05,pathway
Signaling by ERBB4,9.618159084351255e-05,pathway
ZNF280A,9.618159084351255e-05,gene/protein
TSR3,9.618159084351255e-05,gene/protein
DHX35,9.618159084351255e-05,gene/protein
RCBTB1,9.618159084351255e-05,gene/protein
CACUL1,9.618159084351255e-05,gene/protein
TRAPPC2L,9.618159084351255e-05,gene/protein
CREB5,9.618159084351255e-05,gene/protein
AZGP1,9.618159084351255e-05,gene/protein
APEH,9.618159084351255e-05,gene/protein
GPR35,9.618159084351255e-05,gene/protein
SLC16A2,9.618159084351255e-05,gene/protein
ECH1,9.618159084351255e-05,gene/protein
FGFR2,9.618159084351255e-05,gene/protein
KCNK5,9.618159084351255e-05,gene/protein
TNFSF14,9.618159084351255e-05,gene/protein
regulation of necroptotic process,9.618159084351255e-05,biological_process
TRIF-mediated programmed cell death,9.618159084351255e-05,pathway
NOD1/2 Signaling Pathway,9.618159084351255e-05,pathway
DCC,9.618159084351255e-05,gene/protein
IFT57,9.618159084351255e-05,gene/protein
MMP14,9.618159084351255e-05,gene/protein
MMP10,9.618159084351255e-05,gene/protein
ZNF148,9.618159084351255e-05,gene/protein
PSMB4,9.618159084351255e-05,gene/protein
PIP4P1,9.618159084351255e-05,gene/protein
ZNF212,9.618159084351255e-05,gene/protein
ATG3,9.618159084351255e-05,gene/protein
CNR2,9.618159084351255e-05,gene/protein
CLDN9,9.618159084351255e-05,gene/protein
FGF23,9.618159084351255e-05,gene/protein
FMOD,9.618159084351255e-05,gene/protein
ITGB8,9.618159084351255e-05,gene/protein
PSG1,9.618159084351255e-05,gene/protein
FNTA,9.618159084351255e-05,gene/protein
LTBP1,9.618159084351255e-05,gene/protein
SMAC (DIABLO) binds to IAPs ,9.618159084351255e-05,pathway
SMAC(DIABLO)-mediated dissociation of IAP:caspase complexes ,9.618159084351255e-05,pathway
CD33,9.618159084351255e-05,gene/protein
TXNL1,9.618159084351255e-05,gene/protein
PIP4K2A,9.618159084351255e-05,gene/protein
DYSF,9.618159084351255e-05,gene/protein
MYO6,9.618159084351255e-05,gene/protein
FCGR1A,9.618159084351255e-05,gene/protein
SLC36A1,9.618159084351255e-05,gene/protein
AP4S1,9.618159084351255e-05,gene/protein
DEXI,9.618159084351255e-05,gene/protein
Clathrin-mediated endocytosis,9.618159084351255e-05,pathway
PTK6 promotes HIF1A stabilization,9.618159084351255e-05,pathway
Downregulation of ERBB2 signaling,9.618159084351255e-05,pathway
response to calcium ion,9.618159084351255e-05,biological_process
membrane organization,9.618159084351255e-05,biological_process
ERBB2 Activates PTK6 Signaling,9.618159084351255e-05,pathway
TRMT61B,9.618159084351255e-05,gene/protein
PPP2R3C,9.618159084351255e-05,gene/protein
CLCN6,9.618159084351255e-05,gene/protein
NEURL4,9.618159084351255e-05,gene/protein
DDX51,9.618159084351255e-05,gene/protein
GATC,9.618159084351255e-05,gene/protein
MDP1,9.618159084351255e-05,gene/protein
LAMTOR1,9.618159084351255e-05,gene/protein
CEP162,9.618159084351255e-05,gene/protein
PIGU,9.618159084351255e-05,gene/protein
TSN,9.618159084351255e-05,gene/protein
ABHD4,9.618159084351255e-05,gene/protein
SEC14L3,9.618159084351255e-05,gene/protein
GALNS,9.618159084351255e-05,gene/protein
TIMM29,9.618159084351255e-05,gene/protein
SPATA5L1,9.618159084351255e-05,gene/protein
NDUFAF1,9.618159084351255e-05,gene/protein
Abnormal glucose homeostasis,9.618159084351255e-05,effect/phenotype
PLTP,9.618159084351255e-05,gene/protein
DDC,9.618159084351255e-05,gene/protein
TSSK4,9.618159084351255e-05,gene/protein
RNASEK,9.618159084351255e-05,gene/protein
NRL,9.618159084351255e-05,gene/protein
PDE6A,9.618159084351255e-05,gene/protein
CD72,9.618159084351255e-05,gene/protein
DSP,9.618159084351255e-05,gene/protein
SCP2,9.618159084351255e-05,gene/protein
Broad philtrum,9.618159084351255e-05,effect/phenotype
Scanning speech,9.618159084351255e-05,effect/phenotype
Dysphonia,9.618159084351255e-05,effect/phenotype
Erectile dysfunction,9.618159084351255e-05,effect/phenotype
PSG9,9.618159084351255e-05,gene/protein
DRD2,9.618159084351255e-05,gene/protein
PBX3,9.618159084351255e-05,gene/protein
BATF3,9.618159084351255e-05,gene/protein
DNTTIP1,9.618159084351255e-05,gene/protein
Abnormality of the endocrine system,9.618159084351255e-05,effect/phenotype
EIF2S3,9.618159084351255e-05,gene/protein
TUBB2B,9.618159084351255e-05,gene/protein
ZNF133,9.618159084351255e-05,gene/protein
HOXA7,9.618159084351255e-05,gene/protein
SNX12,9.618159084351255e-05,gene/protein
SS18L1,9.618159084351255e-05,gene/protein
CWC25,9.618159084351255e-05,gene/protein
JPH4,9.618159084351255e-05,gene/protein
HEXA,9.618159084351255e-05,gene/protein
FAHD1,9.618159084351255e-05,gene/protein
RALGAPA1,9.618159084351255e-05,gene/protein
COMMD4,9.618159084351255e-05,gene/protein
TRIAP1,9.618159084351255e-05,gene/protein
NCOA5,9.618159084351255e-05,gene/protein
CIDECP1,9.618159084351255e-05,gene/protein
PRPF31,9.618159084351255e-05,gene/protein
IFT172,9.618159084351255e-05,gene/protein
SCAPER,9.618159084351255e-05,gene/protein
IMPG2,9.618159084351255e-05,gene/protein
SPATA7,9.618159084351255e-05,gene/protein
KIZ,9.618159084351255e-05,gene/protein
PDE6G,9.618159084351255e-05,gene/protein
NMNAT2,9.618159084351255e-05,gene/protein
Abnormal peripheral nervous system morphology,9.618159084351255e-05,effect/phenotype
CA4,9.618159084351255e-05,gene/protein
GUCY2D,9.618159084351255e-05,gene/protein
PRTFDC1,9.618159084351255e-05,gene/protein
RBP3,9.618159084351255e-05,gene/protein
CHM,9.618159084351255e-05,gene/protein
TRIF-dependent toll-like receptor signaling pathway,9.618159084351255e-05,biological_process
Regulation of necroptotic cell death,9.618159084351255e-05,pathway
DZANK1,9.618159084351255e-05,gene/protein
GTF2H1,9.618159084351255e-05,gene/protein
SLC35A5,9.618159084351255e-05,gene/protein
RPUSD4,9.618159084351255e-05,gene/protein
ARMT1,9.618159084351255e-05,gene/protein
GZMH,9.618159084351255e-05,gene/protein
CASP14,9.618159084351255e-05,gene/protein
DDX3X,9.618159084351255e-05,gene/protein
Recurrent cutaneous fungal infections,9.618159084351255e-05,effect/phenotype
PARP10,9.618159084351255e-05,gene/protein
CNGB1,9.618159084351255e-05,gene/protein
CNGA1,9.618159084351255e-05,gene/protein
GUCA1B,9.618159084351255e-05,gene/protein
PDE6B,9.618159084351255e-05,gene/protein
ABHD12,9.618159084351255e-05,gene/protein
MAK,9.618159084351255e-05,gene/protein
FSCN2,9.618159084351255e-05,gene/protein
BEST1,9.618159084351255e-05,gene/protein
OFD1,9.618159084351255e-05,gene/protein
PROM1,9.618159084351255e-05,gene/protein
RP2,9.618159084351255e-05,gene/protein
SMPD1,9.618159084351255e-05,gene/protein
ATXN1L,9.618159084351255e-05,gene/protein
RBM42,9.618159084351255e-05,gene/protein
CNPPD1,9.618159084351255e-05,gene/protein
SRP54,9.618159084351255e-05,gene/protein
UTP25,9.618159084351255e-05,gene/protein
EMC3,9.618159084351255e-05,gene/protein
UBAP2,9.618159084351255e-05,gene/protein
PPP1R3E,9.618159084351255e-05,gene/protein
NAGPA,9.618159084351255e-05,gene/protein
COX4I1,9.618159084351255e-05,gene/protein
SPPL3,9.618159084351255e-05,gene/protein
GNS,9.618159084351255e-05,gene/protein
MCOLN1,9.618159084351255e-05,gene/protein
AMDHD2,9.618159084351255e-05,gene/protein
DNPH1,9.618159084351255e-05,gene/protein
MARCHF8,9.618159084351255e-05,gene/protein
COL6A2,9.618159084351255e-05,gene/protein
Colonic inertia,9.618159084351255e-05,effect/phenotype
positive regulation of calcium ion import,9.618159084351255e-05,biological_process
feeding behavior,9.618159084351255e-05,biological_process
HYMAI,9.618159084351255e-05,gene/protein
Neonatal insulin-dependent diabetes mellitus,9.618159084351255e-05,effect/phenotype
IER3IP1,9.618159084351255e-05,gene/protein
RFX6,9.618159084351255e-05,gene/protein
ARL3,9.618159084351255e-05,gene/protein
CSN3,9.618159084351255e-05,gene/protein
SLC19A2,9.618159084351255e-05,gene/protein
NEUROG3,9.618159084351255e-05,gene/protein
NKX2-2,9.618159084351255e-05,gene/protein
MNX1,9.618159084351255e-05,gene/protein
FGF8,9.618159084351255e-05,gene/protein
C1QB,9.618159084351255e-05,gene/protein
ZFP57,9.618159084351255e-05,gene/protein
TRNL1,9.618159084351255e-05,gene/protein
suppression by virus of host cysteine-type endopeptidase activity involved in apoptotic process,9.618159084351255e-05,biological_process
TRAIL-activated apoptotic signaling pathway,9.618159084351255e-05,biological_process
cAMP biosynthetic process,9.618159084351255e-05,biological_process
activation of protein kinase A activity,9.618159084351255e-05,biological_process
LYPD3,9.618159084351255e-05,gene/protein
Wide nasal base,9.618159084351255e-05,effect/phenotype
PTF1A,9.618159084351255e-05,gene/protein
GABARAP,9.618159084351255e-05,gene/protein
TRNK,9.618159084351255e-05,gene/protein
METRNL,9.618159084351255e-05,gene/protein
EDC3,9.618159084351255e-05,gene/protein
MYO5A,9.618159084351255e-05,gene/protein
NADE modulates death signalling,9.618159084351255e-05,pathway
cellular response to forskolin,9.618159084351255e-05,biological_process
G protein-coupled adenosine receptor signaling pathway,9.618159084351255e-05,biological_process
adenylate cyclase-inhibiting dopamine receptor signaling pathway,9.618159084351255e-05,biological_process
DRC1,9.618159084351255e-05,gene/protein
CMC4,9.618159084351255e-05,gene/protein
activation of GTPase activity,9.618159084351255e-05,biological_process
FAT3,9.618159084351255e-05,gene/protein
PNPLA3,9.618159084351255e-05,gene/protein
WIPF1,9.618159084351255e-05,gene/protein
STEAP4,9.618159084351255e-05,gene/protein
CNBP,9.618159084351255e-05,gene/protein
regulation of the force of heart contraction,9.618159084351255e-05,biological_process
regulation of cardiac muscle contraction by calcium ion signaling,9.618159084351255e-05,biological_process
Cyclin D associated events in G1,9.618159084351255e-05,pathway
Regulation of RUNX1 Expression and Activity,9.618159084351255e-05,pathway
"Defective binding of RB1 mutants to E2F1,(E2F2, E2F3)",9.618159084351255e-05,pathway
adult locomotory behavior,9.618159084351255e-05,biological_process
glycogen biosynthetic process,9.618159084351255e-05,biological_process
adenylate cyclase-activating dopamine receptor signaling pathway,9.618159084351255e-05,biological_process
PKA activation in glucagon signalling,9.618159084351255e-05,pathway
TCL1A,9.618159084351255e-05,gene/protein
ATP7A,9.618159084351255e-05,gene/protein
USP9Y,9.618159084351255e-05,gene/protein
POLR1B,9.618159084351255e-05,gene/protein
regulation of insulin secretion involved in cellular response to glucose stimulus,9.618159084351255e-05,biological_process
Abnormal waist to hip ratio,9.618159084351255e-05,effect/phenotype
Mode of inheritance,9.618159084351255e-05,effect/phenotype
PLP2,9.618159084351255e-05,gene/protein
SEMA4A,9.618159084351255e-05,gene/protein
MED21,9.618159084351255e-05,gene/protein
PIP5K1C,9.618159084351255e-05,gene/protein
NSMCE4A,9.618159084351255e-05,gene/protein
SCGB2A2,9.618159084351255e-05,gene/protein
GIPR,9.618159084351255e-05,gene/protein
APPBP2,9.618159084351255e-05,gene/protein
CYBB,9.618159084351255e-05,gene/protein
CEBPE,9.618159084351255e-05,gene/protein
GLYR1,9.618159084351255e-05,gene/protein
PHF23,9.618159084351255e-05,gene/protein
AP5Z1,9.618159084351255e-05,gene/protein
SDR39U1,9.618159084351255e-05,gene/protein
ABT1,9.618159084351255e-05,gene/protein
FGFR3,9.618159084351255e-05,gene/protein
PLIN4,9.618159084351255e-05,gene/protein
TLR3-mediated TICAM1-dependent programmed cell death,9.618159084351255e-05,pathway
TPM2,9.618159084351255e-05,gene/protein
regulation of cyclin-dependent protein serine/threonine kinase activity,9.618159084351255e-05,biological_process
SERTAD1,9.618159084351255e-05,gene/protein
cellular response to X-ray,9.618159084351255e-05,biological_process
POLR3D,9.618159084351255e-05,gene/protein
EPHB2,9.618159084351255e-05,gene/protein
MEP1A,9.618159084351255e-05,gene/protein
protein kinase A signaling,9.618159084351255e-05,biological_process
NSMCE2,9.618159084351255e-05,gene/protein
ATP5PO,9.618159084351255e-05,gene/protein
SUMF1,9.618159084351255e-05,gene/protein
TP53 Regulates Transcription of Death Receptors and Ligands,9.618159084351255e-05,pathway
cellular response to hyperoxia,9.618159084351255e-05,biological_process
regulation of stress-activated MAPK cascade,9.618159084351255e-05,biological_process
Hyperkinetic movements,9.618159084351255e-05,effect/phenotype
TP53AIP1,9.618159084351255e-05,gene/protein
ZNF507,9.618159084351255e-05,gene/protein
mitotic cell cycle phase transition,9.618159084351255e-05,biological_process
positive regulation of mitochondrial membrane potential,9.618159084351255e-05,biological_process
positive regulation of protein targeting to membrane,9.618159084351255e-05,biological_process
FSHR,9.618159084351255e-05,gene/protein
SPRR2A,9.618159084351255e-05,gene/protein
retinal rod cell apoptotic process,9.618159084351255e-05,biological_process
Fas signaling pathway,9.618159084351255e-05,biological_process
positive regulation of cysteine-type endopeptidase activity involved in apoptotic signaling pathway,9.618159084351255e-05,biological_process
MSL3,9.618159084351255e-05,gene/protein
PBX2,9.618159084351255e-05,gene/protein
SH3BP4,9.618159084351255e-05,gene/protein
NRF1,9.618159084351255e-05,gene/protein
HBP1,9.618159084351255e-05,gene/protein
MED20,9.618159084351255e-05,gene/protein
LIMS1,9.618159084351255e-05,gene/protein
RARB,9.618159084351255e-05,gene/protein
RORC,9.618159084351255e-05,gene/protein
THRB,9.618159084351255e-05,gene/protein
SRSF2,9.618159084351255e-05,gene/protein
SRSF6,9.618159084351255e-05,gene/protein
OPRM1,9.618159084351255e-05,gene/protein
SULT1A1,9.618159084351255e-05,gene/protein
MED17,9.618159084351255e-05,gene/protein
MPDZ,9.618159084351255e-05,gene/protein
ARF5,9.618159084351255e-05,gene/protein
activation-induced cell death of T cells,9.618159084351255e-05,biological_process
RHOBTB3,9.618159084351255e-05,gene/protein
SLC2A12,9.618159084351255e-05,gene/protein
RCHY1,9.618159084351255e-05,gene/protein
SSU72,9.618159084351255e-05,gene/protein
COX6A1,9.618159084351255e-05,gene/protein
OPRD1,9.618159084351255e-05,gene/protein
MPTX1,9.618159084351255e-05,gene/protein
negative regulation of heart contraction,9.618159084351255e-05,biological_process
BEX1,9.618159084351255e-05,gene/protein
positive regulation of neuron death,9.618159084351255e-05,biological_process
Apoptotic execution phase,9.618159084351255e-05,pathway
positive regulation of macrophage differentiation,9.618159084351255e-05,biological_process
activation of cysteine-type endopeptidase activity,9.618159084351255e-05,biological_process
positive regulation of proteolysis,9.618159084351255e-05,biological_process
VSIG2,9.618159084351255e-05,gene/protein
SCN2B,9.618159084351255e-05,gene/protein
CCKBR,9.618159084351255e-05,gene/protein
CA14,9.618159084351255e-05,gene/protein
TCP1,9.618159084351255e-05,gene/protein
SRSF4,9.618159084351255e-05,gene/protein
PSAT1,9.618159084351255e-05,gene/protein
LLGL2,9.618159084351255e-05,gene/protein
RBBP7,9.618159084351255e-05,gene/protein
Defective RIPK1-mediated regulated necrosis,9.618159084351255e-05,pathway
H4-16,9.618159084351255e-05,gene/protein
FAM91A1,9.618159084351255e-05,gene/protein
TMEM120A,9.618159084351255e-05,gene/protein
ALG8,9.618159084351255e-05,gene/protein
TEAD2,9.618159084351255e-05,gene/protein
ABCB5,9.618159084351255e-05,gene/protein
KDELR2,9.618159084351255e-05,gene/protein
TEX11,9.618159084351255e-05,gene/protein
FBXL2,9.618159084351255e-05,gene/protein
KLHL12,9.618159084351255e-05,gene/protein
MBD4,9.618159084351255e-05,gene/protein
FAAP100,9.618159084351255e-05,gene/protein
THUMPD1,9.618159084351255e-05,gene/protein
RETREG2,9.618159084351255e-05,gene/protein
RMND1,9.618159084351255e-05,gene/protein
BYSL,9.618159084351255e-05,gene/protein
FGF1,9.618159084351255e-05,gene/protein
FMNL1,9.618159084351255e-05,gene/protein
SNTB2,9.618159084351255e-05,gene/protein
TRAIL  signaling,9.618159084351255e-05,pathway
TCL1B,9.618159084351255e-05,gene/protein
PSMD9,9.618159084351255e-05,gene/protein
HPCAL1,9.618159084351255e-05,gene/protein
RBM7,9.618159084351255e-05,gene/protein
DTNB,9.618159084351255e-05,gene/protein
TCF20,9.618159084351255e-05,gene/protein
RRBP1,9.618159084351255e-05,gene/protein
S100A10,9.618159084351255e-05,gene/protein
GDNF,9.618159084351255e-05,gene/protein
MKLN1,9.618159084351255e-05,gene/protein
LMO1,9.618159084351255e-05,gene/protein
ABHD11,9.618159084351255e-05,gene/protein
UFSP2,9.618159084351255e-05,gene/protein
intracellular protein transmembrane transport,9.618159084351255e-05,biological_process
FAIM2,9.618159084351255e-05,gene/protein
positive regulation of apoptotic signaling pathway,9.618159084351255e-05,biological_process
motor neuron apoptotic process,9.618159084351255e-05,biological_process
KRIT1,9.618159084351255e-05,gene/protein
GPN3,9.618159084351255e-05,gene/protein
carbohydrate transport,9.618159084351255e-05,biological_process
CTNS,9.618159084351255e-05,gene/protein
PHKB,9.618159084351255e-05,gene/protein
CFL2,9.618159084351255e-05,gene/protein
HOXC13,9.618159084351255e-05,gene/protein
COQ7,9.618159084351255e-05,gene/protein
MZF1,9.618159084351255e-05,gene/protein
DHCR7,9.618159084351255e-05,gene/protein
POLK,9.618159084351255e-05,gene/protein
CHRM5,9.618159084351255e-05,gene/protein
TBC1D7,9.618159084351255e-05,gene/protein
S100A1,9.618159084351255e-05,gene/protein
NSA2,9.618159084351255e-05,gene/protein
ABCG8,9.618159084351255e-05,gene/protein
TMX1,9.618159084351255e-05,gene/protein
FBF1,9.618159084351255e-05,gene/protein
C17orf75,9.618159084351255e-05,gene/protein
METTL13,9.618159084351255e-05,gene/protein
GPD1L,9.618159084351255e-05,gene/protein
C10orf95,9.618159084351255e-05,gene/protein
ATP6V1F,9.618159084351255e-05,gene/protein
CHRM4,9.618159084351255e-05,gene/protein
FZD10,9.618159084351255e-05,gene/protein
DTNA,9.618159084351255e-05,gene/protein
SEC62,9.618159084351255e-05,gene/protein
QARS1,9.618159084351255e-05,gene/protein
CDK2AP1,9.618159084351255e-05,gene/protein
TRIM54,9.618159084351255e-05,gene/protein
COG6,9.618159084351255e-05,gene/protein
CEP76,9.618159084351255e-05,gene/protein
CEP164,9.618159084351255e-05,gene/protein
KIFC3,9.618159084351255e-05,gene/protein
PTH2R,9.618159084351255e-05,gene/protein
SNTB1,9.618159084351255e-05,gene/protein
GPR25,9.618159084351255e-05,gene/protein
GLI4,9.618159084351255e-05,gene/protein
positive regulation of cell motility,9.618159084351255e-05,biological_process
positive regulation of vesicle fusion,9.618159084351255e-05,biological_process
BOLA1,9.618159084351255e-05,gene/protein
RRP1,9.618159084351255e-05,gene/protein
TFPT,9.618159084351255e-05,gene/protein
SSNA1,9.618159084351255e-05,gene/protein
ANAPC2,9.618159084351255e-05,gene/protein
protein insertion into membrane,9.618159084351255e-05,biological_process
negative regulation of cardiocyte differentiation,9.618159084351255e-05,biological_process
NCF4,9.618159084351255e-05,gene/protein
Aromatic amines can be N-hydroxylated or N-dealkylated by CYP1A2,9.618159084351255e-05,pathway
PDS5A,9.618159084351255e-05,gene/protein
TMEM50B,9.618159084351255e-05,gene/protein
TTC4,9.618159084351255e-05,gene/protein
CAPZB,9.618159084351255e-05,gene/protein
COX6B1,9.618159084351255e-05,gene/protein
nucleotide-binding oligomerization domain containing signaling pathway,9.618159084351255e-05,biological_process
S100A14,9.618159084351255e-05,gene/protein
MLKL,9.618159084351255e-05,gene/protein
DEDD2,9.618159084351255e-05,gene/protein
FNDC3A,9.618159084351255e-05,gene/protein
GRAMD1A,9.618159084351255e-05,gene/protein
CCPG1,9.618159084351255e-05,gene/protein
P2RY1,9.618159084351255e-05,gene/protein
SEM1,9.618159084351255e-05,gene/protein
NFE2,9.618159084351255e-05,gene/protein
MCM7,9.618159084351255e-05,gene/protein
USP1,9.618159084351255e-05,gene/protein
RPL26,9.618159084351255e-05,gene/protein
APOA5,9.618159084351255e-05,gene/protein
MAP1S,9.618159084351255e-05,gene/protein
SPATA25,9.618159084351255e-05,gene/protein
RIC3,9.618159084351255e-05,gene/protein
CRYAA,9.618159084351255e-05,gene/protein
steroid catabolic process,9.618159084351255e-05,biological_process
cellular response to copper ion,9.618159084351255e-05,biological_process
Synthesis of (16-20)-hydroxyeicosatetraenoic acids (HETE),9.618159084351255e-05,pathway
DOCK7,9.618159084351255e-05,gene/protein
CLINT1,9.618159084351255e-05,gene/protein
CLOCK,9.618159084351255e-05,gene/protein
TNNI2,9.618159084351255e-05,gene/protein
AKR1B1,9.618159084351255e-05,gene/protein
ACP3,9.618159084351255e-05,gene/protein
KEL,9.618159084351255e-05,gene/protein
MAP1LC3A,9.618159084351255e-05,gene/protein
TFCP2,9.618159084351255e-05,gene/protein
MAP1LC3B,9.618159084351255e-05,gene/protein
T cell activation,9.618159084351255e-05,biological_process
LRP8,9.618159084351255e-05,gene/protein
ANK2,9.618159084351255e-05,gene/protein
NLRC4,9.618159084351255e-05,gene/protein
NF-kB activation through FADD/RIP-1 pathway mediated by caspase-8 and -10,9.618159084351255e-05,pathway
Microbial modulation of RIPK1-mediated regulated necrosis,9.618159084351255e-05,pathway
PSMB5,9.618159084351255e-05,gene/protein
GLOD4,9.618159084351255e-05,gene/protein
RHBDD2,9.618159084351255e-05,gene/protein
GNLY,9.618159084351255e-05,gene/protein
BLOC1S1,9.618159084351255e-05,gene/protein
MFSD1,9.618159084351255e-05,gene/protein
WDR81,9.618159084351255e-05,gene/protein
FBXW4P1,9.618159084351255e-05,gene/protein
HEXA-AS1,9.618159084351255e-05,gene/protein
cellular response to high light intensity,9.618159084351255e-05,biological_process
apoptotic process in bone marrow cell,9.618159084351255e-05,biological_process
DNAJC13,9.618159084351255e-05,gene/protein
EXOC4,9.618159084351255e-05,gene/protein
ACOT9,9.618159084351255e-05,gene/protein
KLC1,9.618159084351255e-05,gene/protein
MT1G,9.618159084351255e-05,gene/protein
ESRRB,9.618159084351255e-05,gene/protein
SATB1,9.618159084351255e-05,gene/protein
MECOM,9.618159084351255e-05,gene/protein
MRE11,9.618159084351255e-05,gene/protein
DNMT3B,9.618159084351255e-05,gene/protein
ANK3,9.618159084351255e-05,gene/protein
SNX3,9.618159084351255e-05,gene/protein
PAX2,9.618159084351255e-05,gene/protein
C1QA,9.618159084351255e-05,gene/protein
MS4A3,9.618159084351255e-05,gene/protein
PEX12,9.618159084351255e-05,gene/protein
SHOC2,9.618159084351255e-05,gene/protein
RAPGEF5,9.618159084351255e-05,gene/protein
HDLBP,9.618159084351255e-05,gene/protein
PTN,9.618159084351255e-05,gene/protein
ZFYVE1,9.618159084351255e-05,gene/protein
PTPRB,9.618159084351255e-05,gene/protein
TUBB2A,9.618159084351255e-05,gene/protein
AP5S1,9.618159084351255e-05,gene/protein
POLR3F,9.618159084351255e-05,gene/protein
CNOT11,9.618159084351255e-05,gene/protein
OSGEP,9.618159084351255e-05,gene/protein
COMMD9,9.618159084351255e-05,gene/protein
RGS4,9.618159084351255e-05,gene/protein
IARS1,9.618159084351255e-05,gene/protein
histamine secretion,9.618159084351255e-05,biological_process
PFKL,9.618159084351255e-05,gene/protein
EDRF1,9.618159084351255e-05,gene/protein
LCE3B,9.618159084351255e-05,gene/protein
COMMD6,9.618159084351255e-05,gene/protein
JMJD1C,9.618159084351255e-05,gene/protein
nucleic acid phosphodiester bond hydrolysis,9.618159084351255e-05,biological_process
acetaldehyde metabolic process,9.618159084351255e-05,biological_process
SETD7,9.618159084351255e-05,gene/protein
TPMT,9.618159084351255e-05,gene/protein
THOC5,9.618159084351255e-05,gene/protein
BCS1L,9.618159084351255e-05,gene/protein
SYMPK,9.618159084351255e-05,gene/protein
NOLC1,9.618159084351255e-05,gene/protein
RPL4,9.618159084351255e-05,gene/protein
UBA2,9.618159084351255e-05,gene/protein
DNMT1,9.618159084351255e-05,gene/protein
KCNA4,9.618159084351255e-05,gene/protein
TES,9.618159084351255e-05,gene/protein
GLCE,9.618159084351255e-05,gene/protein
EIF2B5,9.618159084351255e-05,gene/protein
NUMBL,9.618159084351255e-05,gene/protein
SHC4,9.618159084351255e-05,gene/protein
PPHLN1,9.618159084351255e-05,gene/protein
G0S2,9.618159084351255e-05,gene/protein
RAS processing,9.618159084351255e-05,pathway
STAT5 activation downstream of FLT3 ITD mutants,9.618159084351255e-05,pathway
fertilization,9.618159084351255e-05,biological_process
negative regulation of intrinsic apoptotic signaling pathway in response to DNA damage,9.618159084351255e-05,biological_process
epoxygenase P450 pathway,9.618159084351255e-05,biological_process
porphyrin-containing compound metabolic process,9.618159084351255e-05,biological_process
CORO1B,9.618159084351255e-05,gene/protein
HSPH1,9.618159084351255e-05,gene/protein
Urinary retention,9.618159084351255e-05,effect/phenotype
BRD1,9.618159084351255e-05,gene/protein
BNIP5,9.618159084351255e-05,gene/protein
positive regulation of cell size,9.618159084351255e-05,biological_process
KNTC1,9.618159084351255e-05,gene/protein
ARFGEF1,9.618159084351255e-05,gene/protein
SNRPD2,9.618159084351255e-05,gene/protein
CLTCL1,9.618159084351255e-05,gene/protein
LRRK1,9.618159084351255e-05,gene/protein
drug catabolic process,9.618159084351255e-05,biological_process
dibenzo-p-dioxin metabolic process,9.618159084351255e-05,biological_process
PGAM5,9.618159084351255e-05,gene/protein
positive regulation of NAD(P)H oxidase activity,9.618159084351255e-05,biological_process
Synthesis of epoxy (EET) and dihydroxyeicosatrienoic acids (DHET),9.618159084351255e-05,pathway
Aflatoxin activation and detoxification,9.618159084351255e-05,pathway
drug metabolic process,9.618159084351255e-05,biological_process
HIC1,9.618159084351255e-05,gene/protein
CBX1,9.618159084351255e-05,gene/protein
KAT7,9.618159084351255e-05,gene/protein
ACOT1,9.618159084351255e-05,gene/protein
HULC,9.618159084351255e-05,gene/protein
MALAT1,9.618159084351255e-05,gene/protein
TTLL9,9.618159084351255e-05,gene/protein
RRP8,9.618159084351255e-05,gene/protein
LTA4H,9.618159084351255e-05,gene/protein
TMED10,9.618159084351255e-05,gene/protein
KCNAB2,9.618159084351255e-05,gene/protein
RECQL4,9.618159084351255e-05,gene/protein
APOD,9.618159084351255e-05,gene/protein
USPL1,9.618159084351255e-05,gene/protein
PHF11,9.618159084351255e-05,gene/protein
RTN4IP1,9.618159084351255e-05,gene/protein
activation of cysteine-type endopeptidase activity involved in apoptotic signaling pathway,9.618159084351255e-05,biological_process
exogenous drug catabolic process,9.618159084351255e-05,biological_process
enteric smooth muscle cell differentiation,9.618159084351255e-05,biological_process
positive regulation of penile erection,9.618159084351255e-05,biological_process
negative regulation of neuron maturation,9.618159084351255e-05,biological_process
regulation of fever generation,9.618159084351255e-05,biological_process
SRSF5,9.618159084351255e-05,gene/protein
SLC38A9,9.618159084351255e-05,gene/protein
DACT2,9.618159084351255e-05,gene/protein
BSCL2,9.618159084351255e-05,gene/protein
RALA,9.618159084351255e-05,gene/protein
AFDN,9.618159084351255e-05,gene/protein
BRINP1,9.618159084351255e-05,gene/protein
KYNU,9.618159084351255e-05,gene/protein
GTF2I,9.618159084351255e-05,gene/protein
WRN,9.618159084351255e-05,gene/protein
NOP56,9.618159084351255e-05,gene/protein
NUDT7,9.618159084351255e-05,gene/protein
HIGD2A,9.618159084351255e-05,gene/protein
AGBL5,9.618159084351255e-05,gene/protein
PRICKLE3,9.618159084351255e-05,gene/protein
PIK3C3,9.618159084351255e-05,gene/protein
retinol metabolic process,9.618159084351255e-05,biological_process
long-chain fatty acid biosynthetic process,9.618159084351255e-05,biological_process
Biosynthesis of protectins,9.618159084351255e-05,pathway
aflatoxin metabolic process,9.618159084351255e-05,biological_process
NOXO1,9.618159084351255e-05,gene/protein
activation of phospholipase A2 activity by calcium-mediated signaling,9.618159084351255e-05,biological_process
response to aldosterone,9.618159084351255e-05,biological_process
heterocycle metabolic process,9.618159084351255e-05,biological_process
omega-hydroxylase P450 pathway,9.618159084351255e-05,biological_process
monoterpenoid metabolic process,9.618159084351255e-05,biological_process
toxin biosynthetic process,9.618159084351255e-05,biological_process
MTDH,9.618159084351255e-05,gene/protein
PSMB8-AS1,9.618159084351255e-05,gene/protein
ASH2L,9.618159084351255e-05,gene/protein
negative regulation of leukocyte cell-cell adhesion,9.618159084351255e-05,biological_process
POLD1,9.618159084351255e-05,gene/protein
PARP2,9.618159084351255e-05,gene/protein
LINGO2,9.618159084351255e-05,gene/protein
PRICKLE2,9.618159084351255e-05,gene/protein
ANXA7,9.618159084351255e-05,gene/protein
MIR29A,9.618159084351255e-05,gene/protein
FLCN,9.618159084351255e-05,gene/protein
NEAT1,9.618159084351255e-05,gene/protein
SNX10,9.618159084351255e-05,gene/protein
SLC40A1,9.618159084351255e-05,gene/protein
GADL1,9.618159084351255e-05,gene/protein
ADAMTS17,9.618159084351255e-05,gene/protein
protein kinase C deactivation,9.618159084351255e-05,biological_process
positive regulation of prostaglandin-endoperoxide synthase activity,9.618159084351255e-05,biological_process
positive regulation of prostaglandin secretion,9.618159084351255e-05,biological_process
CEL,9.618159084351255e-05,gene/protein
P2RY11,9.618159084351255e-05,gene/protein
ZNF365,9.618159084351255e-05,gene/protein
TAC1,9.618159084351255e-05,gene/protein
PENK,9.618159084351255e-05,gene/protein
ASPG,9.618159084351255e-05,gene/protein
MIR520B,9.618159084351255e-05,gene/protein
XAGE1B,9.618159084351255e-05,gene/protein
FAM180A,9.618159084351255e-05,gene/protein
MIR122,9.618159084351255e-05,gene/protein
HCRT,9.618159084351255e-05,gene/protein
TRA,9.618159084351255e-05,gene/protein
RPL23,9.618159084351255e-05,gene/protein
EIF3G,9.618159084351255e-05,gene/protein
MOG,9.618159084351255e-05,gene/protein
Regulation of PTEN gene transcription,9.618159084351255e-05,pathway
TRH,9.618159084351255e-05,gene/protein
VPS8,9.618159084351255e-05,gene/protein
CIP2A,9.618159084351255e-05,gene/protein
regulation of epithelial cell proliferation,9.618159084351255e-05,biological_process
positive regulation of neutrophil chemotaxis,9.618159084351255e-05,biological_process
middle ear morphogenesis,9.618159084351255e-05,biological_process
positive regulation of smooth muscle contraction,9.618159084351255e-05,biological_process
positive regulation of odontogenesis,9.618159084351255e-05,biological_process
alkaloid metabolic process,9.618159084351255e-05,biological_process
positive regulation of cell growth involved in cardiac muscle cell development,9.618159084351255e-05,biological_process
positive regulation of hormone secretion,9.618159084351255e-05,biological_process
response to dexamethasone,9.618159084351255e-05,biological_process
maternal process involved in parturition,9.618159084351255e-05,biological_process
RAB23,9.618159084351255e-05,gene/protein
INS-IGF2,9.618159084351255e-05,gene/protein
SLC29A3,9.618159084351255e-05,gene/protein
IL20,9.618159084351255e-05,gene/protein
CHRM2,9.618159084351255e-05,gene/protein
CCBE1,9.618159084351255e-05,gene/protein
CDCA2,9.618159084351255e-05,gene/protein
KIF18B,9.618159084351255e-05,gene/protein
TBC1D4,9.618159084351255e-05,gene/protein
HSD11B2,9.618159084351255e-05,gene/protein
NOS1,9.618159084351255e-05,gene/protein
C1QTNF6,9.618159084351255e-05,gene/protein
CASP12,9.618159084351255e-05,gene/protein
TNFSF4,9.618159084351255e-05,gene/protein
CHKB,9.618159084351255e-05,gene/protein
HCRTR2,9.618159084351255e-05,gene/protein
VPS11,9.618159084351255e-05,gene/protein
MTX1,9.618159084351255e-05,gene/protein
negative regulation of adenylate cyclase activity,9.618159084351255e-05,biological_process
head development,9.618159084351255e-05,biological_process
SYNGR2,9.618159084351255e-05,gene/protein
CKAP2L,9.618159084351255e-05,gene/protein
ARHGEF39,9.618159084351255e-05,gene/protein
ZIC5,9.618159084351255e-05,gene/protein
CNTNAP4,9.618159084351255e-05,gene/protein
BMPER,9.618159084351255e-05,gene/protein
HERC3,9.618159084351255e-05,gene/protein
SRMS,9.618159084351255e-05,gene/protein
OLFML2A,9.618159084351255e-05,gene/protein
JDP2,9.618159084351255e-05,gene/protein
OIT3,9.618159084351255e-05,gene/protein
CENPW,9.618159084351255e-05,gene/protein
UROC1,9.618159084351255e-05,gene/protein
COX7B2,9.618159084351255e-05,gene/protein
NLRC3,9.618159084351255e-05,gene/protein
DCAF4L2,9.618159084351255e-05,gene/protein
PPP4R3C,9.618159084351255e-05,gene/protein
ARID2,9.618159084351255e-05,gene/protein
EXOC1,9.618159084351255e-05,gene/protein
neural crest cell migration,9.618159084351255e-05,biological_process
LARP1,9.618159084351255e-05,gene/protein
monocarboxylic acid metabolic process,9.618159084351255e-05,biological_process
RBM5,9.618159084351255e-05,gene/protein
FECH,9.618159084351255e-05,gene/protein
ABHD16A,9.618159084351255e-05,gene/protein
Biosynthesis of maresin-like SPMs,9.618159084351255e-05,pathway
MT-CO1,9.618159084351255e-05,gene/protein
MT-ND1,9.618159084351255e-05,gene/protein
ZIC2,9.618159084351255e-05,gene/protein
ZNF23,9.618159084351255e-05,gene/protein
BTG2,9.618159084351255e-05,gene/protein
TRIO,9.618159084351255e-05,gene/protein
PTPRO,9.618159084351255e-05,gene/protein
DDX54,9.618159084351255e-05,gene/protein
EGLN3,9.618159084351255e-05,gene/protein
MACIR,9.618159084351255e-05,gene/protein
SNHG11,9.618159084351255e-05,gene/protein
TMEM132D,9.618159084351255e-05,gene/protein
MACROD2,9.618159084351255e-05,gene/protein
SLC25A47,9.618159084351255e-05,gene/protein
WDR62,9.618159084351255e-05,gene/protein
THEM4,9.618159084351255e-05,gene/protein
RNF157,9.618159084351255e-05,gene/protein
TTC36,9.618159084351255e-05,gene/protein
FAM72B,9.618159084351255e-05,gene/protein
MIR539,9.618159084351255e-05,gene/protein
MIR615,9.618159084351255e-05,gene/protein
COL15A1,9.618159084351255e-05,gene/protein
IL5RA,9.618159084351255e-05,gene/protein
AIRE,9.618159084351255e-05,gene/protein
FATE1,9.618159084351255e-05,gene/protein
TIMD4,9.618159084351255e-05,gene/protein
HOTAIR,9.618159084351255e-05,gene/protein
MICA,9.618159084351255e-05,gene/protein
NKILA,9.618159084351255e-05,gene/protein
ADGRG7,9.618159084351255e-05,gene/protein
CDCA5,9.618159084351255e-05,gene/protein
FCN3,9.618159084351255e-05,gene/protein
SRPX,9.618159084351255e-05,gene/protein
LARGE1,9.618159084351255e-05,gene/protein
SPTLC1,9.618159084351255e-05,gene/protein
SH3GL3,9.618159084351255e-05,gene/protein
SCGB1D4,9.618159084351255e-05,gene/protein
ERCC2,9.618159084351255e-05,gene/protein
CNTN2,9.618159084351255e-05,gene/protein
CYP4A11,9.618159084351255e-05,gene/protein
CYP2B6,9.618159084351255e-05,gene/protein
CYP2C8,9.618159084351255e-05,gene/protein
SKA3,9.618159084351255e-05,gene/protein
RAD54L,9.618159084351255e-05,gene/protein
MARCO,9.618159084351255e-05,gene/protein
ZIC4,9.618159084351255e-05,gene/protein
MFSD2A,9.618159084351255e-05,gene/protein
PNPT1,9.618159084351255e-05,gene/protein
ASPM,9.618159084351255e-05,gene/protein
FAM111B,9.618159084351255e-05,gene/protein
SLC22A10,9.618159084351255e-05,gene/protein
CNDP1,9.618159084351255e-05,gene/protein
RSPO3,9.618159084351255e-05,gene/protein
TICRR,9.618159084351255e-05,gene/protein
LINC00221,9.618159084351255e-05,gene/protein
SKA1,9.618159084351255e-05,gene/protein
ARL5B,9.618159084351255e-05,gene/protein
cGMP-mediated signaling,9.618159084351255e-05,biological_process
macrophage chemotaxis,9.618159084351255e-05,biological_process
response to prostaglandin F,9.618159084351255e-05,biological_process
rhythmic excitation,9.618159084351255e-05,biological_process
cellular response to mineralocorticoid stimulus,9.618159084351255e-05,biological_process
peptide hormone secretion,9.618159084351255e-05,biological_process
prostaglandin biosynthetic process,9.618159084351255e-05,biological_process
HTR3A,9.618159084351255e-05,gene/protein
KRT5,9.618159084351255e-05,gene/protein
CENPU,9.618159084351255e-05,gene/protein
FGF19,9.618159084351255e-05,gene/protein
ETFA,9.618159084351255e-05,gene/protein
CYP1A1,9.618159084351255e-05,gene/protein
ACE,9.618159084351255e-05,gene/protein
KIF11,9.618159084351255e-05,gene/protein
CENPE,9.618159084351255e-05,gene/protein
CENPA,9.618159084351255e-05,gene/protein
CENPF,9.618159084351255e-05,gene/protein
CETP,9.618159084351255e-05,gene/protein
CCN1,9.618159084351255e-05,gene/protein
CRHBP,9.618159084351255e-05,gene/protein
UPF3B,9.618159084351255e-05,gene/protein
ALG13,9.618159084351255e-05,gene/protein
SLC9A7,9.618159084351255e-05,gene/protein
MEGF8,9.618159084351255e-05,gene/protein
inositol phosphate-mediated signaling,9.618159084351255e-05,biological_process
KCNN2,9.618159084351255e-05,gene/protein
ITIH3,9.618159084351255e-05,gene/protein
IFNA1,9.618159084351255e-05,gene/protein
HSD3B2,9.618159084351255e-05,gene/protein
MAGEA6,9.618159084351255e-05,gene/protein
PAK3,9.618159084351255e-05,gene/protein
MAGEA3,9.618159084351255e-05,gene/protein
SYP,9.618159084351255e-05,gene/protein
TSPAN7,9.618159084351255e-05,gene/protein
ZNF711,9.618159084351255e-05,gene/protein
ZNF41,9.618159084351255e-05,gene/protein
ZNF81,9.618159084351255e-05,gene/protein
CUL4B,9.618159084351255e-05,gene/protein
MAGEA1,9.618159084351255e-05,gene/protein
GABRD,9.618159084351255e-05,gene/protein
NDC80,9.618159084351255e-05,gene/protein
DNASE1L3,9.618159084351255e-05,gene/protein
posterior midgut development,9.618159084351255e-05,biological_process
PIN4,9.618159084351255e-05,gene/protein
EXOC5,9.618159084351255e-05,gene/protein
peripheral nervous system development,9.618159084351255e-05,biological_process
smooth muscle contraction,9.618159084351255e-05,biological_process
Impaired neutrophil bactericidal activity,9.618159084351255e-05,immune_effect/phenotype
Impaired T cell function,9.618159084351255e-05,immune_effect/phenotype
Poor wound healing,9.618159084351255e-05,effect/phenotype
PIGT,9.618159084351255e-05,gene/protein
PTPN18,9.618159084351255e-05,gene/protein
NIBAN2,9.618159084351255e-05,gene/protein
response to salt,9.618159084351255e-05,biological_process
positive regulation of cardiac muscle hypertrophy,9.618159084351255e-05,biological_process
phospholipase D-activating G protein-coupled receptor signaling pathway,9.618159084351255e-05,biological_process
CCL7,9.618159084351255e-05,gene/protein
CCL8,9.618159084351255e-05,gene/protein
CSPG4,9.618159084351255e-05,gene/protein
CDCA3,9.618159084351255e-05,gene/protein
ANGPTL6,9.618159084351255e-05,gene/protein
RTP3,9.618159084351255e-05,gene/protein
GBA3,9.618159084351255e-05,gene/protein
SERPINA4,9.618159084351255e-05,gene/protein
ABCB1,9.618159084351255e-05,gene/protein
ABCB4,9.618159084351255e-05,gene/protein
MTUS1,9.618159084351255e-05,gene/protein
TLR5,9.618159084351255e-05,gene/protein
ZDHHC9,9.618159084351255e-05,gene/protein
ATRX,9.618159084351255e-05,gene/protein
AP1S2,9.618159084351255e-05,gene/protein
CLEC4M,9.618159084351255e-05,gene/protein
ILKAP,9.618159084351255e-05,gene/protein
negative regulation of blood coagulation,9.618159084351255e-05,biological_process
dorsal/ventral pattern formation,9.618159084351255e-05,biological_process
CEP19,9.618159084351255e-05,gene/protein
CCR9,9.618159084351255e-05,gene/protein
MYD88,9.618159084351255e-05,gene/protein
CXCL9,9.618159084351255e-05,gene/protein
PLVAP,9.618159084351255e-05,gene/protein
GPR158,9.618159084351255e-05,gene/protein
KIF18A,9.618159084351255e-05,gene/protein
CDKN3,9.618159084351255e-05,gene/protein
LETM1,9.618159084351255e-05,gene/protein
LIFR,9.618159084351255e-05,gene/protein
LPA,9.618159084351255e-05,gene/protein
IDH1,9.618159084351255e-05,gene/protein
CXCL5,9.618159084351255e-05,gene/protein
IL1RAPL1,9.618159084351255e-05,gene/protein
IQSEC2,9.618159084351255e-05,gene/protein
CCL17,9.618159084351255e-05,gene/protein
CCL24,9.618159084351255e-05,gene/protein
Abnormality of connective tissue,9.618159084351255e-05,effect/phenotype
Bloodstream infectious agent,9.618159084351255e-05,effect/phenotype
positive regulation of signaling receptor activity,9.618159084351255e-05,biological_process
negative regulation of nitric-oxide synthase biosynthetic process,9.618159084351255e-05,biological_process
positive regulation of cytosolic calcium ion concentration involved in phospholipase C-activating G protein-coupled signaling pathway,9.618159084351255e-05,biological_process
response to pain,9.618159084351255e-05,biological_process
positive regulation of chemokine-mediated signaling pathway,9.618159084351255e-05,biological_process
leukocyte activation,9.618159084351255e-05,biological_process
NANS,9.618159084351255e-05,gene/protein
PDP1,9.618159084351255e-05,gene/protein
ANKS1B,9.618159084351255e-05,gene/protein
KCTD9P2,9.618159084351255e-05,gene/protein
FPR1,9.618159084351255e-05,gene/protein
NONO,9.618159084351255e-05,gene/protein
KDM5C,9.618159084351255e-05,gene/protein
AGTR2,9.618159084351255e-05,gene/protein
NEXMIF,9.618159084351255e-05,gene/protein
FRMPD4,9.618159084351255e-05,gene/protein
ABCF1,9.618159084351255e-05,gene/protein
PF4,9.618159084351255e-05,gene/protein
IL17A,9.618159084351255e-05,gene/protein
CXCR2,9.618159084351255e-05,gene/protein
CXCR3,9.618159084351255e-05,gene/protein
IL2RB,9.618159084351255e-05,gene/protein
Abnormality of musculoskeletal physiology,9.618159084351255e-05,effect/phenotype
DLG3,9.618159084351255e-05,gene/protein
CXorf56,9.618159084351255e-05,gene/protein
FTSJ1,9.618159084351255e-05,gene/protein
peptidyl-tyrosine autophosphorylation,9.618159084351255e-05,biological_process
response to osmotic stress,9.618159084351255e-05,biological_process
ERBB2 signaling pathway,9.618159084351255e-05,biological_process
positive regulation of DNA replication,9.618159084351255e-05,biological_process
Abnormality of the urinary system physiology,9.618159084351255e-05,effect/phenotype
SMS,9.618159084351255e-05,gene/protein
PLAG1,9.618159084351255e-05,gene/protein
GRIA3,9.618159084351255e-05,gene/protein
RPL10,9.618159084351255e-05,gene/protein
INPP4B,9.618159084351255e-05,gene/protein
RBMX,9.618159084351255e-05,gene/protein
SPATA21,9.618159084351255e-05,gene/protein
TIRAP,9.618159084351255e-05,gene/protein
Abnormality of the auditory canal,9.618159084351255e-05,effect/phenotype
GGT1,9.618159084351255e-05,gene/protein
GJB2,9.618159084351255e-05,gene/protein
RAB39B,9.618159084351255e-05,gene/protein
PTCHD1,9.618159084351255e-05,gene/protein
ARX,9.618159084351255e-05,gene/protein
CLCN4,9.618159084351255e-05,gene/protein
DCD,9.618159084351255e-05,gene/protein
SLC7A14,9.618159084351255e-05,gene/protein
TUFM,9.618159084351255e-05,gene/protein
PICALM,9.618159084351255e-05,gene/protein
CHD5,9.618159084351255e-05,gene/protein
phospholipase C-activating G protein-coupled receptor signaling pathway,9.618159084351255e-05,biological_process
STIP1,9.618159084351255e-05,gene/protein
DNAJA1,9.618159084351255e-05,gene/protein
BTAF1,9.618159084351255e-05,gene/protein
GOT1,9.618159084351255e-05,gene/protein
MT-CO2,9.618159084351255e-05,gene/protein
midgut development,9.618159084351255e-05,biological_process
magnesium ion homeostasis,9.618159084351255e-05,biological_process
VAV2,9.618159084351255e-05,gene/protein
membrane depolarization,9.618159084351255e-05,biological_process
S100A7,9.618159084351255e-05,gene/protein
response to endothelin,9.618159084351255e-05,biological_process
ANKS1A,9.618159084351255e-05,gene/protein
EEA1,9.618159084351255e-05,gene/protein
KCND3,9.618159084351255e-05,gene/protein
RGS16,9.618159084351255e-05,gene/protein
TBRG4,9.618159084351255e-05,gene/protein
HNRNPK,9.618159084351255e-05,gene/protein
Abnormal blood glucose concentration,9.618159084351255e-05,effect/phenotype
ZFHX3,9.618159084351255e-05,gene/protein
ETFDH,9.618159084351255e-05,gene/protein
ACP5,9.618159084351255e-05,gene/protein
AQP7,9.618159084351255e-05,gene/protein
ATXN2,9.618159084351255e-05,gene/protein
ARHGDIB,9.618159084351255e-05,gene/protein
ECHS1,9.618159084351255e-05,gene/protein
CNR1,9.618159084351255e-05,gene/protein
ADH1B,9.618159084351255e-05,gene/protein
NOP16,9.618159084351255e-05,gene/protein
CTSS,9.618159084351255e-05,gene/protein
ARHGDIA,9.618159084351255e-05,gene/protein
PDIA2,9.618159084351255e-05,gene/protein
SVIL,9.618159084351255e-05,gene/protein
ADCY4,9.618159084351255e-05,gene/protein
PTTG1,9.618159084351255e-05,gene/protein
Abnormality of the gingiva,9.618159084351255e-05,effect/phenotype
CTSC,9.618159084351255e-05,gene/protein
FBN1,9.618159084351255e-05,gene/protein
regulation of peptidyl-tyrosine phosphorylation,9.618159084351255e-05,biological_process
CYP1B1,9.618159084351255e-05,gene/protein
RUSC2,9.618159084351255e-05,gene/protein
HNRNPH1,9.618159084351255e-05,gene/protein
GBF1,9.618159084351255e-05,gene/protein
FAH,9.618159084351255e-05,gene/protein
NDFIP1,9.618159084351255e-05,gene/protein
TUBB6,9.618159084351255e-05,gene/protein
PKN3,9.618159084351255e-05,gene/protein
MGARP,9.618159084351255e-05,gene/protein
RAB3A,9.618159084351255e-05,gene/protein
PLSCR1,9.618159084351255e-05,gene/protein
PTPN7,9.618159084351255e-05,gene/protein
MATR3,9.618159084351255e-05,gene/protein
LAPTM4B,9.618159084351255e-05,gene/protein
GPRC5A,9.618159084351255e-05,gene/protein
OSMR,9.618159084351255e-05,gene/protein
ENTPD6,9.618159084351255e-05,gene/protein
GFPT1,9.618159084351255e-05,gene/protein
HADH,9.618159084351255e-05,gene/protein
CS,9.618159084351255e-05,gene/protein
CPB2,9.618159084351255e-05,gene/protein
FAAH,9.618159084351255e-05,gene/protein
ACSL1,9.618159084351255e-05,gene/protein
HTR2A,9.618159084351255e-05,gene/protein
COX7C,9.618159084351255e-05,gene/protein
COL3A1,9.618159084351255e-05,gene/protein
CALB1,9.618159084351255e-05,gene/protein
ACADM,9.618159084351255e-05,gene/protein
ACHE,9.618159084351255e-05,gene/protein
KCNMA1,9.618159084351255e-05,gene/protein
MHC class II antigen presentation,9.618159084351255e-05,pathway
GOPC,9.618159084351255e-05,gene/protein
response to hydroxyisoflavone,9.618159084351255e-05,biological_process
EPGN,9.618159084351255e-05,gene/protein
regulation of cell motility,9.618159084351255e-05,biological_process
SPCS2,9.618159084351255e-05,gene/protein
translation,9.618159084351255e-05,biological_process
H2AX,9.618159084351255e-05,gene/protein
ALDH6A1,9.618159084351255e-05,gene/protein
MMUT,9.618159084351255e-05,gene/protein
DCXR,9.618159084351255e-05,gene/protein
IDO1,9.618159084351255e-05,gene/protein
BCHE,9.618159084351255e-05,gene/protein
BBS9,9.618159084351255e-05,gene/protein
MKS1,9.618159084351255e-05,gene/protein
ADRB3,9.618159084351255e-05,gene/protein
CA3,9.618159084351255e-05,gene/protein
NPC1,9.618159084351255e-05,gene/protein
SIL1,9.618159084351255e-05,gene/protein
KLHL7,9.618159084351255e-05,gene/protein
CWF19L1,9.618159084351255e-05,gene/protein
BBS7,9.618159084351255e-05,gene/protein
FGGY,9.618159084351255e-05,gene/protein
SIRT3,9.618159084351255e-05,gene/protein
H2AC19,9.618159084351255e-05,gene/protein
RIOK1,9.618159084351255e-05,gene/protein
SEC61B,9.618159084351255e-05,gene/protein
response to UV-A,9.618159084351255e-05,biological_process
positive regulation of phosphorylation,9.618159084351255e-05,biological_process
XRN2,9.618159084351255e-05,gene/protein
HSPA2,9.618159084351255e-05,gene/protein
RPN1,9.618159084351255e-05,gene/protein
"positive regulation of synaptic transmission, glutamatergic",9.618159084351255e-05,biological_process
tongue development,9.618159084351255e-05,biological_process
ZNF408,9.618159084351255e-05,gene/protein
SLC37A3,9.618159084351255e-05,gene/protein
RBP4,9.618159084351255e-05,gene/protein
UNC119,9.618159084351255e-05,gene/protein
NAALADL1,9.618159084351255e-05,gene/protein
PRPF4,9.618159084351255e-05,gene/protein
PRPF3,9.618159084351255e-05,gene/protein
CROCC,9.618159084351255e-05,gene/protein
DHX38,9.618159084351255e-05,gene/protein
RLBP1,9.618159084351255e-05,gene/protein
UBAP1L,9.618159084351255e-05,gene/protein
PRCD,9.618159084351255e-05,gene/protein
RHO,9.618159084351255e-05,gene/protein
IFT43,9.618159084351255e-05,gene/protein
PRPH2,9.618159084351255e-05,gene/protein
COL11A1,9.618159084351255e-05,gene/protein
FES,9.618159084351255e-05,gene/protein
DOK6,9.618159084351255e-05,gene/protein
SCN11A,9.618159084351255e-05,gene/protein
C1QTNF5,9.618159084351255e-05,gene/protein
ZNF513,9.618159084351255e-05,gene/protein
CRB1,9.618159084351255e-05,gene/protein
IRX5,9.618159084351255e-05,gene/protein
ROM1,9.618159084351255e-05,gene/protein
RPE65,9.618159084351255e-05,gene/protein
ARL2BP,9.618159084351255e-05,gene/protein
TUB,9.618159084351255e-05,gene/protein
AIPL1,9.618159084351255e-05,gene/protein
TULP1,9.618159084351255e-05,gene/protein
USH2A,9.618159084351255e-05,gene/protein
CLRN1,9.618159084351255e-05,gene/protein
FAM161A,9.618159084351255e-05,gene/protein
RGR,9.618159084351255e-05,gene/protein
SAG,9.618159084351255e-05,gene/protein
CDHR1,9.618159084351255e-05,gene/protein
EIF2B3,9.618159084351255e-05,gene/protein
PTPRT,9.618159084351255e-05,gene/protein
SOS2,9.618159084351255e-05,gene/protein
ASAP3,9.618159084351255e-05,gene/protein
XPOT,9.618159084351255e-05,gene/protein
TOM1L1,9.618159084351255e-05,gene/protein
regulation of ERK1 and ERK2 cascade,9.618159084351255e-05,biological_process
regulation of phosphatidylinositol 3-kinase signaling,9.618159084351255e-05,biological_process
ovulation cycle,9.618159084351255e-05,biological_process
FRAT2,9.618159084351255e-05,gene/protein
SH3GL2,9.618159084351255e-05,gene/protein
DNAJA2,9.618159084351255e-05,gene/protein
UROD,9.618159084351255e-05,gene/protein
EYS,9.618159084351255e-05,gene/protein
PCARE,9.618159084351255e-05,gene/protein
PRPF8,9.618159084351255e-05,gene/protein
GLRX5,9.618159084351255e-05,gene/protein
ARHGEF18,9.618159084351255e-05,gene/protein
SPTBN2,9.618159084351255e-05,gene/protein
UBA5,9.618159084351255e-05,gene/protein
SYT14,9.618159084351255e-05,gene/protein
GRID2,9.618159084351255e-05,gene/protein
ANO10,9.618159084351255e-05,gene/protein
HGSNAT,9.618159084351255e-05,gene/protein
FAM71A,9.618159084351255e-05,gene/protein
MERTK,9.618159084351255e-05,gene/protein
RDH12,9.618159084351255e-05,gene/protein
RP9,9.618159084351255e-05,gene/protein
ABCA4,9.618159084351255e-05,gene/protein
DCTN2,9.618159084351255e-05,gene/protein
cellular response to reactive oxygen species,9.618159084351255e-05,biological_process
IL17RA,9.618159084351255e-05,gene/protein
BBS5,9.618159084351255e-05,gene/protein
INPP5E,9.618159084351255e-05,gene/protein
ATPAF1,9.618159084351255e-05,gene/protein
WNT3A,9.618159084351255e-05,gene/protein
BBS10,9.618159084351255e-05,gene/protein
PHF6,9.618159084351255e-05,gene/protein
KCTD15,9.618159084351255e-05,gene/protein
RPGR,9.618159084351255e-05,gene/protein
FOXI2,9.618159084351255e-05,gene/protein
RP1,9.618159084351255e-05,gene/protein
C8orf37,9.618159084351255e-05,gene/protein
CCZ1B,9.618159084351255e-05,gene/protein
CYP4V2,9.618159084351255e-05,gene/protein
NDUFB11,9.618159084351255e-05,gene/protein
SLC25A38,9.618159084351255e-05,gene/protein
CARD14,9.618159084351255e-05,gene/protein
nitric oxide transport,9.618159084351255e-05,biological_process
AOPEP,9.618159084351255e-05,gene/protein
KCNJ4,9.618159084351255e-05,gene/protein
SLC5A1,9.618159084351255e-05,gene/protein
ANKRD13D,9.618159084351255e-05,gene/protein
ST8SIA4,9.618159084351255e-05,gene/protein
OAZ1,9.618159084351255e-05,gene/protein
viral life cycle,9.618159084351255e-05,biological_process
RIN2,9.618159084351255e-05,gene/protein
CNOT9,9.618159084351255e-05,gene/protein
DNAJC4,9.618159084351255e-05,gene/protein
DCBLD2,9.618159084351255e-05,gene/protein
PTPN20,9.618159084351255e-05,gene/protein
CCDC134,9.618159084351255e-05,gene/protein
LBP,9.618159084351255e-05,gene/protein
AP3B1,9.618159084351255e-05,gene/protein
Abnormality of redox activity,9.618159084351255e-05,effect/phenotype
TRNT1,9.618159084351255e-05,gene/protein
ABCB7,9.618159084351255e-05,gene/protein
ALAS2,9.618159084351255e-05,gene/protein
PTER,9.618159084351255e-05,gene/protein
WSCD1,9.618159084351255e-05,gene/protein
NDRG1,9.618159084351255e-05,gene/protein
DICER1,9.618159084351255e-05,gene/protein
AMACR,9.618159084351255e-05,gene/protein
ACOX2,9.618159084351255e-05,gene/protein
GNPDA2,9.618159084351255e-05,gene/protein
ARF1,9.618159084351255e-05,gene/protein
BLOC1S6,9.618159084351255e-05,gene/protein
FHIT,9.618159084351255e-05,gene/protein
GPX2,9.618159084351255e-05,gene/protein
TTC39A,9.618159084351255e-05,gene/protein
YIF1A,9.618159084351255e-05,gene/protein
CGREF1,9.618159084351255e-05,gene/protein
MYO5B,9.618159084351255e-05,gene/protein
CTLA4,9.618159084351255e-05,gene/protein
MIR34A,9.618159084351255e-05,gene/protein
TJP2,9.618159084351255e-05,gene/protein
TOX3,9.618159084351255e-05,gene/protein
PHGDH,9.618159084351255e-05,gene/protein
HSDL2,9.618159084351255e-05,gene/protein
ASH1L,9.618159084351255e-05,gene/protein
DPP10,9.618159084351255e-05,gene/protein
TRMT11,9.618159084351255e-05,gene/protein
CLSTN2,9.618159084351255e-05,gene/protein
BCL2L14,9.618159084351255e-05,gene/protein
regulation of cytokinesis,9.618159084351255e-05,biological_process
UHRF2,9.618159084351255e-05,gene/protein
PPM1L,9.618159084351255e-05,gene/protein
NPY5R,9.618159084351255e-05,gene/protein
VPS13B,9.618159084351255e-05,gene/protein
BBS12,9.618159084351255e-05,gene/protein
RMST,9.618159084351255e-05,gene/protein
NEGR1,9.618159084351255e-05,gene/protein
ZNF169,9.618159084351255e-05,gene/protein
PDRG1,9.618159084351255e-05,gene/protein
OAT,9.618159084351255e-05,gene/protein
PLS1,9.618159084351255e-05,gene/protein
GRIK2,9.618159084351255e-05,gene/protein
EXOSC2,9.618159084351255e-05,gene/protein
CSF3,9.618159084351255e-05,gene/protein
CRABP1,9.618159084351255e-05,gene/protein
CYP7B1,9.618159084351255e-05,gene/protein
PLIN1,9.618159084351255e-05,gene/protein
CYP26B1,9.618159084351255e-05,gene/protein
CCDC50,9.618159084351255e-05,gene/protein
ANKRD13B,9.618159084351255e-05,gene/protein
KCTD9,9.618159084351255e-05,gene/protein
AKAP12,9.618159084351255e-05,gene/protein
PFKP,9.618159084351255e-05,gene/protein
ROR1,9.618159084351255e-05,gene/protein
ERCC1,9.618159084351255e-05,gene/protein
EXOC3,9.618159084351255e-05,gene/protein
SGSM2,9.618159084351255e-05,gene/protein
body fluid secretion,9.618159084351255e-05,biological_process
response to cycloheximide,9.618159084351255e-05,biological_process
RTN1,9.618159084351255e-05,gene/protein
EPS8,9.618159084351255e-05,gene/protein
HOXC10,9.618159084351255e-05,gene/protein
ITSN2,9.618159084351255e-05,gene/protein
MIR21,9.618159084351255e-05,gene/protein
BTBD11,9.618159084351255e-05,gene/protein
KIF22,9.618159084351255e-05,gene/protein
PACS1,9.618159084351255e-05,gene/protein
MTA2,9.618159084351255e-05,gene/protein
CD302,9.618159084351255e-05,gene/protein
NPY1R,9.618159084351255e-05,gene/protein
BCL11B,9.618159084351255e-05,gene/protein
CD3D,9.618159084351255e-05,gene/protein
ATP1A3,9.618159084351255e-05,gene/protein
APCDD1,9.618159084351255e-05,gene/protein
LTF,9.618159084351255e-05,gene/protein
ITIH1,9.618159084351255e-05,gene/protein
ZFR2,9.618159084351255e-05,gene/protein
PMCH,9.618159084351255e-05,gene/protein
MKKS,9.618159084351255e-05,gene/protein
mitochondrion morphogenesis,9.618159084351255e-05,biological_process
suppression by virus of host apoptotic process,9.618159084351255e-05,biological_process
regulation of growth,9.618159084351255e-05,biological_process
SHC2,9.618159084351255e-05,gene/protein
EXOC8,9.618159084351255e-05,gene/protein
CMTM8,9.618159084351255e-05,gene/protein
RAPH1,9.618159084351255e-05,gene/protein
NDFIP2,9.618159084351255e-05,gene/protein
WASF3,9.618159084351255e-05,gene/protein
PRKD1,9.618159084351255e-05,gene/protein
GABARAPL2,9.618159084351255e-05,gene/protein
PDK3,9.618159084351255e-05,gene/protein
PTPRH,9.618159084351255e-05,gene/protein
inorganic diphosphate transport,9.618159084351255e-05,biological_process
cellular phosphate ion homeostasis,9.618159084351255e-05,biological_process
enkephalin processing,9.618159084351255e-05,biological_process
MBNL3,9.618159084351255e-05,gene/protein
NAA50,9.618159084351255e-05,gene/protein
insulin processing,9.618159084351255e-05,biological_process
islet amyloid polypeptide processing,9.618159084351255e-05,biological_process
AKR1C3,9.618159084351255e-05,gene/protein
GAS7,9.618159084351255e-05,gene/protein
PYY,9.618159084351255e-05,gene/protein
RIOK3,9.618159084351255e-05,gene/protein
SLC22A2,9.618159084351255e-05,gene/protein
UCP1,9.618159084351255e-05,gene/protein
SUCLG2,9.618159084351255e-05,gene/protein
SDC3,9.618159084351255e-05,gene/protein
CARTPT,9.618159084351255e-05,gene/protein
CLPB,9.618159084351255e-05,gene/protein
riboflavin metabolic process,9.618159084351255e-05,biological_process
NPR2,9.618159084351255e-05,gene/protein
SCAMP3,9.618159084351255e-05,gene/protein
KCNN1,9.618159084351255e-05,gene/protein
PLD2,9.618159084351255e-05,gene/protein
GORAB,9.618159084351255e-05,gene/protein
ITPR2,9.618159084351255e-05,gene/protein
METTL23,9.618159084351255e-05,gene/protein
negative regulation of smooth muscle cell apoptotic process,9.618159084351255e-05,biological_process
IGKC,9.618159084351255e-05,gene/protein
RAB18,9.618159084351255e-05,gene/protein
PIK3C2A,9.618159084351255e-05,gene/protein
TNC,9.618159084351255e-05,gene/protein
ERBB4,9.618159084351255e-05,gene/protein
SH2D3A,9.618159084351255e-05,gene/protein
LACTB,9.618159084351255e-05,gene/protein
LPL,9.618159084351255e-05,gene/protein
response to muramyl dipeptide,9.618159084351255e-05,biological_process
enamel mineralization,9.618159084351255e-05,biological_process
CCDC179,9.618159084351255e-05,gene/protein
LDLR,9.618159084351255e-05,gene/protein
UCP3,9.618159084351255e-05,gene/protein
PEX11A,9.618159084351255e-05,gene/protein
SUCLA2,9.618159084351255e-05,gene/protein
SDCCAG8,9.618159084351255e-05,gene/protein
ALDH1L1,9.618159084351255e-05,gene/protein
MYT1L,9.618159084351255e-05,gene/protein
MIR184,9.618159084351255e-05,gene/protein
VLDLR,9.618159084351255e-05,gene/protein
PRKAR2B,9.618159084351255e-05,gene/protein
Vitamin B5 (pantothenate) metabolism,9.618159084351255e-05,pathway
hepatocyte apoptotic process,9.618159084351255e-05,biological_process
ZHX1,9.618159084351255e-05,gene/protein
apoptotic mitochondrial changes,9.618159084351255e-05,biological_process
MTIF3,9.618159084351255e-05,gene/protein
MUC4,9.618159084351255e-05,gene/protein
CYTH2,9.618159084351255e-05,gene/protein
DNAAF5,9.618159084351255e-05,gene/protein
RAPGEF1,9.618159084351255e-05,gene/protein
RBM10,9.618159084351255e-05,gene/protein
MPV17,9.618159084351255e-05,gene/protein
negative regulation of Notch signaling pathway,9.618159084351255e-05,biological_process
H2AC18,9.618159084351255e-05,gene/protein
ERCC6,9.618159084351255e-05,gene/protein
RHOH,9.618159084351255e-05,gene/protein
PRG2,9.618159084351255e-05,gene/protein
KIF20A,9.618159084351255e-05,gene/protein
ZNF143,9.618159084351255e-05,gene/protein
protein autoprocessing,9.618159084351255e-05,biological_process
negative regulation of glycogen biosynthetic process,9.618159084351255e-05,biological_process
DGUOK,9.618159084351255e-05,gene/protein
STX2,9.618159084351255e-05,gene/protein
SORT1,9.618159084351255e-05,gene/protein
KCNB1,9.618159084351255e-05,gene/protein
ECHDC1,9.618159084351255e-05,gene/protein
CDK5RAP3,9.618159084351255e-05,gene/protein
DEFB4B,9.618159084351255e-05,gene/protein
TNIP3,9.618159084351255e-05,gene/protein
USP31,9.618159084351255e-05,gene/protein
HOXD13,9.618159084351255e-05,gene/protein
SH3D21,9.618159084351255e-05,gene/protein
SGPL1,9.618159084351255e-05,gene/protein
DNAJB11,9.618159084351255e-05,gene/protein
TBC1D9,9.618159084351255e-05,gene/protein
ULK3,9.618159084351255e-05,gene/protein
LEAP2,9.618159084351255e-05,gene/protein
MDH1,9.618159084351255e-05,gene/protein
SYN1,9.618159084351255e-05,gene/protein
TSTD2,9.618159084351255e-05,gene/protein
ARPC5,9.618159084351255e-05,gene/protein
STX17,9.618159084351255e-05,gene/protein
SH3BGRL3,9.618159084351255e-05,gene/protein
NEU4,9.618159084351255e-05,gene/protein
TRIM15,9.618159084351255e-05,gene/protein
SMYD5,9.618159084351255e-05,gene/protein
ALG11,9.618159084351255e-05,gene/protein
MED7,9.618159084351255e-05,gene/protein
CBY3,9.618159084351255e-05,gene/protein
MGST2,9.618159084351255e-05,gene/protein
SPTSSA,9.618159084351255e-05,gene/protein
KHK,9.618159084351255e-05,gene/protein
RAB5B,9.618159084351255e-05,gene/protein
regulation of triglyceride metabolic process,9.618159084351255e-05,biological_process
AMFR,9.618159084351255e-05,gene/protein
BCAT1,9.618159084351255e-05,gene/protein
BMP6,9.618159084351255e-05,gene/protein
ENO3,9.618159084351255e-05,gene/protein
LGMN,9.618159084351255e-05,gene/protein
ATP6V1A,9.618159084351255e-05,gene/protein
MCM5,9.618159084351255e-05,gene/protein
RNASE1,9.618159084351255e-05,gene/protein
TAP2,9.618159084351255e-05,gene/protein
NKX2-1,9.618159084351255e-05,gene/protein
BATF2,9.618159084351255e-05,gene/protein
TAF11,9.618159084351255e-05,gene/protein
MRPL12,9.618159084351255e-05,gene/protein
SARS1,9.618159084351255e-05,gene/protein
HEXB,9.618159084351255e-05,gene/protein
NAP1L4,9.618159084351255e-05,gene/protein
POLR2E,9.618159084351255e-05,gene/protein
ETFB,9.618159084351255e-05,gene/protein
RBKS,9.618159084351255e-05,gene/protein
VAMP5,9.618159084351255e-05,gene/protein
SCAF11,9.618159084351255e-05,gene/protein
SH3BGRL,9.618159084351255e-05,gene/protein
TNS3,9.618159084351255e-05,gene/protein
EREG,9.618159084351255e-05,gene/protein
ATXN10,9.618159084351255e-05,gene/protein
EIF4G2,9.618159084351255e-05,gene/protein
PNPLA2,9.618159084351255e-05,gene/protein
SLC15A4,9.618159084351255e-05,gene/protein
GNGT2,9.618159084351255e-05,gene/protein
CLIP4,9.618159084351255e-05,gene/protein
TOMM6,9.618159084351255e-05,gene/protein
P4HTM,9.618159084351255e-05,gene/protein
MAN1A1,9.618159084351255e-05,gene/protein
STX16,9.618159084351255e-05,gene/protein
AFMID,9.618159084351255e-05,gene/protein
ANP32B,9.618159084351255e-05,gene/protein
GAS1,9.618159084351255e-05,gene/protein
ornithine metabolic process,9.618159084351255e-05,biological_process
PNRC1,9.618159084351255e-05,gene/protein
PAX8,9.618159084351255e-05,gene/protein
SUB1,9.618159084351255e-05,gene/protein
SYNJ2,9.618159084351255e-05,gene/protein
FCN1,9.618159084351255e-05,gene/protein
PRPH,9.618159084351255e-05,gene/protein
PLG,9.618159084351255e-05,gene/protein
LAMC1,9.618159084351255e-05,gene/protein
LAMB1,9.618159084351255e-05,gene/protein
POU4F2,9.618159084351255e-05,gene/protein
HOXC6,9.618159084351255e-05,gene/protein
LRRC32,9.618159084351255e-05,gene/protein
GLO1,9.618159084351255e-05,gene/protein
PPIA,9.618159084351255e-05,gene/protein
GOLGB1,9.618159084351255e-05,gene/protein
CKB,9.618159084351255e-05,gene/protein
IMPDH2,9.618159084351255e-05,gene/protein
MYH11,9.618159084351255e-05,gene/protein
MTHFD1,9.618159084351255e-05,gene/protein
PHKA1,9.618159084351255e-05,gene/protein
GRINA,9.618159084351255e-05,gene/protein
RCAN2,9.618159084351255e-05,gene/protein
RPL21,9.618159084351255e-05,gene/protein
OTX2,9.618159084351255e-05,gene/protein
CCDC142,9.618159084351255e-05,gene/protein
SLC2A4RG,9.618159084351255e-05,gene/protein
SEPTIN9,9.618159084351255e-05,gene/protein
B3GALT1,9.618159084351255e-05,gene/protein
C18orf32,9.618159084351255e-05,gene/protein
TMEM147,9.618159084351255e-05,gene/protein
MT-ATP6,9.618159084351255e-05,gene/protein
SYNGR4,9.618159084351255e-05,gene/protein
CDC42BPA,9.618159084351255e-05,gene/protein
ANXA9,9.618159084351255e-05,gene/protein
DHRS3,9.618159084351255e-05,gene/protein
ZNF184,9.618159084351255e-05,gene/protein
SLC16A3,9.618159084351255e-05,gene/protein
KLC4,9.618159084351255e-05,gene/protein
TMEM150A,9.618159084351255e-05,gene/protein
RPS3A,9.618159084351255e-05,gene/protein
ETV4,9.618159084351255e-05,gene/protein
SERPINB1,9.618159084351255e-05,gene/protein
PNPO,9.618159084351255e-05,gene/protein
S100P,9.618159084351255e-05,gene/protein
FKBP11,9.618159084351255e-05,gene/protein
CHD7,9.618159084351255e-05,gene/protein
MECP2 regulates transcription factors,9.618159084351255e-05,pathway
behavioral response to nicotine,9.618159084351255e-05,biological_process
negative regulation of cell growth involved in cardiac muscle cell development,9.618159084351255e-05,biological_process
regulation of fatty acid metabolic process,9.618159084351255e-05,biological_process
"BMAL1:CLOCK,NPAS2 activates circadian gene expression",9.618159084351255e-05,pathway
Activation of gene expression by SREBF (SREBP),9.618159084351255e-05,pathway
Regulation of lipid metabolism by PPARalpha,9.618159084351255e-05,pathway
HINT1,9.618159084351255e-05,gene/protein
BMP2,9.618159084351255e-05,gene/protein
DLGAP4,9.618159084351255e-05,gene/protein
HNMT,9.618159084351255e-05,gene/protein
type B pancreatic cell development,9.618159084351255e-05,biological_process
SLC36A3,9.618159084351255e-05,gene/protein
regulation of cholesterol metabolic process,9.618159084351255e-05,biological_process
CELA3B,9.618159084351255e-05,gene/protein
NUCKS1,9.618159084351255e-05,gene/protein
CNIH4,9.618159084351255e-05,gene/protein
LIME1,9.618159084351255e-05,gene/protein
PLEKHG6,9.618159084351255e-05,gene/protein
CITED2,9.618159084351255e-05,gene/protein
LAMA5,9.618159084351255e-05,gene/protein
PUS10,9.618159084351255e-05,gene/protein
FOXO6,9.618159084351255e-05,gene/protein
DIDO1,9.618159084351255e-05,gene/protein
EXOSC4,9.618159084351255e-05,gene/protein
regulation of cellular ketone metabolic process,9.618159084351255e-05,biological_process
regulation of fatty acid transport,9.618159084351255e-05,biological_process
negative regulation of hepatocyte apoptotic process,9.618159084351255e-05,biological_process
lipid localization,9.618159084351255e-05,biological_process
LPIN1,9.618159084351255e-05,gene/protein
positive regulation of viral genome replication,9.618159084351255e-05,biological_process
G6PC1,9.618159084351255e-05,gene/protein
DARS1,9.618159084351255e-05,gene/protein
APRT,9.618159084351255e-05,gene/protein
NMT1,9.618159084351255e-05,gene/protein
APOA4,9.618159084351255e-05,gene/protein
CARD8,9.618159084351255e-05,gene/protein
Vitamin B2 (riboflavin) metabolism,9.618159084351255e-05,pathway
EXOSC9,9.618159084351255e-05,gene/protein
ENG,9.618159084351255e-05,gene/protein
POMT2,9.618159084351255e-05,gene/protein
GABBR2,9.618159084351255e-05,gene/protein
KNL1,9.618159084351255e-05,gene/protein
LBX2,9.618159084351255e-05,gene/protein
TMBIM1,9.618159084351255e-05,gene/protein
MOGAT3,9.618159084351255e-05,gene/protein
PEX13,9.618159084351255e-05,gene/protein
NSMCE1,9.618159084351255e-05,gene/protein
TCEANC2,9.618159084351255e-05,gene/protein
LAX1,9.618159084351255e-05,gene/protein
H2BC17,9.618159084351255e-05,gene/protein
PPM1F,9.618159084351255e-05,gene/protein
SMIM40,9.618159084351255e-05,gene/protein
SHB,9.618159084351255e-05,gene/protein
ABCC9,9.618159084351255e-05,gene/protein
steroid hormone mediated signaling pathway,9.618159084351255e-05,biological_process
FTH1,9.618159084351255e-05,gene/protein
CYP27A1,9.618159084351255e-05,gene/protein
negative regulation of interferon-gamma-mediated signaling pathway,9.618159084351255e-05,biological_process
regulation of DNA-templated transcription in response to stress,9.618159084351255e-05,biological_process
RBFOX2,9.618159084351255e-05,gene/protein
TAS2R9,9.618159084351255e-05,gene/protein
ORC6,9.618159084351255e-05,gene/protein
nucleoside triphosphate catabolic process,9.618159084351255e-05,biological_process
COPB1,9.618159084351255e-05,gene/protein
COL12A1,9.618159084351255e-05,gene/protein
FOXF1,9.618159084351255e-05,gene/protein
CHRM1,9.618159084351255e-05,gene/protein
NAT1,9.618159084351255e-05,gene/protein
FABP4,9.618159084351255e-05,gene/protein
SARDH,9.618159084351255e-05,gene/protein
PLPP2,9.618159084351255e-05,gene/protein
G-protein activation,9.618159084351255e-05,pathway
G beta:gamma signalling through BTK,9.618159084351255e-05,pathway
phospholipid homeostasis,9.618159084351255e-05,biological_process
SLC28A1,9.618159084351255e-05,gene/protein
TJAP1,9.618159084351255e-05,gene/protein
MYH7,9.618159084351255e-05,gene/protein
SLCO2B1,9.618159084351255e-05,gene/protein
GIPC2,9.618159084351255e-05,gene/protein
STRAP,9.618159084351255e-05,gene/protein
TMEM59,9.618159084351255e-05,gene/protein
MARCHF7,9.618159084351255e-05,gene/protein
STAP1,9.618159084351255e-05,gene/protein
MAST4,9.618159084351255e-05,gene/protein
PRKD3,9.618159084351255e-05,gene/protein
TCEA2,9.618159084351255e-05,gene/protein
CSF1R,9.618159084351255e-05,gene/protein
GNG10,9.618159084351255e-05,gene/protein
GDI2,9.618159084351255e-05,gene/protein
C2,9.618159084351255e-05,gene/protein
ALDH7A1,9.618159084351255e-05,gene/protein
PTMS,9.618159084351255e-05,gene/protein
FUT5,9.618159084351255e-05,gene/protein
F10,9.618159084351255e-05,gene/protein
APOC3,9.618159084351255e-05,gene/protein
CST3,9.618159084351255e-05,gene/protein
EPHX2,9.618159084351255e-05,gene/protein
CYP26A1,9.618159084351255e-05,gene/protein
LTB4R,9.618159084351255e-05,gene/protein
RPL30,9.618159084351255e-05,gene/protein
HSP90AB3P,9.618159084351255e-05,gene/protein
FGG,9.618159084351255e-05,gene/protein
AHSA1,9.618159084351255e-05,gene/protein
GTF2F1,9.618159084351255e-05,gene/protein
CYP8B1,9.618159084351255e-05,gene/protein
PDK2,9.618159084351255e-05,gene/protein
CCNJ,9.618159084351255e-05,gene/protein
TBC1D31,9.618159084351255e-05,gene/protein
ACTR3B,9.618159084351255e-05,gene/protein
IFITM3,9.618159084351255e-05,gene/protein
GTF3C2,9.618159084351255e-05,gene/protein
WDR11,9.618159084351255e-05,gene/protein
IFNAR1,9.618159084351255e-05,gene/protein
RGS19,9.618159084351255e-05,gene/protein
NEK11,9.618159084351255e-05,gene/protein
Activation of G protein gated Potassium channels,9.618159084351255e-05,pathway
GNG3,9.618159084351255e-05,gene/protein
GNG8,9.618159084351255e-05,gene/protein
GNG12,9.618159084351255e-05,gene/protein
positive regulation of blood pressure,9.618159084351255e-05,biological_process
antigen transcytosis by M cells in mucosal-associated lymphoid tissue,9.618159084351255e-05,biological_process
RGS3,9.618159084351255e-05,gene/protein
JPH2,9.618159084351255e-05,gene/protein
YKT6,9.618159084351255e-05,gene/protein
PSIP1,9.618159084351255e-05,gene/protein
nucleotide-binding oligomerization domain containing 2 signaling pathway,9.618159084351255e-05,biological_process
PCLO,9.618159084351255e-05,gene/protein
PA2G4,9.618159084351255e-05,gene/protein
PSAP,9.618159084351255e-05,gene/protein
NACA,9.618159084351255e-05,gene/protein
C4BPA,9.618159084351255e-05,gene/protein
PPA1,9.618159084351255e-05,gene/protein
ACAT1,9.618159084351255e-05,gene/protein
EIF1AX,9.618159084351255e-05,gene/protein
CTSE,9.618159084351255e-05,gene/protein
EEF2,9.618159084351255e-05,gene/protein
S100A11,9.618159084351255e-05,gene/protein
NKX2-5,9.618159084351255e-05,gene/protein
PDCL,9.618159084351255e-05,gene/protein
protein folding,9.618159084351255e-05,biological_process
RASD2,9.618159084351255e-05,gene/protein
GNG5,9.618159084351255e-05,gene/protein
ADP signalling through P2Y purinoceptor 12,9.618159084351255e-05,pathway
Prostacyclin signalling through prostacyclin receptor,9.618159084351255e-05,pathway
ZNF131,9.618159084351255e-05,gene/protein
SNORD35B,9.618159084351255e-05,gene/protein
TRAF3IP2,9.618159084351255e-05,gene/protein
KRTAP17-1,9.618159084351255e-05,gene/protein
VAPB,9.618159084351255e-05,gene/protein
STMN3,9.618159084351255e-05,gene/protein
cAMP-mediated signaling,9.618159084351255e-05,biological_process
Post-translational modification: synthesis of GPI-anchored proteins,9.618159084351255e-05,pathway
GNG11,9.618159084351255e-05,gene/protein
G alpha (12/13) signalling events,9.618159084351255e-05,pathway
Thromboxane signalling through TP receptor,9.618159084351255e-05,pathway
TMEM209,9.618159084351255e-05,gene/protein
DCAF6,9.618159084351255e-05,gene/protein
SCRIB,9.618159084351255e-05,gene/protein
Presynaptic function of Kainate receptors,9.618159084351255e-05,pathway
Cooperation of PDCL (PhLP1) and TRiC/CCT in G-protein beta folding,9.618159084351255e-05,pathway
TCAF1,9.618159084351255e-05,gene/protein
G beta:gamma signalling through CDC42,9.618159084351255e-05,pathway
cell volume homeostasis,9.618159084351255e-05,biological_process
SOX30,9.618159084351255e-05,gene/protein
RAB17,9.618159084351255e-05,gene/protein
GLUD1,9.618159084351255e-05,gene/protein
LDHB,9.618159084351255e-05,gene/protein
MFHAS1,9.618159084351255e-05,gene/protein
CNOT1,9.618159084351255e-05,gene/protein
ZBTB20,9.618159084351255e-05,gene/protein
ZSCAN1,9.618159084351255e-05,gene/protein
retinoic acid receptor signaling pathway,9.618159084351255e-05,biological_process
NCBP1,9.618159084351255e-05,gene/protein
ATP6V1B1,9.618159084351255e-05,gene/protein
RPA3,9.618159084351255e-05,gene/protein
PFDN2,9.618159084351255e-05,gene/protein
SERPINA3,9.618159084351255e-05,gene/protein
DNASE1L2,9.618159084351255e-05,gene/protein
TXLNA,9.618159084351255e-05,gene/protein
CFAP46,9.618159084351255e-05,gene/protein
RNF214,9.618159084351255e-05,gene/protein
HELZ2,9.618159084351255e-05,gene/protein
lipoprotein metabolic process,9.618159084351255e-05,biological_process
SLC25A6,9.618159084351255e-05,gene/protein
FAM90A1,9.618159084351255e-05,gene/protein
PRMT8,9.618159084351255e-05,gene/protein
SLC10A1,9.618159084351255e-05,gene/protein
SEBOX,9.618159084351255e-05,gene/protein
FAM83H,9.618159084351255e-05,gene/protein
NELFE,9.618159084351255e-05,gene/protein
CUL4A,9.618159084351255e-05,gene/protein
GNGT1,9.618159084351255e-05,gene/protein
NDUFA6,9.618159084351255e-05,gene/protein
neutrophil migration,9.618159084351255e-05,biological_process
SMO,9.618159084351255e-05,gene/protein
TM4SF19,9.618159084351255e-05,gene/protein
TLCD4,9.618159084351255e-05,gene/protein
FAM174A,9.618159084351255e-05,gene/protein
UGT8,9.618159084351255e-05,gene/protein
cellular response to cisplatin,9.618159084351255e-05,biological_process
cellular response to arsenic-containing substance,9.618159084351255e-05,biological_process
negative regulation of mast cell degranulation,9.618159084351255e-05,biological_process
Inhibition  of voltage gated Ca2+ channels via Gbeta/gamma subunits,9.618159084351255e-05,pathway
regulation of phospholipid metabolic process,9.618159084351255e-05,biological_process
G beta:gamma signalling through PLC beta,9.618159084351255e-05,pathway
ADP signalling through P2Y purinoceptor 1,9.618159084351255e-05,pathway
Thrombin signalling through proteinase activated receptors (PARs),9.618159084351255e-05,pathway
SCGB2A1,9.618159084351255e-05,gene/protein
KRTAP10-11,9.618159084351255e-05,gene/protein
CYSTM1,9.618159084351255e-05,gene/protein
TMEM176B,9.618159084351255e-05,gene/protein
EMC7,9.618159084351255e-05,gene/protein
protein import into nucleus,9.618159084351255e-05,biological_process
ELOVL1,9.618159084351255e-05,gene/protein
CD70,9.618159084351255e-05,gene/protein
BZW1,9.618159084351255e-05,gene/protein
ATXN1,9.618159084351255e-05,gene/protein
DAP3,9.618159084351255e-05,gene/protein
VWC2L,9.618159084351255e-05,gene/protein
3'-phosphoadenosine 5'-phosphosulfate metabolic process,9.618159084351255e-05,biological_process
negative regulation of hh target transcription factor activity,9.618159084351255e-05,biological_process
IFIT3,9.618159084351255e-05,gene/protein
FCER2,9.618159084351255e-05,gene/protein
CD80,9.618159084351255e-05,gene/protein
HSPA6,9.618159084351255e-05,gene/protein
monocyte differentiation,9.618159084351255e-05,biological_process
cell maturation,9.618159084351255e-05,biological_process
HNRNPDL,9.618159084351255e-05,gene/protein
CBFA2T3,9.618159084351255e-05,gene/protein
ATP5PF,9.618159084351255e-05,gene/protein
cellular response to nutrient,9.618159084351255e-05,biological_process
SVOP,9.618159084351255e-05,gene/protein
OCIAD2,9.618159084351255e-05,gene/protein
PRSS2,9.618159084351255e-05,gene/protein
SLC26A1,9.618159084351255e-05,gene/protein
ACOT13,9.618159084351255e-05,gene/protein
GPR37,9.618159084351255e-05,gene/protein
CCDC167,9.618159084351255e-05,gene/protein
regulation of transcription from RNA polymerase II promoter in response to oxidative stress,9.618159084351255e-05,biological_process
MYL6,9.618159084351255e-05,gene/protein
PAQR6,9.618159084351255e-05,gene/protein
KRTAP10-9,9.618159084351255e-05,gene/protein
response to fructose,9.618159084351255e-05,biological_process
carbohydrate derivative metabolic process,9.618159084351255e-05,biological_process
TLX3,9.618159084351255e-05,gene/protein
CHIC2,9.618159084351255e-05,gene/protein
collagen catabolic process,9.618159084351255e-05,biological_process
FLNB,9.618159084351255e-05,gene/protein
CRTC2,9.618159084351255e-05,gene/protein
ZNF587,9.618159084351255e-05,gene/protein
CHD9,9.618159084351255e-05,gene/protein
regulation of inflammatory response,9.618159084351255e-05,biological_process
regulation of NIK/NF-kappaB signaling,9.618159084351255e-05,biological_process
TWIST1,9.618159084351255e-05,gene/protein
negative regulation of metanephric mesenchymal cell migration,9.618159084351255e-05,biological_process
negative regulation of bone mineralization,9.618159084351255e-05,biological_process
ZSCAN23,9.618159084351255e-05,gene/protein
regulation of bone mineralization,9.618159084351255e-05,biological_process
cellular amino acid metabolic process,9.618159084351255e-05,biological_process
PRNP,9.618159084351255e-05,gene/protein
ABCC2,9.618159084351255e-05,gene/protein
AMPD3,9.618159084351255e-05,gene/protein
OST4,9.618159084351255e-05,gene/protein
MS4A1,9.618159084351255e-05,gene/protein
CD86,9.618159084351255e-05,gene/protein
CD74,9.618159084351255e-05,gene/protein
HNRNPM,9.618159084351255e-05,gene/protein
HIRA,9.618159084351255e-05,gene/protein
C6orf47,9.618159084351255e-05,gene/protein
PKDCC,9.618159084351255e-05,gene/protein
GNB5,9.618159084351255e-05,gene/protein
regulation of DNA-binding transcription factor activity,9.618159084351255e-05,biological_process
ARL13B,9.618159084351255e-05,gene/protein
MSMO1,9.618159084351255e-05,gene/protein
ELOVL5,9.618159084351255e-05,gene/protein
ARFRP1,9.618159084351255e-05,gene/protein
CDK17,9.618159084351255e-05,gene/protein
EIF5B,9.618159084351255e-05,gene/protein
CIR1,9.618159084351255e-05,gene/protein
heme catabolic process,9.618159084351255e-05,biological_process
negative regulation of muscle cell apoptotic process,9.618159084351255e-05,biological_process
HSH2D,9.618159084351255e-05,gene/protein
negative regulation of macroautophagy,9.618159084351255e-05,biological_process
TM4SF19-DYNLT2B,9.618159084351255e-05,gene/protein
TEX264,9.618159084351255e-05,gene/protein
Downstream signaling of activated FGFR1,9.618159084351255e-05,pathway
MFSD14B,9.618159084351255e-05,gene/protein
DPY19L2P1,9.618159084351255e-05,gene/protein
SHC-mediated cascade:FGFR1,9.618159084351255e-05,pathway
SIGLEC12,9.618159084351255e-05,gene/protein
SLC35E3,9.618159084351255e-05,gene/protein
Phospholipase C-mediated cascade: FGFR1,9.618159084351255e-05,pathway
FGFR1c and Klotho ligand binding and activation,9.618159084351255e-05,pathway
NETO2,9.618159084351255e-05,gene/protein
peroxisome proliferator activated receptor signaling pathway,9.618159084351255e-05,biological_process
wound healing involved in inflammatory response,9.618159084351255e-05,biological_process
regulation of heart contraction,9.618159084351255e-05,biological_process
sodium ion transport,9.618159084351255e-05,biological_process
ATP metabolic process,9.618159084351255e-05,biological_process
EPHA3,9.618159084351255e-05,gene/protein
CX3CR1,9.618159084351255e-05,gene/protein
MKNK1,9.618159084351255e-05,gene/protein
ZMAT2,9.618159084351255e-05,gene/protein
negative regulation of glucokinase activity,9.618159084351255e-05,biological_process
protein insertion into ER membrane,9.618159084351255e-05,biological_process
SERP1,9.618159084351255e-05,gene/protein
PPIB,9.618159084351255e-05,gene/protein
SAA1,9.618159084351255e-05,gene/protein
PIGG,9.618159084351255e-05,gene/protein
SYNGR3,9.618159084351255e-05,gene/protein
cell death,9.618159084351255e-05,biological_process
positive regulation of metanephric glomerular visceral epithelial cell development,9.618159084351255e-05,biological_process
positive regulation of myeloid cell apoptotic process,9.618159084351255e-05,biological_process
biomineral tissue development,9.618159084351255e-05,biological_process
NOMO2,9.618159084351255e-05,gene/protein
ACTR5,9.618159084351255e-05,gene/protein
MICAL1,9.618159084351255e-05,gene/protein
CABLES1,9.618159084351255e-05,gene/protein
LRP5,9.618159084351255e-05,gene/protein
SCAF1,9.618159084351255e-05,gene/protein
PPWD1,9.618159084351255e-05,gene/protein
EML2,9.618159084351255e-05,gene/protein
NUAK2,9.618159084351255e-05,gene/protein
iron ion homeostasis,9.618159084351255e-05,biological_process
heme oxidation,9.618159084351255e-05,biological_process
regulation of transcription from RNA polymerase II promoter in response to iron,9.618159084351255e-05,biological_process
negative regulation of epithelial cell apoptotic process,9.618159084351255e-05,biological_process
CYBRD1,9.618159084351255e-05,gene/protein
PTGER4,9.618159084351255e-05,gene/protein
ELOVL6,9.618159084351255e-05,gene/protein
SLC35C2,9.618159084351255e-05,gene/protein
FKBP7,9.618159084351255e-05,gene/protein
positive regulation of lipid transporter activity,9.618159084351255e-05,biological_process
response to linoleic acid,9.618159084351255e-05,biological_process
detection of oxidative stress,9.618159084351255e-05,biological_process
CD99,9.618159084351255e-05,gene/protein
ANXA6,9.618159084351255e-05,gene/protein
SLC25A5,9.618159084351255e-05,gene/protein
CDH4,9.618159084351255e-05,gene/protein
CDH11,9.618159084351255e-05,gene/protein
FRS-mediated FGFR1 signaling,9.618159084351255e-05,pathway
SLC22A23,9.618159084351255e-05,gene/protein
response to sucrose,9.618159084351255e-05,biological_process
HOXC9,9.618159084351255e-05,gene/protein
HARS1,9.618159084351255e-05,gene/protein
CKS1B,9.618159084351255e-05,gene/protein
PROKR2,9.618159084351255e-05,gene/protein
CLEC2D,9.618159084351255e-05,gene/protein
KCNQ2,9.618159084351255e-05,gene/protein
KCNE2,9.618159084351255e-05,gene/protein
ventricular cardiac muscle cell action potential,9.618159084351255e-05,biological_process
Voltage gated Potassium channels,9.618159084351255e-05,pathway
urate metabolic process,9.618159084351255e-05,biological_process
CRB3,9.618159084351255e-05,gene/protein
PDZK1IP1,9.618159084351255e-05,gene/protein
excretion,9.618159084351255e-05,biological_process
Heme degradation,9.618159084351255e-05,pathway
negative regulation of leukocyte migration,9.618159084351255e-05,biological_process
negative regulation of mast cell cytokine production,9.618159084351255e-05,biological_process
adrenergic receptor signaling pathway,9.618159084351255e-05,biological_process
inner ear morphogenesis,9.618159084351255e-05,biological_process
regulation of heart rate by cardiac conduction,9.618159084351255e-05,biological_process
LINC00269,9.618159084351255e-05,gene/protein
STOML2,9.618159084351255e-05,gene/protein
LRRC27,9.618159084351255e-05,gene/protein
ZNF99,9.618159084351255e-05,gene/protein
small GTPase mediated signal transduction,9.618159084351255e-05,biological_process
Regulation of HMOX1 expression and activity,9.618159084351255e-05,pathway
response to estrogen,9.618159084351255e-05,biological_process
endothelial cell proliferation,9.618159084351255e-05,biological_process
ADAM33,9.618159084351255e-05,gene/protein
EXOSC8,9.618159084351255e-05,gene/protein
ACKR1,9.618159084351255e-05,gene/protein
ARHGAP1,9.618159084351255e-05,gene/protein
GGT7,9.618159084351255e-05,gene/protein
TSPAN13,9.618159084351255e-05,gene/protein
CAND2,9.618159084351255e-05,gene/protein
ACSF3,9.618159084351255e-05,gene/protein
negative regulation of appetite by leptin-mediated signaling pathway,9.618159084351255e-05,biological_process
cellular response to retinoic acid,9.618159084351255e-05,biological_process
regulation of natural killer cell proliferation,9.618159084351255e-05,biological_process
cellular response to L-ascorbic acid,9.618159084351255e-05,biological_process
positive regulation of protein dephosphorylation,9.618159084351255e-05,biological_process
chondrocyte differentiation,9.618159084351255e-05,biological_process
negative regulation of cell cycle,9.618159084351255e-05,biological_process
ATP4A,9.618159084351255e-05,gene/protein
DHPS,9.618159084351255e-05,gene/protein
negative regulation of phagocytosis,9.618159084351255e-05,biological_process
positive regulation of signal transduction,9.618159084351255e-05,biological_process
negative regulation of kinase activity,9.618159084351255e-05,biological_process
positive regulation of cardiac muscle contraction,9.618159084351255e-05,biological_process
C4orf48,9.618159084351255e-05,gene/protein
central nervous system neuron development,9.618159084351255e-05,biological_process
regulation of steroid biosynthetic process,9.618159084351255e-05,biological_process
bone mineralization involved in bone maturation,9.618159084351255e-05,biological_process
regulation of membrane repolarization,9.618159084351255e-05,biological_process
non-motile cilium assembly,9.618159084351255e-05,biological_process
regulation of atrial cardiac muscle cell membrane repolarization,9.618159084351255e-05,biological_process
Phase 3 - rapid repolarisation,9.618159084351255e-05,pathway
Phase 2 - plateau phase,9.618159084351255e-05,pathway
cellular chloride ion homeostasis,9.618159084351255e-05,biological_process
regulation of gene expression by genetic imprinting,9.618159084351255e-05,biological_process
BAG2,9.618159084351255e-05,gene/protein
neuromuscular process,9.618159084351255e-05,biological_process
NRGN,9.618159084351255e-05,gene/protein
HPN,9.618159084351255e-05,gene/protein
MRPL22,9.618159084351255e-05,gene/protein
positive regulation of potassium ion transmembrane transport,9.618159084351255e-05,biological_process
stomach development,9.618159084351255e-05,biological_process
membrane repolarization during action potential,9.618159084351255e-05,biological_process
auditory receptor cell development,9.618159084351255e-05,biological_process
gastrin-induced gastric acid secretion,9.618159084351255e-05,biological_process
AMY1C,9.618159084351255e-05,gene/protein
MITF,9.618159084351255e-05,gene/protein
hematopoietic progenitor cell differentiation,9.618159084351255e-05,biological_process
TRIM35,9.618159084351255e-05,gene/protein
MFAP1,9.618159084351255e-05,gene/protein
SEL1L,9.618159084351255e-05,gene/protein
SRSF7,9.618159084351255e-05,gene/protein
ADH6,9.618159084351255e-05,gene/protein
CST4,9.618159084351255e-05,gene/protein
PFKM,9.618159084351255e-05,gene/protein
EPB41L2,9.618159084351255e-05,gene/protein
regulation of lipoprotein lipid oxidation,9.618159084351255e-05,biological_process
bile acid metabolic process,9.618159084351255e-05,biological_process
ARL6IP6,9.618159084351255e-05,gene/protein
regulation of gluconeogenesis,9.618159084351255e-05,biological_process
regulation of endothelial cell proliferation,9.618159084351255e-05,biological_process
PMS2,9.618159084351255e-05,gene/protein
MT-ND4L,9.618159084351255e-05,gene/protein
social behavior,9.618159084351255e-05,biological_process
gene silencing,9.618159084351255e-05,biological_process
TMIE,9.618159084351255e-05,gene/protein
erythrocyte homeostasis,9.618159084351255e-05,biological_process
NEDD4L,9.618159084351255e-05,gene/protein
Iron uptake and transport,9.618159084351255e-05,pathway
Insertion of tail-anchored proteins into the endoplasmic reticulum membrane,9.618159084351255e-05,pathway
renal absorption,9.618159084351255e-05,biological_process
detection of mechanical stimulus involved in sensory perception of sound,9.618159084351255e-05,biological_process
ALOX5,9.618159084351255e-05,gene/protein
RLN1,9.618159084351255e-05,gene/protein
corticosterone secretion,9.618159084351255e-05,biological_process
regulation of gastric acid secretion,9.618159084351255e-05,biological_process
potassium ion export across plasma membrane,9.618159084351255e-05,biological_process
membrane repolarization during atrial cardiac muscle cell action potential,9.618159084351255e-05,biological_process
cardiac conduction,9.618159084351255e-05,biological_process
cochlea development,9.618159084351255e-05,biological_process
membrane repolarization during cardiac muscle cell action potential,9.618159084351255e-05,biological_process
GPR108,9.618159084351255e-05,gene/protein
peptidyl-threonine phosphorylation,9.618159084351255e-05,biological_process
GLI2,9.618159084351255e-05,gene/protein
BECN2,9.618159084351255e-05,gene/protein
PPP3R1,9.618159084351255e-05,gene/protein
TGFB2,9.618159084351255e-05,gene/protein
regulation of natural killer cell activation,9.618159084351255e-05,biological_process
TPTE,9.618159084351255e-05,gene/protein
ANXA11,9.618159084351255e-05,gene/protein
SIAH1,9.618159084351255e-05,gene/protein
AMY1A,9.618159084351255e-05,gene/protein
FLG,9.618159084351255e-05,gene/protein
AMY1B,9.618159084351255e-05,gene/protein
elastin metabolic process,9.618159084351255e-05,biological_process
activation of protein kinase C activity,9.618159084351255e-05,biological_process
positive regulation of TOR signaling,9.618159084351255e-05,biological_process
Polydipsia,9.618159084351255e-05,effect/phenotype
regulation of intestinal cholesterol absorption,9.618159084351255e-05,biological_process
Negative regulation of FGFR1 signaling,9.618159084351255e-05,pathway
PI-3K cascade:FGFR1,9.618159084351255e-05,pathway
KLK3,9.618159084351255e-05,gene/protein
KRT15,9.618159084351255e-05,gene/protein
IGHA2,9.618159084351255e-05,gene/protein
tyrosine phosphorylation of STAT protein,9.618159084351255e-05,biological_process
positive regulation of ion transport,9.618159084351255e-05,biological_process
negative regulation of platelet-derived growth factor receptor-alpha signaling pathway,9.618159084351255e-05,biological_process
positive regulation of renal albumin absorption,9.618159084351255e-05,biological_process
IL23A,9.618159084351255e-05,gene/protein
negative regulation of intracellular protein transport,9.618159084351255e-05,biological_process
BNIP2,9.618159084351255e-05,gene/protein
regulation of calcium ion transport,9.618159084351255e-05,biological_process
regulation of voltage-gated sodium channel activity,9.618159084351255e-05,biological_process
regulation of ventricular cardiac muscle cell membrane repolarization,9.618159084351255e-05,biological_process
atrial cardiac muscle cell action potential,9.618159084351255e-05,biological_process
iodide transport,9.618159084351255e-05,biological_process
rhythmic behavior,9.618159084351255e-05,biological_process
MCOLN3,9.618159084351255e-05,gene/protein
PCDHA12,9.618159084351255e-05,gene/protein
SLC4A4,9.618159084351255e-05,gene/protein
BTNL3,9.618159084351255e-05,gene/protein
TREML2,9.618159084351255e-05,gene/protein
FNDC5,9.618159084351255e-05,gene/protein
ENTPD4,9.618159084351255e-05,gene/protein
membrane repolarization during ventricular cardiac muscle cell action potential,9.618159084351255e-05,biological_process
CDK12,9.618159084351255e-05,gene/protein
FYB1,9.618159084351255e-05,gene/protein
KCNK1,9.618159084351255e-05,gene/protein
negative regulation of calcium ion transport into cytosol,9.618159084351255e-05,biological_process
CNGA3,9.618159084351255e-05,gene/protein
SYT12,9.618159084351255e-05,gene/protein
EVA1C,9.618159084351255e-05,gene/protein
PIGO,9.618159084351255e-05,gene/protein
negative regulation of anoikis,9.618159084351255e-05,biological_process
mesenchymal cell development,9.618159084351255e-05,biological_process
determination of adult lifespan,9.618159084351255e-05,biological_process
gland morphogenesis,9.618159084351255e-05,biological_process
cochlear nucleus development,9.618159084351255e-05,biological_process
C5AR1,9.618159084351255e-05,gene/protein
CASR,9.618159084351255e-05,gene/protein
vasculogenesis,9.618159084351255e-05,biological_process
negative regulation of hyaluronan biosynthetic process,9.618159084351255e-05,biological_process
TDGF1,9.618159084351255e-05,gene/protein
CLNS1A,9.618159084351255e-05,gene/protein
MID1,9.618159084351255e-05,gene/protein
FHL1,9.618159084351255e-05,gene/protein
MUC7,9.618159084351255e-05,gene/protein
CST2,9.618159084351255e-05,gene/protein
SERPINB3,9.618159084351255e-05,gene/protein
PIGR,9.618159084351255e-05,gene/protein
PRDM1,9.618159084351255e-05,gene/protein
glycerol biosynthetic process,9.618159084351255e-05,biological_process
GALNT2,9.618159084351255e-05,gene/protein
ALOX15B,9.618159084351255e-05,gene/protein
NR0B1,9.618159084351255e-05,gene/protein
positive regulation of multicellular organism growth,9.618159084351255e-05,biological_process
hair follicle morphogenesis,9.618159084351255e-05,biological_process
positive regulation of skeletal muscle fiber development,9.618159084351255e-05,biological_process
renal system process,9.618159084351255e-05,biological_process
response to toxic substance,9.618159084351255e-05,biological_process
TOMM20,9.618159084351255e-05,gene/protein
ATG12,9.618159084351255e-05,gene/protein
SMN2,9.618159084351255e-05,gene/protein
negative regulation of cellular pH reduction,9.618159084351255e-05,biological_process
"CD8-positive, alpha-beta T cell lineage commitment",9.618159084351255e-05,biological_process
metanephros development,9.618159084351255e-05,biological_process
negative regulation of osteoblast proliferation,9.618159084351255e-05,biological_process
positive regulation of smooth muscle cell migration,9.618159084351255e-05,biological_process
MARCKS,9.618159084351255e-05,gene/protein
organ growth,9.618159084351255e-05,biological_process
melanin metabolic process,9.618159084351255e-05,biological_process
B cell proliferation,9.618159084351255e-05,biological_process
regulation of nitrogen utilization,9.618159084351255e-05,biological_process
PCDHB5,9.618159084351255e-05,gene/protein
TSPAN17,9.618159084351255e-05,gene/protein
TMED6,9.618159084351255e-05,gene/protein
HTR3E,9.618159084351255e-05,gene/protein
HNRNPA2B1,9.618159084351255e-05,gene/protein
pigment granule organization,9.618159084351255e-05,biological_process
digestive tract morphogenesis,9.618159084351255e-05,biological_process
positive regulation of neuron maturation,9.618159084351255e-05,biological_process
regulation of cell-matrix adhesion,9.618159084351255e-05,biological_process
negative regulation of reactive oxygen species metabolic process,9.618159084351255e-05,biological_process
lymphoid progenitor cell differentiation,9.618159084351255e-05,biological_process
ATP6V1B2,9.618159084351255e-05,gene/protein
regulation of glycoprotein biosynthetic process,9.618159084351255e-05,biological_process
negative regulation of mitochondrial depolarization,9.618159084351255e-05,biological_process
T cell differentiation in thymus,9.618159084351255e-05,biological_process
focal adhesion assembly,9.618159084351255e-05,biological_process
response to iron ion,9.618159084351255e-05,biological_process
positive regulation of melanocyte differentiation,9.618159084351255e-05,biological_process
oocyte development,9.618159084351255e-05,biological_process
XRCC3,9.618159084351255e-05,gene/protein
SLC1A5,9.618159084351255e-05,gene/protein
CDC42 GTPase cycle,9.618159084351255e-05,pathway
response to glucagon,9.618159084351255e-05,biological_process
taurine biosynthetic process,9.618159084351255e-05,biological_process
sulfur amino acid biosynthetic process,9.618159084351255e-05,biological_process
cysteine metabolic process,9.618159084351255e-05,biological_process
KIR3DL1,9.618159084351255e-05,gene/protein
WNT5:FZD7-mediated leishmania damping,9.618159084351255e-05,pathway
RAC3 GTPase cycle,9.618159084351255e-05,pathway
positive regulation of cell killing,9.618159084351255e-05,biological_process
ASS1,9.618159084351255e-05,gene/protein
GPR21,9.618159084351255e-05,gene/protein
C3AR1,9.618159084351255e-05,gene/protein
CHAT,9.618159084351255e-05,gene/protein
Erythropoietin activates Phosphoinositide-3-kinase (PI3K),9.618159084351255e-05,pathway
Erythropoietin activates Phospholipase C gamma (PLCG),9.618159084351255e-05,pathway
Erythropoietin activates STAT5,9.618159084351255e-05,pathway
Erythropoietin activates RAS,9.618159084351255e-05,pathway
positive regulation of clathrin-dependent endocytosis,9.618159084351255e-05,biological_process
TTL,9.618159084351255e-05,gene/protein
glutathione biosynthetic process,9.618159084351255e-05,biological_process
positive regulation of mesenchymal cell proliferation,9.618159084351255e-05,biological_process
ECD,9.618159084351255e-05,gene/protein
Polyuria,9.618159084351255e-05,effect/phenotype
HSF2BP,9.618159084351255e-05,gene/protein
ATP6V0A1,9.618159084351255e-05,gene/protein
Degradation of cysteine and homocysteine,9.618159084351255e-05,pathway
DBT,9.618159084351255e-05,gene/protein
TXNRD1,9.618159084351255e-05,gene/protein
TTYH2,9.618159084351255e-05,gene/protein
B cell lineage commitment,9.618159084351255e-05,biological_process
regulation of viral genome replication,9.618159084351255e-05,biological_process
glomerulus development,9.618159084351255e-05,biological_process
branching involved in ureteric bud morphogenesis,9.618159084351255e-05,biological_process
negative regulation of ossification,9.618159084351255e-05,biological_process
Signaling by Retinoic Acid,9.618159084351255e-05,pathway
response to tetrachloromethane,9.618159084351255e-05,biological_process
carnitine metabolic process,9.618159084351255e-05,biological_process
RAC1 GTPase cycle,9.618159084351255e-05,pathway
negative regulation of G1/S transition of mitotic cell cycle,9.618159084351255e-05,biological_process
SLC35E1,9.618159084351255e-05,gene/protein
TMEM63B,9.618159084351255e-05,gene/protein
cytochrome complex assembly,9.618159084351255e-05,biological_process
negative regulation of glomerular filtration by angiotensin,9.618159084351255e-05,biological_process
positive regulation of defense response to bacterium,9.618159084351255e-05,biological_process
VEGFA-VEGFR2 Pathway,9.618159084351255e-05,pathway
Cross-presentation of particulate exogenous antigens (phagosomes),9.618159084351255e-05,pathway
vascular endothelial growth factor receptor signaling pathway,9.618159084351255e-05,biological_process
respiratory burst,9.618159084351255e-05,biological_process
PCDHB7,9.618159084351255e-05,gene/protein
MYORG,9.618159084351255e-05,gene/protein
NSG1,9.618159084351255e-05,gene/protein
TSPAN33,9.618159084351255e-05,gene/protein
CLDN10,9.618159084351255e-05,gene/protein
SETD6,9.618159084351255e-05,gene/protein
SPIRE2,9.618159084351255e-05,gene/protein
hepoxilin biosynthetic process,9.618159084351255e-05,biological_process
HAUS7,9.618159084351255e-05,gene/protein
DGKH,9.618159084351255e-05,gene/protein
VKORC1L1,9.618159084351255e-05,gene/protein
HHATL,9.618159084351255e-05,gene/protein
KIR3DL2,9.618159084351255e-05,gene/protein
CDIPT,9.618159084351255e-05,gene/protein
CCNJL,9.618159084351255e-05,gene/protein
DUSP9,9.618159084351255e-05,gene/protein
GRK3,9.618159084351255e-05,gene/protein
SPEG,9.618159084351255e-05,gene/protein
TOR1AIP1,9.618159084351255e-05,gene/protein
LPP,9.618159084351255e-05,gene/protein
regulation of release of sequestered calcium ion into cytosol,9.618159084351255e-05,biological_process
Estrogen-dependent gene expression,9.618159084351255e-05,pathway
ATP5F1B,9.618159084351255e-05,gene/protein
PTDSS1,9.618159084351255e-05,gene/protein
MICB,9.618159084351255e-05,gene/protein
ACVR2A,9.618159084351255e-05,gene/protein
NPHS1,9.618159084351255e-05,gene/protein
ITGA11,9.618159084351255e-05,gene/protein
WNT1,9.618159084351255e-05,gene/protein
NAPB,9.618159084351255e-05,gene/protein
PLPPR2,9.618159084351255e-05,gene/protein
TMEM243,9.618159084351255e-05,gene/protein
SLC2A5,9.618159084351255e-05,gene/protein
cellular defense response,9.618159084351255e-05,biological_process
TAF6,9.618159084351255e-05,gene/protein
UXT,9.618159084351255e-05,gene/protein
DEFB124,9.618159084351255e-05,gene/protein
KDM2A,9.618159084351255e-05,gene/protein
RET signaling,9.618159084351255e-05,pathway
Signaling by Erythropoietin,9.618159084351255e-05,pathway
carnitine shuttle,9.618159084351255e-05,biological_process
TOMM40,9.618159084351255e-05,gene/protein
TUBG1,9.618159084351255e-05,gene/protein
CST7,9.618159084351255e-05,gene/protein
LRRC58,9.618159084351255e-05,gene/protein
NDUFA2,9.618159084351255e-05,gene/protein
EIF3C,9.618159084351255e-05,gene/protein
SDHA,9.618159084351255e-05,gene/protein
Carnitine metabolism,9.618159084351255e-05,pathway
SLC4A8,9.618159084351255e-05,gene/protein
LRRC8B,9.618159084351255e-05,gene/protein
PCDHGB4,9.618159084351255e-05,gene/protein
VSIG1,9.618159084351255e-05,gene/protein
KCNS3,9.618159084351255e-05,gene/protein
MDM4,9.618159084351255e-05,gene/protein
L-aspartate transmembrane transport,9.618159084351255e-05,biological_process
MRPL1,9.618159084351255e-05,gene/protein
negative regulation of macrophage differentiation,9.618159084351255e-05,biological_process
negative regulation of platelet-derived growth factor receptor signaling pathway,9.618159084351255e-05,biological_process
negative regulation of tumor necrosis factor-mediated signaling pathway,9.618159084351255e-05,biological_process
negative regulation of granulocyte differentiation,9.618159084351255e-05,biological_process
negative regulation of DNA biosynthetic process,9.618159084351255e-05,biological_process
L-glutamate transmembrane transport,9.618159084351255e-05,biological_process
SLC9A3,9.618159084351255e-05,gene/protein
SSRP1,9.618159084351255e-05,gene/protein
HMG20B,9.618159084351255e-05,gene/protein
RPL18,9.618159084351255e-05,gene/protein
PLAC1,9.618159084351255e-05,gene/protein
phosphatidic acid biosynthetic process,9.618159084351255e-05,biological_process
positive regulation of epidermal growth factor receptor signaling pathway,9.618159084351255e-05,biological_process
MEF2C,9.618159084351255e-05,gene/protein
negative regulation of synaptic transmission,9.618159084351255e-05,biological_process
TMEM33,9.618159084351255e-05,gene/protein
T-tubule organization,9.618159084351255e-05,biological_process
KTN1,9.618159084351255e-05,gene/protein
RABL3,9.618159084351255e-05,gene/protein
positive regulation of reactive oxygen species biosynthetic process,9.618159084351255e-05,biological_process
cellular response to L-glutamine,9.618159084351255e-05,biological_process
positive regulation of toll-like receptor 2 signaling pathway,9.618159084351255e-05,biological_process
smooth muscle hypertrophy,9.618159084351255e-05,biological_process
RAC2 GTPase cycle,9.618159084351255e-05,pathway
KBTBD7,9.618159084351255e-05,gene/protein
MEX3D,9.618159084351255e-05,gene/protein
PPP3CC,9.618159084351255e-05,gene/protein
PPP1CB,9.618159084351255e-05,gene/protein
LRRCC1,9.618159084351255e-05,gene/protein
MYB,9.618159084351255e-05,gene/protein
SEPTIN4,9.618159084351255e-05,gene/protein
BTN2A1,9.618159084351255e-05,gene/protein
SLC35F6,9.618159084351255e-05,gene/protein
PMEL,9.618159084351255e-05,gene/protein
GABRA6,9.618159084351255e-05,gene/protein
axon regeneration,9.618159084351255e-05,biological_process
SMC2,9.618159084351255e-05,gene/protein
MAPK13,9.618159084351255e-05,gene/protein
ERCC6L2,9.618159084351255e-05,gene/protein
TULP3,9.618159084351255e-05,gene/protein
PCGF3,9.618159084351255e-05,gene/protein
NR1D2,9.618159084351255e-05,gene/protein
H3C3,9.618159084351255e-05,gene/protein
HNRNPH2,9.618159084351255e-05,gene/protein
YAF2,9.618159084351255e-05,gene/protein
FBXW4,9.618159084351255e-05,gene/protein
UACA,9.618159084351255e-05,gene/protein
ZEB1,9.618159084351255e-05,gene/protein
NPLOC4,9.618159084351255e-05,gene/protein
TMX2,9.618159084351255e-05,gene/protein
HMGN2,9.618159084351255e-05,gene/protein
UCHL3,9.618159084351255e-05,gene/protein
ZC3HAV1,9.618159084351255e-05,gene/protein
H3C6,9.618159084351255e-05,gene/protein
CDH7,9.618159084351255e-05,gene/protein
DVL1,9.618159084351255e-05,gene/protein
H3C8,9.618159084351255e-05,gene/protein
NDUFAF7,9.618159084351255e-05,gene/protein
AMPK inhibits chREBP transcriptional activation activity,9.618159084351255e-05,pathway
regulation of fatty acid biosynthetic process,9.618159084351255e-05,biological_process
NOX4,9.618159084351255e-05,gene/protein
BMP1,9.618159084351255e-05,gene/protein
UBA6,9.618159084351255e-05,gene/protein
CCDC90B,9.618159084351255e-05,gene/protein
H2BC5,9.618159084351255e-05,gene/protein
SIK1,9.618159084351255e-05,gene/protein
ELP2,9.618159084351255e-05,gene/protein
PCDHGA5,9.618159084351255e-05,gene/protein
GABRG2,9.618159084351255e-05,gene/protein
SERPINB8,9.618159084351255e-05,gene/protein
ERLIN1,9.618159084351255e-05,gene/protein
WDR20,9.618159084351255e-05,gene/protein
TLE2,9.618159084351255e-05,gene/protein
WDR88,9.618159084351255e-05,gene/protein
H2BC12,9.618159084351255e-05,gene/protein
DAPK2,9.618159084351255e-05,gene/protein
TRAF7,9.618159084351255e-05,gene/protein
H3C10,9.618159084351255e-05,gene/protein
PTGER3,9.618159084351255e-05,gene/protein
NOTCH4,9.618159084351255e-05,gene/protein
PQBP1,9.618159084351255e-05,gene/protein
NIM1K,9.618159084351255e-05,gene/protein
ITM2B,9.618159084351255e-05,gene/protein
NAF1,9.618159084351255e-05,gene/protein
behavioral fear response,9.618159084351255e-05,biological_process
negative regulation of retinal cell programmed cell death,9.618159084351255e-05,biological_process
KCNH2,9.618159084351255e-05,gene/protein
FAM135A,9.618159084351255e-05,gene/protein
ARHGAP12,9.618159084351255e-05,gene/protein
SEC31A,9.618159084351255e-05,gene/protein
WDR43,9.618159084351255e-05,gene/protein
ZMAT3,9.618159084351255e-05,gene/protein
ENDOG,9.618159084351255e-05,gene/protein
NBN,9.618159084351255e-05,gene/protein
CAPN1,9.618159084351255e-05,gene/protein
CDK10,9.618159084351255e-05,gene/protein
IL21,9.618159084351255e-05,gene/protein
STXBP5,9.618159084351255e-05,gene/protein
SCOC,9.618159084351255e-05,gene/protein
CDKL5,9.618159084351255e-05,gene/protein
COASY,9.618159084351255e-05,gene/protein
calcitonin catabolic process,9.618159084351255e-05,biological_process
endothelin maturation,9.618159084351255e-05,biological_process
substance P catabolic process,9.618159084351255e-05,biological_process
NPB,9.618159084351255e-05,gene/protein
RPS26,9.618159084351255e-05,gene/protein
FLOT2,9.618159084351255e-05,gene/protein
NXF1,9.618159084351255e-05,gene/protein
TSC22D1,9.618159084351255e-05,gene/protein
DNM3,9.618159084351255e-05,gene/protein
SDC1,9.618159084351255e-05,gene/protein
USP20,9.618159084351255e-05,gene/protein
GABPA,9.618159084351255e-05,gene/protein
CLP1,9.618159084351255e-05,gene/protein
TTC19,9.618159084351255e-05,gene/protein
NEMP1,9.618159084351255e-05,gene/protein
cysteine transmembrane transport,9.618159084351255e-05,biological_process
neurotransmitter reuptake,9.618159084351255e-05,biological_process
second-messenger-mediated signaling,9.618159084351255e-05,biological_process
L-glutamate import across plasma membrane,9.618159084351255e-05,biological_process
D-aspartate import across plasma membrane,9.618159084351255e-05,biological_process
diacylglycerol metabolic process,9.618159084351255e-05,biological_process
FEZ1,9.618159084351255e-05,gene/protein
SREK1,9.618159084351255e-05,gene/protein
DIRAS2,9.618159084351255e-05,gene/protein
ZNF77,9.618159084351255e-05,gene/protein
ALX3,9.618159084351255e-05,gene/protein
PKD1L1-AS1,9.618159084351255e-05,gene/protein
SH3GLB1,9.618159084351255e-05,gene/protein
VMA21,9.618159084351255e-05,gene/protein
FKBP10,9.618159084351255e-05,gene/protein
EED,9.618159084351255e-05,gene/protein
ITGA6,9.618159084351255e-05,gene/protein
WDR4,9.618159084351255e-05,gene/protein
H1-2,9.618159084351255e-05,gene/protein
ITGA5,9.618159084351255e-05,gene/protein
LZTR1,9.618159084351255e-05,gene/protein
NDC1,9.618159084351255e-05,gene/protein
ZNF74,9.618159084351255e-05,gene/protein
EIF2AK4,9.618159084351255e-05,gene/protein
CIAO2B,9.618159084351255e-05,gene/protein
PASK,9.618159084351255e-05,gene/protein
animal organ senescence,9.618159084351255e-05,biological_process
ATP2B1,9.618159084351255e-05,gene/protein
ERG,9.618159084351255e-05,gene/protein
H3-3A,9.618159084351255e-05,gene/protein
BDKRB2,9.618159084351255e-05,gene/protein
PCDHA4,9.618159084351255e-05,gene/protein
FGF10,9.618159084351255e-05,gene/protein
RPL6,9.618159084351255e-05,gene/protein
RAD50,9.618159084351255e-05,gene/protein
CTAG1B,9.618159084351255e-05,gene/protein
ELAVL2,9.618159084351255e-05,gene/protein
Effects of PIP2 hydrolysis,9.618159084351255e-05,pathway
negative regulation of protein kinase C signaling,9.618159084351255e-05,biological_process
Astrocytic Glutamate-Glutamine Uptake And Metabolism,9.618159084351255e-05,pathway
Transport of inorganic cations/anions and amino acids/oligopeptides,9.618159084351255e-05,pathway
PLPP1,9.618159084351255e-05,gene/protein
SALL2,9.618159084351255e-05,gene/protein
DISP2,9.618159084351255e-05,gene/protein
LATS1,9.618159084351255e-05,gene/protein
ASXL1,9.618159084351255e-05,gene/protein
TPP2,9.618159084351255e-05,gene/protein
hormone catabolic process,9.618159084351255e-05,biological_process
embryonic digit morphogenesis,9.618159084351255e-05,biological_process
positive regulation of receptor recycling,9.618159084351255e-05,biological_process
MFNG,9.618159084351255e-05,gene/protein
bradykinin catabolic process,9.618159084351255e-05,biological_process
WDR33,9.618159084351255e-05,gene/protein
PCNX1,9.618159084351255e-05,gene/protein
PLCH1,9.618159084351255e-05,gene/protein
MAP3K9,9.618159084351255e-05,gene/protein
RPL19,9.618159084351255e-05,gene/protein
LGALS9,9.618159084351255e-05,gene/protein
FUT3,9.618159084351255e-05,gene/protein
CD14,9.618159084351255e-05,gene/protein
ELAVL3,9.618159084351255e-05,gene/protein
GUCY1B1,9.618159084351255e-05,gene/protein
NDUFV2,9.618159084351255e-05,gene/protein
CYB5R3,9.618159084351255e-05,gene/protein
adult behavior,9.618159084351255e-05,biological_process
cellular response to extracellular stimulus,9.618159084351255e-05,biological_process
telencephalon development,9.618159084351255e-05,biological_process
ion transport,9.618159084351255e-05,biological_process
cellular response to cocaine,9.618159084351255e-05,biological_process
transepithelial transport,9.618159084351255e-05,biological_process
PD-1 signaling,9.618159084351255e-05,pathway
Generation of second messenger molecules,9.618159084351255e-05,pathway
Abnormality of limbs,9.618159084351255e-05,effect/phenotype
Dehydration,9.618159084351255e-05,effect/phenotype
positive regulation of glycogen (starch) synthase activity,9.618159084351255e-05,biological_process
AMIGO1,9.618159084351255e-05,gene/protein
response to iron(II) ion,9.618159084351255e-05,biological_process
stem cell differentiation,9.618159084351255e-05,biological_process
digestive tract development,9.618159084351255e-05,biological_process
transdifferentiation,9.618159084351255e-05,biological_process
RPSA,9.618159084351255e-05,gene/protein
pharyngeal system development,9.618159084351255e-05,biological_process
DAAM1,9.618159084351255e-05,gene/protein
MAPK15,9.618159084351255e-05,gene/protein
FBXW5,9.618159084351255e-05,gene/protein
neutrophil chemotaxis,9.618159084351255e-05,biological_process
cellular extravasation,9.618159084351255e-05,biological_process
muscle contraction,9.618159084351255e-05,biological_process
LAMA1,9.618159084351255e-05,gene/protein
choline catabolic process,9.618159084351255e-05,biological_process
PBX1,9.618159084351255e-05,gene/protein
amino-acid betaine metabolic process,9.618159084351255e-05,biological_process
Myoclonic seizure,9.618159084351255e-05,effect/phenotype
Abnormality of the urinary system,9.618159084351255e-05,effect/phenotype
Abnormality of the nervous system,9.618159084351255e-05,effect/phenotype
Respiratory distress,9.618159084351255e-05,effect/phenotype
SERPINA6,9.618159084351255e-05,gene/protein
GCDH,9.618159084351255e-05,gene/protein
EFEMP1,9.618159084351255e-05,gene/protein
CREM,9.618159084351255e-05,gene/protein
NFKBIL1,9.618159084351255e-05,gene/protein
ART3,9.618159084351255e-05,gene/protein
SLC39A2,9.618159084351255e-05,gene/protein
ACVRL1,9.618159084351255e-05,gene/protein
Prominent metopic ridge,9.618159084351255e-05,effect/phenotype
RPS18,9.618159084351255e-05,gene/protein
JAG1,9.618159084351255e-05,gene/protein
CNTN1,9.618159084351255e-05,gene/protein
SUSD4,9.618159084351255e-05,gene/protein
animal organ regeneration,9.618159084351255e-05,biological_process
PIM3,9.618159084351255e-05,gene/protein
RPS6KB1,9.618159084351255e-05,gene/protein
H2AC8,9.618159084351255e-05,gene/protein
SNORD34,9.618159084351255e-05,gene/protein
NKTR,9.618159084351255e-05,gene/protein
PAFAH1B1,9.618159084351255e-05,gene/protein
PEX7,9.618159084351255e-05,gene/protein
regulation of homocysteine metabolic process,9.618159084351255e-05,biological_process
KNG1,9.618159084351255e-05,gene/protein
L-methionine salvage,9.618159084351255e-05,biological_process
protein methylation,9.618159084351255e-05,biological_process
ACAA1,9.618159084351255e-05,gene/protein
amino-acid betaine catabolic process,9.618159084351255e-05,biological_process
Choline catabolism,9.618159084351255e-05,pathway
SLF2,9.618159084351255e-05,gene/protein
GNPNAT1,9.618159084351255e-05,gene/protein
morphogenesis of embryonic epithelium,9.618159084351255e-05,biological_process
exocrine pancreas development,9.618159084351255e-05,biological_process
response to chlorate,9.618159084351255e-05,biological_process
response to vitamin,9.618159084351255e-05,biological_process
KLHL22,9.618159084351255e-05,gene/protein
SPAG16,9.618159084351255e-05,gene/protein
ESS2,9.618159084351255e-05,gene/protein
PMPCB,9.618159084351255e-05,gene/protein
PTPRU,9.618159084351255e-05,gene/protein
NRG2,9.618159084351255e-05,gene/protein
ACTN2,9.618159084351255e-05,gene/protein
Laminin interactions,9.618159084351255e-05,pathway
PTP4A3,9.618159084351255e-05,gene/protein
Decreased activity of mitochondrial complex IV,9.618159084351255e-05,effect/phenotype
EMG: myopathic abnormalities,9.618159084351255e-05,effect/phenotype
Pelvic girdle muscle weakness,9.618159084351255e-05,effect/phenotype
Tip-toe gait,9.618159084351255e-05,effect/phenotype
Weakness of orbicularis oculi muscle,9.618159084351255e-05,effect/phenotype
GK,9.618159084351255e-05,gene/protein
PTPRZ1,9.618159084351255e-05,gene/protein
B4GALT1,9.618159084351255e-05,gene/protein
SAR1A,9.618159084351255e-05,gene/protein
SCT,9.618159084351255e-05,gene/protein
CARS1,9.618159084351255e-05,gene/protein
Sternocleidomastoid amyotrophy,9.618159084351255e-05,effect/phenotype
visual behavior,9.618159084351255e-05,biological_process
lipid phosphorylation,9.618159084351255e-05,biological_process
LAMP2,9.618159084351255e-05,gene/protein
LYZ,9.618159084351255e-05,gene/protein
CPD,9.618159084351255e-05,gene/protein
SGCB,9.618159084351255e-05,gene/protein
OBSCN,9.618159084351255e-05,gene/protein
ARHGAP27,9.618159084351255e-05,gene/protein
CCNI,9.618159084351255e-05,gene/protein
BTBD10,9.618159084351255e-05,gene/protein
BCAR3,9.618159084351255e-05,gene/protein
TRIM72,9.618159084351255e-05,gene/protein
Activated NTRK3 signals through PI3K,9.618159084351255e-05,pathway
CUL7,9.618159084351255e-05,gene/protein
Smooth Muscle Contraction,9.618159084351255e-05,pathway
Other semaphorin interactions,9.618159084351255e-05,pathway
MATN1,9.618159084351255e-05,gene/protein
integrin-mediated signaling pathway,9.618159084351255e-05,biological_process
positive regulation of extrinsic apoptotic signaling pathway,9.618159084351255e-05,biological_process
luteinization,9.618159084351255e-05,biological_process
SNORD48,9.618159084351255e-05,gene/protein
POLR2F,9.618159084351255e-05,gene/protein
HSPA13,9.618159084351255e-05,gene/protein
GLS,9.618159084351255e-05,gene/protein
NFATC4,9.618159084351255e-05,gene/protein
Proximal muscle weakness,9.618159084351255e-05,effect/phenotype
Mitochondrial myopathy,9.618159084351255e-05,effect/phenotype
Severe failure to thrive,9.618159084351255e-05,effect/phenotype
CLEC3B,9.618159084351255e-05,gene/protein
PTPRS,9.618159084351255e-05,gene/protein
NEFL,9.618159084351255e-05,gene/protein
PLXNA2,9.618159084351255e-05,gene/protein
SPOCK1,9.618159084351255e-05,gene/protein
ACP2,9.618159084351255e-05,gene/protein
SNHG32,9.618159084351255e-05,gene/protein
BET1,9.618159084351255e-05,gene/protein
BMP10,9.618159084351255e-05,gene/protein
JSRP1,9.618159084351255e-05,gene/protein
GRM2,9.618159084351255e-05,gene/protein
FOXK2,9.618159084351255e-05,gene/protein
response to ATP,9.618159084351255e-05,biological_process
SLC17A2,9.618159084351255e-05,gene/protein
positive regulation of cation channel activity,9.618159084351255e-05,biological_process
Platelet Adhesion to exposed collagen,9.618159084351255e-05,pathway
RPL10A,9.618159084351255e-05,gene/protein
insulin-like growth factor receptor signaling pathway,9.618159084351255e-05,biological_process
MINDY2,9.618159084351255e-05,gene/protein
REV1,9.618159084351255e-05,gene/protein
MLF1,9.618159084351255e-05,gene/protein
Post-vaccination measles,9.618159084351255e-05,effect/phenotype
RPL13,9.618159084351255e-05,gene/protein
FFAR2,9.618159084351255e-05,gene/protein
HRG,9.618159084351255e-05,gene/protein
CLN6,9.618159084351255e-05,gene/protein
INCA1,9.618159084351255e-05,gene/protein
O-glycosylation of TSR domain-containing proteins,9.618159084351255e-05,pathway
TRUB2,9.618159084351255e-05,gene/protein
MEIS1,9.618159084351255e-05,gene/protein
PABPC1,9.618159084351255e-05,gene/protein
CHL1 interactions,9.618159084351255e-05,pathway
ventricular cardiac muscle tissue development,9.618159084351255e-05,biological_process
negative regulation of interleukin-10 production,9.618159084351255e-05,biological_process
negative regulation of tyrosine phosphorylation of STAT protein,9.618159084351255e-05,biological_process
interleukin-6-mediated signaling pathway,9.618159084351255e-05,biological_process
PLEKHA2,9.618159084351255e-05,gene/protein
Leydig cell differentiation,9.618159084351255e-05,biological_process
Achilles tendon contracture,9.618159084351255e-05,effect/phenotype
SNORA29,9.618159084351255e-05,gene/protein
SRXN1,9.618159084351255e-05,gene/protein
TRPM8,9.618159084351255e-05,gene/protein
regulation of membrane potential,9.618159084351255e-05,biological_process
positive regulation of phosphoprotein phosphatase activity,9.618159084351255e-05,biological_process
LMAN2L,9.618159084351255e-05,gene/protein
positive regulation of MHC class II biosynthetic process,9.618159084351255e-05,biological_process
intrinsic apoptotic signaling pathway in response to DNA damage by p53 class mediator,9.618159084351255e-05,biological_process
SIGLECL1,9.618159084351255e-05,gene/protein
"negative regulation of DNA damage response, signal transduction by p53 class mediator",9.618159084351255e-05,biological_process
Weakness of facial musculature,9.618159084351255e-05,effect/phenotype
LINC01587,9.618159084351255e-05,gene/protein
NME5,9.618159084351255e-05,gene/protein
GLIS1,9.618159084351255e-05,gene/protein
NOD2,9.618159084351255e-05,gene/protein
KIR2DL3,9.618159084351255e-05,gene/protein
NRG4,9.618159084351255e-05,gene/protein
GALNT15,9.618159084351255e-05,gene/protein
SYT2,9.618159084351255e-05,gene/protein
TMEM50A,9.618159084351255e-05,gene/protein
C2CD2L,9.618159084351255e-05,gene/protein
TMEM187,9.618159084351255e-05,gene/protein
arachidonic acid metabolic process,9.618159084351255e-05,biological_process
Ragged-red muscle fibers,9.618159084351255e-05,effect/phenotype
SMIM1,9.618159084351255e-05,gene/protein
PLPP4,9.618159084351255e-05,gene/protein
PGAP2,9.618159084351255e-05,gene/protein
TMEM86A,9.618159084351255e-05,gene/protein
CIB1,9.618159084351255e-05,gene/protein
Bilateral ptosis,9.618159084351255e-05,effect/phenotype
Translocation of ZAP-70 to Immunological synapse,9.618159084351255e-05,pathway
MAN2B2,9.618159084351255e-05,gene/protein
LEPROTL1,9.618159084351255e-05,gene/protein
TMEM52B,9.618159084351255e-05,gene/protein
FAM241B,9.618159084351255e-05,gene/protein
SLC13A3,9.618159084351255e-05,gene/protein
MIP,9.618159084351255e-05,gene/protein
tRNA methylation,9.618159084351255e-05,biological_process
negative regulation of ATPase-coupled calcium transmembrane transporter activity,9.618159084351255e-05,biological_process
negative regulation of endoplasmic reticulum calcium ion concentration,9.618159084351255e-05,biological_process
negative regulation of endothelial cell migration,9.618159084351255e-05,biological_process
glycoprotein catabolic process,9.618159084351255e-05,biological_process
endothelial cell-matrix adhesion,9.618159084351255e-05,biological_process
response to muscle activity,9.618159084351255e-05,biological_process
digestion,9.618159084351255e-05,biological_process
CREB3L3,9.618159084351255e-05,gene/protein
mRNA processing,9.618159084351255e-05,biological_process
SEC22A,9.618159084351255e-05,gene/protein
PCDHAC1,9.618159084351255e-05,gene/protein
SNORC,9.618159084351255e-05,gene/protein
GAST,9.618159084351255e-05,gene/protein
CHRND,9.618159084351255e-05,gene/protein
positive regulation of mitochondrial DNA metabolic process,9.618159084351255e-05,biological_process
cellular response to nitrite,9.618159084351255e-05,biological_process
regulation of cellular response to heat,9.618159084351255e-05,biological_process
protein destabilization,9.618159084351255e-05,biological_process
positive regulation of progesterone biosynthetic process,9.618159084351255e-05,biological_process
positive regulation of muscle tissue development,9.618159084351255e-05,biological_process
MRPL18,9.618159084351255e-05,gene/protein
establishment of protein localization,9.618159084351255e-05,biological_process
roof of mouth development,9.618159084351255e-05,biological_process
AQP10,9.618159084351255e-05,gene/protein
LRP10,9.618159084351255e-05,gene/protein
SLC30A3,9.618159084351255e-05,gene/protein
PGRMC2,9.618159084351255e-05,gene/protein
TSPAN2,9.618159084351255e-05,gene/protein
RTP2,9.618159084351255e-05,gene/protein
BTN2A2,9.618159084351255e-05,gene/protein
skeletal system morphogenesis,9.618159084351255e-05,biological_process
ruffle organization,9.618159084351255e-05,biological_process
face morphogenesis,9.618159084351255e-05,biological_process
MYEF2,9.618159084351255e-05,gene/protein
response to metformin,9.618159084351255e-05,biological_process
aorta morphogenesis,9.618159084351255e-05,biological_process
Activation of PPARGC1A (PGC-1alpha) by phosphorylation,9.618159084351255e-05,pathway
SUMOylation of transcription cofactors,9.618159084351255e-05,pathway
positive regulation of histone H3-K9 methylation,9.618159084351255e-05,biological_process
CLDN6,9.618159084351255e-05,gene/protein
ORMDL1,9.618159084351255e-05,gene/protein
MTFR2,9.618159084351255e-05,gene/protein
negative regulation of histone H3-K9 trimethylation,9.618159084351255e-05,biological_process
histone H3-K9 deacetylation,9.618159084351255e-05,biological_process
negative regulation of histone H3-K14 acetylation,9.618159084351255e-05,biological_process
RNA splicing,9.618159084351255e-05,biological_process
galactose metabolic process,9.618159084351255e-05,biological_process
forebrain development,9.618159084351255e-05,biological_process
cellular triglyceride homeostasis,9.618159084351255e-05,biological_process
regulation of protein serine/threonine kinase activity,9.618159084351255e-05,biological_process
positive regulation of adipose tissue development,9.618159084351255e-05,biological_process
Regulation of FOXO transcriptional activity by acetylation,9.618159084351255e-05,pathway
positive regulation of smooth muscle cell differentiation,9.618159084351255e-05,biological_process
negative regulation of cAMP-dependent protein kinase activity,9.618159084351255e-05,biological_process
negative regulation of androgen receptor signaling pathway,9.618159084351255e-05,biological_process
TMEM139,9.618159084351255e-05,gene/protein
SPAG4,9.618159084351255e-05,gene/protein
Dementia,9.618159084351255e-05,effect/phenotype
Exercise intolerance,9.618159084351255e-05,effect/phenotype
Bilateral tonic-clonic seizure with focal onset,9.618159084351255e-05,effect/phenotype
Delirium,9.618159084351255e-05,effect/phenotype
FAXDC2,9.618159084351255e-05,gene/protein
SERP2,9.618159084351255e-05,gene/protein
TMEM11,9.618159084351255e-05,gene/protein
OTULINL,9.618159084351255e-05,gene/protein
ANK1,9.618159084351255e-05,gene/protein
SFT2D1,9.618159084351255e-05,gene/protein
YIPF4,9.618159084351255e-05,gene/protein
THAP4,9.618159084351255e-05,gene/protein
PTPN9,9.618159084351255e-05,gene/protein
VAMP4,9.618159084351255e-05,gene/protein
ZFYVE27,9.618159084351255e-05,gene/protein
positive regulation of macrophage cytokine production,9.618159084351255e-05,biological_process
ZBED4,9.618159084351255e-05,gene/protein
Regulation of HSF1-mediated heat shock response,9.618159084351255e-05,pathway
behavioral response to starvation,9.618159084351255e-05,biological_process
protein depropionylation,9.618159084351255e-05,biological_process
postsynapse organization,9.618159084351255e-05,biological_process
RAPGEF6,9.618159084351255e-05,gene/protein
cellular response to resveratrol,9.618159084351255e-05,biological_process
flavone metabolic process,9.618159084351255e-05,biological_process
positive regulation of type B pancreatic cell apoptotic process,9.618159084351255e-05,biological_process
type B pancreatic cell apoptotic process,9.618159084351255e-05,biological_process
actin cytoskeleton organization,9.618159084351255e-05,biological_process
cellular component disassembly involved in execution phase of apoptosis,9.618159084351255e-05,biological_process
SHD,9.618159084351255e-05,gene/protein
TEDC1,9.618159084351255e-05,gene/protein
histone H4-K12 acetylation,9.618159084351255e-05,biological_process
PDCD4,9.618159084351255e-05,gene/protein
NKG7,9.618159084351255e-05,gene/protein
LRRC7,9.618159084351255e-05,gene/protein
PACSIN1,9.618159084351255e-05,gene/protein
MYO5C,9.618159084351255e-05,gene/protein
ING5,9.618159084351255e-05,gene/protein
negative regulation of cellular response to testosterone stimulus,9.618159084351255e-05,biological_process
histone H3-K9 modification,9.618159084351255e-05,biological_process
negative regulation of histone H4-K16 acetylation,9.618159084351255e-05,biological_process
regulation of endodeoxyribonuclease activity,9.618159084351255e-05,biological_process
negative regulation of TOR signaling,9.618159084351255e-05,biological_process
negative regulation of cellular senescence,9.618159084351255e-05,biological_process
triglyceride mobilization,9.618159084351255e-05,biological_process
FBXO7,9.618159084351255e-05,gene/protein
PSCA,9.618159084351255e-05,gene/protein
TXN2,9.618159084351255e-05,gene/protein
AGO1,9.618159084351255e-05,gene/protein
RICTOR,9.618159084351255e-05,gene/protein
single strand break repair,9.618159084351255e-05,biological_process
histone H3 acetylation,9.618159084351255e-05,biological_process
histone H4-K5 acetylation,9.618159084351255e-05,biological_process
positive regulation of intracellular transport,9.618159084351255e-05,biological_process
positive regulation of macrophage apoptotic process,9.618159084351255e-05,biological_process
DNA methylation-dependent heterochromatin assembly,9.618159084351255e-05,biological_process
regulation of centrosome duplication,9.618159084351255e-05,biological_process
HNRNPA1L2,9.618159084351255e-05,gene/protein
negative regulation of peptidyl-lysine acetylation,9.618159084351255e-05,biological_process
histone H3 deacetylation,9.618159084351255e-05,biological_process
pyrimidine dimer repair by nucleotide-excision repair,9.618159084351255e-05,biological_process
FUBP1,9.618159084351255e-05,gene/protein
ARL8B,9.618159084351255e-05,gene/protein
Proximal amyotrophy,9.618159084351255e-05,effect/phenotype
VAMP1,9.618159084351255e-05,gene/protein
ZNF785,9.618159084351255e-05,gene/protein
ZNF354C,9.618159084351255e-05,gene/protein
DNAAF2,9.618159084351255e-05,gene/protein
SYT1,9.618159084351255e-05,gene/protein
SCAMP1,9.618159084351255e-05,gene/protein
VAMP7,9.618159084351255e-05,gene/protein
LARS1,9.618159084351255e-05,gene/protein
FKBP6,9.618159084351255e-05,gene/protein
SACS,9.618159084351255e-05,gene/protein
Difficulty climbing stairs,9.618159084351255e-05,effect/phenotype
Difficulty running,9.618159084351255e-05,effect/phenotype
Progressive proximal muscle weakness,9.618159084351255e-05,effect/phenotype
Skeletal myopathy,9.618159084351255e-05,effect/phenotype
negative regulation of protein acetylation,9.618159084351255e-05,biological_process
UV-damage excision repair,9.618159084351255e-05,biological_process
cellular response to ionizing radiation,9.618159084351255e-05,biological_process
lipoxygenase pathway,9.618159084351255e-05,biological_process
CPLX1,9.618159084351255e-05,gene/protein
regulation of neuron projection development,9.618159084351255e-05,biological_process
rDNA heterochromatin assembly,9.618159084351255e-05,biological_process
heterochromatin maintenance,9.618159084351255e-05,biological_process
protein deacetylation,9.618159084351255e-05,biological_process
histone deacetylation,9.618159084351255e-05,biological_process
peptidyl-lysine acetylation,9.618159084351255e-05,biological_process
heterochromatin assembly,9.618159084351255e-05,biological_process
ZNF417,9.618159084351255e-05,gene/protein
peptidyl-lysine deacetylation,9.618159084351255e-05,biological_process
regulation of smooth muscle cell apoptotic process,9.618159084351255e-05,biological_process
positive regulation of adaptive immune response,9.618159084351255e-05,biological_process
regulation of bile acid biosynthetic process,9.618159084351255e-05,biological_process
SIRT1 negatively regulates rRNA expression,9.618159084351255e-05,pathway
RBFA,9.618159084351255e-05,gene/protein
KAT8,9.618159084351255e-05,gene/protein
histone acetylation,9.618159084351255e-05,biological_process
DNA repair,9.618159084351255e-05,biological_process
FOXR1,9.618159084351255e-05,gene/protein
FOXR2,9.618159084351255e-05,gene/protein
CPSF7,9.618159084351255e-05,gene/protein
METTL14,9.618159084351255e-05,gene/protein
HSP90AA5P,9.618159084351255e-05,gene/protein
STXBP6,9.618159084351255e-05,gene/protein
ZNF177,9.618159084351255e-05,gene/protein
Steppage gait,9.618159084351255e-05,effect/phenotype
Waddling gait,9.618159084351255e-05,effect/phenotype
HRNR,9.618159084351255e-05,gene/protein
SRP19,9.618159084351255e-05,gene/protein
RNF19A,9.618159084351255e-05,gene/protein
Scissor gait,9.618159084351255e-05,effect/phenotype
RPL11,9.618159084351255e-05,gene/protein
ADAMTS4,9.618159084351255e-05,gene/protein
ICE2,9.618159084351255e-05,gene/protein
CUEDC1,9.618159084351255e-05,gene/protein
TPD52,9.618159084351255e-05,gene/protein
VAT1,9.618159084351255e-05,gene/protein
POLR3E,9.618159084351255e-05,gene/protein
ZNF746,9.618159084351255e-05,gene/protein
enucleate erythrocyte development,9.618159084351255e-05,biological_process
protein mannosylation,9.618159084351255e-05,biological_process
dolichol biosynthetic process,9.618159084351255e-05,biological_process
Synthesis of Dolichyl-phosphate,9.618159084351255e-05,pathway
negative regulation of phosphorylation,9.618159084351255e-05,biological_process
stress-induced premature senescence,9.618159084351255e-05,biological_process
DNA synthesis involved in DNA repair,9.618159084351255e-05,biological_process
GSE1,9.618159084351255e-05,gene/protein
STXBP2,9.618159084351255e-05,gene/protein
AASDHPPT,9.618159084351255e-05,gene/protein
RAB9A,9.618159084351255e-05,gene/protein
bone development,9.618159084351255e-05,biological_process
SPIN1,9.618159084351255e-05,gene/protein
NPEPPSP1,9.618159084351255e-05,gene/protein
KLC3,9.618159084351255e-05,gene/protein
GSTK1,9.618159084351255e-05,gene/protein
WTAP,9.618159084351255e-05,gene/protein
CHCHD2,9.618159084351255e-05,gene/protein
PABPC4,9.618159084351255e-05,gene/protein
HECW1,9.618159084351255e-05,gene/protein
CLDN17,9.618159084351255e-05,gene/protein
NME2P1,9.618159084351255e-05,gene/protein
TRIM32,9.618159084351255e-05,gene/protein
VKORC1,9.618159084351255e-05,gene/protein
axon extension,9.618159084351255e-05,biological_process
positive regulation of Rac protein signal transduction,9.618159084351255e-05,biological_process
vascular endothelial growth factor signaling pathway,9.618159084351255e-05,biological_process
dolichyl diphosphate biosynthetic process,9.618159084351255e-05,biological_process
ZNF550,9.618159084351255e-05,gene/protein
negative regulation of helicase activity,9.618159084351255e-05,biological_process
PDGFD,9.618159084351255e-05,gene/protein
MRPL38,9.618159084351255e-05,gene/protein
TIGD5,9.618159084351255e-05,gene/protein
INSL6,9.618159084351255e-05,gene/protein
MRPL4,9.618159084351255e-05,gene/protein
EPDR1,9.618159084351255e-05,gene/protein
ZNF346,9.618159084351255e-05,gene/protein
NUDT21,9.618159084351255e-05,gene/protein
MARCHF5,9.618159084351255e-05,gene/protein
DYNLT1,9.618159084351255e-05,gene/protein
embryonic pattern specification,9.618159084351255e-05,biological_process
TBCA,9.618159084351255e-05,gene/protein
positive regulation of oxidative stress-induced intrinsic apoptotic signaling pathway,9.618159084351255e-05,biological_process
cellular response to ATP,9.618159084351255e-05,biological_process
retrograde axonal transport,9.618159084351255e-05,biological_process
GANAB,9.618159084351255e-05,gene/protein
embryo implantation,9.618159084351255e-05,biological_process
negative regulation of cholesterol biosynthetic process,9.618159084351255e-05,biological_process
MTREX,9.618159084351255e-05,gene/protein
auditory receptor cell stereocilium organization,9.618159084351255e-05,biological_process
SUMO4,9.618159084351255e-05,gene/protein
neurofilament cytoskeleton organization,9.618159084351255e-05,biological_process
response to carbon monoxide,9.618159084351255e-05,biological_process
COPG1,9.618159084351255e-05,gene/protein
positive regulation of histone H4-K16 acetylation,9.618159084351255e-05,biological_process
positive regulation of lamellipodium assembly,9.618159084351255e-05,biological_process
cardiac conduction system development,9.618159084351255e-05,biological_process
protein glycosylation,9.618159084351255e-05,biological_process
erythrocyte maturation,9.618159084351255e-05,biological_process
TMEM30B,9.618159084351255e-05,gene/protein
stabilization of membrane potential,9.618159084351255e-05,biological_process
GHDC,9.618159084351255e-05,gene/protein
Defective DHDDS causes retinitis pigmentosa 59,9.618159084351255e-05,pathway
Generic Transcription Pathway,9.618159084351255e-05,pathway
Abnormality of extrapyramidal motor function,9.618159084351255e-05,effect/phenotype
RUNX1 interacts with co-factors whose precise effect on RUNX1 targets is not known,9.618159084351255e-05,pathway
PCGF6,9.618159084351255e-05,gene/protein
MPHOSPH8,9.618159084351255e-05,gene/protein
RPS19BP1,9.618159084351255e-05,gene/protein
RSRC1,9.618159084351255e-05,gene/protein
response to antipsychotic drug,9.618159084351255e-05,biological_process
Signaling by BMP,9.618159084351255e-05,pathway
DMAP1,9.618159084351255e-05,gene/protein
TKT,9.618159084351255e-05,gene/protein
DDX39B,9.618159084351255e-05,gene/protein
PRDX5,9.618159084351255e-05,gene/protein
NSUN2,9.618159084351255e-05,gene/protein
PRR12,9.618159084351255e-05,gene/protein
BASP1,9.618159084351255e-05,gene/protein
response to axon injury,9.618159084351255e-05,biological_process
CENPV,9.618159084351255e-05,gene/protein
CCT2,9.618159084351255e-05,gene/protein
CCS,9.618159084351255e-05,gene/protein
regulation of protein kinase activity,9.618159084351255e-05,biological_process
ZC3H18,9.618159084351255e-05,gene/protein
NOP10,9.618159084351255e-05,gene/protein
MOB1B,9.618159084351255e-05,gene/protein
UQCC2,9.618159084351255e-05,gene/protein
transmission of nerve impulse,9.618159084351255e-05,biological_process
regulation of T cell differentiation in thymus,9.618159084351255e-05,biological_process
regulation of GTPase activity,9.618159084351255e-05,biological_process
GAR1,9.618159084351255e-05,gene/protein
POTEKP,9.618159084351255e-05,gene/protein
TBCCD1,9.618159084351255e-05,gene/protein
ZNF669,9.618159084351255e-05,gene/protein
RAD54L2,9.618159084351255e-05,gene/protein
CWC15,9.618159084351255e-05,gene/protein
FSD1,9.618159084351255e-05,gene/protein
regulation of intracellular cholesterol transport,9.618159084351255e-05,biological_process
YPEL5,9.618159084351255e-05,gene/protein
mRNA destabilization,9.618159084351255e-05,biological_process
oxidative single-stranded RNA demethylation,9.618159084351255e-05,biological_process
regulation of peroxisome proliferator activated receptor signaling pathway,9.618159084351255e-05,biological_process
MRGBP,9.618159084351255e-05,gene/protein
CTSL,9.618159084351255e-05,gene/protein
CR2,9.618159084351255e-05,gene/protein
FH,9.618159084351255e-05,gene/protein
DYNC2LI1,9.618159084351255e-05,gene/protein
EXOSC6,9.618159084351255e-05,gene/protein
PITPNB,9.618159084351255e-05,gene/protein
positive regulation of triglyceride catabolic process,9.618159084351255e-05,biological_process
XKRX,9.618159084351255e-05,gene/protein
dendrite extension,9.618159084351255e-05,biological_process
regulation of low-density lipoprotein particle clearance,9.618159084351255e-05,biological_process
NUDCD2,9.618159084351255e-05,gene/protein
HCFC2,9.618159084351255e-05,gene/protein
retina homeostasis,9.618159084351255e-05,biological_process
HSD17B3,9.618159084351255e-05,gene/protein
positive regulation of apoptotic cell clearance,9.618159084351255e-05,biological_process
positive regulation of activation of membrane attack complex,9.618159084351255e-05,biological_process
RPRD1B,9.618159084351255e-05,gene/protein
TWIK-related alkaline pH activated K+ channel (TALK),9.618159084351255e-05,pathway
complement activation,9.618159084351255e-05,biological_process
"complement activation, alternative pathway",9.618159084351255e-05,biological_process
regulation of triglyceride biosynthetic process,9.618159084351255e-05,biological_process
Alternative complement activation,9.618159084351255e-05,pathway
cell surface receptor signaling pathway involved in cell-cell signaling,9.618159084351255e-05,biological_process
Regulation of Complement cascade,9.618159084351255e-05,pathway
ZSCAN20,9.618159084351255e-05,gene/protein
C5,9.618159084351255e-05,gene/protein
PLEKHF2,9.618159084351255e-05,gene/protein
CPN1,9.618159084351255e-05,gene/protein
DELE1,9.618159084351255e-05,gene/protein
LIPF,9.618159084351255e-05,gene/protein
OIP5,9.618159084351255e-05,gene/protein
CFHR4,9.618159084351255e-05,gene/protein
Activation of C3 and C5,9.618159084351255e-05,pathway
ITGAX,9.618159084351255e-05,gene/protein
regulation of complement activation,9.618159084351255e-05,biological_process
RMND5A,9.618159084351255e-05,gene/protein
GID8,9.618159084351255e-05,gene/protein
cellular response to thyroid hormone stimulus,9.618159084351255e-05,biological_process
PRG3,9.618159084351255e-05,gene/protein
skeletal muscle atrophy,9.618159084351255e-05,biological_process
regulation of NMDA receptor activity,9.618159084351255e-05,biological_process
oxidative single-stranded DNA demethylation,9.618159084351255e-05,biological_process
regulation of respiratory system process,9.618159084351255e-05,biological_process
regulation of white fat cell proliferation,9.618159084351255e-05,biological_process
RPL35,9.618159084351255e-05,gene/protein
GATAD2A,9.618159084351255e-05,gene/protein
TREM2,9.618159084351255e-05,gene/protein
HP1BP3,9.618159084351255e-05,gene/protein
SPDYE4,9.618159084351255e-05,gene/protein
positive regulation of G protein-coupled receptor signaling pathway,9.618159084351255e-05,biological_process
complement-dependent cytotoxicity,9.618159084351255e-05,biological_process
CA8,9.618159084351255e-05,gene/protein
positive regulation of receptor-mediated endocytosis,9.618159084351255e-05,biological_process
CFH,9.618159084351255e-05,gene/protein
MASP1,9.618159084351255e-05,gene/protein
"positive regulation of phagocytosis, engulfment",9.618159084351255e-05,biological_process
complement-mediated synapse pruning,9.618159084351255e-05,biological_process
vertebrate eye-specific patterning,9.618159084351255e-05,biological_process
GOLGA6L9,9.618159084351255e-05,gene/protein
oviduct epithelium development,9.618159084351255e-05,biological_process
CTSG,9.618159084351255e-05,gene/protein
CFHR3,9.618159084351255e-05,gene/protein
regulation of glycogen metabolic process,9.618159084351255e-05,biological_process
CR1,9.618159084351255e-05,gene/protein
CCDC136,9.618159084351255e-05,gene/protein
RSPH9,9.618159084351255e-05,gene/protein
positive regulation of type IIa hypersensitivity,9.618159084351255e-05,biological_process
neuron remodeling,9.618159084351255e-05,biological_process
Defective GCK causes maturity-onset diabetes of the young 2 (MODY2),9.618159084351255e-05,pathway
TRIML2,9.618159084351255e-05,gene/protein
TSR2,9.618159084351255e-05,gene/protein
SFMBT1,9.618159084351255e-05,gene/protein
KDM1A,9.618159084351255e-05,gene/protein
MAGOHB,9.618159084351255e-05,gene/protein
YPEL3,9.618159084351255e-05,gene/protein
KLB,9.618159084351255e-05,gene/protein
response to norepinephrine,9.618159084351255e-05,biological_process
cellular response to ionomycin,9.618159084351255e-05,biological_process
respiratory electron transport chain,9.618159084351255e-05,biological_process
cellular response to follicle-stimulating hormone stimulus,9.618159084351255e-05,biological_process
FOXD4L1,9.618159084351255e-05,gene/protein
cellular response to caffeine,9.618159084351255e-05,biological_process
positive regulation of cellular respiration,9.618159084351255e-05,biological_process
cytoskeleton organization,9.618159084351255e-05,biological_process
CCDC120,9.618159084351255e-05,gene/protein
LURAP1,9.618159084351255e-05,gene/protein
negative regulation of smooth muscle cell migration,9.618159084351255e-05,biological_process
negative regulation of mitochondrial fission,9.618159084351255e-05,biological_process
response to epinephrine,9.618159084351255e-05,biological_process
positive regulation of glomerular visceral epithelial cell apoptotic process,9.618159084351255e-05,biological_process
response to electrical stimulus involved in regulation of muscle adaptation,9.618159084351255e-05,biological_process
CEP83,9.618159084351255e-05,gene/protein
RCOR3,9.618159084351255e-05,gene/protein
LINC02875,9.618159084351255e-05,gene/protein
positive regulation of progesterone secretion,9.618159084351255e-05,biological_process
DCTN4,9.618159084351255e-05,gene/protein
TRAPPC5,9.618159084351255e-05,gene/protein
negative regulation of hydrogen peroxide catabolic process,9.618159084351255e-05,biological_process
negative regulation of amyloid fibril formation,9.618159084351255e-05,biological_process
positive regulation of immunoglobulin production,9.618159084351255e-05,biological_process
heme metabolic process,9.618159084351255e-05,biological_process
Shoulder girdle muscle weakness,9.618159084351255e-05,effect/phenotype
NADP metabolic process,9.618159084351255e-05,biological_process
amylin receptor signaling pathway,9.618159084351255e-05,biological_process
calcium ion import,9.618159084351255e-05,biological_process
MASP2,9.618159084351255e-05,gene/protein
CD46,9.618159084351255e-05,gene/protein
regulation of potassium ion transport,9.618159084351255e-05,biological_process
OLIG3,9.618159084351255e-05,gene/protein
Phase 4 - resting membrane potential,9.618159084351255e-05,pathway
GID4,9.618159084351255e-05,gene/protein
ZNF664,9.618159084351255e-05,gene/protein
PFKFB2,9.618159084351255e-05,gene/protein
PFKFB1,9.618159084351255e-05,gene/protein
zymogen activation,9.618159084351255e-05,biological_process
defense response,9.618159084351255e-05,biological_process
negative regulation of oxidoreductase activity,9.618159084351255e-05,biological_process
GPSM1,9.618159084351255e-05,gene/protein
GADD45GIP1,9.618159084351255e-05,gene/protein
CTAG1A,9.618159084351255e-05,gene/protein
RCOR2,9.618159084351255e-05,gene/protein
DPEP2,9.618159084351255e-05,gene/protein
cellular response to fructose stimulus,9.618159084351255e-05,biological_process
positive regulation of histone acetylation,9.618159084351255e-05,biological_process
RUSC1,9.618159084351255e-05,gene/protein
GTF2A1L,9.618159084351255e-05,gene/protein
GATAD2B,9.618159084351255e-05,gene/protein
TCHP,9.618159084351255e-05,gene/protein
PAAF1,9.618159084351255e-05,gene/protein
WWP1,9.618159084351255e-05,gene/protein
purinergic nucleotide receptor signaling pathway,9.618159084351255e-05,biological_process
NCS1,9.618159084351255e-05,gene/protein
TUBB8,9.618159084351255e-05,gene/protein
MZT2B,9.618159084351255e-05,gene/protein
GALNT12,9.618159084351255e-05,gene/protein
heme transport,9.618159084351255e-05,biological_process
positive regulation of interferon-gamma-mediated signaling pathway,9.618159084351255e-05,biological_process
negative regulation of mitochondrion organization,9.618159084351255e-05,biological_process
osteoblast fate commitment,9.618159084351255e-05,biological_process
HEATR6,9.618159084351255e-05,gene/protein
CLIC4,9.618159084351255e-05,gene/protein
TWF1,9.618159084351255e-05,gene/protein
TTC28,9.618159084351255e-05,gene/protein
negative regulation of protein-containing complex assembly,9.618159084351255e-05,biological_process
negative regulation of bone resorption,9.618159084351255e-05,biological_process
Calcitonin-like ligand receptors,9.618159084351255e-05,pathway
C10orf55,9.618159084351255e-05,gene/protein
SMYD1,9.618159084351255e-05,gene/protein
HATs acetylate histones,9.618159084351255e-05,pathway
ZBTB38,9.618159084351255e-05,gene/protein
OR5F1,9.618159084351255e-05,gene/protein
ZNRF4,9.618159084351255e-05,gene/protein
RETREG3,9.618159084351255e-05,gene/protein
GLIPR1L2,9.618159084351255e-05,gene/protein
Activation of Matrix Metalloproteinases,9.618159084351255e-05,pathway
CCDC102B,9.618159084351255e-05,gene/protein
DKK1,9.618159084351255e-05,gene/protein
BABAM1,9.618159084351255e-05,gene/protein
SCF-dependent proteasomal ubiquitin-dependent protein catabolic process,9.618159084351255e-05,biological_process
pre-replicative complex assembly,9.618159084351255e-05,biological_process
negative regulation of membrane protein ectodomain proteolysis,9.618159084351255e-05,biological_process
PRR20B,9.618159084351255e-05,gene/protein
C19orf54,9.618159084351255e-05,gene/protein
KCNE4,9.618159084351255e-05,gene/protein
KRTAP19-7,9.618159084351255e-05,gene/protein
PRR20D,9.618159084351255e-05,gene/protein
KRTAP21-2,9.618159084351255e-05,gene/protein
canonical Wnt signaling pathway involved in positive regulation of epithelial to mesenchymal transition,9.618159084351255e-05,biological_process
NUDT13,9.618159084351255e-05,gene/protein
Formation of the beta-catenin:TCF transactivating complex,9.618159084351255e-05,pathway
SMUG1,9.618159084351255e-05,gene/protein
PRR20A,9.618159084351255e-05,gene/protein
Repression of WNT target genes,9.618159084351255e-05,pathway
JRK,9.618159084351255e-05,gene/protein
Signaling by TCF7L2 mutants,9.618159084351255e-05,pathway
RUNX3 regulates WNT signaling,9.618159084351255e-05,pathway
PRR20E,9.618159084351255e-05,gene/protein
ZNF34,9.618159084351255e-05,gene/protein
INTS11,9.618159084351255e-05,gene/protein
PLEKHB1,9.618159084351255e-05,gene/protein
PITPNC1,9.618159084351255e-05,gene/protein
UBLCP1,9.618159084351255e-05,gene/protein
negative regulation of catalytic activity,9.618159084351255e-05,biological_process
KDELR1,9.618159084351255e-05,gene/protein
"Wnt signaling pathway, planar cell polarity pathway",9.618159084351255e-05,biological_process
C9orf72,9.618159084351255e-05,gene/protein
RPP30,9.618159084351255e-05,gene/protein
RCOR1,9.618159084351255e-05,gene/protein
Activation of caspases through apoptosome-mediated cleavage,9.618159084351255e-05,pathway
Humoral immunodeficiency,9.618159084351255e-05,immune_effect/phenotype
cellular response to UV-A,9.618159084351255e-05,biological_process
BTNL8,9.618159084351255e-05,gene/protein
Reduced C-peptide level,9.618159084351255e-05,effect/phenotype
Ketonuria,9.618159084351255e-05,effect/phenotype
cell activation,9.618159084351255e-05,biological_process
negative regulation of metallopeptidase activity,9.618159084351255e-05,biological_process
regulation of integrin-mediated signaling pathway,9.618159084351255e-05,biological_process
negative regulation of trophoblast cell migration,9.618159084351255e-05,biological_process
extracellular matrix disassembly,9.618159084351255e-05,biological_process
nitrobenzene metabolic process,9.618159084351255e-05,biological_process
cellular detoxification of nitrogen compound,9.618159084351255e-05,biological_process
regulation of transport,9.618159084351255e-05,biological_process
C2CD5,9.618159084351255e-05,gene/protein
ANKRD2,9.618159084351255e-05,gene/protein
toll-like receptor 3 signaling pathway,9.618159084351255e-05,biological_process
Interictal epileptiform activity,9.618159084351255e-05,effect/phenotype
Athetosis,9.618159084351255e-05,effect/phenotype
Binding of TCF/LEF:CTNNB1 to target gene promoters,9.618159084351255e-05,pathway
KCNIP3,9.618159084351255e-05,gene/protein
USO1,9.618159084351255e-05,gene/protein
SOHLH1,9.618159084351255e-05,gene/protein
SAAL1,9.618159084351255e-05,gene/protein
PRMT9,9.618159084351255e-05,gene/protein
negative regulation of hydrolase activity,9.618159084351255e-05,biological_process
glial cell proliferation,9.618159084351255e-05,biological_process
FAM168B,9.618159084351255e-05,gene/protein
KRTAP7-1,9.618159084351255e-05,gene/protein
LCE2C,9.618159084351255e-05,gene/protein
CILP,9.618159084351255e-05,gene/protein
KMT5A,9.618159084351255e-05,gene/protein
KRTAP19-5,9.618159084351255e-05,gene/protein
regulation of smooth muscle cell proliferation,9.618159084351255e-05,biological_process
IKZF5,9.618159084351255e-05,gene/protein
DIP2A,9.618159084351255e-05,gene/protein
regulation of binding,9.618159084351255e-05,biological_process
positive regulation of extracellular matrix assembly,9.618159084351255e-05,biological_process
transforming growth factor beta receptor signaling pathway involved in heart development,9.618159084351255e-05,biological_process
Endocardial fibrosis,9.618159084351255e-05,effect/phenotype
MLH3,9.618159084351255e-05,gene/protein
PRR20C,9.618159084351255e-05,gene/protein
LRRC23,9.618159084351255e-05,gene/protein
SMAP2,9.618159084351255e-05,gene/protein
DTX3,9.618159084351255e-05,gene/protein
CNFN,9.618159084351255e-05,gene/protein
LCE1D,9.618159084351255e-05,gene/protein
LCE1A,9.618159084351255e-05,gene/protein
"Wnt signaling pathway, calcium modulating pathway",9.618159084351255e-05,biological_process
beta-catenin-TCF complex assembly,9.618159084351255e-05,biological_process
THBS1,9.618159084351255e-05,gene/protein
DCTN1,9.618159084351255e-05,gene/protein
HES2,9.618159084351255e-05,gene/protein
ERGIC2,9.618159084351255e-05,gene/protein
GSTM3,9.618159084351255e-05,gene/protein
STK26,9.618159084351255e-05,gene/protein
GIGYF2,9.618159084351255e-05,gene/protein
GSTM2,9.618159084351255e-05,gene/protein
xenobiotic catabolic process,9.618159084351255e-05,biological_process
glutathione derivative biosynthetic process,9.618159084351255e-05,biological_process
hormone metabolic process,9.618159084351255e-05,biological_process
ADIPOR1,9.618159084351255e-05,gene/protein
Glutathione conjugation,9.618159084351255e-05,pathway
TNKS2,9.618159084351255e-05,gene/protein
Tie2 Signaling,9.618159084351255e-05,pathway
FCHO1,9.618159084351255e-05,gene/protein
PARD6A,9.618159084351255e-05,gene/protein
Spontaneous abortion,9.618159084351255e-05,effect/phenotype
ATRIP,9.618159084351255e-05,gene/protein
embryonic liver development,9.618159084351255e-05,biological_process
LCE2B,9.618159084351255e-05,gene/protein
ossification involved in bone remodeling,9.618159084351255e-05,biological_process
negative regulation of skeletal muscle tissue development,9.618159084351255e-05,biological_process
positive regulation of microglia differentiation,9.618159084351255e-05,biological_process
regulation of SMAD protein signal transduction,9.618159084351255e-05,biological_process
negative regulation of cytolysis,9.618159084351255e-05,biological_process
cell-cell junction organization,9.618159084351255e-05,biological_process
positive regulation of pathway-restricted SMAD protein phosphorylation,9.618159084351255e-05,biological_process
pathway-restricted SMAD protein phosphorylation,9.618159084351255e-05,biological_process
neural tube closure,9.618159084351255e-05,biological_process
LTBP4,9.618159084351255e-05,gene/protein
LCE3A,9.618159084351255e-05,gene/protein
PLA2G10,9.618159084351255e-05,gene/protein
WAPL,9.618159084351255e-05,gene/protein
lymph node development,9.618159084351255e-05,biological_process
positive regulation of protein secretion,9.618159084351255e-05,biological_process
negative regulation of macrophage cytokine production,9.618159084351255e-05,biological_process
XRN1,9.618159084351255e-05,gene/protein
RMND5B,9.618159084351255e-05,gene/protein
DDX3Y,9.618159084351255e-05,gene/protein
GIGYF1,9.618159084351255e-05,gene/protein
viral protein processing,9.618159084351255e-05,biological_process
protein N-linked glycosylation via asparagine,9.618159084351255e-05,biological_process
HEATR3,9.618159084351255e-05,gene/protein
photoreceptor cell maintenance,9.618159084351255e-05,biological_process
lactose biosynthetic process,9.618159084351255e-05,biological_process
ARFGEF3,9.618159084351255e-05,gene/protein
ZYG11B,9.618159084351255e-05,gene/protein
sialylation,9.618159084351255e-05,biological_process
N-acetylneuraminate metabolic process,9.618159084351255e-05,biological_process
USP28,9.618159084351255e-05,gene/protein
Sialic acid metabolism,9.618159084351255e-05,pathway
Maturation of spike protein,9.618159084351255e-05,pathway
Maturation of protein 3a,9.618159084351255e-05,pathway
N-Glycan antennae elongation,9.618159084351255e-05,pathway
Termination of O-glycan biosynthesis,9.618159084351255e-05,pathway
SYNE4,9.618159084351255e-05,gene/protein
TRARG1,9.618159084351255e-05,gene/protein
LCE1C,9.618159084351255e-05,gene/protein
KLF10,9.618159084351255e-05,gene/protein
negative regulation of programmed cell death,9.618159084351255e-05,biological_process
negative regulation of response to endoplasmic reticulum stress,9.618159084351255e-05,biological_process
hyaluronan catabolic process,9.618159084351255e-05,biological_process
positive regulation of interleukin-17 production,9.618159084351255e-05,biological_process
SMAD protein complex assembly,9.618159084351255e-05,biological_process
regulation of striated muscle tissue development,9.618159084351255e-05,biological_process
ER overload response,9.618159084351255e-05,biological_process
P2RX2,9.618159084351255e-05,gene/protein
Sensory ataxia,9.618159084351255e-05,effect/phenotype
negative regulation of cartilage development,9.618159084351255e-05,biological_process
response to Thyroglobulin triiodothyronine,9.618159084351255e-05,biological_process
ubiquitin-dependent ERAD pathway,9.618159084351255e-05,biological_process
positive regulation of protein ubiquitination,9.618159084351255e-05,biological_process
TGFBRAP1,9.618159084351255e-05,gene/protein
response to cholesterol,9.618159084351255e-05,biological_process
myoblast fate commitment,9.618159084351255e-05,biological_process
positive regulation of protein export from nucleus,9.618159084351255e-05,biological_process
maintenance of DNA repeat elements,9.618159084351255e-05,biological_process
positive regulation of heparan sulfate proteoglycan biosynthetic process,9.618159084351255e-05,biological_process
LCE3D,9.618159084351255e-05,gene/protein
extracellular matrix assembly,9.618159084351255e-05,biological_process
O-glycan processing,9.618159084351255e-05,biological_process
PADI1,9.618159084351255e-05,gene/protein
organic anion transport,9.618159084351255e-05,biological_process
SYT3,9.618159084351255e-05,gene/protein
Motor tics,9.618159084351255e-05,effect/phenotype
BAMBI,9.618159084351255e-05,gene/protein
Phonic tics,9.618159084351255e-05,effect/phenotype
TRUB1,9.618159084351255e-05,gene/protein
receptor catabolic process,9.618159084351255e-05,biological_process
regulation of transforming growth factor beta receptor signaling pathway,9.618159084351255e-05,biological_process
protein export from nucleus,9.618159084351255e-05,biological_process
SLC9A8,9.618159084351255e-05,gene/protein
DPM1,9.618159084351255e-05,gene/protein
positive regulation of macrophage derived foam cell differentiation,9.618159084351255e-05,biological_process
positive regulation of isotype switching to IgA isotypes,9.618159084351255e-05,biological_process
positive regulation of growth,9.618159084351255e-05,biological_process
negative regulation of ATF6-mediated unfolded protein response,9.618159084351255e-05,biological_process
CATSPER1,9.618159084351255e-05,gene/protein
positive regulation of chemotaxis,9.618159084351255e-05,biological_process
positive regulation of collagen biosynthetic process,9.618159084351255e-05,biological_process
WFIKKN1,9.618159084351255e-05,gene/protein
KRTAP4-11,9.618159084351255e-05,gene/protein
epithelial to mesenchymal transition,9.618159084351255e-05,biological_process
WFIKKN2,9.618159084351255e-05,gene/protein
NRROS,9.618159084351255e-05,gene/protein
positive regulation of fat cell apoptotic process,9.618159084351255e-05,biological_process
glucose import across plasma membrane,9.618159084351255e-05,biological_process
L-ascorbic acid metabolic process,9.618159084351255e-05,biological_process
SCGB3A1,9.618159084351255e-05,gene/protein
regulation of protein import into nucleus,9.618159084351255e-05,biological_process
regulation of DNA binding,9.618159084351255e-05,biological_process
ATP biosynthetic process,9.618159084351255e-05,biological_process
positive regulation of fibroblast migration,9.618159084351255e-05,biological_process
histamine uptake,9.618159084351255e-05,biological_process
GCSAM,9.618159084351255e-05,gene/protein
SF3B3,9.618159084351255e-05,gene/protein
WBP2,9.618159084351255e-05,gene/protein
STX4,9.618159084351255e-05,gene/protein
SYT9,9.618159084351255e-05,gene/protein
epinephrine uptake,9.618159084351255e-05,biological_process
quaternary ammonium group transport,9.618159084351255e-05,biological_process
purine-containing compound transmembrane transport,9.618159084351255e-05,biological_process
SGPP2,9.618159084351255e-05,gene/protein
TP53BP1,9.618159084351255e-05,gene/protein
MTMR10,9.618159084351255e-05,gene/protein
Mullerian duct regression,9.618159084351255e-05,biological_process
SARAF,9.618159084351255e-05,gene/protein
ZEB2,9.618159084351255e-05,gene/protein
RPS10,9.618159084351255e-05,gene/protein
positive regulation of p38MAPK cascade,9.618159084351255e-05,biological_process
YIPF3,9.618159084351255e-05,gene/protein
XBP1(S) activates chaperone genes,9.618159084351255e-05,pathway
positive regulation of protein metabolic process,9.618159084351255e-05,biological_process
PDZD3,9.618159084351255e-05,gene/protein
serotonin uptake,9.618159084351255e-05,biological_process
RYR2,9.618159084351255e-05,gene/protein
SOX7,9.618159084351255e-05,gene/protein
NAA20,9.618159084351255e-05,gene/protein
SUV39H2,9.618159084351255e-05,gene/protein
SOX5,9.618159084351255e-05,gene/protein
stress-activated MAPK cascade,9.618159084351255e-05,biological_process
PRRT2,9.618159084351255e-05,gene/protein
CXXC5,9.618159084351255e-05,gene/protein
synaptic vesicle docking,9.618159084351255e-05,biological_process
STX19,9.618159084351255e-05,gene/protein
glycerophosphate shuttle,9.618159084351255e-05,biological_process
SNRPA,9.618159084351255e-05,gene/protein
IPPK,9.618159084351255e-05,gene/protein
MBD1,9.618159084351255e-05,gene/protein
LSR,9.618159084351255e-05,gene/protein
SF3B1,9.618159084351255e-05,gene/protein
cellular hyperosmotic response,9.618159084351255e-05,biological_process
cerebral cortex development,9.618159084351255e-05,biological_process
SIGLEC5,9.618159084351255e-05,gene/protein
positive regulation of hepatic stellate cell activation,9.618159084351255e-05,biological_process
negative regulation of glutamine transport,9.618159084351255e-05,biological_process
positive regulation of luteinizing hormone secretion,9.618159084351255e-05,biological_process
positive regulation of follicle-stimulating hormone secretion,9.618159084351255e-05,biological_process
negative regulation of glucagon secretion,9.618159084351255e-05,biological_process
TMEM236,9.618159084351255e-05,gene/protein
FYTTD1,9.618159084351255e-05,gene/protein
Vitamin C (ascorbate) metabolism,9.618159084351255e-05,pathway
Stomatocytosis,9.618159084351255e-05,effect/phenotype
glucose import in response to insulin stimulus,9.618159084351255e-05,biological_process
amylopectin biosynthetic process,9.618159084351255e-05,biological_process
EHD2,9.618159084351255e-05,gene/protein
positive regulation of brain-derived neurotrophic factor receptor signaling pathway,9.618159084351255e-05,biological_process
NPY2R,9.618159084351255e-05,gene/protein
MITD1,9.618159084351255e-05,gene/protein
NDE1,9.618159084351255e-05,gene/protein
ODF3B,9.618159084351255e-05,gene/protein
PELP1,9.618159084351255e-05,gene/protein
MXD3,9.618159084351255e-05,gene/protein
IL4I1,9.618159084351255e-05,gene/protein
intestinal hexose absorption,9.618159084351255e-05,biological_process
glycerol catabolic process,9.618159084351255e-05,biological_process
glycerol-3-phosphate metabolic process,9.618159084351255e-05,biological_process
Triglyceride catabolism,9.618159084351255e-05,pathway
fructose transmembrane transport,9.618159084351255e-05,biological_process
hexose transmembrane transport,9.618159084351255e-05,biological_process
SLC8A3,9.618159084351255e-05,gene/protein
toxin transport,9.618159084351255e-05,biological_process
cellular response to osmotic stress,9.618159084351255e-05,biological_process
positive regulation of calcium ion transport,9.618159084351255e-05,biological_process
olfactory behavior,9.618159084351255e-05,biological_process
SYVN1,9.618159084351255e-05,gene/protein
adult feeding behavior,9.618159084351255e-05,biological_process
positive regulation of peroxisome proliferator activated receptor signaling pathway,9.618159084351255e-05,biological_process
Myotonia,9.618159084351255e-05,effect/phenotype
Paroxysmal choreoathetosis,9.618159084351255e-05,effect/phenotype
long-chain fatty acid import across plasma membrane,9.618159084351255e-05,biological_process
APC/C:Cdc20 mediated degradation of Securin,9.618159084351255e-05,pathway
APC/C:Cdh1 mediated degradation of Cdc20 and other APC/C:Cdh1 targeted proteins in late mitosis/early G1,9.618159084351255e-05,pathway
regulation of catalytic activity,9.618159084351255e-05,biological_process
monoamine transport,9.618159084351255e-05,biological_process
histamine metabolic process,9.618159084351255e-05,biological_process
Abacavir transmembrane transport,9.618159084351255e-05,pathway
Organic cation transport,9.618159084351255e-05,pathway
organic cation transport,9.618159084351255e-05,biological_process
norepinephrine uptake,9.618159084351255e-05,biological_process
dopamine uptake,9.618159084351255e-05,biological_process
monocarboxylic acid transport,9.618159084351255e-05,biological_process
PCDHGB1,9.618159084351255e-05,gene/protein
Intestinal hexose absorption,9.618159084351255e-05,pathway
Synthesis of PA,9.618159084351255e-05,pathway
TRAPPC10,9.618159084351255e-05,gene/protein
vesicle fusion,9.618159084351255e-05,biological_process
neurotransmitter uptake,9.618159084351255e-05,biological_process
synaptic vesicle exocytosis,9.618159084351255e-05,biological_process
Acetylcholine Neurotransmitter Release Cycle,9.618159084351255e-05,pathway
exocytic insertion of neurotransmitter receptor to postsynaptic membrane,9.618159084351255e-05,biological_process
synaptic vesicle fusion to presynaptic active zone membrane,9.618159084351255e-05,biological_process
long-term synaptic potentiation,9.618159084351255e-05,biological_process
positive regulation of reactive oxygen species metabolic process,9.618159084351255e-05,biological_process
Lactose synthesis,9.618159084351255e-05,pathway
protein maturation by protein folding,9.618159084351255e-05,biological_process
regulation of natural killer cell mediated cytotoxicity,9.618159084351255e-05,biological_process
aorta development,9.618159084351255e-05,biological_process
positive regulation of T cell proliferation,9.618159084351255e-05,biological_process
negative regulation of vasoconstriction,9.618159084351255e-05,biological_process
CDK-mediated phosphorylation and removal of Cdc6,9.618159084351255e-05,pathway
GLI3 is processed to GLI3R by the proteasome,9.618159084351255e-05,pathway
anaphase-promoting complex-dependent catabolic process,9.618159084351255e-05,biological_process
NIK-->noncanonical NF-kB signaling,9.618159084351255e-05,pathway
regulation of mitotic cell cycle phase transition,9.618159084351255e-05,biological_process
Hypoplasia of the thymus,9.618159084351255e-05,effect/phenotype
neurotransmitter secretion,9.618159084351255e-05,biological_process
"GABA synthesis, release, reuptake and degradation",9.618159084351255e-05,pathway
Sensory processing of sound by inner hair cells of the cochlea,9.618159084351255e-05,pathway
neurotransmitter receptor internalization,9.618159084351255e-05,biological_process
synaptic vesicle priming,9.618159084351255e-05,biological_process
Toxicity of botulinum toxin type E (botE),9.618159084351255e-05,pathway
Toxicity of botulinum toxin type C (botC),9.618159084351255e-05,pathway
Toxicity of botulinum toxin type A (botA),9.618159084351255e-05,pathway
TRIM9,9.618159084351255e-05,gene/protein
ZNF559-ZNF177,9.618159084351255e-05,gene/protein
STX3,9.618159084351255e-05,gene/protein
associative learning,9.618159084351255e-05,biological_process
Serotonin Neurotransmitter Release Cycle,9.618159084351255e-05,pathway
regulation of synaptic vesicle budding from presynaptic endocytic zone membrane,9.618159084351255e-05,biological_process
short-term memory,9.618159084351255e-05,biological_process
Separation of Sister Chromatids,9.618159084351255e-05,pathway
Regulation of activated PAK-2p34 by proteasome mediated degradation,9.618159084351255e-05,pathway
Defective CFTR causes cystic fibrosis,9.618159084351255e-05,pathway
MAPK6/MAPK4 signaling,9.618159084351255e-05,pathway
ER-Phagosome pathway,9.618159084351255e-05,pathway
Cross-presentation of soluble exogenous antigens (endosomes),9.618159084351255e-05,pathway
Autodegradation of Cdh1 by Cdh1:APC/C,9.618159084351255e-05,pathway
SCF-beta-TrCP mediated degradation of Emi1,9.618159084351255e-05,pathway
NMNAT1,9.618159084351255e-05,gene/protein
SOST,9.618159084351255e-05,gene/protein
Cdc20:Phospho-APC/C mediated degradation of Cyclin A,9.618159084351255e-05,pathway
Vpu mediated degradation of CD4,9.618159084351255e-05,pathway
Autodegradation of the E3 ubiquitin ligase COP1,9.618159084351255e-05,pathway
Degradation of AXIN,9.618159084351255e-05,pathway
AUF1 (hnRNP D0) binds and destabilizes mRNA,9.618159084351255e-05,pathway
Elevated alpha-fetoprotein,9.618159084351255e-05,effect/phenotype
positive regulation of synoviocyte proliferation,9.618159084351255e-05,biological_process
positive regulation of hair follicle development,9.618159084351255e-05,biological_process
INTS5,9.618159084351255e-05,gene/protein
Vestibular dysfunction,9.618159084351255e-05,effect/phenotype
regulation of branching involved in salivary gland morphogenesis,9.618159084351255e-05,biological_process
negative regulation of branching involved in lung morphogenesis,9.618159084351255e-05,biological_process
positive regulation of translational initiation by iron,9.618159084351255e-05,biological_process
negative regulation of alkaline phosphatase activity,9.618159084351255e-05,biological_process
regulation of endothelial cell apoptotic process,9.618159084351255e-05,biological_process
negative regulation of protein-containing complex disassembly,9.618159084351255e-05,biological_process
positive regulation of protein transport,9.618159084351255e-05,biological_process
Norepinephrine Neurotransmitter Release Cycle,9.618159084351255e-05,pathway
Dopamine Neurotransmitter Release Cycle,9.618159084351255e-05,pathway
positive regulation of chronic inflammatory response to antigenic stimulus,9.618159084351255e-05,biological_process
positive regulation of interleukin-33 production,9.618159084351255e-05,biological_process
Abnormal hair morphology,9.618159084351255e-05,effect/phenotype
"retrograde transport, endosome to Golgi",9.618159084351255e-05,biological_process
positive regulation of calcidiol 1-monooxygenase activity,9.618159084351255e-05,biological_process
positive regulation of nitrogen compound metabolic process,9.618159084351255e-05,biological_process
regulation of immunoglobulin production,9.618159084351255e-05,biological_process
positive regulation of blood microparticle formation,9.618159084351255e-05,biological_process
positive regulation of chemokine (C-X-C motif) ligand 2 production,9.618159084351255e-05,biological_process
activation of MAPKKK activity,9.618159084351255e-05,biological_process
positive regulation of calcineurin-NFAT signaling cascade,9.618159084351255e-05,biological_process
negative regulation of myosin-light-chain-phosphatase activity,9.618159084351255e-05,biological_process
positive regulation of vitamin D biosynthetic process,9.618159084351255e-05,biological_process
nitric oxide-cGMP-mediated signaling pathway,9.618159084351255e-05,biological_process
positive regulation of peptide hormone secretion,9.618159084351255e-05,biological_process
PAGE1,9.618159084351255e-05,gene/protein
positive regulation of superoxide dismutase activity,9.618159084351255e-05,biological_process
regulation of synapse organization,9.618159084351255e-05,biological_process
osteoclast differentiation,9.618159084351255e-05,biological_process
positive regulation of mononuclear cell migration,9.618159084351255e-05,biological_process
defense response to Gram-positive bacterium,9.618159084351255e-05,biological_process
epithelial cell proliferation involved in salivary gland morphogenesis,9.618159084351255e-05,biological_process
Negative regulation of NOTCH4 signaling,9.618159084351255e-05,pathway
ROS sensing by NFE2L2,9.618159084351255e-05,pathway
FBXL7 down-regulates AURKA during mitotic entry and in early mitosis,9.618159084351255e-05,pathway
The role of GTSE1 in G2/M progression after G2 checkpoint,9.618159084351255e-05,pathway
ATG9A,9.618159084351255e-05,gene/protein
regulation of hematopoietic stem cell differentiation,9.618159084351255e-05,biological_process
Regulation of expression of SLITs and ROBOs,9.618159084351255e-05,pathway
Neddylation,9.618159084351255e-05,pathway
FKBP15,9.618159084351255e-05,gene/protein
G2/M Checkpoints,9.618159084351255e-05,pathway
Ubiquitin Mediated Degradation of Phosphorylated Cdc25A,9.618159084351255e-05,pathway
Ubiquitin-dependent degradation of Cyclin D,9.618159084351255e-05,pathway
Hedgehog 'on' state,9.618159084351255e-05,pathway
ZER1,9.618159084351255e-05,gene/protein
RAI14,9.618159084351255e-05,gene/protein
CCDC74B,9.618159084351255e-05,gene/protein
TGFBR3,9.618159084351255e-05,gene/protein
RUNX1 regulates transcription of genes involved in differentiation of HSCs,9.618159084351255e-05,pathway
Degradation of GLI2 by the proteasome,9.618159084351255e-05,pathway
TADA2B,9.618159084351255e-05,gene/protein
CCDC93,9.618159084351255e-05,gene/protein
ANKRD27,9.618159084351255e-05,gene/protein
CDCA7L,9.618159084351255e-05,gene/protein
AARSD1,9.618159084351255e-05,gene/protein
embryonic digestive tract development,9.618159084351255e-05,biological_process
positive regulation of cell adhesion,9.618159084351255e-05,biological_process
positive regulation of fever generation,9.618159084351255e-05,biological_process
positive regulation of podosome assembly,9.618159084351255e-05,biological_process
chronic inflammatory response to antigenic stimulus,9.618159084351255e-05,biological_process
VPS29,9.618159084351255e-05,gene/protein
FAM102B,9.618159084351255e-05,gene/protein
LITAF,9.618159084351255e-05,gene/protein
trehalose metabolism in response to stress,9.618159084351255e-05,biological_process
establishment of protein localization to membrane,9.618159084351255e-05,biological_process
cortical actin cytoskeleton organization,9.618159084351255e-05,biological_process
positive regulation of cytokine production involved in inflammatory response,9.618159084351255e-05,biological_process
positive regulation of fractalkine production,9.618159084351255e-05,biological_process
response to salt stress,9.618159084351255e-05,biological_process
CTSV,9.618159084351255e-05,gene/protein
JNK cascade,9.618159084351255e-05,biological_process
MRM3,9.618159084351255e-05,gene/protein
Regulation of ornithine decarboxylase (ODC),9.618159084351255e-05,pathway
Vif-mediated degradation of APOBEC3G,9.618159084351255e-05,pathway
SCF(Skp2)-mediated degradation of p27/p21,9.618159084351255e-05,pathway
Degradation of beta-catenin by the destruction complex,9.618159084351255e-05,pathway
EIF3F,9.618159084351255e-05,gene/protein
ZNF189,9.618159084351255e-05,gene/protein
TMEM184B,9.618159084351255e-05,gene/protein
ALKBH3,9.618159084351255e-05,gene/protein
RAB3GAP1,9.618159084351255e-05,gene/protein
Spry regulation of FGF signaling,9.618159084351255e-05,pathway
CBX8,9.618159084351255e-05,gene/protein
histone H4-K8 acetylation,9.618159084351255e-05,biological_process
DOT1L,9.618159084351255e-05,gene/protein
LIMA1,9.618159084351255e-05,gene/protein
PUM1,9.618159084351255e-05,gene/protein
NUP188,9.618159084351255e-05,gene/protein
FAM107A,9.618159084351255e-05,gene/protein
TBC1D5,9.618159084351255e-05,gene/protein
CPSF6,9.618159084351255e-05,gene/protein
C2orf69,9.618159084351255e-05,gene/protein
TEAD1,9.618159084351255e-05,gene/protein
PLEK2,9.618159084351255e-05,gene/protein
FKBPL,9.618159084351255e-05,gene/protein
EEF1A2,9.618159084351255e-05,gene/protein
PSMA8,9.618159084351255e-05,gene/protein
endocytic recycling,9.618159084351255e-05,biological_process
VPS25,9.618159084351255e-05,gene/protein
UTP4,9.618159084351255e-05,gene/protein
LCMT2,9.618159084351255e-05,gene/protein
CRTAP,9.618159084351255e-05,gene/protein
VPS36,9.618159084351255e-05,gene/protein
CNTNAP3B,9.618159084351255e-05,gene/protein
TINAGL1,9.618159084351255e-05,gene/protein
Degradation of GLI1 by the proteasome,9.618159084351255e-05,pathway
CEP192,9.618159084351255e-05,gene/protein
C9orf24,9.618159084351255e-05,gene/protein
regulation of transcription from RNA polymerase II promoter in response to hypoxia,9.618159084351255e-05,biological_process
"regulation of CD8-positive, alpha-beta T cell proliferation",9.618159084351255e-05,biological_process
JUN phosphorylation,9.618159084351255e-05,biological_process
SETX,9.618159084351255e-05,gene/protein
SENP5,9.618159084351255e-05,gene/protein
TMEM179B,9.618159084351255e-05,gene/protein
C1QTNF9B,9.618159084351255e-05,gene/protein
EHD1,9.618159084351255e-05,gene/protein
VPS26B,9.618159084351255e-05,gene/protein
ANKFY1,9.618159084351255e-05,gene/protein
NOMO1,9.618159084351255e-05,gene/protein
ZC3H12A,9.618159084351255e-05,gene/protein
Negative feedback regulation of MAPK pathway,9.618159084351255e-05,pathway
Frs2-mediated activation,9.618159084351255e-05,pathway
LSM1,9.618159084351255e-05,gene/protein
activation of protein kinase activity,9.618159084351255e-05,biological_process
regulation of RNA biosynthetic process,9.618159084351255e-05,biological_process
regulation of cytokine production involved in immune response,9.618159084351255e-05,biological_process
POLR2M,9.618159084351255e-05,gene/protein
TPD52L2,9.618159084351255e-05,gene/protein
DPYSL5,9.618159084351255e-05,gene/protein
MILR1,9.618159084351255e-05,gene/protein
SAMD4A,9.618159084351255e-05,gene/protein
learning,9.618159084351255e-05,biological_process
regulation of embryonic development,9.618159084351255e-05,biological_process
heart morphogenesis,9.618159084351255e-05,biological_process
dendritic spine maintenance,9.618159084351255e-05,biological_process
Negative regulation of MAPK pathway,9.618159084351255e-05,pathway
ARMCX3,9.618159084351255e-05,gene/protein
ARMS-mediated activation,9.618159084351255e-05,pathway
Signalling to p38 via RIT and RIN,9.618159084351255e-05,pathway
HDHD5,9.618159084351255e-05,gene/protein
negative regulation of cell death,9.618159084351255e-05,biological_process
regulation of T cell cytokine production,9.618159084351255e-05,biological_process
MXD4,9.618159084351255e-05,gene/protein
SRI,9.618159084351255e-05,gene/protein
HYI,9.618159084351255e-05,gene/protein
regulation of feeding behavior,9.618159084351255e-05,biological_process
CDCP1,9.618159084351255e-05,gene/protein
LEPROT,9.618159084351255e-05,gene/protein
HSPA4L,9.618159084351255e-05,gene/protein
KLK4,9.618159084351255e-05,gene/protein
CD177,9.618159084351255e-05,gene/protein
PSTPIP2,9.618159084351255e-05,gene/protein
MPDU1,9.618159084351255e-05,gene/protein
glial cell-neuron signaling,9.618159084351255e-05,biological_process
RNA destabilization,9.618159084351255e-05,biological_process
regulation of T cell proliferation,9.618159084351255e-05,biological_process
XPR1,9.618159084351255e-05,gene/protein
ZNF101,9.618159084351255e-05,gene/protein
SIKE1,9.618159084351255e-05,gene/protein
ZCCHC12,9.618159084351255e-05,gene/protein
LRRTM2,9.618159084351255e-05,gene/protein
ARFGAP1,9.618159084351255e-05,gene/protein
PLIN5,9.618159084351255e-05,gene/protein
DAB2IP,9.618159084351255e-05,gene/protein
MADD,9.618159084351255e-05,gene/protein
SLC39A1,9.618159084351255e-05,gene/protein
ZNF865,9.618159084351255e-05,gene/protein
GPRC5B,9.618159084351255e-05,gene/protein
TPCN1,9.618159084351255e-05,gene/protein
TBC1D15,9.618159084351255e-05,gene/protein
GPR75-ASB3,9.618159084351255e-05,gene/protein
transformation of host cell by virus,9.618159084351255e-05,biological_process
ASB3,9.618159084351255e-05,gene/protein
JPH1,9.618159084351255e-05,gene/protein
PACSIN2,9.618159084351255e-05,gene/protein
ASB16-AS1,9.618159084351255e-05,gene/protein
ENTR1,9.618159084351255e-05,gene/protein
ZSCAN12,9.618159084351255e-05,gene/protein
Oxygen-dependent proline hydroxylation of Hypoxia-inducible Factor Alpha,9.618159084351255e-05,pathway
TTLL4,9.618159084351255e-05,gene/protein
FEM1B,9.618159084351255e-05,gene/protein
C1QTNF9,9.618159084351255e-05,gene/protein
MFSD6,9.618159084351255e-05,gene/protein
WNT ligand biogenesis and trafficking,9.618159084351255e-05,pathway
Orc1 removal from chromatin,9.618159084351255e-05,pathway
TMEM35A,9.618159084351255e-05,gene/protein
Hedgehog ligand biogenesis,9.618159084351255e-05,pathway
UTP6,9.618159084351255e-05,gene/protein
Regulation of RAS by GAPs,9.618159084351255e-05,pathway
Hh mutants are degraded by ERAD,9.618159084351255e-05,pathway
SYAP1,9.618159084351255e-05,gene/protein
CD200R1,9.618159084351255e-05,gene/protein
UBE4B,9.618159084351255e-05,gene/protein
atrial septum morphogenesis,9.618159084351255e-05,biological_process
regulation of actin cytoskeleton reorganization,9.618159084351255e-05,biological_process
ARHGAP44,9.618159084351255e-05,gene/protein
THUMPD3,9.618159084351255e-05,gene/protein
WASHC4,9.618159084351255e-05,gene/protein
MAGEL2,9.618159084351255e-05,gene/protein
Abnormality of the immune system,9.618159084351255e-05,immune_effect/phenotype
Abnormal spermatogenesis,9.618159084351255e-05,effect/phenotype
H3-4,9.618159084351255e-05,gene/protein
KRTAP19-1,9.618159084351255e-05,gene/protein
regulation of myelination,9.618159084351255e-05,biological_process
positive regulation of myelination,9.618159084351255e-05,biological_process
ZNF420,9.618159084351255e-05,gene/protein
MAGEH1,9.618159084351255e-05,gene/protein
Erythrocytes take up carbon dioxide and release oxygen,9.618159084351255e-05,pathway
Hodgkin lymphoma,9.618159084351255e-05,immune_effect/phenotype
Non-Hodgkin lymphoma,9.618159084351255e-05,immune_effect/phenotype
negative regulation of vascular wound healing,9.618159084351255e-05,biological_process
negative regulation of cytokine production involved in immune response,9.618159084351255e-05,biological_process
regulation of I-kappaB kinase/NF-kappaB signaling,9.618159084351255e-05,biological_process
PIP4P2,9.618159084351255e-05,gene/protein
RRP12,9.618159084351255e-05,gene/protein
MCRS1,9.618159084351255e-05,gene/protein
PHAX,9.618159084351255e-05,gene/protein
Degradation of DVL,9.618159084351255e-05,pathway
Asymmetric localization of PCP proteins,9.618159084351255e-05,pathway
CDT1 association with the CDC6:ORC:origin complex,9.618159084351255e-05,pathway
ERAP1,9.618159084351255e-05,gene/protein
PIP4K2B,9.618159084351255e-05,gene/protein
FBXO11,9.618159084351255e-05,gene/protein
CNTRL,9.618159084351255e-05,gene/protein
CSNK1A1L,9.618159084351255e-05,gene/protein
INTS7,9.618159084351255e-05,gene/protein
MRM1,9.618159084351255e-05,gene/protein
TINAG,9.618159084351255e-05,gene/protein
negative regulation of JUN kinase activity,9.618159084351255e-05,biological_process
positive regulation of monocyte chemotactic protein-1 production,9.618159084351255e-05,biological_process
Cleavage of the damaged pyrimidine ,9.618159084351255e-05,pathway
Recognition and association of DNA glycosylase with site containing an affected purine,9.618159084351255e-05,pathway
Displacement of DNA glycosylase by APEX1,9.618159084351255e-05,pathway
NOTCH4 Intracellular Domain Regulates Transcription,9.618159084351255e-05,pathway
positive regulation of oligodendrocyte differentiation,9.618159084351255e-05,biological_process
regulation of neuroinflammatory response,9.618159084351255e-05,biological_process
SLC30A4,9.618159084351255e-05,gene/protein
ERICH2,9.618159084351255e-05,gene/protein
TM2D3,9.618159084351255e-05,gene/protein
positive regulation of interferon-gamma production,9.618159084351255e-05,biological_process
PCYT2,9.618159084351255e-05,gene/protein
FXR1,9.618159084351255e-05,gene/protein
MRPS33,9.618159084351255e-05,gene/protein
HSPA12A,9.618159084351255e-05,gene/protein
CCDC70,9.618159084351255e-05,gene/protein
NT5DC3,9.618159084351255e-05,gene/protein
RNF138,9.618159084351255e-05,gene/protein
DOLK,9.618159084351255e-05,gene/protein
TRPC5,9.618159084351255e-05,gene/protein
TRPC1,9.618159084351255e-05,gene/protein
INTS14,9.618159084351255e-05,gene/protein
LIN54,9.618159084351255e-05,gene/protein
S100A8,9.618159084351255e-05,gene/protein
Pre-NOTCH Processing in the Endoplasmic Reticulum,9.618159084351255e-05,pathway
Pre-NOTCH Transcription and Translation,9.618159084351255e-05,pathway
NOTCH2 Activation and Transmission of Signal to the Nucleus,9.618159084351255e-05,pathway
Notch-HLH transcription pathway,9.618159084351255e-05,pathway
embryonic limb morphogenesis,9.618159084351255e-05,biological_process
glomerular capillary formation,9.618159084351255e-05,biological_process
marginal zone B cell differentiation,9.618159084351255e-05,biological_process
stem cell population maintenance,9.618159084351255e-05,biological_process
regulation of cellular respiration,9.618159084351255e-05,biological_process
SPSB1,9.618159084351255e-05,gene/protein
peptidyl-cysteine S-nitrosylation,9.618159084351255e-05,biological_process
myeloid dendritic cell differentiation,9.618159084351255e-05,biological_process
Notch signaling pathway,9.618159084351255e-05,biological_process
MAML1,9.618159084351255e-05,gene/protein
positive regulation of protein catabolic process,9.618159084351255e-05,biological_process
APEX1-Independent Resolution of AP Sites via the Single Nucleotide Replacement Pathway,9.618159084351255e-05,pathway
Defective OGG1 Substrate Binding,9.618159084351255e-05,pathway
Defective OGG1 Localization,9.618159084351255e-05,pathway
B4GALT5,9.618159084351255e-05,gene/protein
MTX3,9.618159084351255e-05,gene/protein
SCG2,9.618159084351255e-05,gene/protein
RNF19B,9.618159084351255e-05,gene/protein
GUF1,9.618159084351255e-05,gene/protein
positive regulation of programmed cell death,9.618159084351255e-05,biological_process
TNFSF9,9.618159084351255e-05,gene/protein
Nausea,9.618159084351255e-05,effect/phenotype
regulation of reactive oxygen species metabolic process,9.618159084351255e-05,biological_process
SEC16A,9.618159084351255e-05,gene/protein
PANX1,9.618159084351255e-05,gene/protein
LRRC25,9.618159084351255e-05,gene/protein
SLC14A2,9.618159084351255e-05,gene/protein
FOXK1,9.618159084351255e-05,gene/protein
USP4,9.618159084351255e-05,gene/protein
MIR187,9.618159084351255e-05,gene/protein
VSIR,9.618159084351255e-05,gene/protein
LRRFIP1,9.618159084351255e-05,gene/protein
Defective LFNG causes SCDO3,9.618159084351255e-05,pathway
atrioventricular node development,9.618159084351255e-05,biological_process
NOTCH2 intracellular domain regulates transcription,9.618159084351255e-05,pathway
Cleavage of the damaged purine,9.618159084351255e-05,pathway
B3GNT2,9.618159084351255e-05,gene/protein
depyrimidination,9.618159084351255e-05,biological_process
depurination,9.618159084351255e-05,biological_process
response to light stimulus,9.618159084351255e-05,biological_process
Recognition and association of DNA glycosylase with site containing an affected pyrimidine,9.618159084351255e-05,pathway
positive regulation of killing of cells of other organism,9.618159084351255e-05,biological_process
TMEM25,9.618159084351255e-05,gene/protein
Defective OGG1 Substrate Processing,9.618159084351255e-05,pathway
base-excision repair,9.618159084351255e-05,biological_process
response to folic acid,9.618159084351255e-05,biological_process
"base-excision repair, gap-filling",9.618159084351255e-05,biological_process
ITIH5,9.618159084351255e-05,gene/protein
positive regulation of keratinocyte proliferation,9.618159084351255e-05,biological_process
placenta blood vessel development,9.618159084351255e-05,biological_process
innate immune response in mucosa,9.618159084351255e-05,biological_process
defense response to Gram-negative bacterium,9.618159084351255e-05,biological_process
CUL5,9.618159084351255e-05,gene/protein
regulation of ruffle assembly,9.618159084351255e-05,biological_process
cell adhesion mediated by integrin,9.618159084351255e-05,biological_process
acute inflammatory response to antigenic stimulus,9.618159084351255e-05,biological_process
NT5C1A,9.618159084351255e-05,gene/protein
ARAP3,9.618159084351255e-05,gene/protein
endochondral ossification,9.618159084351255e-05,biological_process
SPSB2,9.618159084351255e-05,gene/protein
peptide amidation,9.618159084351255e-05,biological_process
fatty acid primary amide biosynthetic process,9.618159084351255e-05,biological_process
RALB,9.618159084351255e-05,gene/protein
RASSF9,9.618159084351255e-05,gene/protein
negative regulation of cardiac muscle cell proliferation,9.618159084351255e-05,biological_process
regulation of B cell differentiation,9.618159084351255e-05,biological_process
cholangiocyte proliferation,9.618159084351255e-05,biological_process
membrane to membrane docking,9.618159084351255e-05,biological_process
BHLHE40,9.618159084351255e-05,gene/protein
cellular response to nutrient levels,9.618159084351255e-05,biological_process
TAF7,9.618159084351255e-05,gene/protein
SMARCC1,9.618159084351255e-05,gene/protein
positive regulation of actin filament polymerization,9.618159084351255e-05,biological_process
vascular endothelial growth factor production,9.618159084351255e-05,biological_process
negative regulation of endothelial cell proliferation,9.618159084351255e-05,biological_process
SOAT2,9.618159084351255e-05,gene/protein
NSL1,9.618159084351255e-05,gene/protein
MYOD1,9.618159084351255e-05,gene/protein
POLR2H,9.618159084351255e-05,gene/protein
FBXO31,9.618159084351255e-05,gene/protein
positive regulation of cellular extravasation,9.618159084351255e-05,biological_process
MSGN1,9.618159084351255e-05,gene/protein
SGK3,9.618159084351255e-05,gene/protein
leukocyte cell-cell adhesion,9.618159084351255e-05,biological_process
adhesion of symbiont to host,9.618159084351255e-05,biological_process
receptor-mediated virion attachment to host cell,9.618159084351255e-05,biological_process
negative regulation of calcium ion transport,9.618159084351255e-05,biological_process
establishment of endothelial intestinal barrier,9.618159084351255e-05,biological_process
establishment of Sertoli cell barrier,9.618159084351255e-05,biological_process
establishment of endothelial barrier,9.618159084351255e-05,biological_process
positive regulation of leukocyte mediated cytotoxicity,9.618159084351255e-05,biological_process
Sperm Motility And Taxes,9.618159084351255e-05,pathway
positive regulation of endothelial cell apoptotic process,9.618159084351255e-05,biological_process
positive regulation of sphingolipid mediated signaling pathway,9.618159084351255e-05,biological_process
MYF6,9.618159084351255e-05,gene/protein
cellular response to dopamine,9.618159084351255e-05,biological_process
TXNL4A,9.618159084351255e-05,gene/protein
negative regulation of dendrite morphogenesis,9.618159084351255e-05,biological_process
NGF-stimulated transcription,9.618159084351255e-05,pathway
ELSPBP1,9.618159084351255e-05,gene/protein
PGAP3,9.618159084351255e-05,gene/protein
positive regulation of GTPase activity,9.618159084351255e-05,biological_process
RTL8C,9.618159084351255e-05,gene/protein
transsulfuration,9.618159084351255e-05,biological_process
DNA protection,9.618159084351255e-05,biological_process
VTA1,9.618159084351255e-05,gene/protein
XYLB,9.618159084351255e-05,gene/protein
ABI2,9.618159084351255e-05,gene/protein
Integration of viral DNA into host genomic DNA,9.618159084351255e-05,pathway
MYF5,9.618159084351255e-05,gene/protein
ASCL3,9.618159084351255e-05,gene/protein
CCN5,9.618159084351255e-05,gene/protein
ZC3H13,9.618159084351255e-05,gene/protein
inflammatory response to antigenic stimulus,9.618159084351255e-05,biological_process
bone remodeling,9.618159084351255e-05,biological_process
regulation of osteoclast development,9.618159084351255e-05,biological_process
negative regulation of growth rate,9.618159084351255e-05,biological_process
left/right axis specification,9.618159084351255e-05,biological_process
proximal tubule development,9.618159084351255e-05,biological_process
SPSB4,9.618159084351255e-05,gene/protein
intrahepatic bile duct development,9.618159084351255e-05,biological_process
negative regulation of amyloid-beta formation,9.618159084351255e-05,biological_process
cellular response to fibroblast growth factor stimulus,9.618159084351255e-05,biological_process
response to sulfur dioxide,9.618159084351255e-05,biological_process
homocysteine metabolic process,9.618159084351255e-05,biological_process
T cell antigen processing and presentation,9.618159084351255e-05,biological_process
heterophilic cell-cell adhesion via plasma membrane cell adhesion molecules,9.618159084351255e-05,biological_process
regulation of cell shape,9.618159084351255e-05,biological_process
response to ionizing radiation,9.618159084351255e-05,biological_process
L-serine metabolic process,9.618159084351255e-05,biological_process
HBE1,9.618159084351255e-05,gene/protein
protein localization to nucleus,9.618159084351255e-05,biological_process
DNA conformation change,9.618159084351255e-05,biological_process
poly(A)+ mRNA export from nucleus,9.618159084351255e-05,biological_process
B cell differentiation,9.618159084351255e-05,biological_process
positive regulation of Wnt signaling pathway,9.618159084351255e-05,biological_process
mRNA export from nucleus,9.618159084351255e-05,biological_process
KRTAP2-3,9.618159084351255e-05,gene/protein
TRMT6,9.618159084351255e-05,gene/protein
oncogene-induced cell senescence,9.618159084351255e-05,biological_process
positive regulation of actin filament bundle assembly,9.618159084351255e-05,biological_process
cell-abiotic substrate adhesion,9.618159084351255e-05,biological_process
NANOG,9.618159084351255e-05,gene/protein
sperm-egg recognition,9.618159084351255e-05,biological_process
Inhibition of nitric oxide production,9.618159084351255e-05,pathway
KALRN,9.618159084351255e-05,gene/protein
negative regulation of double-strand break repair via single-strand annealing,9.618159084351255e-05,biological_process
"base-excision repair, AP site formation",9.618159084351255e-05,biological_process
"nucleotide-excision repair, DNA incision",9.618159084351255e-05,biological_process
lung growth,9.618159084351255e-05,biological_process
regulation of B cell activation,9.618159084351255e-05,biological_process
positive regulation of astrocyte activation,9.618159084351255e-05,biological_process
positive regulation of membrane permeability,9.618159084351255e-05,biological_process
Notch signaling involved in heart development,9.618159084351255e-05,biological_process
T cell activation via T cell receptor contact with antigen bound to MHC molecule on antigen presenting cell,9.618159084351255e-05,biological_process
positive regulation of brown fat cell differentiation,9.618159084351255e-05,biological_process
ERVFRD-1,9.618159084351255e-05,gene/protein
outflow tract morphogenesis,9.618159084351255e-05,biological_process
regulation of autophagy,9.618159084351255e-05,biological_process
positive regulation of muscle hyperplasia,9.618159084351255e-05,biological_process
hemopoiesis,9.618159084351255e-05,biological_process
ciliary body morphogenesis,9.618159084351255e-05,biological_process
morphogenesis of an epithelial sheet,9.618159084351255e-05,biological_process
heart looping,9.618159084351255e-05,biological_process
negative regulation of protein secretion,9.618159084351255e-05,biological_process
positive regulation of dendritic spine maintenance,9.618159084351255e-05,biological_process
regulation of vasculature development,9.618159084351255e-05,biological_process
THOC6,9.618159084351255e-05,gene/protein
blood vessel morphogenesis,9.618159084351255e-05,biological_process
negative regulation of respiratory burst involved in inflammatory response,9.618159084351255e-05,biological_process
B4GALT7,9.618159084351255e-05,gene/protein
negative regulation of NAD(P)H oxidase activity,9.618159084351255e-05,biological_process
positive regulation of protein autophosphorylation,9.618159084351255e-05,biological_process
COPI-mediated anterograde transport,9.618159084351255e-05,pathway
TCF7L1,9.618159084351255e-05,gene/protein
cellular response to peptide,9.618159084351255e-05,biological_process
cellular response to nerve growth factor stimulus,9.618159084351255e-05,biological_process
CCDC9,9.618159084351255e-05,gene/protein
TMEM39B,9.618159084351255e-05,gene/protein
oncostatin-M-mediated signaling pathway,9.618159084351255e-05,biological_process
TRAF3IP1,9.618159084351255e-05,gene/protein
CBWD1,9.618159084351255e-05,gene/protein
WDFY3,9.618159084351255e-05,gene/protein
DHTKD1,9.618159084351255e-05,gene/protein
"complement activation, classical pathway",9.618159084351255e-05,biological_process
leukemia inhibitory factor signaling pathway,9.618159084351255e-05,biological_process
MAP4K3,9.618159084351255e-05,gene/protein
homocysteine catabolic process,9.618159084351255e-05,biological_process
cysteine biosynthetic process via cystathionine,9.618159084351255e-05,biological_process
negative regulation of endothelial cell differentiation,9.618159084351255e-05,biological_process
TRAV12-3,9.618159084351255e-05,gene/protein
Hyperkalemia,9.618159084351255e-05,effect/phenotype
RELL2,9.618159084351255e-05,gene/protein
TMEM80,9.618159084351255e-05,gene/protein
reproductive process,9.618159084351255e-05,biological_process
cardiac right ventricle morphogenesis,9.618159084351255e-05,biological_process
positive regulation of microglial cell activation,9.618159084351255e-05,biological_process
negative regulation of circulating fibrinogen levels,9.618159084351255e-05,biological_process
TMEM9,9.618159084351255e-05,gene/protein
regulation of vesicle-mediated transport,9.618159084351255e-05,biological_process
cellular zinc ion homeostasis,9.618159084351255e-05,biological_process
zinc ion transport,9.618159084351255e-05,biological_process
regulation of sequestering of zinc ion,9.618159084351255e-05,biological_process
Zinc efflux and compartmentalization by the SLC30 family,9.618159084351255e-05,pathway
zinc ion transmembrane transport,9.618159084351255e-05,biological_process
sequestering of zinc ion,9.618159084351255e-05,biological_process
MIR125B2,9.618159084351255e-05,gene/protein
MIR133B,9.618159084351255e-05,gene/protein
glomerular visceral epithelial cell development,9.618159084351255e-05,biological_process
Globozoospermia,9.618159084351255e-05,effect/phenotype
IMMT,9.618159084351255e-05,gene/protein
PILRA,9.618159084351255e-05,gene/protein
PAXIP1,9.618159084351255e-05,gene/protein
MPRIP,9.618159084351255e-05,gene/protein
response to gonadotropin,9.618159084351255e-05,biological_process
blood coagulation,9.618159084351255e-05,biological_process
APOM,9.618159084351255e-05,gene/protein
LTV1,9.618159084351255e-05,gene/protein
Cysteine formation from homocysteine,9.618159084351255e-05,pathway
CARHSP1,9.618159084351255e-05,gene/protein
MIR1915HG,9.618159084351255e-05,gene/protein
HPR,9.618159084351255e-05,gene/protein
SULT2A1,9.618159084351255e-05,gene/protein
MOV10L1,9.618159084351255e-05,gene/protein
SLC2A9,9.618159084351255e-05,gene/protein
regulation of leukocyte mediated cytotoxicity,9.618159084351255e-05,biological_process
regulation of protein localization to plasma membrane,9.618159084351255e-05,biological_process
regulation of gastrulation,9.618159084351255e-05,biological_process
MIA2,9.618159084351255e-05,gene/protein
PNRC2,9.618159084351255e-05,gene/protein
SLC38A3,9.618159084351255e-05,gene/protein
Paresthesia,9.618159084351255e-05,effect/phenotype
Right ventricular outlet tract obstruction,9.618159084351255e-05,effect/phenotype
Dysesthesia,9.618159084351255e-05,effect/phenotype
T cell extravasation,9.618159084351255e-05,biological_process
phosphatidylinositol dephosphorylation,9.618159084351255e-05,biological_process
TP53INP2,9.618159084351255e-05,gene/protein
STARD7,9.618159084351255e-05,gene/protein
CHST13,9.618159084351255e-05,gene/protein
TEN1,9.618159084351255e-05,gene/protein
ONECUT1,9.618159084351255e-05,gene/protein
negative regulation of muscle hyperplasia,9.618159084351255e-05,biological_process
response to interferon-gamma,9.618159084351255e-05,biological_process
Ventricular extrasystoles,9.618159084351255e-05,effect/phenotype
RNF32,9.618159084351255e-05,gene/protein
blood vessel remodeling,9.618159084351255e-05,biological_process
ANKRD44,9.618159084351255e-05,gene/protein
RABGGTB,9.618159084351255e-05,gene/protein
ACSL5,9.618159084351255e-05,gene/protein
RBP5,9.618159084351255e-05,gene/protein
TRIM47,9.618159084351255e-05,gene/protein
NPPA,9.618159084351255e-05,gene/protein
C1GALT1,9.618159084351255e-05,gene/protein
RRM2B,9.618159084351255e-05,gene/protein
LRRIQ1,9.618159084351255e-05,gene/protein
ANKRD28,9.618159084351255e-05,gene/protein
EGFL7,9.618159084351255e-05,gene/protein
LEUTX,9.618159084351255e-05,gene/protein
SFT2D2,9.618159084351255e-05,gene/protein
maternal process involved in female pregnancy,9.618159084351255e-05,biological_process
protein amidation,9.618159084351255e-05,biological_process
DKKL1,9.618159084351255e-05,gene/protein
HTRA1,9.618159084351255e-05,gene/protein
TECR,9.618159084351255e-05,gene/protein
endothelial cell migration,9.618159084351255e-05,biological_process
Synthesis of IP3 and IP4 in the cytosol,9.618159084351255e-05,pathway
inositol phosphate metabolic process,9.618159084351255e-05,biological_process
"Tetrahydrobiopterin (BH4) synthesis, recycling, salvage and regulation",9.618159084351255e-05,pathway
regulation of nervous system process,9.618159084351255e-05,biological_process
endocardial cushion morphogenesis,9.618159084351255e-05,biological_process
PRKG2,9.618159084351255e-05,gene/protein
EXOSC1,9.618159084351255e-05,gene/protein
UTP20,9.618159084351255e-05,gene/protein
positive regulation of protein localization to cell surface,9.618159084351255e-05,biological_process
SLU7,9.618159084351255e-05,gene/protein
positive regulation of I-kappaB phosphorylation,9.618159084351255e-05,biological_process
MIB2,9.618159084351255e-05,gene/protein
BLCAP,9.618159084351255e-05,gene/protein
CCL16,9.618159084351255e-05,gene/protein
TMEM169,9.618159084351255e-05,gene/protein
SARM1,9.618159084351255e-05,gene/protein
MED23,9.618159084351255e-05,gene/protein
TTC31,9.618159084351255e-05,gene/protein
RETREG1,9.618159084351255e-05,gene/protein
mannose metabolic process,9.618159084351255e-05,biological_process
fructose 6-phosphate metabolic process,9.618159084351255e-05,biological_process
SPINK7,9.618159084351255e-05,gene/protein
Interleukin receptor SHC signaling,9.618159084351255e-05,pathway
ruffle assembly,9.618159084351255e-05,biological_process
cysteine biosynthetic process,9.618159084351255e-05,biological_process
cysteine biosynthetic process from serine,9.618159084351255e-05,biological_process
MIDN,9.618159084351255e-05,gene/protein
PANK1,9.618159084351255e-05,gene/protein
VIL1,9.618159084351255e-05,gene/protein
SLC1A1,9.618159084351255e-05,gene/protein
immune system process,9.618159084351255e-05,biological_process
EPS8L2,9.618159084351255e-05,gene/protein
UGT2B10,9.618159084351255e-05,gene/protein
SSUH2,9.618159084351255e-05,gene/protein
AHSP,9.618159084351255e-05,gene/protein
Defective HK1 causes hexokinase deficiency (HK deficiency),9.618159084351255e-05,pathway
positive regulation of heterotypic cell-cell adhesion,9.618159084351255e-05,biological_process
SLMAP,9.618159084351255e-05,gene/protein
SEC24C,9.618159084351255e-05,gene/protein
ZFP41,9.618159084351255e-05,gene/protein
NOSTRIN,9.618159084351255e-05,gene/protein
FBXL17,9.618159084351255e-05,gene/protein
negative regulation of platelet activation,9.618159084351255e-05,biological_process
TRIM38,9.618159084351255e-05,gene/protein
PRELID1,9.618159084351255e-05,gene/protein
RBMY1J,9.618159084351255e-05,gene/protein
ULK1,9.618159084351255e-05,gene/protein
negative regulation of transcription by competitive promoter binding,9.618159084351255e-05,biological_process
maintenance of protein location in mitochondrion,9.618159084351255e-05,biological_process
establishment of protein localization to mitochondrion,9.618159084351255e-05,biological_process
UGP2,9.618159084351255e-05,gene/protein
positive regulation of cytokine production involved in immune response,9.618159084351255e-05,biological_process
regulation of leukocyte proliferation,9.618159084351255e-05,biological_process
UBR3,9.618159084351255e-05,gene/protein
IGSF8,9.618159084351255e-05,gene/protein
HBQ1,9.618159084351255e-05,gene/protein
SLC45A4,9.618159084351255e-05,gene/protein
CLEC3A,9.618159084351255e-05,gene/protein
NSFL1C,9.618159084351255e-05,gene/protein
hydrogen sulfide biosynthetic process,9.618159084351255e-05,biological_process
INSRR,9.618159084351255e-05,gene/protein
LINC00479,9.618159084351255e-05,gene/protein
MFSD3,9.618159084351255e-05,gene/protein
ANKS4B,9.618159084351255e-05,gene/protein
MTRNR2L8,9.618159084351255e-05,gene/protein
NQO2,9.618159084351255e-05,gene/protein
SLC22A9,9.618159084351255e-05,gene/protein
HSD17B2,9.618159084351255e-05,gene/protein
SLC22A7,9.618159084351255e-05,gene/protein
TMEM37,9.618159084351255e-05,gene/protein
PLGLB2,9.618159084351255e-05,gene/protein
TATDN3,9.618159084351255e-05,gene/protein
SCAI,9.618159084351255e-05,gene/protein
RFK,9.618159084351255e-05,gene/protein
TNFRSF25,9.618159084351255e-05,gene/protein
PIP4K2C,9.618159084351255e-05,gene/protein
VANGL2,9.618159084351255e-05,gene/protein
response to phenylpropanoid,9.618159084351255e-05,biological_process
HAAO,9.618159084351255e-05,gene/protein
AGMAT,9.618159084351255e-05,gene/protein
PECR,9.618159084351255e-05,gene/protein
L-serine catabolic process,9.618159084351255e-05,biological_process
FZD5,9.618159084351255e-05,gene/protein
CPPED1,9.618159084351255e-05,gene/protein
response to hyperoxia,9.618159084351255e-05,biological_process
response to lead ion,9.618159084351255e-05,biological_process
eNOS activation,9.618159084351255e-05,pathway
NOSTRIN mediated eNOS trafficking,9.618159084351255e-05,pathway
NOSIP mediated eNOS trafficking,9.618159084351255e-05,pathway
PI4K2A,9.618159084351255e-05,gene/protein
LACC1,9.618159084351255e-05,gene/protein
response to light intensity,9.618159084351255e-05,biological_process
response to vitamin A,9.618159084351255e-05,biological_process
positive regulation of cAMP-mediated signaling,9.618159084351255e-05,biological_process
EIF1AY,9.618159084351255e-05,gene/protein
PAK5,9.618159084351255e-05,gene/protein
RAB37,9.618159084351255e-05,gene/protein
FXR2,9.618159084351255e-05,gene/protein
INSL5,9.618159084351255e-05,gene/protein
DUSP18,9.618159084351255e-05,gene/protein
FCHSD2,9.618159084351255e-05,gene/protein
EIF3B,9.618159084351255e-05,gene/protein
ZMYM5,9.618159084351255e-05,gene/protein
CBX4,9.618159084351255e-05,gene/protein
CERT1,9.618159084351255e-05,gene/protein
PRKG1,9.618159084351255e-05,gene/protein
FAM99B,9.618159084351255e-05,gene/protein
BLOC1S5,9.618159084351255e-05,gene/protein
MST1,9.618159084351255e-05,gene/protein
INHBE,9.618159084351255e-05,gene/protein
SP5,9.618159084351255e-05,gene/protein
ABCC3,9.618159084351255e-05,gene/protein
SLC25A25,9.618159084351255e-05,gene/protein
UNC93A,9.618159084351255e-05,gene/protein
positive regulation of SMAD protein signal transduction,9.618159084351255e-05,biological_process
CBSL,9.618159084351255e-05,gene/protein
BPIFB2,9.618159084351255e-05,gene/protein
regulation of actin cytoskeleton organization,9.618159084351255e-05,biological_process
ovulation cycle process,9.618159084351255e-05,biological_process
odontogenesis,9.618159084351255e-05,biological_process
TRPC4,9.618159084351255e-05,gene/protein
TRPC4AP,9.618159084351255e-05,gene/protein
tetrahydrobiopterin metabolic process,9.618159084351255e-05,biological_process
TAFAZZIN,9.618159084351255e-05,gene/protein
HSD17B4,9.618159084351255e-05,gene/protein
cellular water homeostasis,9.618159084351255e-05,biological_process
DNAL4,9.618159084351255e-05,gene/protein
PLAUR,9.618159084351255e-05,gene/protein
response to inactivity,9.618159084351255e-05,biological_process
sex differentiation,9.618159084351255e-05,biological_process
ANKRD33B,9.618159084351255e-05,gene/protein
C17orf49,9.618159084351255e-05,gene/protein
RASSF2,9.618159084351255e-05,gene/protein
osteoblast differentiation,9.618159084351255e-05,biological_process
aerobic respiration,9.618159084351255e-05,biological_process
TLR10,9.618159084351255e-05,gene/protein
TYSND1,9.618159084351255e-05,gene/protein
endoplasmic reticulum to Golgi vesicle-mediated transport,9.618159084351255e-05,biological_process
response to fluid shear stress,9.618159084351255e-05,biological_process
ACKR3,9.618159084351255e-05,gene/protein
calcineurin-NFAT signaling cascade,9.618159084351255e-05,biological_process
neuron development,9.618159084351255e-05,biological_process
regulation of regulatory T cell differentiation,9.618159084351255e-05,biological_process
HAP1,9.618159084351255e-05,gene/protein
LACRT,9.618159084351255e-05,gene/protein
positive regulation of myoblast fusion,9.618159084351255e-05,biological_process
NOSIP,9.618159084351255e-05,gene/protein
blood vessel diameter maintenance,9.618159084351255e-05,biological_process
limb development,9.618159084351255e-05,biological_process
toxin metabolic process,9.618159084351255e-05,biological_process
CYFIP1,9.618159084351255e-05,gene/protein
diet induced thermogenesis,9.618159084351255e-05,biological_process
MIS12,9.618159084351255e-05,gene/protein
TXNDC17,9.618159084351255e-05,gene/protein
LILRB1,9.618159084351255e-05,gene/protein
TRBV12-4,9.618159084351255e-05,gene/protein
TRBC2,9.618159084351255e-05,gene/protein
negative regulation of acute inflammatory response,9.618159084351255e-05,biological_process
SLC4A7,9.618159084351255e-05,gene/protein
DYNC2H1,9.618159084351255e-05,gene/protein
PSMB8,9.618159084351255e-05,gene/protein
GPR132,9.618159084351255e-05,gene/protein
SPPL2A,9.618159084351255e-05,gene/protein
TNRC6B,9.618159084351255e-05,gene/protein
alpha-beta T cell activation,9.618159084351255e-05,biological_process
regulation of protein localization,9.618159084351255e-05,biological_process
negative regulation of glycogen catabolic process,9.618159084351255e-05,biological_process
negative regulation of fatty acid metabolic process,9.618159084351255e-05,biological_process
LILRB2,9.618159084351255e-05,gene/protein
positive regulation of long-term synaptic potentiation,9.618159084351255e-05,biological_process
positive regulation of cardiac muscle hypertrophy in response to stress,9.618159084351255e-05,biological_process
KLHL38,9.618159084351255e-05,gene/protein
SART3,9.618159084351255e-05,gene/protein
TMEM14A,9.618159084351255e-05,gene/protein
"G protein-coupled receptor signaling pathway, coupled to cyclic nucleotide second messenger",9.618159084351255e-05,biological_process
CDC16,9.618159084351255e-05,gene/protein
EVA1A,9.618159084351255e-05,gene/protein
MIA3,9.618159084351255e-05,gene/protein
ARL14EP,9.618159084351255e-05,gene/protein
ATIC,9.618159084351255e-05,gene/protein
HECTD1,9.618159084351255e-05,gene/protein
CD59,9.618159084351255e-05,gene/protein
APOBEC3F,9.618159084351255e-05,gene/protein
oxygen transport,9.618159084351255e-05,biological_process
NDUFAF5,9.618159084351255e-05,gene/protein
nucleosome disassembly,9.618159084351255e-05,biological_process
establishment of integrated proviral latency,9.618159084351255e-05,biological_process
APOBEC3G mediated resistance to HIV-1 infection,9.618159084351255e-05,pathway
CWC27,9.618159084351255e-05,gene/protein
H3C13,9.618159084351255e-05,gene/protein
KCND1,9.618159084351255e-05,gene/protein
CAMSAP1,9.618159084351255e-05,gene/protein
UNC79,9.618159084351255e-05,gene/protein
SMG9,9.618159084351255e-05,gene/protein
COL9A3,9.618159084351255e-05,gene/protein
CLTA,9.618159084351255e-05,gene/protein
AP1S1,9.618159084351255e-05,gene/protein
ATP5F1C,9.618159084351255e-05,gene/protein
APBB1,9.618159084351255e-05,gene/protein
CAV3,9.618159084351255e-05,gene/protein
AP1G1,9.618159084351255e-05,gene/protein
ATP1B1,9.618159084351255e-05,gene/protein
CALU,9.618159084351255e-05,gene/protein
H2BC18,9.618159084351255e-05,gene/protein
EMC2,9.618159084351255e-05,gene/protein
PRXL2A,9.618159084351255e-05,gene/protein
Erythrocytes take up oxygen and release carbon dioxide,9.618159084351255e-05,pathway
HBD,9.618159084351255e-05,gene/protein
cytokine production,9.618159084351255e-05,biological_process
myotube cell development,9.618159084351255e-05,biological_process
Recurrent Serratia marcescens infections,9.618159084351255e-05,effect/phenotype
ADM,9.618159084351255e-05,gene/protein
CAV2,9.618159084351255e-05,gene/protein
ARL1,9.618159084351255e-05,gene/protein
negative regulation of intracellular signal transduction,9.618159084351255e-05,biological_process
negative regulation of integrin-mediated signaling pathway,9.618159084351255e-05,biological_process
RHOBTB2,9.618159084351255e-05,gene/protein
SLCO6A1,9.618159084351255e-05,gene/protein
MECP2 regulates neuronal receptors and channels,9.618159084351255e-05,pathway
regulation of endocytosis,9.618159084351255e-05,biological_process
platelet-derived growth factor receptor-beta signaling pathway,9.618159084351255e-05,biological_process
Integrin signaling,9.618159084351255e-05,pathway
Negative regulation of MET activity,9.618159084351255e-05,pathway
Regulation of IFNG signaling,9.618159084351255e-05,pathway
PTK6 Down-Regulation,9.618159084351255e-05,pathway
Regulation of IFNA signaling,9.618159084351255e-05,pathway
CSRP1,9.618159084351255e-05,gene/protein
Recurrent Haemophilus influenzae infections,9.618159084351255e-05,effect/phenotype
ADAR,9.618159084351255e-05,gene/protein
DPP4,9.618159084351255e-05,gene/protein
CYLC2,9.618159084351255e-05,gene/protein
RERE,9.618159084351255e-05,gene/protein
CPS1,9.618159084351255e-05,gene/protein
CALCA,9.618159084351255e-05,gene/protein
FABP3,9.618159084351255e-05,gene/protein
AUP1,9.618159084351255e-05,gene/protein
ERCC8,9.618159084351255e-05,gene/protein
DTX1,9.618159084351255e-05,gene/protein
MEGF6,9.618159084351255e-05,gene/protein
ARF4,9.618159084351255e-05,gene/protein
FCERI mediated Ca+2 mobilization,9.618159084351255e-05,pathway
Calcineurin activates NFAT,9.618159084351255e-05,pathway
Recurrent infections due to aspiration,9.618159084351255e-05,effect/phenotype
Respiratory infections in early life,9.618159084351255e-05,effect/phenotype
Recurrent Burkholderia cepacia infections,9.618159084351255e-05,effect/phenotype
peptidyl-tyrosine dephosphorylation involved in inactivation of protein kinase activity,9.618159084351255e-05,biological_process
embryonic retina morphogenesis in camera-type eye,9.618159084351255e-05,biological_process
endocardium formation,9.618159084351255e-05,biological_process
positive regulation of forebrain neuron differentiation,9.618159084351255e-05,biological_process
acinar cell differentiation,9.618159084351255e-05,biological_process
RORA,9.618159084351255e-05,gene/protein
atrial cardiac muscle tissue morphogenesis,9.618159084351255e-05,biological_process
positive regulation of protein tyrosine kinase activity,9.618159084351255e-05,biological_process
venous blood vessel morphogenesis,9.618159084351255e-05,biological_process
aorta smooth muscle tissue morphogenesis,9.618159084351255e-05,biological_process
FAP,9.618159084351255e-05,gene/protein
AXL,9.618159084351255e-05,gene/protein
BTC,9.618159084351255e-05,gene/protein
PANX2,9.618159084351255e-05,gene/protein
ARHGEF10,9.618159084351255e-05,gene/protein
Formation of Senescence-Associated Heterochromatin Foci (SAHF),9.618159084351255e-05,pathway
negative regulation of chromatin silencing,9.618159084351255e-05,biological_process
Autointegration results in viral DNA circles,9.618159084351255e-05,pathway
Vpr-mediated nuclear import of PICs,9.618159084351255e-05,pathway
Integration of provirus,9.618159084351255e-05,pathway
MED31,9.618159084351255e-05,gene/protein
RUNX1 and FOXP3 control the development of regulatory T lymphocytes (Tregs),9.618159084351255e-05,pathway
CLEC7A (Dectin-1) induces NFAT activation,9.618159084351255e-05,pathway
Recurrent acute respiratory tract infection,9.618159084351255e-05,effect/phenotype
Recurrent mycobacterium avium complex infections,9.618159084351255e-05,effect/phenotype
Recurrent bronchopulmonary infections,9.618159084351255e-05,effect/phenotype
Recurrent Neisserial infections,9.618159084351255e-05,effect/phenotype
FOXP2,9.618159084351255e-05,gene/protein
ENPP2,9.618159084351255e-05,gene/protein
Recurrent systemic pyogenic infections,9.618159084351255e-05,effect/phenotype
ANP32E,9.618159084351255e-05,gene/protein
ZSCAN5A,9.618159084351255e-05,gene/protein
CBX7,9.618159084351255e-05,gene/protein
antigen processing and presentation of exogenous peptide antigen via MHC class II,9.618159084351255e-05,biological_process
lens fiber cell morphogenesis,9.618159084351255e-05,biological_process
skeletal muscle thin filament assembly,9.618159084351255e-05,biological_process
positive regulation of neural precursor cell proliferation,9.618159084351255e-05,biological_process
cerebellar granule cell differentiation,9.618159084351255e-05,biological_process
regulation of type I interferon-mediated signaling pathway,9.618159084351255e-05,biological_process
positive regulation of receptor catabolic process,9.618159084351255e-05,biological_process
regulation of hepatocyte growth factor receptor signaling pathway,9.618159084351255e-05,biological_process
SYT6,9.618159084351255e-05,gene/protein
long-chain fatty acid transport,9.618159084351255e-05,biological_process
TRBC1,9.618159084351255e-05,gene/protein
Phosphorylation of CD3 and TCR zeta chains,9.618159084351255e-05,pathway
MSC,9.618159084351255e-05,gene/protein
ARL6IP5,9.618159084351255e-05,gene/protein
positive regulation of fat cell differentiation,9.618159084351255e-05,biological_process
SMARCD3,9.618159084351255e-05,gene/protein
KCTD13,9.618159084351255e-05,gene/protein
GRIP1,9.618159084351255e-05,gene/protein
BRD8,9.618159084351255e-05,gene/protein
positive regulation of cell cycle checkpoint,9.618159084351255e-05,biological_process
BCAS2,9.618159084351255e-05,gene/protein
regulation of intracellular protein transport,9.618159084351255e-05,biological_process
negative regulation of PERK-mediated unfolded protein response,9.618159084351255e-05,biological_process
MREG,9.618159084351255e-05,gene/protein
BTBD19,9.618159084351255e-05,gene/protein
positive regulation of hyaluronan biosynthetic process,9.618159084351255e-05,biological_process
cellular response to dsRNA,9.618159084351255e-05,biological_process
negative regulation of calcidiol 1-monooxygenase activity,9.618159084351255e-05,biological_process
branching involved in pancreas morphogenesis,9.618159084351255e-05,biological_process
RGS14,9.618159084351255e-05,gene/protein
ISCU,9.618159084351255e-05,gene/protein
LAPTM5,9.618159084351255e-05,gene/protein
ZBTB25,9.618159084351255e-05,gene/protein
GPBP1,9.618159084351255e-05,gene/protein
CRTAM,9.618159084351255e-05,gene/protein
SSR1,9.618159084351255e-05,gene/protein
TNFSF15,9.618159084351255e-05,gene/protein
TAPBPL,9.618159084351255e-05,gene/protein
SELPLG,9.618159084351255e-05,gene/protein
FSCN1,9.618159084351255e-05,gene/protein
CNBD1,9.618159084351255e-05,gene/protein
NXPH2,9.618159084351255e-05,gene/protein
bicarbonate transport,9.618159084351255e-05,biological_process
PIK3CD-AS1,9.618159084351255e-05,gene/protein
TNFRSF13B,9.618159084351255e-05,gene/protein
VPS4A,9.618159084351255e-05,gene/protein
PADI3,9.618159084351255e-05,gene/protein
cellular response to unfolded protein,9.618159084351255e-05,biological_process
negative regulation of signal transduction,9.618159084351255e-05,biological_process
PIGP,9.618159084351255e-05,gene/protein
MCAT,9.618159084351255e-05,gene/protein
CASZ1,9.618159084351255e-05,gene/protein
peptidyl-tyrosine dephosphorylation,9.618159084351255e-05,biological_process
AMTN,9.618159084351255e-05,gene/protein
growth hormone receptor signaling pathway via JAK-STAT,9.618159084351255e-05,biological_process
TMEM86B,9.618159084351255e-05,gene/protein
RNF213,9.618159084351255e-05,gene/protein
activation of JUN kinase activity,9.618159084351255e-05,biological_process
TMEM41A,9.618159084351255e-05,gene/protein
olfactory placode formation,9.618159084351255e-05,biological_process
JAKMIP1,9.618159084351255e-05,gene/protein
TANGO6,9.618159084351255e-05,gene/protein
MRPL30,9.618159084351255e-05,gene/protein
negative regulation of bile acid biosynthetic process,9.618159084351255e-05,biological_process
otic placode formation,9.618159084351255e-05,biological_process
ETNPPL,9.618159084351255e-05,gene/protein
NXF2B,9.618159084351255e-05,gene/protein
MINDY3,9.618159084351255e-05,gene/protein
SRBD1,9.618159084351255e-05,gene/protein
ITLN2,9.618159084351255e-05,gene/protein
Antimicrobial peptides,9.618159084351255e-05,pathway
antimicrobial humoral response,9.618159084351255e-05,biological_process
response to nematode,9.618159084351255e-05,biological_process
TIPRL,9.618159084351255e-05,gene/protein
MIDEAS,9.618159084351255e-05,gene/protein
DENND4A,9.618159084351255e-05,gene/protein
OR7E91P,9.618159084351255e-05,gene/protein
NACC1,9.618159084351255e-05,gene/protein
Insulin-like Growth Factor-2 mRNA Binding Proteins (IGF2BPs/IMPs/VICKZs) bind RNA,9.618159084351255e-05,pathway
regulation of RNA metabolic process,9.618159084351255e-05,biological_process
PRDM6,9.618159084351255e-05,gene/protein
RNA repair,9.618159084351255e-05,biological_process
PCNP,9.618159084351255e-05,gene/protein
Reversal of alkylation damage by DNA dioxygenases,9.618159084351255e-05,pathway
DNA demethylation,9.618159084351255e-05,biological_process
mRNA transport,9.618159084351255e-05,biological_process
neurogenesis,9.618159084351255e-05,biological_process
RECK,9.618159084351255e-05,gene/protein
STMN4,9.618159084351255e-05,gene/protein
positive regulation of transmission of nerve impulse,9.618159084351255e-05,biological_process
negative regulation of cytosolic calcium ion concentration,9.618159084351255e-05,biological_process
negative regulation of cGMP-mediated signaling,9.618159084351255e-05,biological_process
PPP1R21,9.618159084351255e-05,gene/protein
SLC2A3,9.618159084351255e-05,gene/protein
SF3A3,9.618159084351255e-05,gene/protein
COG4,9.618159084351255e-05,gene/protein
SMARCD1,9.618159084351255e-05,gene/protein
MAP2K4,9.618159084351255e-05,gene/protein
"positive regulation of circadian sleep/wake cycle, non-REM sleep",9.618159084351255e-05,biological_process
Class A/1 (Rhodopsin-like receptors),9.618159084351255e-05,pathway
camera-type eye development,9.618159084351255e-05,biological_process
SLC12A4,9.618159084351255e-05,gene/protein
BTBD1,9.618159084351255e-05,gene/protein
PPP6R1,9.618159084351255e-05,gene/protein
CLDND1,9.618159084351255e-05,gene/protein
PCNX4,9.618159084351255e-05,gene/protein
MIRLET7I,9.618159084351255e-05,gene/protein
LINC01465,9.618159084351255e-05,gene/protein
lymphangiogenesis,9.618159084351255e-05,biological_process
nucleocytoplasmic transport,9.618159084351255e-05,biological_process
DPF3,9.618159084351255e-05,gene/protein
INTS1,9.618159084351255e-05,gene/protein
USP34,9.618159084351255e-05,gene/protein
ITM2C,9.618159084351255e-05,gene/protein
negative regulation of delayed rectifier potassium channel activity,9.618159084351255e-05,biological_process
negative regulation of transmission of nerve impulse,9.618159084351255e-05,biological_process
regulation of neuronal action potential,9.618159084351255e-05,biological_process
Regulation of gene expression in endocrine-committed (NEUROG3+) progenitor cells,9.618159084351255e-05,pathway
ARHGAP28,9.618159084351255e-05,gene/protein
MON2,9.618159084351255e-05,gene/protein
APOL6,9.618159084351255e-05,gene/protein
CAMKK1,9.618159084351255e-05,gene/protein
EFNA3,9.618159084351255e-05,gene/protein
PEAK1,9.618159084351255e-05,gene/protein
TRIP12,9.618159084351255e-05,gene/protein
CRELD1,9.618159084351255e-05,gene/protein
PDHX,9.618159084351255e-05,gene/protein
negative regulation of receptor signaling pathway via JAK-STAT,9.618159084351255e-05,biological_process
negative regulation of translation,9.618159084351255e-05,biological_process
MEPCE,9.618159084351255e-05,gene/protein
TESC,9.618159084351255e-05,gene/protein
CFAP53,9.618159084351255e-05,gene/protein
LARP7,9.618159084351255e-05,gene/protein
HSCB,9.618159084351255e-05,gene/protein
tRNA modification,9.618159084351255e-05,biological_process
SASS6,9.618159084351255e-05,gene/protein
maintenance of translational fidelity,9.618159084351255e-05,biological_process
AFAP1,9.618159084351255e-05,gene/protein
positive regulation of heart growth,9.618159084351255e-05,biological_process
lymphatic endothelial cell differentiation,9.618159084351255e-05,biological_process
regulation of intestinal epithelial structure maintenance,9.618159084351255e-05,biological_process
FAM234B,9.618159084351255e-05,gene/protein
NOX5,9.618159084351255e-05,gene/protein
dorsal spinal cord development,9.618159084351255e-05,biological_process
hepatocyte cell migration,9.618159084351255e-05,biological_process
retina morphogenesis in camera-type eye,9.618159084351255e-05,biological_process
DNA dealkylation involved in DNA repair,9.618159084351255e-05,biological_process
ventricular cardiac myofibril assembly,9.618159084351255e-05,biological_process
lymphatic endothelial cell fate commitment,9.618159084351255e-05,biological_process
optic placode formation involved in camera-type eye formation,9.618159084351255e-05,biological_process
LBH,9.618159084351255e-05,gene/protein
amacrine cell differentiation,9.618159084351255e-05,biological_process
enteroendocrine cell differentiation,9.618159084351255e-05,biological_process
pancreatic A cell fate commitment,9.618159084351255e-05,biological_process
pancreatic PP cell fate commitment,9.618159084351255e-05,biological_process
TBCD,9.618159084351255e-05,gene/protein
RCAN1,9.618159084351255e-05,gene/protein
BPIFB1,9.618159084351255e-05,gene/protein
GOLIM4,9.618159084351255e-05,gene/protein
MRC2,9.618159084351255e-05,gene/protein
neuronal stem cell population maintenance,9.618159084351255e-05,biological_process
ENPP6,9.618159084351255e-05,gene/protein
tRNA methylthiolation,9.618159084351255e-05,biological_process
TIMMDC1,9.618159084351255e-05,gene/protein
GHITM,9.618159084351255e-05,gene/protein
FGF3,9.618159084351255e-05,gene/protein
FGF4,9.618159084351255e-05,gene/protein
FOXM1,9.618159084351255e-05,gene/protein
GPC3,9.618159084351255e-05,gene/protein
SLC5A5,9.618159084351255e-05,gene/protein
DMPK,9.618159084351255e-05,gene/protein
embryonic organ morphogenesis,9.618159084351255e-05,biological_process
CD34,9.618159084351255e-05,gene/protein
FABP5,9.618159084351255e-05,gene/protein
EGR2,9.618159084351255e-05,gene/protein
SORL1,9.618159084351255e-05,gene/protein
CA2,9.618159084351255e-05,gene/protein
NAT2,9.618159084351255e-05,gene/protein
ECM1,9.618159084351255e-05,gene/protein
PGD,9.618159084351255e-05,gene/protein
NNMT,9.618159084351255e-05,gene/protein
C9,9.618159084351255e-05,gene/protein
HOXA10,9.618159084351255e-05,gene/protein
GPM6A,9.618159084351255e-05,gene/protein
HOXD9,9.618159084351255e-05,gene/protein
FCN2,9.618159084351255e-05,gene/protein
GDF2,9.618159084351255e-05,gene/protein
MYBL2,9.618159084351255e-05,gene/protein
FOSB,9.618159084351255e-05,gene/protein
INMT,9.618159084351255e-05,gene/protein
GINS1,9.618159084351255e-05,gene/protein
FLYWCH2,9.618159084351255e-05,gene/protein
EDF1,9.618159084351255e-05,gene/protein
regulation of cholesterol esterification,9.618159084351255e-05,biological_process
negative regulation of interleukin-1-mediated signaling pathway,9.618159084351255e-05,biological_process
negative regulation of lipid binding,9.618159084351255e-05,biological_process
Reduced natural killer cell count,9.618159084351255e-05,effect/phenotype
Partial absence of specific antibody response to tetanus vaccine,9.618159084351255e-05,immune_effect/phenotype
negative regulation of receptor signaling pathway via STAT,9.618159084351255e-05,biological_process
positive regulation of keratinocyte differentiation,9.618159084351255e-05,biological_process
HGFAC,9.618159084351255e-05,gene/protein
ACACA,9.618159084351255e-05,gene/protein
CCNF,9.618159084351255e-05,gene/protein
CD5L,9.618159084351255e-05,gene/protein
MPO,9.618159084351255e-05,gene/protein
HMGCR,9.618159084351255e-05,gene/protein
KBTBD11,9.618159084351255e-05,gene/protein
PCLAF,9.618159084351255e-05,gene/protein
KIF4A,9.618159084351255e-05,gene/protein
APCS,9.618159084351255e-05,gene/protein
HJURP,9.618159084351255e-05,gene/protein
ASF1B,9.618159084351255e-05,gene/protein
KIF15,9.618159084351255e-05,gene/protein
AKR1B10,9.618159084351255e-05,gene/protein
LRRC59,9.618159084351255e-05,gene/protein
PPP1R1A,9.618159084351255e-05,gene/protein
KMT2B,9.618159084351255e-05,gene/protein
ADAMTS1,9.618159084351255e-05,gene/protein
DLGAP5,9.618159084351255e-05,gene/protein
DEPDC5,9.618159084351255e-05,gene/protein
MLXIPL,9.618159084351255e-05,gene/protein
PITPNM3,9.618159084351255e-05,gene/protein
PRC1,9.618159084351255e-05,gene/protein
DNAJC6,9.618159084351255e-05,gene/protein
ARHGAP11A,9.618159084351255e-05,gene/protein
APOF,9.618159084351255e-05,gene/protein
ESM1,9.618159084351255e-05,gene/protein
ADAMTS13,9.618159084351255e-05,gene/protein
ZWINT,9.618159084351255e-05,gene/protein
ADH4,9.618159084351255e-05,gene/protein
ADRA1A,9.618159084351255e-05,gene/protein
ADRA2B,9.618159084351255e-05,gene/protein
RND3,9.618159084351255e-05,gene/protein
MT1A,9.618159084351255e-05,gene/protein
MAN2C1,9.618159084351255e-05,gene/protein
MAN2B1,9.618159084351255e-05,gene/protein
E2F8,9.618159084351255e-05,gene/protein
DIPK2B,9.618159084351255e-05,gene/protein
cellular response to laminar fluid shear stress,9.618159084351255e-05,biological_process
positive regulation of vascular associated smooth muscle cell differentiation,9.618159084351255e-05,biological_process
positive regulation of tau-protein kinase activity,9.618159084351255e-05,biological_process
cellular response to vitamin D,9.618159084351255e-05,biological_process
negative regulation of cardiac muscle cell differentiation,9.618159084351255e-05,biological_process
negative regulation of synoviocyte proliferation,9.618159084351255e-05,biological_process
negative regulation of artery morphogenesis,9.618159084351255e-05,biological_process
Decreased proportion of memory B cells,9.618159084351255e-05,immune_effect/phenotype
Crohn's disease,9.618159084351255e-05,effect/phenotype
Decreased basophil count,9.618159084351255e-05,immune_effect/phenotype
Perinuclear antineutrophil antibody positivity,9.618159084351255e-05,immune_effect/phenotype
KDM8,9.618159084351255e-05,gene/protein
PLAC8,9.618159084351255e-05,gene/protein
CLEC1B,9.618159084351255e-05,gene/protein
TEDC2,9.618159084351255e-05,gene/protein
NOTCH3,9.618159084351255e-05,gene/protein
GTSE1,9.618159084351255e-05,gene/protein
HAO2,9.618159084351255e-05,gene/protein
CSMD1,9.618159084351255e-05,gene/protein
ARID1B,9.618159084351255e-05,gene/protein
NUSAP1,9.618159084351255e-05,gene/protein
FAM83D,9.618159084351255e-05,gene/protein
CDT1,9.618159084351255e-05,gene/protein
MBTPS2,9.618159084351255e-05,gene/protein
CENPM,9.618159084351255e-05,gene/protein
MAGEC2,9.618159084351255e-05,gene/protein
ANLN,9.618159084351255e-05,gene/protein
TATDN1,9.618159084351255e-05,gene/protein
CSRNP1,9.618159084351255e-05,gene/protein
SLC26A6,9.618159084351255e-05,gene/protein
CAVIN4,9.618159084351255e-05,gene/protein
POU3F1,9.618159084351255e-05,gene/protein
ADCK1,9.618159084351255e-05,gene/protein
TERF2,9.618159084351255e-05,gene/protein
KRTAP2-4,9.618159084351255e-05,gene/protein
METAP2,9.618159084351255e-05,gene/protein
APLN,9.618159084351255e-05,gene/protein
TH,9.618159084351255e-05,gene/protein
ZDHHC2,9.618159084351255e-05,gene/protein
YTHDF2,9.618159084351255e-05,gene/protein
SPC25,9.618159084351255e-05,gene/protein
FBXL18,9.618159084351255e-05,gene/protein
BCO2,9.618159084351255e-05,gene/protein
MRO,9.618159084351255e-05,gene/protein
SPRTN,9.618159084351255e-05,gene/protein
MOGAT2,9.618159084351255e-05,gene/protein
AADAT,9.618159084351255e-05,gene/protein
senescence-associated heterochromatin focus assembly,9.618159084351255e-05,biological_process
nuclear transport,9.618159084351255e-05,biological_process
PHF3,9.618159084351255e-05,gene/protein
FBXO38,9.618159084351255e-05,gene/protein
Pulmonary fibrosis,9.618159084351255e-05,effect/phenotype
Chronic diarrhea,9.618159084351255e-05,effect/phenotype
Frequent Giardia lamblia infestation,9.618159084351255e-05,effect/phenotype
Colon cancer,9.618159084351255e-05,effect/phenotype
Agammaglobulinemia,9.618159084351255e-05,immune_effect/phenotype
Recurrent fever,9.618159084351255e-05,effect/phenotype
negative regulation of double-strand break repair,9.618159084351255e-05,biological_process
negative regulation of epithelial to mesenchymal transition,9.618159084351255e-05,biological_process
positive regulation of cell adhesion molecule production,9.618159084351255e-05,biological_process
negative regulation of astrocyte activation,9.618159084351255e-05,biological_process
negative regulation of metalloendopeptidase activity,9.618159084351255e-05,biological_process
negative regulation of monocyte differentiation,9.618159084351255e-05,biological_process
THY1,9.618159084351255e-05,gene/protein
VIPR1,9.618159084351255e-05,gene/protein
TALDO1,9.618159084351255e-05,gene/protein
MT1E,9.618159084351255e-05,gene/protein
CDCA8,9.618159084351255e-05,gene/protein
CYP39A1,9.618159084351255e-05,gene/protein
KRTAP5-7,9.618159084351255e-05,gene/protein
ATXN3L,9.618159084351255e-05,gene/protein
SOX6,9.618159084351255e-05,gene/protein
MKI67,9.618159084351255e-05,gene/protein
EXO1,9.618159084351255e-05,gene/protein
ARID1A,9.618159084351255e-05,gene/protein
TONSL,9.618159084351255e-05,gene/protein
TGM3,9.618159084351255e-05,gene/protein
CCNA1,9.618159084351255e-05,gene/protein
TCF19,9.618159084351255e-05,gene/protein
CDK14,9.618159084351255e-05,gene/protein
TST,9.618159084351255e-05,gene/protein
"positive regulation of wound healing, spreading of epidermal cells",9.618159084351255e-05,biological_process
MED24,9.618159084351255e-05,gene/protein
HNRNPUL1,9.618159084351255e-05,gene/protein
cell growth involved in cardiac muscle cell development,9.618159084351255e-05,biological_process
positive regulation of cardiac muscle cell apoptotic process,9.618159084351255e-05,biological_process
negative regulation of oxidative stress-induced cell death,9.618159084351255e-05,biological_process
cardiac muscle tissue growth involved in heart morphogenesis,9.618159084351255e-05,biological_process
negative regulation of interleukin-7 production,9.618159084351255e-05,biological_process
negative regulation of sodium ion transmembrane transport,9.618159084351255e-05,biological_process
negative regulation of voltage-gated sodium channel activity,9.618159084351255e-05,biological_process
negative regulation of monooxygenase activity,9.618159084351255e-05,biological_process
positive regulation of vascular associated smooth muscle cell migration,9.618159084351255e-05,biological_process
negative regulation of keratinocyte proliferation,9.618159084351255e-05,biological_process
ANGPT2,9.618159084351255e-05,gene/protein
BMP4,9.618159084351255e-05,gene/protein
BCL9,9.618159084351255e-05,gene/protein
CSNK1G3,9.618159084351255e-05,gene/protein
DDB2,9.618159084351255e-05,gene/protein
ASIC1,9.618159084351255e-05,gene/protein
DUSP5,9.618159084351255e-05,gene/protein
BMP8B,9.618159084351255e-05,gene/protein
CENPB,9.618159084351255e-05,gene/protein
MARK2,9.618159084351255e-05,gene/protein
LRBA,9.618159084351255e-05,gene/protein
SFRP1,9.618159084351255e-05,gene/protein
RRM1,9.618159084351255e-05,gene/protein
PDK4,9.618159084351255e-05,gene/protein
TYMS,9.618159084351255e-05,gene/protein
SSX1,9.618159084351255e-05,gene/protein
ATP5F1D,9.618159084351255e-05,gene/protein
DUSP4,9.618159084351255e-05,gene/protein
DMWD,9.618159084351255e-05,gene/protein
DUSP6,9.618159084351255e-05,gene/protein
negative regulation of actin filament polymerization,9.618159084351255e-05,biological_process
positive regulation of sprouting angiogenesis,9.618159084351255e-05,biological_process
negative regulation of toll-like receptor 4 signaling pathway,9.618159084351255e-05,biological_process
positive regulation of vasculature development,9.618159084351255e-05,biological_process
CHD8,9.618159084351255e-05,gene/protein
SPOPL,9.618159084351255e-05,gene/protein
USP11,9.618159084351255e-05,gene/protein
negative regulation of cardiac muscle myoblast proliferation,9.618159084351255e-05,biological_process
negative regulation of receptor-mediated endocytosis,9.618159084351255e-05,biological_process
CCNC,9.618159084351255e-05,gene/protein
CSNK1G2,9.618159084351255e-05,gene/protein
PARP4,9.618159084351255e-05,gene/protein
GUCY2C,9.618159084351255e-05,gene/protein
HADHB,9.618159084351255e-05,gene/protein
AMY2A,9.618159084351255e-05,gene/protein
EMP2,9.618159084351255e-05,gene/protein
SLC31A2,9.618159084351255e-05,gene/protein
APLP1,9.618159084351255e-05,gene/protein
ADGRE5,9.618159084351255e-05,gene/protein
DYRK1A,9.618159084351255e-05,gene/protein
CCNA2,9.618159084351255e-05,gene/protein
DAB1,9.618159084351255e-05,gene/protein
DNTT,9.618159084351255e-05,gene/protein
DMXL1,9.618159084351255e-05,gene/protein
DUSP1,9.618159084351255e-05,gene/protein
DUSP2,9.618159084351255e-05,gene/protein
CCNT1,9.618159084351255e-05,gene/protein
LYST,9.618159084351255e-05,gene/protein
ABAT,9.618159084351255e-05,gene/protein
ERN1,9.618159084351255e-05,gene/protein
ELK3,9.618159084351255e-05,gene/protein
CELSR2,9.618159084351255e-05,gene/protein
positive regulation of metalloendopeptidase activity,9.618159084351255e-05,biological_process
regulation of aorta morphogenesis,9.618159084351255e-05,biological_process
negative regulation of cardiac muscle hypertrophy in response to stress,9.618159084351255e-05,biological_process
negative regulation of lamellipodium assembly,9.618159084351255e-05,biological_process
positive regulation of cholesterol storage,9.618159084351255e-05,biological_process
regulation of high-density lipoprotein particle assembly,9.618159084351255e-05,biological_process
JADE1,9.618159084351255e-05,gene/protein
CYP51A1,9.618159084351255e-05,gene/protein
DBN1,9.618159084351255e-05,gene/protein
S1PR1,9.618159084351255e-05,gene/protein
KCNJ8,9.618159084351255e-05,gene/protein
ACY1,9.618159084351255e-05,gene/protein
CDK11B,9.618159084351255e-05,gene/protein
RHOC,9.618159084351255e-05,gene/protein
HAL,9.618159084351255e-05,gene/protein
GPS2,9.618159084351255e-05,gene/protein
HADHA,9.618159084351255e-05,gene/protein
HGD,9.618159084351255e-05,gene/protein
GPT,9.618159084351255e-05,gene/protein
APOC2,9.618159084351255e-05,gene/protein
CA5A,9.618159084351255e-05,gene/protein
CLPS,9.618159084351255e-05,gene/protein
ASL,9.618159084351255e-05,gene/protein
KCNE1,9.618159084351255e-05,gene/protein
CD81,9.618159084351255e-05,gene/protein
ATP5MC3,9.618159084351255e-05,gene/protein
CYB561,9.618159084351255e-05,gene/protein
CYP2A6,9.618159084351255e-05,gene/protein
PAMR1,9.618159084351255e-05,gene/protein
IGF2BP3,9.618159084351255e-05,gene/protein
LILRB5,9.618159084351255e-05,gene/protein
TRIP13,9.618159084351255e-05,gene/protein
TYR,9.618159084351255e-05,gene/protein
IBTK,9.618159084351255e-05,gene/protein
cellular response to carbohydrate stimulus,9.618159084351255e-05,biological_process
regulation of synaptic vesicle exocytosis,9.618159084351255e-05,biological_process
PDLIM7,9.618159084351255e-05,gene/protein
Disinhibition of SNARE formation,9.618159084351255e-05,pathway
negative regulation of amyloid precursor protein biosynthetic process,9.618159084351255e-05,biological_process
negative regulation of reverse cholesterol transport,9.618159084351255e-05,biological_process
ANP32A,9.618159084351255e-05,gene/protein
regulation of glycogen biosynthetic process,9.618159084351255e-05,biological_process
CYP19A1,9.618159084351255e-05,gene/protein
TNFRSF8,9.618159084351255e-05,gene/protein
MCM10,9.618159084351255e-05,gene/protein
STAB2,9.618159084351255e-05,gene/protein
CD2,9.618159084351255e-05,gene/protein
ARL4D,9.618159084351255e-05,gene/protein
DEPDC1,9.618159084351255e-05,gene/protein
PLXDC1,9.618159084351255e-05,gene/protein
LRRC1,9.618159084351255e-05,gene/protein
TACC3,9.618159084351255e-05,gene/protein
EHD3,9.618159084351255e-05,gene/protein
UHRF1,9.618159084351255e-05,gene/protein
CAP2,9.618159084351255e-05,gene/protein
TROAP,9.618159084351255e-05,gene/protein
UBD,9.618159084351255e-05,gene/protein
FST,9.618159084351255e-05,gene/protein
CXCL14,9.618159084351255e-05,gene/protein
ATP5PD,9.618159084351255e-05,gene/protein
SDC2,9.618159084351255e-05,gene/protein
EPHB3,9.618159084351255e-05,gene/protein
EFNA4,9.618159084351255e-05,gene/protein
RUNX1T1,9.618159084351255e-05,gene/protein
CHRM3,9.618159084351255e-05,gene/protein
DFFB,9.618159084351255e-05,gene/protein
CCNG1,9.618159084351255e-05,gene/protein
CPEB3,9.618159084351255e-05,gene/protein
HTATIP2,9.618159084351255e-05,gene/protein
COLEC10,9.618159084351255e-05,gene/protein
PYGL,9.618159084351255e-05,gene/protein
TCIM,9.618159084351255e-05,gene/protein
EAF2,9.618159084351255e-05,gene/protein
CLTRN,9.618159084351255e-05,gene/protein
DEPDC1B,9.618159084351255e-05,gene/protein
PTH1R,9.618159084351255e-05,gene/protein
FAM50B,9.618159084351255e-05,gene/protein
NR2F6,9.618159084351255e-05,gene/protein
DYNC1I2,9.618159084351255e-05,gene/protein
CDK8,9.618159084351255e-05,gene/protein
CCNT2,9.618159084351255e-05,gene/protein
CD53,9.618159084351255e-05,gene/protein
DNTTIP2,9.618159084351255e-05,gene/protein
LMO4,9.618159084351255e-05,gene/protein
FHOD1,9.618159084351255e-05,gene/protein
KDM4C,9.618159084351255e-05,gene/protein
regulation of cholesterol transporter activity,9.618159084351255e-05,biological_process
presynaptic modulation of chemical synaptic transmission,9.618159084351255e-05,biological_process
OCLN,9.618159084351255e-05,gene/protein
RASGRP3,9.618159084351255e-05,gene/protein
PDLIM5,9.618159084351255e-05,gene/protein
RIPK4,9.618159084351255e-05,gene/protein
NCAPH,9.618159084351255e-05,gene/protein
ORAI1,9.618159084351255e-05,gene/protein
positive regulation of B cell receptor signaling pathway,9.618159084351255e-05,biological_process
WNT5A-dependent internalization of FZD4,9.618159084351255e-05,pathway
Depolymerisation of the Nuclear Lamina,9.618159084351255e-05,pathway
Trafficking of GluR2-containing AMPA receptors,9.618159084351255e-05,pathway
Recurrent fungal infections,9.618159084351255e-05,effect/phenotype
Enlarged pituitary gland,9.618159084351255e-05,effect/phenotype
Ankle clonus,9.618159084351255e-05,immune_effect/phenotype
Recurrent skin infections,9.618159084351255e-05,effect/phenotype
negative regulation of glycoprotein biosynthetic process,9.618159084351255e-05,biological_process
OLFML2B,9.618159084351255e-05,gene/protein
MTBP,9.618159084351255e-05,gene/protein
GNMT,9.618159084351255e-05,gene/protein
ELK4,9.618159084351255e-05,gene/protein
CHN1,9.618159084351255e-05,gene/protein
MRPL53,9.618159084351255e-05,gene/protein
EFHC1,9.618159084351255e-05,gene/protein
MISP,9.618159084351255e-05,gene/protein
ZNF410,9.618159084351255e-05,gene/protein
NCDN,9.618159084351255e-05,gene/protein
FAM187A,9.618159084351255e-05,gene/protein
MAPRE1,9.618159084351255e-05,gene/protein
SLC12A8,9.618159084351255e-05,gene/protein
positive regulation of neuroblast proliferation,9.618159084351255e-05,biological_process
negative regulation of cell-cell adhesion,9.618159084351255e-05,biological_process
ARCN1,9.618159084351255e-05,gene/protein
GPR182,9.618159084351255e-05,gene/protein
HPSE,9.618159084351255e-05,gene/protein
LYVE1,9.618159084351255e-05,gene/protein
TPX2,9.618159084351255e-05,gene/protein
CEP131,9.618159084351255e-05,gene/protein
negative regulation of glucose transmembrane transport,9.618159084351255e-05,biological_process
regulation of myeloid cell differentiation,9.618159084351255e-05,biological_process
Response to elevated platelet cytosolic Ca2+,9.618159084351255e-05,pathway
RUNX1 regulates transcription of genes involved in differentiation of myeloid cells,9.618159084351255e-05,pathway
VEGFR2 mediated cell proliferation,9.618159084351255e-05,pathway
negative regulation of interleukin-17 production,9.618159084351255e-05,biological_process
negative regulation of interleukin-2 production,9.618159084351255e-05,biological_process
gene silencing by RNA,9.618159084351255e-05,biological_process
mitotic nuclear membrane disassembly,9.618159084351255e-05,biological_process
GNA13,9.618159084351255e-05,gene/protein
histone H3-T6 phosphorylation,9.618159084351255e-05,biological_process
Abnormal visual field test,9.618159084351255e-05,effect/phenotype
Intracranial cystic lesion,9.618159084351255e-05,effect/phenotype
Abnormal hypothalamus morphology,9.618159084351255e-05,effect/phenotype
KLHL3,9.618159084351255e-05,gene/protein
VCX2,9.618159084351255e-05,gene/protein
ATAD3A,9.618159084351255e-05,gene/protein
LXN,9.618159084351255e-05,gene/protein
NGLY1,9.618159084351255e-05,gene/protein
LARP4,9.618159084351255e-05,gene/protein
SEC14L4,9.618159084351255e-05,gene/protein
ZBED1,9.618159084351255e-05,gene/protein
GCM2,9.618159084351255e-05,gene/protein
CCDC103,9.618159084351255e-05,gene/protein
cellular response to ethanol,9.618159084351255e-05,biological_process
oxygen homeostasis,9.618159084351255e-05,biological_process
HMBOX1,9.618159084351255e-05,gene/protein
CIB3,9.618159084351255e-05,gene/protein
POLR3GL,9.618159084351255e-05,gene/protein
CINP,9.618159084351255e-05,gene/protein
KRTAP9-8,9.618159084351255e-05,gene/protein
TRIM41,9.618159084351255e-05,gene/protein
NPC1L1,9.618159084351255e-05,gene/protein
Central adrenal insufficiency,9.618159084351255e-05,effect/phenotype
Neoplasm of the anterior pituitary,9.618159084351255e-05,effect/phenotype
Abnormality of the nasal bone,9.618159084351255e-05,effect/phenotype
Abnormality of the frontal bone,9.618159084351255e-05,effect/phenotype
Pituitary hypothyroidism,9.618159084351255e-05,effect/phenotype
Bitemporal hemianopia,9.618159084351255e-05,effect/phenotype
Hypopituitarism,9.618159084351255e-05,effect/phenotype
Decreased fertility,9.618159084351255e-05,effect/phenotype
Lower limb spasticity,9.618159084351255e-05,effect/phenotype
Gaze-evoked horizontal nystagmus,9.618159084351255e-05,effect/phenotype
Diplopia,9.618159084351255e-05,effect/phenotype
Truncal titubation,9.618159084351255e-05,effect/phenotype
renal glucose absorption,9.618159084351255e-05,biological_process
CBX3,9.618159084351255e-05,gene/protein
MRPL15,9.618159084351255e-05,gene/protein
forebrain-midbrain boundary formation,9.618159084351255e-05,biological_process
SPG21,9.618159084351255e-05,gene/protein
TCEAL5,9.618159084351255e-05,gene/protein
negative regulation of wound healing,9.618159084351255e-05,biological_process
Poor fine motor coordination,9.618159084351255e-05,effect/phenotype
Mild microcephaly,9.618159084351255e-05,effect/phenotype
Impaired visuospatial constructive cognition,9.618159084351255e-05,effect/phenotype
Brisk reflexes,9.618159084351255e-05,effect/phenotype
Urinary bladder sphincter dysfunction,9.618159084351255e-05,effect/phenotype
Abnormality of ocular smooth pursuit,9.618159084351255e-05,effect/phenotype
commitment of neuronal cell to specific neuron type in forebrain,9.618159084351255e-05,biological_process
neuron fate commitment,9.618159084351255e-05,biological_process
protein localization to organelle,9.618159084351255e-05,biological_process
eye photoreceptor cell development,9.618159084351255e-05,biological_process
GNB4,9.618159084351255e-05,gene/protein
PRDM2,9.618159084351255e-05,gene/protein
DLEU1-AS1,9.618159084351255e-05,gene/protein
Papilledema,9.618159084351255e-05,effect/phenotype
Nausea and vomiting,9.618159084351255e-05,effect/phenotype
Headache,9.618159084351255e-05,effect/phenotype
Slow decrease in visual acuity,9.618159084351255e-05,effect/phenotype
Abnormal retinal vascular morphology,9.618159084351255e-05,effect/phenotype
Cerebral ischemia,9.618159084351255e-05,effect/phenotype
Adult-onset night blindness,9.618159084351255e-05,effect/phenotype
Vitreous floaters,9.618159084351255e-05,effect/phenotype
Asteroid hyalosis,9.618159084351255e-05,effect/phenotype
UBAP2L,9.618159084351255e-05,gene/protein
one-carbon metabolic process,9.618159084351255e-05,biological_process
pancreatic A cell development,9.618159084351255e-05,biological_process
embryonic camera-type eye morphogenesis,9.618159084351255e-05,biological_process
positive regulation of epithelial cell differentiation,9.618159084351255e-05,biological_process
oligodendrocyte cell fate specification,9.618159084351255e-05,biological_process
eye development,9.618159084351255e-05,biological_process
regulation of timing of cell differentiation,9.618159084351255e-05,biological_process
regulation of asymmetric cell division,9.618159084351255e-05,biological_process
Exotropia,9.618159084351255e-05,effect/phenotype
Monotonic speech,9.618159084351255e-05,effect/phenotype
Abnormality of the distal phalanx of the thumb,9.618159084351255e-05,effect/phenotype
Abnormality of ocular abduction,9.618159084351255e-05,effect/phenotype
Limb dysmetria,9.618159084351255e-05,effect/phenotype
Functional motor deficit,9.618159084351255e-05,effect/phenotype
SLC39A6,9.618159084351255e-05,gene/protein
SDHD,9.618159084351255e-05,gene/protein
TRIM46,9.618159084351255e-05,gene/protein
SLC30A1,9.618159084351255e-05,gene/protein
S-adenosylmethionine biosynthetic process,9.618159084351255e-05,biological_process
GEMIN2,9.618159084351255e-05,gene/protein
negative regulation of glial cell proliferation,9.618159084351255e-05,biological_process
methionine catabolic process,9.618159084351255e-05,biological_process
MAT2B,9.618159084351255e-05,gene/protein
ATP6V0D2,9.618159084351255e-05,gene/protein
Impaired proprioception,9.618159084351255e-05,effect/phenotype
Abnormal motor evoked potentials,9.618159084351255e-05,effect/phenotype
Head tremor,9.618159084351255e-05,effect/phenotype
Adducted thumb,9.618159084351255e-05,effect/phenotype
Muscle spasm,9.618159084351255e-05,effect/phenotype
Limb muscle weakness,9.618159084351255e-05,effect/phenotype
Calf muscle hypertrophy,9.618159084351255e-05,effect/phenotype
positive regulation of core promoter binding,9.618159084351255e-05,biological_process
ventral spinal cord development,9.618159084351255e-05,biological_process
TRIP10,9.618159084351255e-05,gene/protein
EAF1,9.618159084351255e-05,gene/protein
EIF1AD,9.618159084351255e-05,gene/protein
dorsal/ventral axis specification,9.618159084351255e-05,biological_process
Combined immunodeficiency,9.618159084351255e-05,immune_effect/phenotype
Smooth muscle antibody positivity,9.618159084351255e-05,immune_effect/phenotype
Decreased proportion of CD4-positive T cells,9.618159084351255e-05,immune_effect/phenotype
EMG: neuropathic changes,9.618159084351255e-05,effect/phenotype
Dysmetric saccades,9.618159084351255e-05,effect/phenotype
Spinal deformities,9.618159084351255e-05,effect/phenotype
Postural instability,9.618159084351255e-05,effect/phenotype
Delayed fine motor development,9.618159084351255e-05,effect/phenotype
Oligomenorrhea,9.618159084351255e-05,effect/phenotype
establishment of mitotic spindle orientation,9.618159084351255e-05,biological_process
forebrain dorsal/ventral pattern formation,9.618159084351255e-05,biological_process
cornea development in camera-type eye,9.618159084351255e-05,biological_process
iris morphogenesis,9.618159084351255e-05,biological_process
habenula development,9.618159084351255e-05,biological_process
astrocyte differentiation,9.618159084351255e-05,biological_process
"Synthesis, secretion, and inactivation of Glucose-dependent Insulinotropic Polypeptide (GIP)",9.618159084351255e-05,pathway
PPP1R8,9.618159084351255e-05,gene/protein
SUMOylation of immune response proteins,9.618159084351255e-05,pathway
retina development in camera-type eye,9.618159084351255e-05,biological_process
HOMER3,9.618159084351255e-05,gene/protein
CCL26,9.618159084351255e-05,gene/protein
Cardiogenic shock,9.618159084351255e-05,effect/phenotype
Reticulocytosis,9.618159084351255e-05,effect/phenotype
RAPGEF4,9.618159084351255e-05,gene/protein
GMPS,9.618159084351255e-05,gene/protein
CXorf38,9.618159084351255e-05,gene/protein
CHAF1A,9.618159084351255e-05,gene/protein
PDE4C,9.618159084351255e-05,gene/protein
LONRF1,9.618159084351255e-05,gene/protein
cerebral cortex regionalization,9.618159084351255e-05,biological_process
Activation of anterior HOX genes in hindbrain development during early embryogenesis,9.618159084351255e-05,pathway
lacrimal gland development,9.618159084351255e-05,biological_process
response to manganese ion,9.618159084351255e-05,biological_process
response to symbiotic bacterium,9.618159084351255e-05,biological_process
endothelial cell development,9.618159084351255e-05,biological_process
"regulation of gene expression, epigenetic",9.618159084351255e-05,biological_process
purine nucleotide catabolic process,9.618159084351255e-05,biological_process
Difficulty walking,9.618159084351255e-05,effect/phenotype
Distal amyotrophy,9.618159084351255e-05,effect/phenotype
Diffuse cerebellar atrophy,9.618159084351255e-05,effect/phenotype
Chronic lung disease,9.618159084351255e-05,effect/phenotype
B-cell lymphoma,9.618159084351255e-05,immune_effect/phenotype
Class II obesity,9.618159084351255e-05,effect/phenotype
myoblast proliferation,9.618159084351255e-05,biological_process
positive regulation of supramolecular fiber organization,9.618159084351255e-05,biological_process
protein oxidation,9.618159084351255e-05,biological_process
regulation of proteasomal protein catabolic process,9.618159084351255e-05,biological_process
TAF4B,9.618159084351255e-05,gene/protein
response to electrical stimulus,9.618159084351255e-05,biological_process
SMARCA5,9.618159084351255e-05,gene/protein
RUNX3 regulates p14-ARF,9.618159084351255e-05,pathway
Syndecan interactions,9.618159084351255e-05,pathway
TGFBR2 Kinase Domain Mutants in Cancer,9.618159084351255e-05,pathway
positive regulation of vascular permeability,9.618159084351255e-05,biological_process
RUNX3 regulates CDKN1A transcription,9.618159084351255e-05,pathway
2-LTR circle formation,9.618159084351255e-05,pathway
DNA unwinding involved in DNA replication,9.618159084351255e-05,biological_process
ZC3H11A,9.618159084351255e-05,gene/protein
USP36,9.618159084351255e-05,gene/protein
response to isolation stress,9.618159084351255e-05,biological_process
TMEM131,9.618159084351255e-05,gene/protein
TCEAL9,9.618159084351255e-05,gene/protein
NOL12,9.618159084351255e-05,gene/protein
negative regulation of neural precursor cell proliferation,9.618159084351255e-05,biological_process
TGFBR2 MSI Frameshift Mutants in Cancer,9.618159084351255e-05,pathway
TGFBR1 KD Mutants in Cancer,9.618159084351255e-05,pathway
TGFBR1 LBD Mutants in Cancer,9.618159084351255e-05,pathway
HDHD2,9.618159084351255e-05,gene/protein
ALDH5A1,9.618159084351255e-05,gene/protein
Class III obesity,9.618159084351255e-05,effect/phenotype
Class I obesity,9.618159084351255e-05,effect/phenotype
striated muscle cell differentiation,9.618159084351255e-05,biological_process
hippocampus development,9.618159084351255e-05,biological_process
CASP4,9.618159084351255e-05,gene/protein
Chronic lymphatic leukemia,9.618159084351255e-05,immune_effect/phenotype
Episodic peripheral neuropathy,9.618159084351255e-05,effect/phenotype
Mixed demyelinating and axonal polyneuropathy,9.618159084351255e-05,effect/phenotype
Abnormal involuntary eye movements,9.618159084351255e-05,effect/phenotype
Delayed menarche,9.618159084351255e-05,effect/phenotype
Parietal cortical atrophy,9.618159084351255e-05,effect/phenotype
response to silicon dioxide,9.618159084351255e-05,biological_process
positive regulation of NAD+ ADP-ribosyltransferase activity,9.618159084351255e-05,biological_process
regulation of blood vessel remodeling,9.618159084351255e-05,biological_process
TGF-beta receptor signaling activates SMADs,9.618159084351255e-05,pathway
Corpus callosum atrophy,9.618159084351255e-05,effect/phenotype
Hyperactive deep tendon reflexes,9.618159084351255e-05,effect/phenotype
Multiple mononeuropathy,9.618159084351255e-05,effect/phenotype
Sensory impairment,9.618159084351255e-05,effect/phenotype
Chronic fatigue,9.618159084351255e-05,effect/phenotype
Decreased circulating total IgG,9.618159084351255e-05,immune_effect/phenotype
Chronic furunculosis,9.618159084351255e-05,effect/phenotype
Pustule,9.618159084351255e-05,effect/phenotype
Decreased circulating total IgM,9.618159084351255e-05,immune_effect/phenotype
TGF-beta receptor signaling in EMT (epithelial to mesenchymal transition),9.618159084351255e-05,pathway
ECM proteoglycans,9.618159084351255e-05,pathway
SMAD2/3 Phosphorylation Motif Mutants in Cancer,9.618159084351255e-05,pathway
regulation of pronephros size,9.618159084351255e-05,biological_process
USP54,9.618159084351255e-05,gene/protein
Retinal vasculitis,9.618159084351255e-05,effect/phenotype
Chronic sensorineural polyneuropathy,9.618159084351255e-05,effect/phenotype
Motor polyneuropathy,9.618159084351255e-05,effect/phenotype
Congenital peripheral neuropathy,9.618159084351255e-05,effect/phenotype
Demyelinating peripheral neuropathy,9.618159084351255e-05,effect/phenotype
Progressive peripheral neuropathy,9.618159084351255e-05,effect/phenotype
Sensorimotor polyneuropathy affecting arms more than legs,9.618159084351255e-05,effect/phenotype
Hypopigmentation of hair,9.618159084351255e-05,immune_effect/phenotype
Entrapment neuropathy,9.618159084351255e-05,effect/phenotype
response to carbohydrate,9.618159084351255e-05,biological_process
Regulation of gene expression in late stage (branching morphogenesis) pancreatic bud precursor cells,9.618159084351255e-05,pathway
age-dependent response to reactive oxygen species,9.618159084351255e-05,biological_process
acetylcholine-mediated vasodilation involved in regulation of systemic arterial blood pressure,9.618159084351255e-05,biological_process
positive regulation of hydrogen peroxide biosynthetic process,9.618159084351255e-05,biological_process
Influenza Virus Induced Apoptosis,9.618159084351255e-05,pathway
Cell surface interactions at the vascular wall,9.618159084351255e-05,pathway
Molecules associated with elastic fibres,9.618159084351255e-05,pathway
Downregulation of TGF-beta receptor signaling,9.618159084351255e-05,pathway
negative regulation of blood-brain barrier permeability,9.618159084351255e-05,biological_process
B lymphocytopenia,9.618159084351255e-05,immune_effect/phenotype
Verrucae,9.618159084351255e-05,effect/phenotype
Mydriasis,9.618159084351255e-05,effect/phenotype
Motor axonal neuropathy,9.618159084351255e-05,effect/phenotype
Abnormal chorioretinal morphology,9.618159084351255e-05,effect/phenotype
Autosomal dominant somatic cell mutation,9.618159084351255e-05,effect/phenotype
SGK2,9.618159084351255e-05,gene/protein
PCBD2,9.618159084351255e-05,gene/protein
protein-DNA complex assembly,9.618159084351255e-05,biological_process
embryonic morphogenesis,9.618159084351255e-05,biological_process
common-partner SMAD protein phosphorylation,9.618159084351255e-05,biological_process
visual learning,9.618159084351255e-05,biological_process
cellular response to organic substance,9.618159084351255e-05,biological_process
positive regulation of tight junction disassembly,9.618159084351255e-05,biological_process
positive regulation of uterine smooth muscle relaxation,9.618159084351255e-05,biological_process
negative regulation of neuroblast migration,9.618159084351255e-05,biological_process
pronephros development,9.618159084351255e-05,biological_process
pronephric nephron tubule development,9.618159084351255e-05,biological_process
KRTAP26-1,9.618159084351255e-05,gene/protein
Synthesis of 12-eicosatetraenoic acid derivatives,9.618159084351255e-05,pathway
skeletal muscle tissue regeneration,9.618159084351255e-05,biological_process
TTN,9.618159084351255e-05,gene/protein
PCBP2,9.618159084351255e-05,gene/protein
ECT2L,9.618159084351255e-05,gene/protein
ORC2,9.618159084351255e-05,gene/protein
MST1L,9.618159084351255e-05,gene/protein
POU2F2,9.618159084351255e-05,gene/protein
LINC01565,9.618159084351255e-05,gene/protein
OXER1,9.618159084351255e-05,gene/protein
Acute episodes of neuropathic symptoms,9.618159084351255e-05,effect/phenotype
Recurrent sinusitis,9.618159084351255e-05,effect/phenotype
Plantar warts,9.618159084351255e-05,effect/phenotype
Palmar warts,9.618159084351255e-05,effect/phenotype
Decreased circulating total IgA,9.618159084351255e-05,immune_effect/phenotype
Mononeuropathy,9.618159084351255e-05,effect/phenotype
Insulin-dependent but ketosis-resistant diabetes,9.618159084351255e-05,effect/phenotype
Prematurely aged appearance,9.618159084351255e-05,effect/phenotype
Premature graying of hair,9.618159084351255e-05,effect/phenotype
Increased adipose tissue,9.618159084351255e-05,effect/phenotype
Childhood-onset truncal obesity,9.618159084351255e-05,effect/phenotype
Abnormal head movements,9.618159084351255e-05,effect/phenotype
MLLT10,9.618159084351255e-05,gene/protein
positive regulation of voltage-gated potassium channel activity,9.618159084351255e-05,biological_process
negative regulation of membrane hyperpolarization,9.618159084351255e-05,biological_process
response to magnetism,9.618159084351255e-05,biological_process
mitochondrial transmembrane transport,9.618159084351255e-05,biological_process
NABP2,9.618159084351255e-05,gene/protein
LDHAL6A,9.618159084351255e-05,gene/protein
NFS1,9.618159084351255e-05,gene/protein
RBM8A,9.618159084351255e-05,gene/protein
PPIAL4A,9.618159084351255e-05,gene/protein
SND1,9.618159084351255e-05,gene/protein
relaxation of vascular associated smooth muscle,9.618159084351255e-05,biological_process
ACOT7,9.618159084351255e-05,gene/protein
NCBP2,9.618159084351255e-05,gene/protein
Defective MAT1A causes MATD,9.618159084351255e-05,pathway
OLA1,9.618159084351255e-05,gene/protein
response to xenobiotic stimulus,9.618159084351255e-05,biological_process
regulation of mammary gland epithelial cell proliferation,9.618159084351255e-05,biological_process
CYP4F12,9.618159084351255e-05,gene/protein
TSGA10,9.618159084351255e-05,gene/protein
API5,9.618159084351255e-05,gene/protein
SRRT,9.618159084351255e-05,gene/protein
Abnormal circulating phytanic acid concentration,9.618159084351255e-05,effect/phenotype
EMG abnormality,9.618159084351255e-05,effect/phenotype
Macular dystrophy,9.618159084351255e-05,effect/phenotype
Aplasia/Hypoplasia of the skin,9.618159084351255e-05,effect/phenotype
Aplasia/Hypoplasia of the thymus,9.618159084351255e-05,effect/phenotype
Mucosal telangiectasiae,9.618159084351255e-05,effect/phenotype
Nonprogressive,9.618159084351255e-05,effect/phenotype
Hypometric saccades,9.618159084351255e-05,effect/phenotype
Dysdiadochokinesis,9.618159084351255e-05,effect/phenotype
Jerky ocular pursuit movements,9.618159084351255e-05,effect/phenotype
muscle cell cellular homeostasis,9.618159084351255e-05,biological_process
KIAA1109,9.618159084351255e-05,gene/protein
Hypermetric saccades,9.618159084351255e-05,effect/phenotype
Saccadic smooth pursuit,9.618159084351255e-05,effect/phenotype
Proportionate tall stature,9.618159084351255e-05,effect/phenotype
Increased serum insulin-like growth factor 1,9.618159084351255e-05,effect/phenotype
Enlarged cisterna magna,9.618159084351255e-05,effect/phenotype
Increased susceptibility to fractures,9.618159084351255e-05,effect/phenotype
Autosomal dominant germline de novo mutation,9.618159084351255e-05,effect/phenotype
Sex-limited autosomal dominant,9.618159084351255e-05,effect/phenotype
Autosomal dominant inheritance with paternal imprinting,9.618159084351255e-05,effect/phenotype
Autosomal dominant inheritance with maternal imprinting,9.618159084351255e-05,effect/phenotype
Mental deterioration,9.618159084351255e-05,effect/phenotype
Inferior vermis hypoplasia,9.618159084351255e-05,effect/phenotype
Leg muscle stiffness,9.618159084351255e-05,effect/phenotype
Downbeat nystagmus,9.618159084351255e-05,effect/phenotype
Tortuosity of conjunctival vessels,9.618159084351255e-05,effect/phenotype
SCRN1,9.618159084351255e-05,gene/protein
DHX36,9.618159084351255e-05,gene/protein
MTUS2,9.618159084351255e-05,gene/protein
SSX2IP,9.618159084351255e-05,gene/protein
CBY2,9.618159084351255e-05,gene/protein
TADA2A,9.618159084351255e-05,gene/protein
NCCRP1,9.618159084351255e-05,gene/protein
ZG16B,9.618159084351255e-05,gene/protein
CRNN,9.618159084351255e-05,gene/protein
KIAA0753,9.618159084351255e-05,gene/protein
type B pancreatic cell maturation,9.618159084351255e-05,biological_process
selenium compound metabolic process,9.618159084351255e-05,biological_process
Nonprogressive cerebellar ataxia,9.618159084351255e-05,effect/phenotype
Lactic acidosis,9.618159084351255e-05,effect/phenotype
Horizontal nystagmus,9.618159084351255e-05,effect/phenotype
Very long chain fatty acid accumulation,9.618159084351255e-05,effect/phenotype
Postural tremor,9.618159084351255e-05,effect/phenotype
LDB1,9.618159084351255e-05,gene/protein
IKZF1,9.618159084351255e-05,gene/protein
TFIP11,9.618159084351255e-05,gene/protein
protein K6-linked ubiquitination,9.618159084351255e-05,biological_process
negative regulation of axon extension,9.618159084351255e-05,biological_process
negative regulation of insulin secretion involved in cellular response to glucose stimulus,9.618159084351255e-05,biological_process
Pituitary growth hormone cell adenoma,9.618159084351255e-05,effect/phenotype
Progressive psychomotor deterioration,9.618159084351255e-05,effect/phenotype
Hypoketotic hypoglycemia,9.618159084351255e-05,effect/phenotype
Oculomotor apraxia,9.618159084351255e-05,effect/phenotype
Positive Romberg sign,9.618159084351255e-05,effect/phenotype
Poor motor coordination,9.618159084351255e-05,effect/phenotype
Diffuse cerebral atrophy,9.618159084351255e-05,effect/phenotype
TBC1D2B,9.618159084351255e-05,gene/protein
Hypoplasia of the fovea,9.618159084351255e-05,effect/phenotype
S100B,9.618159084351255e-05,gene/protein
regulation of androgen receptor signaling pathway,9.618159084351255e-05,biological_process
Fasting hyperinsulinemia,9.618159084351255e-05,effect/phenotype
Pituitary prolactin cell adenoma,9.618159084351255e-05,effect/phenotype
Growth hormone excess,9.618159084351255e-05,effect/phenotype
Premature pubarche,9.618159084351255e-05,effect/phenotype
Gaze-evoked nystagmus,9.618159084351255e-05,effect/phenotype
Perianal abscess,9.618159084351255e-05,effect/phenotype
Abnormal nervous system physiology,9.618159084351255e-05,effect/phenotype
Abnormality of the autonomic nervous system,9.618159084351255e-05,effect/phenotype
TRAPPC6A,9.618159084351255e-05,gene/protein
LNPK,9.618159084351255e-05,gene/protein
STAC,9.618159084351255e-05,gene/protein
ZNF124,9.618159084351255e-05,gene/protein
TLK2,9.618159084351255e-05,gene/protein
NKIRAS2,9.618159084351255e-05,gene/protein
TRIM11,9.618159084351255e-05,gene/protein
Bulbar palsy,9.618159084351255e-05,effect/phenotype
Abnormality of the mouth,9.618159084351255e-05,effect/phenotype
Distal sensory impairment,9.618159084351255e-05,effect/phenotype
GZMM,9.618159084351255e-05,gene/protein
Autoimmune hemolytic anemia,9.618159084351255e-05,immune_effect/phenotype
Increased circulating IgA level,9.618159084351255e-05,immune_effect/phenotype
Recurrent candida infections,9.618159084351255e-05,effect/phenotype
Eosinophilia,9.618159084351255e-05,immune_effect/phenotype
PNMA2,9.618159084351255e-05,gene/protein
protein K27-linked ubiquitination,9.618159084351255e-05,biological_process
SPDYC,9.618159084351255e-05,gene/protein
UFM1,9.618159084351255e-05,gene/protein
Eyelid coloboma,9.618159084351255e-05,effect/phenotype
POLR3C,9.618159084351255e-05,gene/protein
C2CD6,9.618159084351255e-05,gene/protein
RINT1,9.618159084351255e-05,gene/protein
Mediastinal lymphadenopathy,9.618159084351255e-05,immune_effect/phenotype
Increased proportion autoreactive unresponsive CD21-/low B cells,9.618159084351255e-05,immune_effect/phenotype
Follicular hyperplasia,9.618159084351255e-05,effect/phenotype
Pulmonary infiltrates,9.618159084351255e-05,effect/phenotype
Decreased circulating IgE,9.618159084351255e-05,immune_effect/phenotype
THAP11,9.618159084351255e-05,gene/protein
luteolysis,9.618159084351255e-05,biological_process
response to UV,9.618159084351255e-05,biological_process
leukocyte apoptotic process,9.618159084351255e-05,biological_process
TOM1L2,9.618159084351255e-05,gene/protein
MANBAL,9.618159084351255e-05,gene/protein
TM9SF4,9.618159084351255e-05,gene/protein
positive regulation of fibroblast proliferation,9.618159084351255e-05,biological_process
Sudden loss of visual acuity,9.618159084351255e-05,effect/phenotype
Proportionate short stature,9.618159084351255e-05,effect/phenotype
Hypoglycemic seizures,9.618159084351255e-05,effect/phenotype
cellular response to lipoteichoic acid,9.618159084351255e-05,biological_process
positive regulation of Schwann cell differentiation,9.618159084351255e-05,biological_process
HKDC1,9.618159084351255e-05,gene/protein
ASB9,9.618159084351255e-05,gene/protein
EHMT1,9.618159084351255e-05,gene/protein
ETHE1,9.618159084351255e-05,gene/protein
postsynapse to nucleus signaling pathway,9.618159084351255e-05,biological_process
AIM2,9.618159084351255e-05,gene/protein
ZPBP2,9.618159084351255e-05,gene/protein
HMGXB4,9.618159084351255e-05,gene/protein
IPO13,9.618159084351255e-05,gene/protein
VSX2,9.618159084351255e-05,gene/protein
FYCO1,9.618159084351255e-05,gene/protein
CHCHD7,9.618159084351255e-05,gene/protein
GRHL2,9.618159084351255e-05,gene/protein
Conical tooth,9.618159084351255e-05,effect/phenotype
skeletal muscle fiber development,9.618159084351255e-05,biological_process
response to hydroperoxide,9.618159084351255e-05,biological_process
neurotrophin TRK receptor signaling pathway,9.618159084351255e-05,biological_process
Apoptotic cleavage of cell adhesion  proteins,9.618159084351255e-05,pathway
Caspase activation via Dependence Receptors in the absence of ligand,9.618159084351255e-05,pathway
Pyroptosis,9.618159084351255e-05,pathway
"SMAC, XIAP-regulated apoptotic response",9.618159084351255e-05,pathway
apoptotic DNA fragmentation,9.618159084351255e-05,biological_process
response to X-ray,9.618159084351255e-05,biological_process
glial cell apoptotic process,9.618159084351255e-05,biological_process
Regulation of localization of FOXO transcription factors,9.618159084351255e-05,pathway
CTLA4 inhibitory signaling,9.618159084351255e-05,pathway
SLC35A1,9.618159084351255e-05,gene/protein
negative regulation of B cell proliferation,9.618159084351255e-05,biological_process
intrinsic apoptotic signaling pathway in response to osmotic stress,9.618159084351255e-05,biological_process
biological process involved in interaction with symbiont,9.618159084351255e-05,biological_process
Synthesis of 15-eicosatetraenoic acid derivatives,9.618159084351255e-05,pathway
cellular response to staurosporine,9.618159084351255e-05,biological_process
Adenylate cyclase inhibitory pathway,9.618159084351255e-05,pathway
neuromuscular process controlling balance,9.618159084351255e-05,biological_process
FCGR3A-mediated IL10 synthesis,9.618159084351255e-05,pathway
Hedgehog 'off' state,9.618159084351255e-05,pathway
GORASP1,9.618159084351255e-05,gene/protein
Adenylate cyclase activating pathway,9.618159084351255e-05,pathway
platelet formation,9.618159084351255e-05,biological_process
axonal fasciculation,9.618159084351255e-05,biological_process
negative regulation of vitamin D biosynthetic process,9.618159084351255e-05,biological_process
RHEX,9.618159084351255e-05,gene/protein
EBI3,9.618159084351255e-05,gene/protein
DDX46,9.618159084351255e-05,gene/protein
PALS2,9.618159084351255e-05,gene/protein
SLC35B2,9.618159084351255e-05,gene/protein
WNK3,9.618159084351255e-05,gene/protein
KCNA10,9.618159084351255e-05,gene/protein
RUNX2 regulates genes involved in cell migration,9.618159084351255e-05,pathway
Regulation of TP53 Degradation,9.618159084351255e-05,pathway
Regulation of TP53 Activity through Acetylation,9.618159084351255e-05,pathway
CD28 dependent PI3K/Akt signaling,9.618159084351255e-05,pathway
AKT-mediated inactivation of FOXO1A,9.618159084351255e-05,pathway
cellular protein modification process,9.618159084351255e-05,biological_process
regulation of translation,9.618159084351255e-05,biological_process
LDOC1,9.618159084351255e-05,gene/protein
RIPOR2,9.618159084351255e-05,gene/protein
TMEM69,9.618159084351255e-05,gene/protein
BCL2L15,9.618159084351255e-05,gene/protein
KRTAP4-12,9.618159084351255e-05,gene/protein
Abnormal muscle tone,9.618159084351255e-05,effect/phenotype
"transcription, DNA-templated",9.618159084351255e-05,biological_process
regulation of lipoprotein lipase activity,9.618159084351255e-05,biological_process
ADHFE1,9.618159084351255e-05,gene/protein
low-density lipoprotein particle remodeling,9.618159084351255e-05,biological_process
regulation of axon extension,9.618159084351255e-05,biological_process
high-density lipoprotein particle remodeling,9.618159084351255e-05,biological_process
CGGBP1,9.618159084351255e-05,gene/protein
MAP3K8 (TPL2)-dependent MAPK1/3 activation,9.618159084351255e-05,pathway
negative regulation of cholesterol transport,9.618159084351255e-05,biological_process
negative regulation of interleukin-12 production,9.618159084351255e-05,biological_process
FBXO2,9.618159084351255e-05,gene/protein
Chylomicron clearance,9.618159084351255e-05,pathway
chylomicron remnant clearance,9.618159084351255e-05,biological_process
negative regulation of glial cell differentiation,9.618159084351255e-05,biological_process
type B pancreatic cell proliferation,9.618159084351255e-05,biological_process
anterior neural tube closure,9.618159084351255e-05,biological_process
hippo signaling,9.618159084351255e-05,biological_process
Downregulation of ERBB2:ERBB3 signaling,9.618159084351255e-05,pathway
Activation of AKT2,9.618159084351255e-05,pathway
PDE3B signalling,9.618159084351255e-05,pathway
Inhibition of TSC complex formation by PKB,9.618159084351255e-05,pathway
AKT phosphorylates targets in the cytosol,9.618159084351255e-05,pathway
AKT phosphorylates targets in the nucleus,9.618159084351255e-05,pathway
Negative regulation of the PI3K/AKT network,9.618159084351255e-05,pathway
RAB GEFs exchange GTP for GDP on RABs,9.618159084351255e-05,pathway
Cyclin A:Cdk2-associated events at S phase entry,9.618159084351255e-05,pathway
BCGosis,9.618159084351255e-05,effect/phenotype
GLRX,9.618159084351255e-05,gene/protein
LSM14B,9.618159084351255e-05,gene/protein
HCLS1,9.618159084351255e-05,gene/protein
PSME3,9.618159084351255e-05,gene/protein
ACIN1,9.618159084351255e-05,gene/protein
intermediate-density lipoprotein particle remodeling,9.618159084351255e-05,biological_process
KRTAP9-3,9.618159084351255e-05,gene/protein
central nervous system neuron differentiation,9.618159084351255e-05,biological_process
POLI,9.618159084351255e-05,gene/protein
PPM1G,9.618159084351255e-05,gene/protein
AP4E1,9.618159084351255e-05,gene/protein
RFTN1,9.618159084351255e-05,gene/protein
positive regulation of keratinocyte apoptotic process,9.618159084351255e-05,biological_process
ANKHD1-EIF4EBP3,9.618159084351255e-05,gene/protein
GMCL1,9.618159084351255e-05,gene/protein
RPRD2,9.618159084351255e-05,gene/protein
UBXN2B,9.618159084351255e-05,gene/protein
oligodendrocyte differentiation,9.618159084351255e-05,biological_process
regulation of neuron migration,9.618159084351255e-05,biological_process
cellular response to cytokine stimulus,9.618159084351255e-05,biological_process
positive regulation of type B pancreatic cell development,9.618159084351255e-05,biological_process
very-low-density lipoprotein particle remodeling,9.618159084351255e-05,biological_process
EIF4B,9.618159084351255e-05,gene/protein
PTGES3,9.618159084351255e-05,gene/protein
Abnormal CD4:CD8 ratio,9.618159084351255e-05,immune_effect/phenotype
negative regulation of Wnt signaling pathway,9.618159084351255e-05,biological_process
positive regulation of glial cell differentiation,9.618159084351255e-05,biological_process
UBL5,9.618159084351255e-05,gene/protein
triglyceride catabolic process,9.618159084351255e-05,biological_process
NRXN3,9.618159084351255e-05,gene/protein
NECAB1,9.618159084351255e-05,gene/protein
NAIF1,9.618159084351255e-05,gene/protein
NME7,9.618159084351255e-05,gene/protein
lipid catabolic process,9.618159084351255e-05,biological_process
reverse cholesterol transport,9.618159084351255e-05,biological_process
phosphatidylcholine catabolic process,9.618159084351255e-05,biological_process
NTM,9.618159084351255e-05,gene/protein
CABP5,9.618159084351255e-05,gene/protein
PCDHB10,9.618159084351255e-05,gene/protein
RNF40,9.618159084351255e-05,gene/protein
IPO9,9.618159084351255e-05,gene/protein
COG8,9.618159084351255e-05,gene/protein
positive regulation of epidermal cell differentiation,9.618159084351255e-05,biological_process
regulation of BMP signaling pathway,9.618159084351255e-05,biological_process
RNF7,9.618159084351255e-05,gene/protein
PARG,9.618159084351255e-05,gene/protein
PKA activation,9.618159084351255e-05,pathway
Cyclin E associated events during G1/S transition ,9.618159084351255e-05,pathway
Stimulation of the cell death response by PAK-2p34,9.618159084351255e-05,pathway
Regulation of TP53 Activity through Association with Co-factors,9.618159084351255e-05,pathway
Constitutive Signaling by AKT1 E17K in Cancer,9.618159084351255e-05,pathway
TP53 Regulates Metabolic Genes,9.618159084351255e-05,pathway
Protracted diarrhea,9.618159084351255e-05,effect/phenotype
Recurrent herpes,9.618159084351255e-05,effect/phenotype
Moderate global developmental delay,9.618159084351255e-05,effect/phenotype
DZIP3,9.618159084351255e-05,gene/protein
RNF103,9.618159084351255e-05,gene/protein
DTX3L,9.618159084351255e-05,gene/protein
LMF1,9.618159084351255e-05,gene/protein
MTMR1,9.618159084351255e-05,gene/protein
fatty acid biosynthetic process,9.618159084351255e-05,biological_process
DET1,9.618159084351255e-05,gene/protein
TRIM45,9.618159084351255e-05,gene/protein
ARIH1,9.618159084351255e-05,gene/protein
UNG,9.618159084351255e-05,gene/protein
RNF114,9.618159084351255e-05,gene/protein
ARRDC3,9.618159084351255e-05,gene/protein
OTUB1,9.618159084351255e-05,gene/protein
RNF125,9.618159084351255e-05,gene/protein
TRIM39,9.618159084351255e-05,gene/protein
RLIM,9.618159084351255e-05,gene/protein
NARF,9.618159084351255e-05,gene/protein
RNF126,9.618159084351255e-05,gene/protein
TRIM31,9.618159084351255e-05,gene/protein
RNF11,9.618159084351255e-05,gene/protein
Anti-thyroid peroxidase antibody positivity,9.618159084351255e-05,immune_effect/phenotype
Anti-thyroglobulin antibody positivity,9.618159084351255e-05,immune_effect/phenotype
Decreased lymphocyte proliferation in response to mitogen,9.618159084351255e-05,immune_effect/phenotype
Disseminated nontuberculous mycobacterial infection,9.618159084351255e-05,effect/phenotype
Hypodontia,9.618159084351255e-05,effect/phenotype
Myopathic facies,9.618159084351255e-05,effect/phenotype
RNF10,9.618159084351255e-05,gene/protein
TRIM3,9.618159084351255e-05,gene/protein
SCMH1,9.618159084351255e-05,gene/protein
Persistent EBV viremia,9.618159084351255e-05,effect/phenotype
Decreased proportion of class-switched memory B cells,9.618159084351255e-05,immune_effect/phenotype
DGCR6,9.618159084351255e-05,gene/protein
TRIM50,9.618159084351255e-05,gene/protein
PPP1R13L,9.618159084351255e-05,gene/protein
HK3,9.618159084351255e-05,gene/protein
KRTAP10-6,9.618159084351255e-05,gene/protein
KHDRBS2,9.618159084351255e-05,gene/protein
SOX8,9.618159084351255e-05,gene/protein
ESPL1,9.618159084351255e-05,gene/protein
MARCHF3,9.618159084351255e-05,gene/protein
PTBP2,9.618159084351255e-05,gene/protein
RNF220,9.618159084351255e-05,gene/protein
ANKHD1,9.618159084351255e-05,gene/protein
phosphate ion homeostasis,9.618159084351255e-05,biological_process
protein K63-linked ubiquitination,9.618159084351255e-05,biological_process
The proton buffering model,9.618159084351255e-05,pathway
Clubbing of fingers,9.618159084351255e-05,effect/phenotype
RIOK2,9.618159084351255e-05,gene/protein
VEGFA,9.618159084351255e-05,gene/protein
AATF,9.618159084351255e-05,gene/protein
cellular response to stress,9.618159084351255e-05,biological_process
response to morphine,9.618159084351255e-05,biological_process
ZNRF1,9.618159084351255e-05,gene/protein
SELENBP1,9.618159084351255e-05,gene/protein
Synthesis of 5-eicosatetraenoic acids,9.618159084351255e-05,pathway
negative regulation of sodium-dependent phosphate transport,9.618159084351255e-05,biological_process
negative regulation of non-canonical Wnt signaling pathway,9.618159084351255e-05,biological_process
CKMT1A,9.618159084351255e-05,gene/protein
ANKRD17,9.618159084351255e-05,gene/protein
TUBB1,9.618159084351255e-05,gene/protein
CENPJ,9.618159084351255e-05,gene/protein
NUFIP2,9.618159084351255e-05,gene/protein
SIRT5,9.618159084351255e-05,gene/protein
