node,betweeness_centrality,node_type
Increased antibiotic exposure,0.1915215700688847,effect/phenotype
Recurrent bacterial infections,0.12404516952464101,effect/phenotype
tetracycline,0.11250651761713402,drug_class
type 2 diabetes mellitus,0.10515324907504107,disease
Increased risk of pathogen mutation,0.06740165615913188,effect/phenotype
Hyperglycemia,0.067387235482358,effect/phenotype
Immunodeficiency,0.06447631664460429,immune_effect/phenotype
Recurrent bacterial skin infections,0.06174695689760509,effect/phenotype
MAPK14,0.05135981875192899,gene/protein
ETS1,0.04812486250886394,gene/protein
cephalosporin,0.045563575139855705,drug_class
NFKB1,0.03282813072333249,gene/protein
Penetrating foot ulcers,0.030468406175185928,disease
hepatocellular carcinoma,0.029486431002538515,disease
CASP3,0.02815683979578091,gene/protein
cellulitis (disease),0.026357459887218156,disease
GLUL,0.024987755590084402,gene/protein
EGFR,0.023138507187740905,gene/protein
Klebsiella pneumoniae,0.02142108033215148,bacteria
SOD1,0.021149168457856426,gene/protein
Pseudomonas aeruginosa,0.02078409398689319,bacteria
ALB,0.015545306454435533,gene/protein
Staphylococcus aureus,0.014380013381178565,bacteria
X-linked intellectual disability,0.014142028298511305,disease
RELA,0.013526482505062627,gene/protein
peptide,0.012423316321500514,drug_class
HNF4A,0.012206047138457425,gene/protein
UBC,0.009813842115084443,gene/protein
NOS2,0.009679119747937866,gene/protein
CASP1,0.009299421271300706,gene/protein
SIRT1,0.009119037698750087,gene/protein
TNF,0.008530371800521123,gene/protein
retinitis pigmentosa,0.008244323460707696,disease
A2M,0.0074740133350028335,gene/protein
fluoroquinolone,0.006990514162069721,drug_class
TGFB1,0.006950720864005642,gene/protein
PRKCB,0.006867754600680919,gene/protein
PPARG,0.006479263355942069,gene/protein
CASP8,0.006247873991672262,gene/protein
CYP1A2,0.00555563500707739,gene/protein
PPARGC1A,0.0053326725643490685,gene/protein
PAX6,0.004995635881412561,gene/protein
folliculitis,0.004901898550234508,disease
PTPN1,0.0048621824203211724,gene/protein
IDE,0.004765844662760148,gene/protein
Enterococcus faecalis,0.004757938947707223,bacteria
autosomal recessive spinocerebellar ataxia,0.004730350007643978,disease
PSMD6,0.004638719610769377,gene/protein
TNFRSF1A,0.004530363954482221,gene/protein
INSR,0.004365070216098913,gene/protein
aminoglycoside,0.0043587117597148305,drug_class
CISD2,0.0043261185159920446,gene/protein
HMGA1,0.004094785653125028,gene/protein
HMG20A,0.003981533946924032,gene/protein
SLC30A8,0.0038900755092975653,gene/protein
EPHA4,0.0037624326731489264,gene/protein
MMP9,0.0036963107213159397,gene/protein
BCL2L11,0.003678034492905757,gene/protein
ADIPOQ,0.0035295283273710444,gene/protein
NOS3,0.0033900086751471594,gene/protein
MTNR1B,0.0032923344578681736,gene/protein
MAPK1,0.0032243931816132543,gene/protein
diabetes mellitus (disease),0.0030578027846578223,disease
VPS26A,0.0029873831735055165,gene/protein
STUB1,0.0029653831240935165,gene/protein
HMGA2,0.002915650681947061,gene/protein
CASR,0.002913229482573733,gene/protein
SOD2,0.00289290568260857,gene/protein
rifamycin,0.002856115603816814,drug_class
penam,0.0027201369659290704,drug_class
INS,0.00259781752943656,gene/protein
UBE2E2,0.0025653450317074376,gene/protein
HSP90AA1,0.0025567988978674426,gene/protein
microcephalic osteodysplastic primordial dwarfism,0.0025376261203491797,disease
LEP,0.002496117835666284,gene/protein
monosomy X,0.002485043720041781,disease
IRS2,0.0024800065742581166,gene/protein
HNF1A,0.002476563701913732,gene/protein
PPARA,0.0024493777947855715,gene/protein
macrolide,0.0023397631478875606,drug_class
ELAVL1,0.0022709313082120816,gene/protein
HUWE1,0.0022239486301126716,gene/protein
IL1B,0.0021471845648750637,gene/protein
HTT,0.002141726614598284,gene/protein
USP9X,0.0021282475519149202,gene/protein
NFYC,0.0021193680349259176,gene/protein
ICAM1,0.0021184630043869597,gene/protein
sulfonamide,0.0021181988880708135,drug_class
NOTCH2,0.002100004018235703,gene/protein
HMOX1,0.0020987720773404006,gene/protein
CTNNB1,0.0020636843915999028,gene/protein
phenicol,0.0020552698566178615,drug_class
SHBG,0.00202949454144285,gene/protein
SNAP25,0.002019501952166436,gene/protein
neonatal diabetes mellitus,0.0019731633385960054,disease
ID1,0.00196287358416405,gene/protein
carbapenem,0.001947501154356395,drug_class
Recurrent infections,0.0019181476464023507,effect/phenotype
TCF7L2,0.001828940462031786,gene/protein
FTO,0.0017283782686524799,gene/protein
MAPK8IP1,0.0017098380602255828,gene/protein
THADA,0.0016890403117865412,gene/protein
NAT1,0.0016561140655456646,gene/protein
lipodystrophy,0.001632381573687776,disease
ABCC2,0.0016136502613436025,gene/protein
RNU4ATAC,0.0016125680134022838,gene/protein
SMAD5,0.0016097559808849742,gene/protein
MIRLET7D,0.0015884090008146828,gene/protein
EGR1,0.001579363701774815,gene/protein
USP48,0.0015567744722289624,gene/protein
STAT1,0.0015525205088787958,gene/protein
IKBKG,0.0015276363941480312,gene/protein
RNF6,0.001522307903404527,gene/protein
GNB3,0.0015137636379473657,gene/protein
AURKA,0.0015022470131203722,gene/protein
SP1,0.0014847765160668207,gene/protein
KCNQ1,0.001432737279997132,gene/protein
SLC2A1,0.0014147546639648747,gene/protein
OprM,0.001362586069611369,resistance_gene
Pseudomonas aeruginosa CpxR,0.0013621068645732373,resistance_gene
mexR,0.0013533648981698797,resistance_gene
MexB,0.0013532151265618667,resistance_gene
nalD,0.0013532151265618667,resistance_gene
nalC,0.0013532151265618667,resistance_gene
MexA,0.0013532151265618667,resistance_gene
ArmR,0.0013532151265618667,resistance_gene
INPPL1,0.0013516963322049377,gene/protein
GATA2,0.0013479339015686786,gene/protein
WFS1,0.0012888207836978085,gene/protein
TolC,0.0012723141867628128,resistance_gene
congenital bile acid synthesis defect,0.0012682632393584289,disease
CDK2,0.0012378728654863893,gene/protein
Klebsiella pneumoniae KpnE,0.0012358972442477972,resistance_gene
Klebsiella pneumoniae KpnF,0.0012358945800203319,resistance_gene
maturity-onset diabetes of the young,0.0012219467820655517,disease
PROX1,0.0012133213776877804,gene/protein
BCL10,0.0011991286876811297,gene/protein
MAEA,0.0011786357978008227,gene/protein
mgrA,0.0011633993291085786,resistance_gene
PRDX4,0.0011547380597797597,gene/protein
Mycobacterium tuberculosis 16S rRNA mutation conferring resistance to amikacin,0.0011507652798596409,resistance_gene
Mycobacterium tuberculosis 16S rRNA mutation conferring resistance to streptomycin,0.0011507652798596409,resistance_gene
Mycobacterium tuberculosis 16S rRNA mutation conferring resistance to capreomycin,0.0011507652798596409,resistance_gene
Mycobacterium tuberculosis 16S rRNA mutation conferring resistance to viomycin,0.0011507652798596409,resistance_gene
Mycobacterium tuberculosis 16S rRNA mutation conferring resistance to kanamycin,0.0011507652798596409,resistance_gene
Escherichia coli 16S rRNA (rrsC) mutation conferring resistance to kasugamicin,0.0011506640002863038,resistance_gene
adeN,0.0011420993738145732,resistance_gene
adeI,0.0011420972452211352,resistance_gene
adeJ,0.0011420972452211352,resistance_gene
adeK,0.0011420972452211352,resistance_gene
YajC,0.0011402707272069853,resistance_gene
Escherichia coli soxS with mutation conferring antibiotic resistance,0.0011369258620820802,resistance_gene
marA,0.0011367760904740694,resistance_gene
ramA,0.0011367743350707347,resistance_gene
AcrS,0.0011334152729582908,resistance_gene
Escherichia coli marR mutant conferring antibiotic resistance,0.0011333627735037894,resistance_gene
Pseudomonas aeruginosa soxR,0.0011333615537344824,resistance_gene
Klebsiella pneumoniae ramR mutants,0.0011333610181004541,resistance_gene
Klebsiella pneumoniae acrR with mutation conferring multidrug antibiotic resistance,0.0011333610181004541,resistance_gene
Escherichia coli acrR with mutation conferring multidrug antibiotic resistance,0.0011333606449103514,resistance_gene
Escherichia coli soxR with mutation conferring antibiotic resistance,0.0011333606449103514,resistance_gene
acrB,0.0011332108733023258,resistance_gene
Escherichia coli acrA,0.0011332108733023258,resistance_gene
GATA1,0.0011183436755895315,gene/protein
PRKCA,0.0010812967487151203,gene/protein
ParR,0.0010783453391721093,resistance_gene
ParS,0.0010783453391721093,resistance_gene
MexD,0.0010757589403256468,resistance_gene
OprJ,0.0010757589403256468,resistance_gene
MexC,0.0010757589403256468,resistance_gene
MexZ,0.0010750206290344245,resistance_gene
mexY,0.0010750206290344245,resistance_gene
MAPK11,0.001073103164697454,gene/protein
Type A NfxB,0.001066867202314246,resistance_gene
oqxA,0.0010640589990670542,resistance_gene
oqxB,0.0010640589990670542,resistance_gene
NUS1,0.0010618471776661976,gene/protein
MexW,0.0010579828238818107,resistance_gene
MexV,0.0010579828238818107,resistance_gene
OprA,0.0010529965533532663,resistance_gene
H-NS,0.0010521841446831316,resistance_gene
CD55,0.001046649219833638,gene/protein
IRS1,0.001046088394273076,gene/protein
KCNK16,0.0010456782513465139,gene/protein
mdeA,0.0010446202466203784,resistance_gene
evgA,0.001044112862269592,resistance_gene
evgS,0.0010441107336761535,resistance_gene
narcolepsy,0.0010387794154452454,disease
adeF,0.0010384339405075558,resistance_gene
mexP,0.0010379062447726927,resistance_gene
opmE,0.0010379062447726927,resistance_gene
mexQ,0.0010379062447726927,resistance_gene
OpmD,0.0010356465091574231,resistance_gene
MexH,0.0010356465091574231,resistance_gene
MexI,0.0010356465091574231,resistance_gene
MexG,0.0010356465091574231,resistance_gene
adeG,0.001035166253249947,resistance_gene
adeH,0.001035166253249947,resistance_gene
adeL,0.001035166253249947,resistance_gene
NEUROD1,0.0010335886655179944,gene/protein
poxtA,0.0010315659613406199,resistance_gene
OpmB,0.001024678240124487,resistance_gene
MuxA,0.001024678240124487,resistance_gene
MuxC,0.001024678240124487,resistance_gene
MuxB,0.001024678240124487,resistance_gene
EstT,0.0010243638220300728,resistance_gene
UCP2,0.001024259357450047,gene/protein
MexJ,0.0010240325124447349,resistance_gene
MexK,0.0010240325124447349,resistance_gene
MexL,0.0010240325124447349,resistance_gene
MAPK8,0.0010219610281832965,gene/protein
NFKBIA,0.0010188123974038794,gene/protein
tet(C),0.0010179436735860959,resistance_gene
tet(Q),0.0010174669974796313,resistance_gene
mepR,0.0010156157257605752,resistance_gene
mepA,0.0010156157257605752,resistance_gene
adeC,0.0010155986799729132,resistance_gene
adeA,0.0010155986799729132,resistance_gene
adeS,0.0010155986799729132,resistance_gene
adeR,0.0010155986799729132,resistance_gene
adeB,0.0010155986799729132,resistance_gene
tet(X4),0.0010154624181856347,resistance_gene
tet(X3),0.0010154601475469219,resistance_gene
Escherichia coli mdfA,0.0010151280711826803,resistance_gene
tet(M),0.001015104414504681,resistance_gene
tet(S),0.0010150989171498453,resistance_gene
tet(O),0.0010150989171498453,resistance_gene
tet(32),0.0010150802580041218,resistance_gene
tet(36),0.0010150785113805854,resistance_gene
tet(O/W/32/O),0.001015059852234862,resistance_gene
tet(W/N/W),0.001015053377744898,resistance_gene
tetR,0.0010149240738265457,resistance_gene
tet(K),0.0010146974429671215,resistance_gene
tet(45),0.0010146791657912994,resistance_gene
tet(38),0.001014665769886993,resistance_gene
tet(A),0.001014655272323572,resistance_gene
tet(D),0.001014655272323572,resistance_gene
tet(B),0.001014652608096105,resistance_gene
tet(Y),0.0010146513883267975,resistance_gene
emrK,0.0010146488661446054,resistance_gene
tet(59),0.0010146488661446054,resistance_gene
emrY,0.0010146488661446054,resistance_gene
tet(39),0.001014648724099331,resistance_gene
tet(H),0.001014648724099331,resistance_gene
tet(X6),0.0010145119470766758,resistance_gene
tet(X5),0.0010145101916733401,resistance_gene
SFRP4,0.0010120877884374393,gene/protein
myopathy and diabetes mellitus,0.001005214057270263,disease
CCDC92,0.000994897433259338,gene/protein
STAT3,0.0009902970102203424,gene/protein
RIPK1,0.0009558588776946385,gene/protein
GLI1,0.0009446629783176055,gene/protein
TAF1,0.0009381308498983687,gene/protein
HPX,0.0009259116594739957,gene/protein
glycopeptide,0.0009235083663191667,drug_class
JADE2,0.000902596172237647,gene/protein
ZC3HC1,0.0008996120959810523,gene/protein
TNFRSF1B,0.0008891693510700517,gene/protein
TCF4,0.000879955692134407,gene/protein
TIMP1,0.0008773972739464463,gene/protein
ABCD3,0.0008722542192214724,gene/protein
S100A6,0.0008704940589411657,gene/protein
HNF1B,0.0008550459825206804,gene/protein
NFATC2,0.0008479985983575961,gene/protein
REST,0.0008419091883978713,gene/protein
USP27X,0.0008382522443039025,gene/protein
MAPK6,0.0008352972552873411,gene/protein
PCNT,0.0008340642823298593,gene/protein
PAM,0.0008175446711765225,gene/protein
MAPK10,0.0008121361885626662,gene/protein
PDX1,0.0008069467567388745,gene/protein
GLP1R,0.0008049674325577871,gene/protein
GRB2,0.0007841809663352214,gene/protein
cephamycin,0.0007841433385175864,drug_class
HK1,0.0007819912458851733,gene/protein
MAPT,0.0007723588240196898,gene/protein
PLEKHA1,0.0007674168486106799,gene/protein
HHEX,0.0007672045875542533,gene/protein
craniopharyngioma,0.0007454890551320811,disease
ITGA1,0.0007353910669463261,gene/protein
LRP2,0.0007325409635906437,gene/protein
KSR2,0.0007111465384987575,gene/protein
maternally-inherited diabetes and deafness,0.0007030332813440452,disease
MOK,0.0006996010637620482,gene/protein
RELB,0.0006957505846759656,gene/protein
ST6GAL1,0.0006910695849283234,gene/protein
sideroblastic anemia,0.0006821979511210443,disease
SLC1A2,0.000676367577143573,gene/protein
OGG1,0.0006756025216809236,gene/protein
Kennedy disease,0.0006720693822948556,disease
DGKD,0.0006713438379782,gene/protein
EPC2,0.0006713429838947768,gene/protein
AUTS2,0.0006699056338324365,gene/protein
KCNJ11,0.0006619111873474515,gene/protein
MDM2,0.00064426860338539,gene/protein
ALOX5,0.0006316724296650535,gene/protein
ENPP1,0.0006252726398425611,gene/protein
HSPA5,0.0006036336210230683,gene/protein
CNKSR2,0.0005941910318717305,gene/protein
HP,0.0005923619924002046,gene/protein
MRAS,0.0005896741469307874,gene/protein
CCL2,0.0005710130938929184,gene/protein
SLC22A3,0.000567097645107929,gene/protein
GLIS3,0.0005628347418909195,gene/protein
CDKAL1,0.0005604115211437808,gene/protein
FGF21,0.0005573249648596415,gene/protein
DNA ligase IV deficiency,0.0005473122768299898,disease
LEPR,0.0005454922983760065,gene/protein
MAPK7,0.0005451021599011878,gene/protein
IGF2BP2,0.0005427405702080152,gene/protein
VWA3B,0.0005382953507737879,gene/protein
NCK1,0.000536630548981547,gene/protein
ABCB11,0.0005344567044321053,gene/protein
MID2,0.0005289689778932805,gene/protein
Peripheral neuropathy,0.0004910108822969243,effect/phenotype
CERKL,0.0004781084379448645,gene/protein
HSPA4,0.0004778394439950629,gene/protein
ABCC8,0.0004686142382882157,gene/protein
PRPF6,0.00044846507490201384,gene/protein
PIK3CD,0.0004480534656769493,gene/protein
SLC2A4,0.0004410867351244731,gene/protein
HIF1A,0.00043971700811473,gene/protein
GNAI2,0.00043012343121245575,gene/protein
phosphonic acid,0.0004286580926690059,drug_class
SPI1,0.0004264771720648234,gene/protein
RNF2,0.00042579865107013527,gene/protein
PAX4,0.0004250948018185036,gene/protein
VIM,0.00042294821752029505,gene/protein
RETN,0.00041752280831934313,gene/protein
TRAF4,0.0004156517521759232,gene/protein
XRCC4,0.0004045521489888317,gene/protein
GNAI3,0.00040059867854923313,gene/protein
SMAD3,0.0003966379770949426,gene/protein
ABCB1,0.00039601389817412456,gene/protein
ITLN1,0.00039387476347253015,gene/protein
SH3KBP1,0.0003884692804100925,gene/protein
JAZF1,0.0003864461026597907,gene/protein
PTGS2,0.0003863678098372366,gene/protein
NFE2L2,0.0003863346450657406,gene/protein
MAPK3,0.00038121090364516113,gene/protein
RPS6KA3,0.0003687830687630878,gene/protein
melioidosis,0.00036706222415255603,disease
SCTR,0.0003618790025618689,gene/protein
PIN1,0.00036053516605736625,gene/protein
GPM6B,0.000359715432436041,gene/protein
AP3S2,0.00035732186823392737,gene/protein
SGK1,0.00034614777382219837,gene/protein
REL,0.000342839200518617,gene/protein
PPARD,0.00034039648788870147,gene/protein
FLNA,0.0003389369301813664,gene/protein
PRKAA1,0.0003358191407084524,gene/protein
JUN,0.0003305028564345575,gene/protein
YBX1,0.0003301157100894014,gene/protein
monobactam,0.0003194260385480366,drug_class
SUMO2,0.00031880167951999866,gene/protein
MLH1,0.00031854001470582854,gene/protein
diaminopyrimidine,0.00031116357048905995,drug_class
GATA3,0.0003074552703381658,gene/protein
YWHAB,0.0003036784842325835,gene/protein
disinfecting agents and antiseptics,0.00029892869591583907,drug_class
CAPN10,0.00029313288200851097,gene/protein
UBE3A,0.0002869736378180934,gene/protein
KL,0.0002836926566908598,gene/protein
CMIP,0.00028024646976341453,gene/protein
ATF6,0.00027995580826598677,gene/protein
GRB14,0.0002790584225815671,gene/protein
MPO,0.00027764917136433715,gene/protein
MTOR,0.00027543152417125753,gene/protein
isoniazid-like,0.00027541137749400674,drug_class
CDKN1A,0.0002741056994588999,gene/protein
PKM,0.0002730849694127814,gene/protein
MYC,0.0002703000518988816,gene/protein
PIK3R1,0.00027026038073664835,gene/protein
FGFR1,0.00026882244583271774,gene/protein
GCKR,0.0002661750780640856,gene/protein
MIR203A,0.0002643717315183505,gene/protein
GNA12,0.0002616267544009494,gene/protein
GNAQ,0.0002616267544009494,gene/protein
IL13RA1,0.000261521127520002,gene/protein
CTNND1,0.0002551171127015924,gene/protein
BCL2L13,0.0002480391352280319,gene/protein
PLS3,0.00024499508106151077,gene/protein
penem,0.00024440092280035754,drug_class
PKP2,0.00024142164858985174,gene/protein
PRKAR1A,0.00024106157827100388,gene/protein
aminocoumarin,0.00024072816108289705,drug_class
PSEN1,0.00023961147527188942,gene/protein
PRKDC,0.00023450849604926563,gene/protein
KIAA1549,0.00023387239120270913,gene/protein
CDH13,0.00023265579327934219,gene/protein
SMAD4,0.00023113311314372552,gene/protein
CTCF,0.00023026627574585735,gene/protein
SLC2A2,0.00022767751070654725,gene/protein
EP300,0.00022079801650492023,gene/protein
ECE1,0.00021986183091858862,gene/protein
ATF3,0.00021958660602981617,gene/protein
ZFAND3,0.0002188605595383962,gene/protein
STAT2,0.0002186260752425158,gene/protein
SOCS2,0.00021707849692508268,gene/protein
NR2E3,0.00021607086639419378,gene/protein
ZBTB5,0.00021456549644821465,gene/protein
MIR27A,0.00021270391542327601,gene/protein
TSC1,0.00020790992014546508,gene/protein
STX1A,0.00020696386848831098,gene/protein
MIR126,0.00020661667410161883,gene/protein
KPNA2,0.00020582297463680535,gene/protein
SOCS3,0.00020175764264163007,gene/protein
PTPN6,0.0002003963127809166,gene/protein
UBA1,0.00019934947437292335,gene/protein
PRKACA,0.00019817277135136704,gene/protein
sul2,0.0001964221549662073,resistance_gene
sul1,0.0001964221549662073,resistance_gene
sul3,0.00019641787738068018,resistance_gene
LptD,0.0001963434386012807,resistance_gene
Escherichia coli folP with mutation conferring resistance to sulfonamides,0.00019603504606973776,resistance_gene
Mycobacterium tuberculosis rpoB mutants conferring resistance to rifampicin,0.0001958855079476262,resistance_gene
Staphylococcus aureus rpoB mutants conferring resistance to rifampicin,0.0001958011321166758,resistance_gene
Escherichia coli rpoB mutants conferring resistance to rifampicin,0.00019578635696772644,resistance_gene
CPT1A,0.00019125940715369492,gene/protein
UBE2A,0.00018908858957469594,gene/protein
IRAK1,0.00018908858957469594,gene/protein
FOS,0.0001883533652795535,gene/protein
HSPD1,0.0001871759442462561,gene/protein
SRC,0.00018354618723460204,gene/protein
autoimmune polyendocrine,0.00018315889686566688,disease
RAD51,0.0001816337867829937,gene/protein
SNAI1,0.00018086752539256303,gene/protein
SMAD2,0.0001766196651189956,gene/protein
KPNB1,0.00017273106198915222,gene/protein
PCSK2,0.0001724849675786735,gene/protein
MYO9A,0.00016669711132858583,gene/protein
Klebsiella pneumoniae KpnH,0.0001664352728121486,resistance_gene
Klebsiella pneumoniae KpnG,0.00016643351740881312,resistance_gene
FLOT1,0.00016572254416658154,gene/protein
EDN1,0.00016348632205304516,gene/protein
CCT7,0.0001615938457993641,gene/protein
Burkholderia pseudomallei,0.00016153303968712045,bacteria
sulfone,0.00016125977807427653,drug_class
GNAS,0.0001598443054876797,gene/protein
PTEN,0.0001598010472600415,gene/protein
PML,0.0001562513636560672,gene/protein
obesity disorder,0.0001557579414350164,effect/phenotype
IKBKB,0.0001543289385412731,gene/protein
IRF7,0.0001539814728718864,gene/protein
Autosomal dominant inheritance,0.00015367576682996013,effect/phenotype
GCG,0.00015331007674068697,gene/protein
FAM234A,0.00015261733233526184,gene/protein
TNFAIP3,0.0001498110608652637,gene/protein
STMN1,0.00014980317018871797,gene/protein
GNB2,0.0001493221564947692,gene/protein
IFNGR2,0.00014825275730865784,gene/protein
lincosamide,0.00014617080693105905,drug_class
CCL5,0.00014386600729131163,gene/protein
KPNA1,0.00014335115349582185,gene/protein
KPNA5,0.0001424538511721249,gene/protein
KRT17,0.0001424538511721249,gene/protein
EPHA2,0.00014172852037113345,gene/protein
BCL2,0.00014047438296038782,gene/protein
nitroimidazole,0.00013981189294022108,drug_class
EPAS1,0.00013957367299816613,gene/protein
GNAI1,0.00013942618986549976,gene/protein
msbA,0.00013912109065478918,resistance_gene
YWHAG,0.0001378310761390919,gene/protein
Pseudomonas mutant PhoP conferring resistance to colistin,0.0001366879788484924,resistance_gene
Pseudomonas mutant PhoQ conferring resistance to colistin,0.0001366879788484924,resistance_gene
Klebsiella pneumoniae mutant PhoQ conferring resistance to colistin,0.0001366874432144649,resistance_gene
Klebsiella mutant PhoP conferring antibiotic resistance to colistin,0.0001366874432144649,resistance_gene
SNX14,0.00013335520109725597,gene/protein
NR1I2,0.00013252241507468135,gene/protein
PFN1,0.0001299807031638338,gene/protein
GNG4,0.00012968419438369463,gene/protein
CYP2A6,0.0001289191181777429,gene/protein
ADAM17,0.00012876740841666814,gene/protein
BTRC,0.00012607587740079938,gene/protein
OmpA,0.00012290350947251534,resistance_gene
LpsB,0.00012288646368485316,resistance_gene
pgpB,0.00012237424171946515,resistance_gene
PSMD10,0.00012225673833020029,gene/protein
alpha-mannosidosis,0.00012221363217541586,disease
BHMT,0.00012176702758850349,gene/protein
PSTPIP1,0.0001215754679061265,gene/protein
Enterococcus faecalis liaS mutant conferring daptomycin resistance,0.00012014193629323623,resistance_gene
basR,0.00012013599743730017,resistance_gene
cprR,0.00012013599743730017,resistance_gene
cprS,0.00012013599743730017,resistance_gene
basS,0.00012013599743730017,resistance_gene
Staphylococcus aureus walK with mutation conferring resistance to daptomycin,0.00011999581168275116,resistance_gene
Staphylococcus aureus cls conferring resistance to daptomycin,0.00011999581168275116,resistance_gene
Enterococcus faecalis cls with mutation conferring resistance to daptomycin,0.00011998575562043009,resistance_gene
Enterococcus faecalis gshF with mutation conferring daptomycin resistance,0.00011998575562043009,resistance_gene
YojI,0.00011998531700511309,resistance_gene
ArnT,0.00011998370076126777,resistance_gene
MCR-5.1,0.00011998157216782952,resistance_gene
MCR-3.1,0.00011998103653380181,resistance_gene
MCR-1.1,0.00011998103653380181,resistance_gene
mcr-10.1,0.00011998103653380181,resistance_gene
MCR-3.4,0.00011998103653380181,resistance_gene
MCR-1.2,0.00011998103653380181,resistance_gene
MCR-1.32,0.00011998103653380181,resistance_gene
MCR-3.39,0.00011998103653380181,resistance_gene
MCR-3.20,0.00011998103653380181,resistance_gene
MCR-2.3,0.00011998103653380181,resistance_gene
MCR-3.5,0.00011998103653380181,resistance_gene
MCR-9.1,0.00011998103653380181,resistance_gene
arnA,0.0001199798167644939,resistance_gene
MCR-3.21,0.00011997928113046618,resistance_gene
MCR-3.40,0.00011997928113046618,resistance_gene
MCR-3.11,0.00011997928113046618,resistance_gene
MCR-3.22,0.00011997928113046618,resistance_gene
almF,0.00011997928113046618,resistance_gene
eptB,0.00011997928113046618,resistance_gene
MCR-8.2,0.00011997928113046618,resistance_gene
MCR-3.28,0.00011997928113046618,resistance_gene
MCR-3.26,0.00011997928113046618,resistance_gene
MCR-8.1,0.00011997928113046618,resistance_gene
MCR-8.3,0.00011997928113046618,resistance_gene
MCR-3.23,0.00011997928113046618,resistance_gene
MCR-1.27,0.00011997928113046618,resistance_gene
ugd,0.00011997890794036355,resistance_gene
MCR-1.5,0.00011997890794036355,resistance_gene
MCR-1.34,0.00011997890794036355,resistance_gene
MCR-3.2,0.00011997890794036355,resistance_gene
PmrF,0.00011997890794036355,resistance_gene
MCR-1.33,0.00011997890794036355,resistance_gene
MCR-1.18,0.00011997890794036355,resistance_gene
MCR-5.3,0.00011997890794036355,resistance_gene
MCR-1.26,0.00011997890794036355,resistance_gene
bacA,0.00011997890794036355,resistance_gene
MCR-3.19,0.00011997890794036355,resistance_gene
MCR-1.7,0.00011997890794036355,resistance_gene
MCR-3.24,0.00011997890794036355,resistance_gene
eptA,0.00011997890794036355,resistance_gene
MCR-4.3,0.00011997876589508915,resistance_gene
BCL2L1,0.00011837494225636099,gene/protein
PSMA4,0.00011571058297715463,gene/protein
YY1,0.00011558544044753534,gene/protein
IFNAR2,0.00011554056058651445,gene/protein
IFNGR1,0.00011554056058651445,gene/protein
PSMB9,0.00011501437789768058,gene/protein
diabetic ketoacidosis,0.00011490584380657634,disease
nitrofuran,0.0001148712621741244,drug_class
FOXP3,0.0001136787295906392,gene/protein
tuberculosis,0.00011245819187268515,disease
TNS2,0.0001123793125694803,gene/protein
RUVBL2,0.00011233745667788213,gene/protein
IL6,0.00010995599563420107,gene/protein
RPGRIP1,0.0001087441025036693,gene/protein
MET,0.00010690686925080938,gene/protein
osteomyelitis (disease),0.00010496039478554166,disease
efrA,0.00010486069145307124,resistance_gene
TMEM18,0.00010455800763492679,gene/protein
WDR45B,0.00010406393592711854,gene/protein
PPP1R15A,0.00010406393592711854,gene/protein
nucleoside,0.00010378888193303386,drug_class
CLDN14,0.00010298011445016715,gene/protein
C2CD4A,0.00010290019714509953,gene/protein
SOX2,0.00010272393663647697,gene/protein
BRAF,0.00010159634891257221,gene/protein
RUVBL1,0.00010144223339779374,gene/protein
CD247,0.00010126361473459348,gene/protein
TRIM28,9.997636043036366e-05,gene/protein
pneumonia,9.88999233416456e-05,disease
MIR141,9.851938854473572e-05,gene/protein
ESR2,9.819696195913729e-05,gene/protein
PTK2B,9.812830718800124e-05,gene/protein
JUND,9.714811861632836e-05,gene/protein
CAT,9.295825087404856e-05,gene/protein
SET,9.205325070658813e-05,gene/protein
PTPN12,9.203222360549316e-05,gene/protein
periodontitis,9.197659561824684e-05,disease
PIK3CA,9.182990795685196e-05,gene/protein
NR3C1,9.124484670050048e-05,gene/protein
HNRNPD,9.070170350368089e-05,gene/protein
HBA1,8.989137634212798e-05,gene/protein
APEX2,8.683415828901479e-05,gene/protein
PPP2CA,8.510808750276903e-05,gene/protein
CCND2,8.451619124465386e-05,gene/protein
ELOC,8.446957774767661e-05,gene/protein
IQGAP1,8.409689538991122e-05,gene/protein
ERBB2,8.395850208232619e-05,gene/protein
YWHAZ,8.270298498643757e-05,gene/protein
PPM1B,8.071899480013732e-05,gene/protein
efpA,7.858872943140976e-05,resistance_gene
NEK2,7.646946601133174e-05,gene/protein
AHI1,7.60836577863555e-05,gene/protein
IFT140,7.60836577863555e-05,gene/protein
RbpA,7.59382001680383e-05,resistance_gene
urinary tract infection (disease),7.555035670908262e-05,disease
RB1,7.554991043204005e-05,gene/protein
HLA-DRB5,7.537950668047607e-05,gene/protein
arr-2,7.530065593747664e-05,resistance_gene
arr-3,7.530065593747664e-05,resistance_gene
arr-8,7.529728717607966e-05,resistance_gene
arr-4,7.529677194070264e-05,resistance_gene
arr-7,7.52951585826414e-05,resistance_gene
arr-5,7.529462294861373e-05,resistance_gene
MEN1,7.516694409959736e-05,gene/protein
TOPORS,7.499287512198592e-05,gene/protein
TP73,7.455861328081184e-05,gene/protein
HSPA8,7.39792594885162e-05,gene/protein
PKN1,7.319961645823513e-05,gene/protein
RAF1,7.193861306315223e-05,gene/protein
SREBF1,7.191823316479583e-05,gene/protein
H3C7,7.136100783297661e-05,gene/protein
ATP6AP2,7.024447773008104e-05,gene/protein
RRAS,6.867726581707463e-05,gene/protein
GP2,6.800842016432505e-05,gene/protein
MIR30A,6.64728832336158e-05,gene/protein
Mycobacterium tuberculosis,6.623049205821784e-05,bacteria
C5AR2,6.514446122252091e-05,gene/protein
E2F4,6.510037270002157e-05,gene/protein
TCTN2,6.47661296462963e-05,gene/protein
AKT2,6.43760067128816e-05,gene/protein
KRT18,6.388879591542385e-05,gene/protein
ARHGEF6,6.300271303190109e-05,gene/protein
PSME2,6.296661906955047e-05,gene/protein
LIPC,6.27184147792626e-05,gene/protein
ADAMTS9,6.270241000375791e-05,gene/protein
TYK2,6.198139194299377e-05,gene/protein
PIM1,6.133338490589275e-05,gene/protein
IL4,6.132656484611441e-05,gene/protein
PHF8,6.115237916837737e-05,gene/protein
CASK,6.115237916837737e-05,gene/protein
GSTM1,6.089141422443383e-05,gene/protein
CDO1,6.088468291620598e-05,gene/protein
aromatase deficiency,6.08577576832973e-05,disease
obesity due to CEP19 deficiency,6.084429506684185e-05,disease
ZNF257,6.0817369833932776e-05,gene/protein
MIR10B,6.08106385257067e-05,gene/protein
obesity due to melanocortin 4 receptor deficiency,6.077025067634109e-05,disease
LMNB2,5.927288423336453e-05,gene/protein
RBM4,5.865402092346733e-05,gene/protein
LYL1,5.846585593869003e-05,gene/protein
ZNF263,5.792988990417272e-05,gene/protein
PRKAR1B,5.6992003682903875e-05,gene/protein
PTPRJ,5.6992003682903875e-05,gene/protein
PPP2R3A,5.6992003682903875e-05,gene/protein
streptogramin,5.516099807865829e-05,drug_class
YWHAE,5.5128103760550477e-05,gene/protein
HSPE1,5.460501993576121e-05,gene/protein
ITGAM,5.417779112906287e-05,gene/protein
TRIM37,5.4110555564679e-05,gene/protein
PRDX3,5.338636666317322e-05,gene/protein
LIG4,5.176630322411101e-05,gene/protein
HMGB1,5.171693539909264e-05,gene/protein
MAP3K5,5.153702048257159e-05,gene/protein
TRAF6,5.1249353819894305e-05,gene/protein
TBP,5.030204902642385e-05,gene/protein
CCL4,4.963595331538229e-05,gene/protein
SUMO1,4.9479677745215694e-05,gene/protein
IL16,4.907784704533562e-05,gene/protein
TRAF1,4.8689009905717665e-05,gene/protein
NEDD4,4.756168845283115e-05,gene/protein
MAPK9,4.755085645870802e-05,gene/protein
EDNRA,4.7242631451692834e-05,gene/protein
VCAM1,4.5871170065785085e-05,gene/protein
ITGB1,4.555204514078531e-05,gene/protein
STAT6,4.508488123324039e-05,gene/protein
XRCC1,4.436320364691836e-05,gene/protein
PCBD1,4.411653365094123e-05,gene/protein
UBXN7,4.370237715706045e-05,gene/protein
TNIK,4.3428539114589754e-05,gene/protein
PCMT1,4.294939379518805e-05,gene/protein
EDNRB,4.289545326053658e-05,gene/protein
KAT5,4.241831853639863e-05,gene/protein
Mycobacterium tuberculosis 23S rRNA mutation conferring resistance to capreomycin,4.210478689961765e-05,resistance_gene
RUBCN,4.204674944379506e-05,gene/protein
RAC1,4.1491043065733223e-05,gene/protein
PSMA7,4.14770300674384e-05,gene/protein
LMNA,4.092737298975872e-05,gene/protein
PLA2G4A,4.0794393395856136e-05,gene/protein
WWOX,4.0371640765974104e-05,gene/protein
PMPCA,4.0371640765974104e-05,gene/protein
HSPB1,3.994734255995315e-05,gene/protein
ACC-1,3.881688831465097e-05,resistance_gene
CEBPB,3.807996286057834e-05,gene/protein
mdtM,3.775428174771349e-05,resistance_gene
UBE2I,3.773315508736162e-05,gene/protein
KAT2A,3.7544480555691836e-05,gene/protein
TGFBR1,3.727594679591359e-05,gene/protein
Impaired T cell function,3.697306347191902e-05,immune_effect/phenotype
glycylcycline,3.6491173931174896e-05,drug_class
BECN1,3.6282965834035385e-05,gene/protein
Staphylococcus aureus 23S rRNA with mutation conferring resistance to linezolid,3.618158532746551e-05,resistance_gene
Escherichia coli 23S rRNA with mutation conferring resistance to oxazolidinone antibiotics,3.6164681585077855e-05,resistance_gene
IL2RG,3.600095269804775e-05,gene/protein
H1-3,3.584610662393251e-05,gene/protein
MUC1,3.544224012085137e-05,gene/protein
Staphylococcus aureus LmrS,3.4864531484749735e-05,resistance_gene
HBG2,3.4706065157244796e-05,gene/protein
rsmA,3.454727382013165e-05,resistance_gene
MexF,3.451612759423241e-05,resistance_gene
MexT,3.451612759423241e-05,resistance_gene
OprN,3.451612759423241e-05,resistance_gene
MexE,3.451612759423241e-05,resistance_gene
MexS,3.451612759423241e-05,resistance_gene
H1-5,3.413724466030498e-05,gene/protein
PSMD2,3.331695575813396e-05,gene/protein
PPP1R3A,3.329700881742559e-05,gene/protein
Clostridioides difficile 23S rRNA with mutation conferring resistance to erythromycin and clindamycin,3.3130419680773345e-05,resistance_gene
Helicobacter pylori 23S rRNA with mutation conferring resistance to clarithromycin,3.3110387101615946e-05,resistance_gene
Escherichia coli 23S rRNA with mutation conferring resistance to clindamycin,3.3110013911513285e-05,resistance_gene
Escherichia coli 23S rRNA with mutation conferring resistance to erythromycin and telithromycin,3.3110013911513285e-05,resistance_gene
MORF4L1,3.294253716891624e-05,gene/protein
PPM1A,3.27937726966745e-05,gene/protein
GNB1,3.274009240071906e-05,gene/protein
Recurrent streptococcus pneumoniae infections,3.258866271892341e-05,effect/phenotype
Decreased circulating antibody level,3.247169688825349e-05,immune_effect/phenotype
LDHA,3.218370429163658e-05,gene/protein
GSK3B,3.2161892745783575e-05,gene/protein
IL7R,3.2056378427088506e-05,gene/protein
NFATC1,3.1532064112942605e-05,gene/protein
RBBP6,3.146887520821222e-05,gene/protein
C3,3.1355980043019246e-05,gene/protein
PICK1,3.1140898318026895e-05,gene/protein
JAK2,3.094125398837155e-05,gene/protein
FANCC,3.092802971780298e-05,gene/protein
ATP2A2,3.077314726173733e-05,gene/protein
bcr-1,3.076610340994295e-05,resistance_gene
PCNA,3.0708406461642696e-05,gene/protein
fosA5,3.0411616156042215e-05,resistance_gene
PmpM,3.0047317100405943e-05,resistance_gene
NFATC3,2.9638990145350282e-05,gene/protein
cAMP-RP,2.9621932201121698e-05,resistance_gene
gadX,2.9619803607683407e-05,resistance_gene
mdtF,2.9619803607683407e-05,resistance_gene
gadW,2.9619803607683407e-05,resistance_gene
mdtE,2.9619803607683407e-05,resistance_gene
NRAS,2.9598922500964012e-05,gene/protein
efmA,2.958584534470598e-05,resistance_gene
PSMD8,2.9566143588983224e-05,gene/protein
NFYB,2.9481657015756854e-05,gene/protein
AAC(6')-Ib-cr6,2.943507699115479e-05,resistance_gene
AAC(6')-Ib-cr5,2.943346363309354e-05,resistance_gene
AAC(6')-Ib-cr4,2.943079940562755e-05,resistance_gene
AAC(6')-Ib-cr1,2.943079940562755e-05,resistance_gene
AAC(6')-Ib-cr3,2.943079940562755e-05,resistance_gene
AAC(6')-Ib-cr7,2.942904400229192e-05,resistance_gene
AAC(6')-Ib-cr9,2.942904400229192e-05,resistance_gene
IL10,2.9074427172095368e-05,gene/protein
AcrF,2.8787553583356924e-05,resistance_gene
AcrE,2.8787553583356924e-05,resistance_gene
HNRNPAB,2.8594790615331627e-05,gene/protein
GPX1,2.7975218117596493e-05,gene/protein
HSD3B7,2.7833826462239136e-05,gene/protein
Escherichia coli nfsA mutations conferring resistance to nitrofurantoin,2.7685075059300335e-05,resistance_gene
CCN3,2.746667252486478e-05,gene/protein
Cytokine storm,2.745469496601271e-05,immune_effect/phenotype
SMARCD2,2.7354466483677813e-05,gene/protein
streptogramin A,2.715901339042447e-05,drug_class
PSMC1,2.7034317109337557e-05,gene/protein
PSMD11,2.6914305146642848e-05,gene/protein
Mycobacterium tuberculosis Rv1258c mutations confer resistance to ethambutol and capreomycin,2.6774097274329404e-05,resistance_gene
"Mycobacterium tuberculosis Rv1258c mutations confer resistance to pyrazinamide, isoniazid and streptomycin",2.6774097274329404e-05,resistance_gene
streptogramin B,2.669607526142241e-05,drug_class
PRKCZ,2.6666644424383724e-05,gene/protein
Acinetobacter baumannii,2.6486383590222608e-05,bacteria
UCHL5,2.6476209471425684e-05,gene/protein
Recurrent Staphylococcus aureus infections,2.6458005795825384e-05,effect/phenotype
HLA-B,2.6367330489242737e-05,gene/protein
PSMD4,2.634708027403327e-05,gene/protein
pleuromutilin,2.6208838674249593e-05,drug_class
Escherichia coli,2.602236175694356e-05,bacteria
DAXX,2.6008356337013284e-05,gene/protein
SUZ12,2.5962335281523986e-05,gene/protein
Mycobacterium tuberculosis gyrA conferring resistance to fluoroquinolones,2.5865936063436006e-05,resistance_gene
Staphylococcus aureus gyrA conferring resistance to fluoroquinolones,2.5781560232485446e-05,resistance_gene
Recurrent Klebsiella infections,2.576944626075777e-05,effect/phenotype
Escherichia coli gyrA conferring resistance to fluoroquinolones,2.5766785083536088e-05,resistance_gene
Pseudomonas aeruginosa gyrA conferring resistance to fluoroquinolones,2.576556531422815e-05,resistance_gene
Salmonella enterica gyrA conferring resistance to fluoroquinolones,2.5765029680200458e-05,resistance_gene
Acinetobacter baumannii gyrA conferring resistance to fluoroquinolones,2.576451444482343e-05,resistance_gene
PTPN11,2.565259430326152e-05,gene/protein
IGF1R,2.5584385695689316e-05,gene/protein
DTL,2.523139452103297e-05,gene/protein
MAP3K7,2.516336035985625e-05,gene/protein
AHCYL1,2.5022605548519923e-05,gene/protein
TPR,2.4793758021599823e-05,gene/protein
UBE2K,2.471547111523594e-05,gene/protein
USF2,2.4645878512144618e-05,gene/protein
MEF2D,2.4293035674292197e-05,gene/protein
JUP,2.4251496630704157e-05,gene/protein
TP53,2.3524216455878575e-05,gene/protein
ESR1,2.340023083069754e-05,gene/protein
clcD,2.328237856598776e-05,resistance_gene
TOP2A,2.3197283436334636e-05,gene/protein
Bacteremia,2.2737091513869012e-05,disease
cfr(D),2.2289414091415508e-05,resistance_gene
PRKCD,2.2200316527494422e-05,gene/protein
AP3D1,2.2133473122190473e-05,gene/protein
FOXO3,2.200386926801724e-05,gene/protein
PSMD5,2.1896329869132814e-05,gene/protein
Mycobacterium tuberculosis gyrB mutant conferring resistance to fluoroquinolones,2.1819259248426436e-05,resistance_gene
Morganella morganii gyrB conferring resistance to fluoroquinolones,2.1720108268526464e-05,resistance_gene
Salmonella serovars gyrB conferring resistance to fluoroquinolones,2.1720108268526464e-05,resistance_gene
ERBB3,2.162846750252479e-05,gene/protein
RXRA,2.1625102115054748e-05,gene/protein
VASN,2.1597300771662886e-05,gene/protein
cfrA,2.149217094052465e-05,resistance_gene
IFNG,2.1354716062752183e-05,gene/protein
TP63,2.1215948167799455e-05,gene/protein
amrB,2.1212590155511522e-05,resistance_gene
amrA,2.1212590155511522e-05,resistance_gene
mfpA,2.1180883210285266e-05,resistance_gene
sdrM,2.1173329410567927e-05,resistance_gene
arlR,2.1171574007232284e-05,resistance_gene
arlS,2.1171574007232284e-05,resistance_gene
norC,2.1171574007232284e-05,resistance_gene
EIF6,2.115992572720904e-05,gene/protein
abeM,2.115452821957026e-05,resistance_gene
QnrB10,2.1104668961635886e-05,resistance_gene
QnrD1,2.1100391376108643e-05,resistance_gene
QnrB1,2.108439645785136e-05,resistance_gene
QnrVC1,2.108439645785136e-05,resistance_gene
QnrB19,2.108439645785136e-05,resistance_gene
QnrA1,2.108439645785136e-05,resistance_gene
QnrVC4,2.108439645785136e-05,resistance_gene
QnrB20,2.108439645785136e-05,resistance_gene
QnrB6,2.108439645785136e-05,resistance_gene
QnrS2,2.108439645785136e-05,resistance_gene
QnrS1,2.1083345588446614e-05,resistance_gene
QnrB17,2.1081732230385368e-05,resistance_gene
QnrB4,2.1081732230385368e-05,resistance_gene
QnrB2,2.1081732230385368e-05,resistance_gene
QnrB76,2.1081732230385368e-05,resistance_gene
QnrVC6,2.108051246107745e-05,resistance_gene
QnrA6,2.1079976827049745e-05,resistance_gene
QnrB9,2.1079976827049745e-05,resistance_gene
qnrE2,2.1079976827049745e-05,resistance_gene
QnrB16,2.1079976827049745e-05,resistance_gene
qnrE1,2.1079976827049745e-05,resistance_gene
QnrS10,2.1079976827049745e-05,resistance_gene
QnrB32,2.1079976827049745e-05,resistance_gene
QnrB12,2.1079976827049745e-05,resistance_gene
QnrA3,2.1079976827049745e-05,resistance_gene
QnrS4,2.1079603636947074e-05,resistance_gene
QnrS11,2.1079603636947074e-05,resistance_gene
QnrB7,2.1079603636947074e-05,resistance_gene
QnrB5,2.1079603636947074e-05,resistance_gene
SUOX,2.1018742836866157e-05,gene/protein
PIAS1,2.0767320033573552e-05,gene/protein
patA,2.0694115592681137e-05,resistance_gene
pmrA,2.0694115592681137e-05,resistance_gene
patB,2.0694115592681137e-05,resistance_gene
Staphylococcus aureus norA,2.0692368969144393e-05,resistance_gene
qacA,2.0692368969144393e-05,resistance_gene
Streptococcus pneumoniae parC conferring resistance to fluoroquinolones,2.0687706527932192e-05,resistance_gene
Staphylococcus aureus parE conferring resistance to fluoroquinolones,2.0685959904395427e-05,resistance_gene
Staphylococcus aureus parC conferring resistance to fluoroquinolones,2.0685959904395427e-05,resistance_gene
Acinetobacter baumannii AbaQ,2.0677987408948346e-05,resistance_gene
QepA4,2.0677593820195038e-05,resistance_gene
emrR,2.0677593820195038e-05,resistance_gene
QepA2,2.0677593820195038e-05,resistance_gene
emrA,2.067546522675674e-05,resistance_gene
mdtH,2.067546522675674e-05,resistance_gene
emrB,2.067546522675674e-05,resistance_gene
Escherichia coli parC conferring resistance to fluoroquinolones,2.067118475544608e-05,resistance_gene
Pseudomonas aeruginosa parE conferring resistance to fluoroquinolones,2.0669964986138158e-05,resistance_gene
Salmonella serovars parE conferring resistance to fluoroquinolones,2.0669056162007795e-05,resistance_gene
Acinetobacter baumannii parC conferring resistance to fluoroquinolones,2.06689141167334e-05,resistance_gene
TERF1,2.0450794403667586e-05,gene/protein
Neutropenia,2.0347331139454094e-05,immune_effect/phenotype
DYNLL1,1.9898252564934354e-05,gene/protein
E2F1,1.9879205228438367e-05,gene/protein
SQSTM1,1.9663462096155734e-05,gene/protein
RAD23B,1.9399336243674317e-05,gene/protein
otitis externa,1.933601578371104e-05,disease
GAPDH,1.8802728112225498e-05,gene/protein
MAFK,1.8792553374211995e-05,gene/protein
PPP2R1A,1.8756251317304063e-05,gene/protein
Mycobacterium tuberculosis ethA mutations conferring resistance to isoniazid,1.8611103513130212e-05,resistance_gene
Mycobacterium tuberculosis ethA with mutation conferring resistance to ethionamide,1.8611103513130212e-05,resistance_gene
PSMD1,1.8486184588017586e-05,gene/protein
cfr(B),1.8285136684420918e-05,resistance_gene
CD83,1.8045938988956404e-05,gene/protein
MMP3,1.782295966512693e-05,gene/protein
CDK1,1.762922047902712e-05,gene/protein
GCGR,1.7069937308259825e-05,gene/protein
optrA,1.705637212642729e-05,resistance_gene
RAB4A,1.6925181131432456e-05,gene/protein
SMARCA2,1.6925181131432456e-05,gene/protein
SLC22A1,1.632185941334184e-05,gene/protein
TMUB1,1.6194451449095193e-05,gene/protein
NR3C2,1.6100424989727345e-05,gene/protein
PRKN,1.609772887493799e-05,gene/protein
PRKAB2,1.6080633940977267e-05,gene/protein
CTNND2,1.5837431626535763e-05,gene/protein
ataxia telangiectasia,1.5779967241831868e-05,disease
ILF3,1.5666207461511643e-05,gene/protein
Mycobacterium tuberculosis folC with mutation conferring resistance to para-aminosalicylic acid,1.556316714779686e-05,resistance_gene
Mycobacterium tuberculosis thyA with mutation conferring resistance to para-aminosalicylic acid,1.556316714779686e-05,resistance_gene
DERL1,1.5511882729835287e-05,gene/protein
Staphylococcus aureus mupA conferring resistance to mupirocin,1.5468694354505328e-05,resistance_gene
Staphylococcus aureus ileS with mutation conferring resistance to mupirocin,1.5468694354505328e-05,resistance_gene
ST14,1.518058779815093e-05,gene/protein
BAX,1.5180052220544114e-05,gene/protein
PRDX1,1.512485624652491e-05,gene/protein
FN1,1.5097207529466657e-05,gene/protein
ITK,1.5041242099949241e-05,gene/protein
PRCC,1.4739048021548805e-05,gene/protein
FEN1,1.4739048021548805e-05,gene/protein
Burkholderia pseudomallei Omp38,1.4731916312277906e-05,resistance_gene
CYBA,1.4537051264186348e-05,gene/protein
CREB3L1,1.4522204764081378e-05,gene/protein
MECP2,1.4500998833509719e-05,gene/protein
RANBP9,1.4488823313177798e-05,gene/protein
PKMYT1,1.4478971452886366e-05,gene/protein
PLK1,1.4473112282585155e-05,gene/protein
ELOVL4,1.4289897180201171e-05,gene/protein
NR4A1,1.428208075729781e-05,gene/protein
POU1F1,1.4064498205281808e-05,gene/protein
POU2F1,1.4026354886268807e-05,gene/protein
RMDN3,1.3926981335348274e-05,gene/protein
HLA-A,1.386632295086284e-05,gene/protein
Erm(37),1.3807570962274446e-05,resistance_gene
ErmB,1.3760365566287105e-05,resistance_gene
ErmC,1.3758752208225865e-05,resistance_gene
BLK,1.3744259731097585e-05,gene/protein
ErmA,1.3731798214725912e-05,resistance_gene
ErmT,1.3727079128097782e-05,resistance_gene
ErmG,1.3706664579038882e-05,resistance_gene
fexA,1.3617980591733203e-05,resistance_gene
fexB,1.3616225188397577e-05,resistance_gene
floR,1.3597124541573383e-05,resistance_gene
cmlA9,1.3597124541573383e-05,resistance_gene
cmlA5,1.3597124541573383e-05,resistance_gene
cmlA6,1.3597124541573383e-05,resistance_gene
cmlA4,1.3595511183512135e-05,resistance_gene
cmlA1,1.3595511183512135e-05,resistance_gene
cmx,1.3593755780176512e-05,resistance_gene
cmlB,1.3593755780176512e-05,resistance_gene
cmlB1,1.3591627186738218e-05,resistance_gene
mexM,1.3591627186738218e-05,resistance_gene
mexN,1.3591627186738218e-05,resistance_gene
cmlA8,1.3591627186738218e-05,resistance_gene
SSMEM1,1.3586050777761146e-05,gene/protein
Enterococcus faecalis chloramphenicol acetyltransferase,1.358072773907431e-05,resistance_gene
catA8,1.3498098531660477e-05,resistance_gene
Streptococcus suis chloramphenicol acetyltransferase,1.3498098531660477e-05,resistance_gene
catA1,1.3485854344701598e-05,resistance_gene
Staphylococcus intermedius chloramphenicol acetyltransferase,1.3479821355838738e-05,resistance_gene
Enterococcus faecium chloramphenicol acetyltransferase,1.3477692762400444e-05,resistance_gene
catB11,1.3477251261299547e-05,resistance_gene
catII from Escherichia coli K-12,1.3475637903238301e-05,resistance_gene
catQ,1.3470836302535136e-05,resistance_gene
catB2,1.3458592115576258e-05,resistance_gene
catB8,1.3458592115576258e-05,resistance_gene
catII,1.3458592115576258e-05,resistance_gene
catB3,1.3458592115576258e-05,resistance_gene
catIII,1.3454314530049018e-05,resistance_gene
catB10,1.345309476074109e-05,resistance_gene
Pseudomonas aeruginosa catB7,1.345309476074109e-05,resistance_gene
Campylobacter coli chloramphenicol acetyltransferase,1.3452559126713395e-05,resistance_gene
Pseudomonas aeruginosa catB6,1.3452559126713395e-05,resistance_gene
Impaired neutrophil bactericidal activity,1.3361898239612278e-05,immune_effect/phenotype
nybomycin-like,1.3292642656287415e-05,drug_class
CRK,1.319785451061906e-05,gene/protein
SH2B3,1.3098137917230151e-05,gene/protein
SRP72,1.2759138288104029e-05,gene/protein
CREBBP,1.2572128975219698e-05,gene/protein
APH(3')-Ia,1.2320786765588904e-05,resistance_gene
FYN,1.2267729762490452e-05,gene/protein
msrA,1.2097276110827764e-05,resistance_gene
RAP1A,1.208796424741394e-05,gene/protein
PPP1CA,1.1997290493869428e-05,gene/protein
HSP90AB1,1.1947174095963651e-05,gene/protein
JAK1,1.1884621179119293e-05,gene/protein
GPANK1,1.1563332293496033e-05,gene/protein
CMTM7,1.156103039821411e-05,gene/protein
Klebsiella pneumoniae OmpK37,1.1472905872324382e-05,resistance_gene
Escherichia coli ompF with mutation conferring resistance to beta-lactam antibiotics,1.1472532682221723e-05,resistance_gene
LYN,1.1462392597973306e-05,gene/protein
RYBP,1.1303083532353855e-05,gene/protein
NUBP2,1.129585975667881e-05,gene/protein
OXA-59,1.1220454765382964e-05,resistance_gene
OXA-57,1.1220454765382964e-05,resistance_gene
OXA-42,1.1220454765382964e-05,resistance_gene
DFFA,1.1128684924756955e-05,gene/protein
Decreased proportion of CD4-positive T cells,1.1065162930958655e-05,immune_effect/phenotype
Decreased proportion of memory B cells,1.1065162930958655e-05,immune_effect/phenotype
MAP3K10,1.102991365370238e-05,gene/protein
PSMB1,1.1009486730709725e-05,gene/protein
NCOA1,1.0991797936258834e-05,gene/protein
SNX2,1.091500210403366e-05,gene/protein
SNX1,1.091500210403366e-05,gene/protein
NKX6-1,1.0864704936136142e-05,gene/protein
fusB,1.0776910193127684e-05,resistance_gene
fusC,1.0776910193127684e-05,resistance_gene
CD99L2,1.0761049386360841e-05,gene/protein
23S rRNA (adenine(2058)-N(6))-methyltransferase Erm(A),1.0721624931536245e-05,resistance_gene
CHUK,1.0713375042455117e-05,gene/protein
Erm(42),1.0696500075648065e-05,resistance_gene
Erm(52),1.0694744672312427e-05,resistance_gene
Erm(49),1.0694371482209771e-05,resistance_gene
Porphyromonas gingivalis,1.0572641455727437e-05,bacteria
MDH2,1.0538163727433319e-05,gene/protein
PRKCSH,1.0538163727433319e-05,gene/protein
PSMB3,1.0532751916415857e-05,gene/protein
AR,1.0500963654326815e-05,gene/protein
CLEC4G,1.0474308161436383e-05,gene/protein
Mycobacterium tuberculosis pncA mutations conferring resistance to pyrazinamide,1.0455226087955826e-05,resistance_gene
Escherichia coli EF-Tu mutants conferring resistance to Pulvomycin,1.0381514025828952e-05,resistance_gene
Staphylococcus aureus fusA with mutation conferring resistance to fusidic acid,1.0366362718186978e-05,resistance_gene
Planobispora rosea EF-Tu mutants conferring resistance to inhibitor GE2270A,1.0349832165901995e-05,resistance_gene
Escherichia coli EF-Tu mutants conferring resistance to Enacyloxin IIa,1.0349832165901995e-05,resistance_gene
JAK3,1.0347561886221993e-05,gene/protein
mel,1.0304931112127304e-05,resistance_gene
msrF,1.030318448859056e-05,resistance_gene
msrE,1.0292686925168439e-05,resistance_gene
UBE2V2,1.0279853023728767e-05,gene/protein
ST13,1.0245728080980564e-05,gene/protein
H2BC21,1.0239175486610903e-05,gene/protein
DCAF7,1.0172639901002143e-05,gene/protein
abeS,1.0110249981831035e-05,resistance_gene
baeR,1.0103390421556048e-05,resistance_gene
cpxA,1.0098597600651756e-05,resistance_gene
baeS,1.0098597600651756e-05,resistance_gene
RlmA(II),9.892348026148439e-06,resistance_gene
Defective B cell differentiation,9.8513710728731e-06,immune_effect/phenotype
RAP1GDS1,9.743528391307235e-06,gene/protein
UBB,9.716853946197722e-06,gene/protein
GDF15,9.618121063861223e-06,gene/protein
Acinetobacter baumannii AmvA,9.540531506839917e-06,resistance_gene
CDC42,9.324223197407702e-06,gene/protein
PKP4,9.32193526818966e-06,gene/protein
NR1H4,9.192707578566954e-06,gene/protein
Mycobacterium tuberculosis gidB mutation conferring resistance to streptomycin,9.144544596161982e-06,resistance_gene
Mycobacterium tuberculosis rpsL mutations conferring resistance to Streptomycin,9.144544596161982e-06,resistance_gene
Mycobacterium tuberculosis tlyA mutations conferring resistance to aminoglycosides,9.144544596161982e-06,resistance_gene
APOL2,9.126641455925608e-06,gene/protein
mef(E),9.080118879950215e-06,resistance_gene
mef(D),9.078372256413449e-06,resistance_gene
mef(H),9.068316194092231e-06,resistance_gene
kdpD,9.066577829959695e-06,resistance_gene
PAK1,9.065517855364685e-06,gene/protein
mef(B),9.06359710746409e-06,resistance_gene
Escherichia coli emrE,9.061468514025795e-06,resistance_gene
kdpE,9.051802681010337e-06,resistance_gene
Pseudomonas aeruginosa emrE,9.050582911702412e-06,resistance_gene
CrcB,9.050047277674719e-06,resistance_gene
acrD,9.049674087572039e-06,resistance_gene
armA,9.049671201789258e-06,resistance_gene
rmtB,9.049671201789258e-06,resistance_gene
rmtF,9.048057843728012e-06,resistance_gene
rmtC,9.047006974323268e-06,resistance_gene
rmtG,9.046302440392391e-06,resistance_gene
rmtD,9.046302440392391e-06,resistance_gene
rmtE,9.04592925028972e-06,resistance_gene
rmtE2,9.045251570987645e-06,resistance_gene
rmtH,9.0436382129264e-06,resistance_gene
ANT(9)-Ib,9.041430087575063e-06,resistance_gene
HSPA1B,9.040286638326372e-06,gene/protein
INPP5D,9.025365971393817e-06,gene/protein
APH(7'')-Ia,9.016305231686897e-06,resistance_gene
AAC(2')-Ic,9.012421234912975e-06,resistance_gene
AAC(6')-Ie-APH(2'')-Ia bifunctional protein,8.960938253398371e-06,resistance_gene
APH(3')-IIIa,8.960938253398371e-06,resistance_gene
ANT(4')-Ia,8.94319671160433e-06,resistance_gene
mphC,8.939839830416474e-06,resistance_gene
ANT(6)-Ia,8.936648487364418e-06,resistance_gene
aad(6),8.936648487364418e-06,resistance_gene
ANT(9)-Ia,8.936648487364418e-06,resistance_gene
apmA,8.936648487364418e-06,resistance_gene
APH(3'')-Ib,8.936206986263521e-06,resistance_gene
APH(3')-IIa,8.936206986263521e-06,resistance_gene
APH(6)-Id,8.936206986263521e-06,resistance_gene
mphA,8.929342266994357e-06,resistance_gene
mphE,8.929342266994357e-06,resistance_gene
Mrx,8.929342266994357e-06,resistance_gene
spd,8.928045403962355e-06,resistance_gene
APH(2'')-IIIa,8.928045403962355e-06,resistance_gene
EreA,8.92772890893311e-06,resistance_gene
EreA2,8.92772890893311e-06,resistance_gene
ANT(2'')-Ia,8.926150923942301e-06,resistance_gene
mphB,8.925064681467114e-06,resistance_gene
EreB,8.924922636192721e-06,resistance_gene
mphF,8.923844912159187e-06,resistance_gene
mphG,8.92293608802882e-06,resistance_gene
AAC(6')-Im,8.922782162545427e-06,resistance_gene
APH(2'')-IIa,8.922782162545427e-06,resistance_gene
AAC(6')-Ii,8.917989341641139e-06,resistance_gene
AAC(3)-IIc,8.917547840540239e-06,resistance_gene
AAC(6')-Ib10,8.917547840540239e-06,resistance_gene
AAC(6')-IIc,8.917547840540239e-06,resistance_gene
APH(3')-Ib,8.917547840540239e-06,resistance_gene
AAC(6')-Ib7,8.917547840540239e-06,resistance_gene
AAC(3)-Ia,8.917547840540239e-06,resistance_gene
AAC(6')-Ib3,8.917547840540239e-06,resistance_gene
aadA,8.917547840540239e-06,resistance_gene
AAC(3)-IIe,8.917547840540239e-06,resistance_gene
aadA3,8.917547840540239e-06,resistance_gene
aadA5,8.917547840540239e-06,resistance_gene
AAC(3)-IId,8.917547840540239e-06,resistance_gene
aadA16,8.917547840540239e-06,resistance_gene
APH(4)-Ia,8.917547840540239e-06,resistance_gene
AAC(6')-I33,8.917547840540239e-06,resistance_gene
AAC(6')-IIa,8.917547840540239e-06,resistance_gene
aadA15,8.917547840540239e-06,resistance_gene
AAC(6')-Ib9,8.917547840540239e-06,resistance_gene
aadA2,8.917547840540239e-06,resistance_gene
AAC(6')-Ib',8.917547840540239e-06,resistance_gene
AAC(3)-IVa,8.917547840540239e-06,resistance_gene
APH(3')-VIa,8.917547840540239e-06,resistance_gene
ANT(3'')-IIa,8.917547840540239e-06,resistance_gene
APH(3')-VIb,8.917547840540239e-06,resistance_gene
AAC(6')-Ib4,8.917547840540239e-06,resistance_gene
AAC(6')-Ia,8.915934482478988e-06,resistance_gene
AAC(6')-Il,8.915934482478988e-06,resistance_gene
aadA22,8.915934482478988e-06,resistance_gene
aphA15,8.915934482478988e-06,resistance_gene
AAC(2')-IIa,8.915934482478988e-06,resistance_gene
aadA4,8.915934482478988e-06,resistance_gene
AAC(3)-VIa,8.915934482478988e-06,resistance_gene
AAC(3)-Ib,8.915934482478988e-06,resistance_gene
aadA12,8.915934482478988e-06,resistance_gene
AAC(6')-Ib,8.915934482478988e-06,resistance_gene
APH(6)-Ic,8.915934482478988e-06,resistance_gene
aadA24,8.915934482478988e-06,resistance_gene
AAC(3)-IIa,8.915934482478988e-06,resistance_gene
AAC(6')-Iaf,8.91579243720462e-06,resistance_gene
AAC(6')-Ib8,8.91579243720462e-06,resistance_gene
AAC(6')-31,8.91579243720462e-06,resistance_gene
aadA17,8.914883613074248e-06,resistance_gene
AAC(6')-Ian,8.914883613074248e-06,resistance_gene
AAC(6')-32,8.914179079143371e-06,resistance_gene
ANT(4')-IIb,8.914179079143371e-06,resistance_gene
AAC(6')-29b,8.914179079143371e-06,resistance_gene
AAC(6')-Ib11,8.914179079143371e-06,resistance_gene
AAC(6')-Iq,8.914179079143371e-06,resistance_gene
aadA7,8.913805889040697e-06,resistance_gene
AAC(3)-IIb,8.913805889040697e-06,resistance_gene
aadA6,8.913805889040697e-06,resistance_gene
aadA6/aadA10,8.913805889040697e-06,resistance_gene
AAC(3)-Ic,8.913805889040697e-06,resistance_gene
aadA13,8.913805889040697e-06,resistance_gene
aadA11,8.91366384376632e-06,resistance_gene
aadA8b,8.913270255013002e-06,resistance_gene
aadA23,8.913270255013002e-06,resistance_gene
AAC(3)-IIg,8.913270255013002e-06,resistance_gene
AAC(3)-Id,8.912050485705069e-06,resistance_gene
aadA8,8.912050485705069e-06,resistance_gene
AAC(6')-29a,8.912050485705069e-06,resistance_gene
AAC(6')-IIb,8.912050485705069e-06,resistance_gene
AAC(6')-Iai,8.912050485705069e-06,resistance_gene
AAC(3)-IIIc,8.912050485705069e-06,resistance_gene
AAC(3)-IIIa,8.912050485705069e-06,resistance_gene
AAC(3)-IIIb,8.912050485705069e-06,resistance_gene
aadA10,8.912050485705069e-06,resistance_gene
APH(3')-IIb,8.912050485705069e-06,resistance_gene
AAC(6')-Ib-Suzhou,8.91151485167738e-06,resistance_gene
aadA9,8.911141661574701e-06,resistance_gene
aadA25,8.911141661574701e-06,resistance_gene
AAC(6')-I-43,8.910999616300326e-06,resistance_gene
AAC(6')-Ir,8.910999616300326e-06,resistance_gene
aadA27,8.910999616300326e-06,resistance_gene
ANT(3'')-IIc,8.910999616300326e-06,resistance_gene
ANT(3'')-IIb,8.910999616300326e-06,resistance_gene
AAC(6')-Ij,8.910999616300326e-06,resistance_gene
AAC(6')-Ip,8.910999616300326e-06,resistance_gene
STK4,8.879064370683504e-06,gene/protein
CCDC6,8.815421357417486e-06,gene/protein
mecC,8.77120981729734e-06,resistance_gene
mecR1,8.77120981729734e-06,resistance_gene
mecI,8.77120981729734e-06,resistance_gene
MecC-type methicillin resistance repressor MecI,8.77120981729734e-06,resistance_gene
mecA,8.77120981729734e-06,resistance_gene
NFYA,8.74097981762986e-06,gene/protein
SERPINA1,8.717209676389424e-06,gene/protein
RAB7A,8.642566596932171e-06,gene/protein
PRMT1,8.52161836608772e-06,gene/protein
APPL1,8.48197896014914e-06,gene/protein
NDM-9,8.4385820761451e-06,resistance_gene
GIM-1,8.437362306837174e-06,resistance_gene
blaC,8.426131708574098e-06,resistance_gene
HSPA9,8.411433664660835e-06,gene/protein
HBB,8.39820550120626e-06,gene/protein
HBA2,8.39820550120626e-06,gene/protein
Streptococcus pneumoniae PBP1a conferring resistance to amoxicillin,8.39225372332754e-06,resistance_gene
Haemophilus influenzae PBP3 conferring resistance to beta-lactam antibiotics,8.375731950841427e-06,resistance_gene
IMP-1,8.365237098817198e-06,resistance_gene
IMP-14,8.365237098817198e-06,resistance_gene
VIM-2,8.363623740755952e-06,resistance_gene
IMP-6,8.363623740755952e-06,resistance_gene
VIM-1,8.363623740755952e-06,resistance_gene
IMP-26,8.363623740755952e-06,resistance_gene
VIM-4,8.363623740755952e-06,resistance_gene
IMP-4,8.362572871351208e-06,resistance_gene
IMP-8,8.361868337420324e-06,resistance_gene
IMP-69,8.361868337420324e-06,resistance_gene
IMP-15,8.361868337420324e-06,resistance_gene
VIM-24,8.361868337420324e-06,resistance_gene
IMP-16,8.361353102043281e-06,resistance_gene
NDM-4,8.360959513289958e-06,resistance_gene
VIM-29,8.360959513289958e-06,resistance_gene
IMP-38,8.360959513289958e-06,resistance_gene
IMP-19,8.359739743982035e-06,resistance_gene
IMP-11,8.359739743982035e-06,resistance_gene
VIM-5,8.359739743982035e-06,resistance_gene
VIM-63,8.359739743982035e-06,resistance_gene
VIM-69,8.359739743982035e-06,resistance_gene
IMP-93,8.359739743982035e-06,resistance_gene
IMP-74,8.359739743982035e-06,resistance_gene
IMP-63,8.359739743982035e-06,resistance_gene
VIM-47,8.359739743982035e-06,resistance_gene
IMP-34,8.359739743982035e-06,resistance_gene
VIM-72,8.359739743982035e-06,resistance_gene
IMP-7,8.359739743982035e-06,resistance_gene
IMP-18,8.359739743982035e-06,resistance_gene
VIM-36,8.359739743982035e-06,resistance_gene
IMP-37,8.359739743982035e-06,resistance_gene
IMP-9,8.359739743982035e-06,resistance_gene
VIM-11,8.359739743982035e-06,resistance_gene
IMP-45,8.359739743982035e-06,resistance_gene
VIM-28,8.359739743982035e-06,resistance_gene
IMP-13,8.359739743982035e-06,resistance_gene
IMP-56,8.359739743982035e-06,resistance_gene
VIM-6,8.359739743982035e-06,resistance_gene
IMP-54,8.359739743982035e-06,resistance_gene
VIM-20,8.359739743982035e-06,resistance_gene
IMP-91,8.359739743982035e-06,resistance_gene
IMP-33,8.359739743982035e-06,resistance_gene
IMP-62,8.359739743982035e-06,resistance_gene
IMP-10,8.359739743982035e-06,resistance_gene
IMP-68,8.359204109954333e-06,resistance_gene
VIM-59,8.359204109954333e-06,resistance_gene
VIM-34,8.359204109954333e-06,resistance_gene
VIM-26,8.359204109954333e-06,resistance_gene
VIM-27,8.359204109954333e-06,resistance_gene
IMP-23,8.359204109954333e-06,resistance_gene
VIM-33,8.359204109954333e-06,resistance_gene
VIM-19,8.359204109954333e-06,resistance_gene
IMP-27,8.358830919851664e-06,resistance_gene
TEM-116,8.353570838020587e-06,resistance_gene
SRPK1,8.338834723511488e-06,gene/protein
TEM-171,8.338561575652993e-06,resistance_gene
MYOC,8.259712274604674e-06,gene/protein
FOXA1,8.25837164195394e-06,gene/protein
PDC-5,8.242388820284932e-06,resistance_gene
PDC-3,8.242388820284932e-06,resistance_gene
PER-1,8.235091244241427e-06,resistance_gene
PER-7,8.232427016775435e-06,resistance_gene
PER-3,8.231349292741889e-06,resistance_gene
PER-4,8.231349292741889e-06,resistance_gene
PER-2,8.230440468611523e-06,resistance_gene
PER-10,8.230298423337139e-06,resistance_gene
PER-13,8.230298423337139e-06,resistance_gene
PER-8,8.230298423337139e-06,resistance_gene
PER-9,8.230298423337139e-06,resistance_gene
TEM-181,8.217785057185056e-06,resistance_gene
TEM-1,8.202867862961321e-06,resistance_gene
TEM-2,8.202867862961321e-06,resistance_gene
TEM-214,8.200203635495328e-06,resistance_gene
TEM-84,8.200203635495328e-06,resistance_gene
TEM-168,8.200203635495328e-06,resistance_gene
TEM-198,8.200203635495328e-06,resistance_gene
TEM-237,8.200203635495328e-06,resistance_gene
TEM-40,8.198590277434079e-06,resistance_gene
TEM-12,8.198590277434079e-06,resistance_gene
TEM-150,8.198590277434079e-06,resistance_gene
TEM-32,8.198590277434079e-06,resistance_gene
TEM-215,8.198590277434079e-06,resistance_gene
TEM-10,8.198590277434079e-06,resistance_gene
TEM-31,8.198590277434079e-06,resistance_gene
TEM-30,8.198590277434079e-06,resistance_gene
TEM-163,8.198590277434079e-06,resistance_gene
TEM-247,8.198590277434079e-06,resistance_gene
TEM-52,8.198590277434079e-06,resistance_gene
TEM-244,8.198590277434079e-06,resistance_gene
TEM-169,8.198590277434079e-06,resistance_gene
TEM-243,8.198590277434079e-06,resistance_gene
TEM-34,8.198590277434079e-06,resistance_gene
TEM-210,8.198590277434079e-06,resistance_gene
TEM-33,8.198590277434079e-06,resistance_gene
TEM-206,8.198590277434079e-06,resistance_gene
TEM-176,8.198590277434079e-06,resistance_gene
TEM-135,8.198590277434079e-06,resistance_gene
TEM-26,8.198448232159699e-06,resistance_gene
TEM-213,8.196834874098454e-06,resistance_gene
TEM-122,8.196834874098454e-06,resistance_gene
TEM-110,8.196834874098454e-06,resistance_gene
TEM-196,8.196834874098454e-06,resistance_gene
TEM-24,8.196834874098454e-06,resistance_gene
TEM-29,8.196834874098454e-06,resistance_gene
TEM-234,8.196834874098454e-06,resistance_gene
TEM-9,8.196834874098454e-06,resistance_gene
TEM-15,8.196834874098454e-06,resistance_gene
TEM-208,8.196834874098454e-06,resistance_gene
TEM-6,8.196461683995783e-06,resistance_gene
TEM-156,8.196461683995783e-06,resistance_gene
TEM-166,8.196461683995783e-06,resistance_gene
TEM-238,8.196461683995783e-06,resistance_gene
TEM-39,8.196461683995783e-06,resistance_gene
TEM-36,8.196461683995783e-06,resistance_gene
TEM-20,8.196461683995783e-06,resistance_gene
TEM-54,8.196461683995783e-06,resistance_gene
TEM-104,8.196461683995783e-06,resistance_gene
TEM-245,8.196461683995783e-06,resistance_gene
TEM-47,8.196461683995783e-06,resistance_gene
TEM-57,8.196461683995783e-06,resistance_gene
TEM-37,8.196461683995783e-06,resistance_gene
TEM-190,8.196461683995783e-06,resistance_gene
TEM-35,8.196461683995783e-06,resistance_gene
TEM-115,8.196461683995783e-06,resistance_gene
TEM-19,8.196461683995783e-06,resistance_gene
TEM-93,8.196461683995783e-06,resistance_gene
TEM-229,8.19631963872141e-06,resistance_gene
TEM-68,8.19631963872141e-06,resistance_gene
TEM-191,8.19631963872141e-06,resistance_gene
NDM-1,8.171876970325955e-06,resistance_gene
NDM-6,8.170263612264707e-06,resistance_gene
NDM-7,8.167599384798715e-06,resistance_gene
NDM-29,8.167599384798715e-06,resistance_gene
NDM-5,8.167599384798715e-06,resistance_gene
NDM-3,8.167599384798715e-06,resistance_gene
CMY-2,8.167599384798715e-06,resistance_gene
NDM-16a,8.167457339524334e-06,resistance_gene
NDM-40,8.167084149421658e-06,resistance_gene
NDM-23,8.165843981463088e-06,resistance_gene
NDM-20,8.165843981463088e-06,resistance_gene
NDM-44,8.165843981463088e-06,resistance_gene
NDM-14,8.165843981463088e-06,resistance_gene
NDM-13,8.165470791360416e-06,resistance_gene
NDM-36,8.165470791360416e-06,resistance_gene
NDM-16b,8.165470791360416e-06,resistance_gene
NDM-25,8.165470791360416e-06,resistance_gene
NDM-19,8.165470791360416e-06,resistance_gene
NDM-37,8.165470791360416e-06,resistance_gene
NDM-2,8.165328746086035e-06,resistance_gene
CTX-M-3,8.136284827648981e-06,resistance_gene
AIM-1,8.132400830875059e-06,resistance_gene
MOX-2,8.131865196847355e-06,resistance_gene
MOX-12,8.131865196847355e-06,resistance_gene
SCO-1,8.12685865816731e-06,resistance_gene
TMB-1,8.124522803043445e-06,resistance_gene
LAP-2,8.122581072640077e-06,resistance_gene
LAP-1,8.122581072640077e-06,resistance_gene
CMY-136,8.092814657140346e-06,resistance_gene
CMY-42,8.092814657140346e-06,resistance_gene
DHA-1,8.092814657140346e-06,resistance_gene
FOX-5,8.092814657140346e-06,resistance_gene
DHA-15,8.091059253804718e-06,resistance_gene
DHA-25,8.091059253804718e-06,resistance_gene
FOX-8,8.091059253804718e-06,resistance_gene
OXA-232,8.067848063499757e-06,resistance_gene
KPC-2,8.062145664809352e-06,resistance_gene
KPC-3,8.043486519086063e-06,resistance_gene
KPC-12,8.041873161024818e-06,resistance_gene
KPC-33,8.040117757689187e-06,resistance_gene
KPC-31,8.040117757689187e-06,resistance_gene
KPC-100,8.040117757689187e-06,resistance_gene
KPC-83,8.040117757689187e-06,resistance_gene
KPC-90,8.040117757689187e-06,resistance_gene
KPC-4,8.039208933558823e-06,resistance_gene
KPC-5,8.037989164250898e-06,resistance_gene
KPC-52,8.037453530223194e-06,resistance_gene
KPC-35,8.037453530223194e-06,resistance_gene
KPC-34,8.037453530223194e-06,resistance_gene
KPC-94,8.037453530223194e-06,resistance_gene
KPC-93,8.037453530223194e-06,resistance_gene
KPC-79,8.037453530223194e-06,resistance_gene
KPC-44,8.037453530223194e-06,resistance_gene
KPC-61,8.037453530223194e-06,resistance_gene
KPC-62,8.037453530223194e-06,resistance_gene
KPC-65,8.037453530223194e-06,resistance_gene
KPC-66,8.037453530223194e-06,resistance_gene
KPC-51,8.037453530223194e-06,resistance_gene
KPC-76,8.037453530223194e-06,resistance_gene
KPC-32,8.037453530223194e-06,resistance_gene
KPC-8,8.037453530223194e-06,resistance_gene
KPC-97,8.037453530223194e-06,resistance_gene
KPC-14,8.037453530223194e-06,resistance_gene
KPC-95,8.037453530223194e-06,resistance_gene
KPC-30,8.037453530223194e-06,resistance_gene
KPC-29,8.037453530223194e-06,resistance_gene
KPC-98,8.037453530223194e-06,resistance_gene
KPC-86,8.037453530223194e-06,resistance_gene
KPC-7,8.037453530223194e-06,resistance_gene
KPC-27,8.037453530223194e-06,resistance_gene
KPC-23,8.037453530223194e-06,resistance_gene
KPC-46,8.037453530223194e-06,resistance_gene
KPC-6,8.037453530223194e-06,resistance_gene
KPC-39,8.037453530223194e-06,resistance_gene
KPC-40,8.037453530223194e-06,resistance_gene
KPC-49,8.037453530223194e-06,resistance_gene
KPC-58,8.037453530223194e-06,resistance_gene
KPC-78,8.037453530223194e-06,resistance_gene
KPC-56,8.037453530223194e-06,resistance_gene
KPC-74,8.037453530223194e-06,resistance_gene
KPC-71,8.037453530223194e-06,resistance_gene
OXA-24,8.03693829484615e-06,resistance_gene
OXA-51,8.03693829484615e-06,resistance_gene
BEL-1,8.004010379635084e-06,resistance_gene
ACC-4,8.003474745607387e-06,resistance_gene
PDC-454,7.998796579269537e-06,resistance_gene
PDC-104,7.997183221208289e-06,resistance_gene
PDC-71,7.997183221208289e-06,resistance_gene
PDC-444,7.997183221208289e-06,resistance_gene
PDC-257,7.997183221208289e-06,resistance_gene
PDC-63,7.997183221208289e-06,resistance_gene
PDC-67,7.997183221208289e-06,resistance_gene
PDC-235,7.997183221208289e-06,resistance_gene
PDC-227,7.997183221208289e-06,resistance_gene
PDC-382,7.997183221208289e-06,resistance_gene
PDC-38,7.997183221208289e-06,resistance_gene
PDC-411,7.997183221208289e-06,resistance_gene
PDC-364,7.997183221208289e-06,resistance_gene
PDC-418,7.997183221208289e-06,resistance_gene
PDC-361,7.997183221208289e-06,resistance_gene
PDC-46,7.997183221208289e-06,resistance_gene
PDC-452,7.997183221208289e-06,resistance_gene
PDC-455,7.997183221208289e-06,resistance_gene
PDC-457,7.997183221208289e-06,resistance_gene
PDC-367,7.997183221208289e-06,resistance_gene
PDC-6,7.997183221208289e-06,resistance_gene
PDC-245,7.997183221208289e-06,resistance_gene
PDC-298,7.997183221208289e-06,resistance_gene
PDC-337,7.997183221208289e-06,resistance_gene
PDC-346,7.997183221208289e-06,resistance_gene
PDC-250,7.997183221208289e-06,resistance_gene
PDC-256,7.997183221208289e-06,resistance_gene
PDC-266,7.997183221208289e-06,resistance_gene
PDC-271,7.997183221208289e-06,resistance_gene
PDC-371,7.997183221208289e-06,resistance_gene
PDC-374,7.997183221208289e-06,resistance_gene
PDC-225,7.997183221208289e-06,resistance_gene
PDC-258,7.997183221208289e-06,resistance_gene
PDC-37,7.997183221208289e-06,resistance_gene
PDC-30,7.997183221208289e-06,resistance_gene
PDC-278,7.997183221208289e-06,resistance_gene
PDC-70,7.997183221208289e-06,resistance_gene
PDC-119,7.997183221208289e-06,resistance_gene
PDC-433,7.997183221208289e-06,resistance_gene
PDC-80,7.997183221208289e-06,resistance_gene
PDC-86,7.997183221208289e-06,resistance_gene
PDC-446,7.997183221208289e-06,resistance_gene
PDC-288,7.997183221208289e-06,resistance_gene
PDC-65,7.997183221208289e-06,resistance_gene
PDC-55,7.997183221208289e-06,resistance_gene
PDC-226,7.997183221208289e-06,resistance_gene
PDC-334,7.997183221208289e-06,resistance_gene
PDC-96,7.997183221208289e-06,resistance_gene
PDC-101,7.997183221208289e-06,resistance_gene
PDC-103,7.997183221208289e-06,resistance_gene
PDC-184,7.997183221208289e-06,resistance_gene
PDC-187,7.997183221208289e-06,resistance_gene
PDC-189,7.997183221208289e-06,resistance_gene
PDC-191,7.997183221208289e-06,resistance_gene
PDC-100,7.997183221208289e-06,resistance_gene
PDC-195,7.997183221208289e-06,resistance_gene
PDC-196,7.997183221208289e-06,resistance_gene
PDC-39,7.997183221208289e-06,resistance_gene
PDC-392,7.997183221208289e-06,resistance_gene
PDC-397,7.997183221208289e-06,resistance_gene
PDC-40,7.997183221208289e-06,resistance_gene
PDC-402,7.997183221208289e-06,resistance_gene
PDC-407,7.997183221208289e-06,resistance_gene
PDC-408,7.997183221208289e-06,resistance_gene
PDC-348,7.997183221208289e-06,resistance_gene
PDC-35,7.997183221208289e-06,resistance_gene
PDC-353,7.997183221208289e-06,resistance_gene
PDC-36,7.997183221208289e-06,resistance_gene
PDC-359,7.997183221208289e-06,resistance_gene
PDC-169,7.997183221208289e-06,resistance_gene
PDC-192,7.997183221208289e-06,resistance_gene
PDC-74,7.997183221208289e-06,resistance_gene
PDC-308,7.997183221208289e-06,resistance_gene
PDC-114,7.997183221208289e-06,resistance_gene
PDC-447,7.997183221208289e-06,resistance_gene
PDC-170,7.997183221208289e-06,resistance_gene
PDC-199,7.997183221208289e-06,resistance_gene
PDC-20,7.997183221208289e-06,resistance_gene
PDC-200,7.997183221208289e-06,resistance_gene
PDC-108,7.997183221208289e-06,resistance_gene
PDC-151,7.997183221208289e-06,resistance_gene
PDC-158,7.997183221208289e-06,resistance_gene
PDC-106,7.997183221208289e-06,resistance_gene
PDC-208,7.997183221208289e-06,resistance_gene
PDC-107,7.997183221208289e-06,resistance_gene
PDC-112,7.997183221208289e-06,resistance_gene
PDC-185,7.997183221208289e-06,resistance_gene
PDC-197,7.997183221208289e-06,resistance_gene
PDC-31,7.997183221208289e-06,resistance_gene
PDC-309,7.997183221208289e-06,resistance_gene
PDC-221,7.997183221208289e-06,resistance_gene
PDC-443,7.997183221208289e-06,resistance_gene
PDC-303,7.997183221208289e-06,resistance_gene
PDC-302,7.997183221208289e-06,resistance_gene
PDC-442,7.997183221208289e-06,resistance_gene
PDC-34,7.997183221208289e-06,resistance_gene
PDC-335,7.997183221208289e-06,resistance_gene
PDC-33,7.997183221208289e-06,resistance_gene
PDC-432,7.997183221208289e-06,resistance_gene
PDC-297,7.997183221208289e-06,resistance_gene
PDC-295,7.997183221208289e-06,resistance_gene
PDC-286,7.997183221208289e-06,resistance_gene
PDC-117,7.997183221208289e-06,resistance_gene
PDC-126,7.997183221208289e-06,resistance_gene
PDC-127,7.997183221208289e-06,resistance_gene
PDC-124,7.997183221208289e-06,resistance_gene
PDC-105,7.997183221208289e-06,resistance_gene
PDC-10,7.997183221208289e-06,resistance_gene
PDC-7,7.997183221208289e-06,resistance_gene
PDC-140,7.997183221208289e-06,resistance_gene
PDC-141,7.997183221208289e-06,resistance_gene
PDC-15,7.997183221208289e-06,resistance_gene
PDC-142,7.997183221208289e-06,resistance_gene
PDC-143,7.997183221208289e-06,resistance_gene
PDC-147,7.997183221208289e-06,resistance_gene
PDC-214,7.997183221208289e-06,resistance_gene
PDC-213,7.997183221208289e-06,resistance_gene
PDC-216,7.997183221208289e-06,resistance_gene
PDC-340,7.997183221208289e-06,resistance_gene
PDC-24,7.997183221208289e-06,resistance_gene
PDC-218,7.997183221208289e-06,resistance_gene
PDC-22,7.997183221208289e-06,resistance_gene
PDC-21b,7.997183221208289e-06,resistance_gene
PDC-314,7.997183221208289e-06,resistance_gene
PDC-319,7.997183221208289e-06,resistance_gene
PDC-244,7.997183221208289e-06,resistance_gene
PDC-171,7.997183221208289e-06,resistance_gene
PDC-431,7.997183221208289e-06,resistance_gene
PDC-238,7.997183221208289e-06,resistance_gene
PDC-48,7.997183221208289e-06,resistance_gene
PDC-42,7.997183221208289e-06,resistance_gene
PDC-339,7.997183221208289e-06,resistance_gene
PDC-423,7.997183221208289e-06,resistance_gene
PDC-338,7.997183221208289e-06,resistance_gene
PDC-322,7.997183221208289e-06,resistance_gene
PDC-14,7.997183221208289e-06,resistance_gene
PDC-47,7.997183221208289e-06,resistance_gene
PDC-167,7.997183221208289e-06,resistance_gene
PDC-138,7.997183221208289e-06,resistance_gene
PDC-133,7.997183221208289e-06,resistance_gene
PDC-172,7.997183221208289e-06,resistance_gene
PDC-174,7.997183221208289e-06,resistance_gene
PDC-168,7.997183221208289e-06,resistance_gene
PDC-182,7.997183221208289e-06,resistance_gene
PDC-28,7.997183221208289e-06,resistance_gene
PDC-41,7.997183221208289e-06,resistance_gene
PDC-68,7.997183221208289e-06,resistance_gene
PDC-61,7.997183221208289e-06,resistance_gene
PDC-57,7.997183221208289e-06,resistance_gene
PDC-66,7.997183221208289e-06,resistance_gene
PDC-176,7.997183221208289e-06,resistance_gene
PDC-16,7.997183221208289e-06,resistance_gene
PDC-121,7.997183221208289e-06,resistance_gene
PDC-115,7.997183221208289e-06,resistance_gene
PDC-51,7.997183221208289e-06,resistance_gene
PDC-12,7.997183221208289e-06,resistance_gene
PDC-129,7.997183221208289e-06,resistance_gene
PDC-120,7.997183221208289e-06,resistance_gene
PDC-116,7.997183221208289e-06,resistance_gene
PDC-264,7.997183221208289e-06,resistance_gene
PDC-162,7.997183221208289e-06,resistance_gene
PDC-123,7.997183221208289e-06,resistance_gene
PDC-122,7.997183221208289e-06,resistance_gene
PDC-53,7.997183221208289e-06,resistance_gene
PDC-72,7.997183221208289e-06,resistance_gene
PDC-19a,7.997183221208289e-06,resistance_gene
PDC-301,7.997183221208289e-06,resistance_gene
PDC-49,7.997183221208289e-06,resistance_gene
PDC-43,7.997183221208289e-06,resistance_gene
PDC-125,7.997183221208289e-06,resistance_gene
PDC-60,7.997183221208289e-06,resistance_gene
PDC-59,7.997183221208289e-06,resistance_gene
PDC-44,7.997183221208289e-06,resistance_gene
PDC-97,7.997183221208289e-06,resistance_gene
PDC-98,7.997183221208289e-06,resistance_gene
PDC-23,7.997183221208289e-06,resistance_gene
PDC-285,7.997183221208289e-06,resistance_gene
PDC-45,7.997183221208289e-06,resistance_gene
PDC-69,7.997183221208289e-06,resistance_gene
PDC-95,7.997183221208289e-06,resistance_gene
PDC-64,7.997183221208289e-06,resistance_gene
PDC-211,7.997183221208289e-06,resistance_gene
PDC-137,7.997183221208289e-06,resistance_gene
PDC-8,7.997183221208289e-06,resistance_gene
PDC-204,7.997183221208289e-06,resistance_gene
PDC-209,7.997183221208289e-06,resistance_gene
PDC-331,7.997183221208289e-06,resistance_gene
PDC-161,7.997183221208289e-06,resistance_gene
PDC-50,7.997183221208289e-06,resistance_gene
PDC-11,7.997183221208289e-06,resistance_gene
PDC-19b,7.997183221208289e-06,resistance_gene
PDC-255,7.997183221208289e-06,resistance_gene
PDC-461,7.997183221208289e-06,resistance_gene
PDC-207,7.997183221208289e-06,resistance_gene
PDC-240,7.997183221208289e-06,resistance_gene
PDC-52,7.997183221208289e-06,resistance_gene
PDC-56,7.997183221208289e-06,resistance_gene
PDC-111,7.997183221208289e-06,resistance_gene
PDC-109,7.997183221208289e-06,resistance_gene
PDC-113,7.997183221208289e-06,resistance_gene
PDC-58,7.997183221208289e-06,resistance_gene
PDC-62,7.997183221208289e-06,resistance_gene
PDC-437,7.997183221208289e-06,resistance_gene
PDC-1,7.997183221208289e-06,resistance_gene
PDC-54,7.997183221208289e-06,resistance_gene
OXA-72,7.979588235775263e-06,resistance_gene
VEB-1,7.968701791427724e-06,resistance_gene
OXA-10,7.967477314291899e-06,resistance_gene
OXA-9,7.967477314291899e-06,resistance_gene
OXA-2,7.967477314291899e-06,resistance_gene
GES-5,7.967477314291899e-06,resistance_gene
SHV-12,7.967477314291899e-06,resistance_gene
OXA-1,7.967477314291899e-06,resistance_gene
SHV-5,7.967477314291899e-06,resistance_gene
VEB-3,7.967088433366478e-06,resistance_gene
VEB-5,7.967088433366478e-06,resistance_gene
VEB-9,7.966946388092095e-06,resistance_gene
OXA-140,7.965863956230653e-06,resistance_gene
OXA-4,7.965863956230653e-06,resistance_gene
SHV-2A,7.965863956230653e-06,resistance_gene
GES-11,7.965721910956272e-06,resistance_gene
SHV-1,7.964813086825903e-06,resistance_gene
SHV-11,7.964813086825903e-06,resistance_gene
OXA-21,7.964108552895026e-06,resistance_gene
OXA-796,7.964108552895026e-06,resistance_gene
GES-19,7.964108552895026e-06,resistance_gene
GES-24,7.964108552895026e-06,resistance_gene
OXA-17,7.964108552895026e-06,resistance_gene
OXA-544,7.964108552895026e-06,resistance_gene
GES-7,7.964108552895026e-06,resistance_gene
OXA-392,7.964108552895026e-06,resistance_gene
VEB-1b,7.96320443659256e-06,resistance_gene
VEB-11,7.96320443659256e-06,resistance_gene
VEB-2,7.96320443659256e-06,resistance_gene
VEB-14,7.96320443659256e-06,resistance_gene
OXA-204,7.963199728764658e-06,resistance_gene
SHV-2,7.963199728764658e-06,resistance_gene
OXA-163,7.963199728764658e-06,resistance_gene
CTX-M-27,7.963199728764658e-06,resistance_gene
OXA-181,7.963199728764658e-06,resistance_gene
SHV-7,7.963199728764658e-06,resistance_gene
OXA-48,7.963199728764658e-06,resistance_gene
OXA-244,7.963199728764658e-06,resistance_gene
SHV-66,7.96305768349028e-06,resistance_gene
OXA-58,7.96305768349028e-06,resistance_gene
OXA-23,7.962684493387609e-06,resistance_gene
VEB-17,7.962668802564854e-06,resistance_gene
VEB-8,7.962668802564854e-06,resistance_gene
VEB-25,7.962295612462188e-06,resistance_gene
VEB-7,7.962153567187811e-06,resistance_gene
VEB-21,7.962153567187811e-06,resistance_gene
GES-32,7.961979959456729e-06,resistance_gene
GES-29,7.961979959456729e-06,resistance_gene
OXA-902,7.961979959456729e-06,resistance_gene
OXA-913,7.961979959456729e-06,resistance_gene
OXA-908,7.961979959456729e-06,resistance_gene
OXA-905,7.961979959456729e-06,resistance_gene
OXA-543,7.961979959456729e-06,resistance_gene
OXA-907,7.961979959456729e-06,resistance_gene
OXA-846,7.961979959456729e-06,resistance_gene
OXA-198,7.961979959456729e-06,resistance_gene
OXA-129,7.961979959456729e-06,resistance_gene
OXA-210,7.961979959456729e-06,resistance_gene
OXA-906,7.961979959456729e-06,resistance_gene
OXA-901,7.961979959456729e-06,resistance_gene
GES-20,7.961979959456729e-06,resistance_gene
OXA-935,7.961979959456729e-06,resistance_gene
OXA-14,7.961979959456729e-06,resistance_gene
OXA-851,7.961979959456729e-06,resistance_gene
OXA-5,7.961979959456729e-06,resistance_gene
OXA-50,7.961979959456729e-06,resistance_gene
GES-26,7.961979959456729e-06,resistance_gene
OXA-56,7.961979959456729e-06,resistance_gene
OXA-15,7.961979959456729e-06,resistance_gene
GES-9,7.961979959456729e-06,resistance_gene
SIM-2,7.961979959456729e-06,resistance_gene
GES-1,7.961979959456729e-06,resistance_gene
OXA-675,7.961979959456729e-06,resistance_gene
OXA-677,7.961979959456729e-06,resistance_gene
OXA-233,7.961979959456729e-06,resistance_gene
OXA-19,7.961979959456729e-06,resistance_gene
OXA-520,7.961979959456729e-06,resistance_gene
OXA-904,7.961979959456729e-06,resistance_gene
OXA-35,7.961979959456729e-06,resistance_gene
OXA-256,7.961979959456729e-06,resistance_gene
OXA-415,7.961979959456729e-06,resistance_gene
OXA-46,7.961979959456729e-06,resistance_gene
OXA-732,7.961979959456729e-06,resistance_gene
OXA-205,7.961979959456729e-06,resistance_gene
OXA-488,7.961979959456729e-06,resistance_gene
OXA-74,7.961979959456729e-06,resistance_gene
OXA-101,7.961979959456729e-06,resistance_gene
GES-6,7.961979959456729e-06,resistance_gene
OXA-396,7.961979959456729e-06,resistance_gene
OXA-395,7.961979959456729e-06,resistance_gene
GES-41,7.961979959456729e-06,resistance_gene
OXA-28,7.961979959456729e-06,resistance_gene
OXA-848,7.961979959456729e-06,resistance_gene
OXA-486,7.961979959456729e-06,resistance_gene
OXA-485,7.961979959456729e-06,resistance_gene
OXA-494,7.961979959456729e-06,resistance_gene
OXA-937,7.961979959456729e-06,resistance_gene
OXA-903,7.961979959456729e-06,resistance_gene
OXA-847,7.961979959456729e-06,resistance_gene
GES-2,7.961979959456729e-06,resistance_gene
GES-15,7.961979959456729e-06,resistance_gene
OXA-119,7.961979959456729e-06,resistance_gene
OXA-246,7.961979959456729e-06,resistance_gene
GES-13,7.961979959456729e-06,resistance_gene
OXA-141,7.961979959456729e-06,resistance_gene
SIM-1,7.961979959456729e-06,resistance_gene
GES-16,7.961979959456729e-06,resistance_gene
OXA-932,7.961979959456729e-06,resistance_gene
OXA-914,7.961979959456729e-06,resistance_gene
OXA-838,7.961979959456729e-06,resistance_gene
OXA-779,7.961979959456729e-06,resistance_gene
OXA-850,7.961979959456729e-06,resistance_gene
SHV-186,7.961444325429033e-06,resistance_gene
SHV-157,7.961444325429033e-06,resistance_gene
SHV-168,7.961444325429033e-06,resistance_gene
SHV-106,7.961444325429033e-06,resistance_gene
SHV-146,7.961444325429033e-06,resistance_gene
OXA-833,7.961444325429033e-06,resistance_gene
SHV-27,7.961444325429033e-06,resistance_gene
SHV-144,7.961444325429033e-06,resistance_gene
SHV-52,7.961444325429033e-06,resistance_gene
SHV-189,7.961444325429033e-06,resistance_gene
SHV-44,7.961444325429033e-06,resistance_gene
SHV-100,7.961444325429033e-06,resistance_gene
SHV-115,7.961444325429033e-06,resistance_gene
SHV-116,7.961444325429033e-06,resistance_gene
SHV-207,7.961444325429033e-06,resistance_gene
SHV-223,7.961444325429033e-06,resistance_gene
SHV-42,7.961444325429033e-06,resistance_gene
SHV-24,7.961444325429033e-06,resistance_gene
SHV-75,7.961444325429033e-06,resistance_gene
SHV-37,7.961444325429033e-06,resistance_gene
SHV-41,7.961444325429033e-06,resistance_gene
SHV-171,7.961444325429033e-06,resistance_gene
SHV-30,7.961444325429033e-06,resistance_gene
SHV-49,7.961444325429033e-06,resistance_gene
SHV-220,7.961444325429033e-06,resistance_gene
SHV-210,7.961444325429033e-06,resistance_gene
SHV-206,7.961444325429033e-06,resistance_gene
SHV-211,7.961444325429033e-06,resistance_gene
SHV-219,7.961444325429033e-06,resistance_gene
SHV-214,7.961444325429033e-06,resistance_gene
OXA-926,7.961444325429033e-06,resistance_gene
SHV-204,7.961444325429033e-06,resistance_gene
SHV-38,7.961444325429033e-06,resistance_gene
SHV-142,7.961444325429033e-06,resistance_gene
OXA-320,7.961444325429033e-06,resistance_gene
SHV-36,7.961444325429033e-06,resistance_gene
SHV-61,7.961444325429033e-06,resistance_gene
SHV-108,7.961444325429033e-06,resistance_gene
SHV-224,7.961444325429033e-06,resistance_gene
SHV-209,7.961444325429033e-06,resistance_gene
SHV-215,7.961444325429033e-06,resistance_gene
SHV-62,7.961444325429033e-06,resistance_gene
SHV-217,7.961444325429033e-06,resistance_gene
SHV-202,7.961444325429033e-06,resistance_gene
SHV-120,7.961444325429033e-06,resistance_gene
SHV-195,7.961444325429033e-06,resistance_gene
SHV-201,7.961444325429033e-06,resistance_gene
SHV-194,7.961444325429033e-06,resistance_gene
SHV-205,7.961444325429033e-06,resistance_gene
SHV-28,7.961444325429033e-06,resistance_gene
SHV-65,7.961444325429033e-06,resistance_gene
SHV-133,7.961444325429033e-06,resistance_gene
OXA-827,7.961444325429033e-06,resistance_gene
OXA-519,7.961444325429033e-06,resistance_gene
OXA-534,7.961444325429033e-06,resistance_gene
OXA-162,7.961444325429033e-06,resistance_gene
OXA-370,7.961444325429033e-06,resistance_gene
OXA-517,7.961444325429033e-06,resistance_gene
SHV-40,7.961444325429033e-06,resistance_gene
SHV-111,7.961444325429033e-06,resistance_gene
SHV-25,7.961444325429033e-06,resistance_gene
SHV-33,7.961444325429033e-06,resistance_gene
OXA-663,7.961444325429033e-06,resistance_gene
SHV-121,7.961444325429033e-06,resistance_gene
SHV-164,7.961444325429033e-06,resistance_gene
SHV-32,7.961444325429033e-06,resistance_gene
SHV-45,7.961444325429033e-06,resistance_gene
SHV-110,7.961444325429033e-06,resistance_gene
SHV-135,7.961444325429033e-06,resistance_gene
SHV-187,7.961444325429033e-06,resistance_gene
SHV-60,7.961444325429033e-06,resistance_gene
SHV-80,7.961444325429033e-06,resistance_gene
SHV-94,7.961444325429033e-06,resistance_gene
SHV-26,7.961444325429033e-06,resistance_gene
SHV-107,7.961444325429033e-06,resistance_gene
SHV-200,7.961444325429033e-06,resistance_gene
SHV-63,7.961444325429033e-06,resistance_gene
SHV-31,7.961444325429033e-06,resistance_gene
SHV-76,7.961444325429033e-06,resistance_gene
SHV-134,7.961444325429033e-06,resistance_gene
SHV-225,7.961444325429033e-06,resistance_gene
SHV-193,7.961444325429033e-06,resistance_gene
SHV-103,7.961444325429033e-06,resistance_gene
SHV-71,7.961444325429033e-06,resistance_gene
OXA-245,7.961444325429033e-06,resistance_gene
SHV-119,7.961444325429033e-06,resistance_gene
SHV-55,7.961444325429033e-06,resistance_gene
SHV-14,7.961444325429033e-06,resistance_gene
OXA-427,7.961444325429033e-06,resistance_gene
SHV-77,7.961444325429033e-06,resistance_gene
OXA-484,7.961071135326366e-06,resistance_gene
OXA-401,7.96092909005198e-06,resistance_gene
OXA-408,7.96092909005198e-06,resistance_gene
OXA-407,7.96092909005198e-06,resistance_gene
OXA-241,7.96092909005198e-06,resistance_gene
OXA-431,7.96092909005198e-06,resistance_gene
OXA-378,7.96092909005198e-06,resistance_gene
OXA-412,7.96092909005198e-06,resistance_gene
OXA-927,7.96092909005198e-06,resistance_gene
OXA-854,7.96092909005198e-06,resistance_gene
OXA-855,7.96092909005198e-06,resistance_gene
OXA-739,7.96092909005198e-06,resistance_gene
OXA-753,7.96092909005198e-06,resistance_gene
OXA-940,7.96092909005198e-06,resistance_gene
OXA-939,7.96092909005198e-06,resistance_gene
OXA-853,7.96092909005198e-06,resistance_gene
GES-14,7.96092909005198e-06,resistance_gene
OXA-219,7.96092909005198e-06,resistance_gene
OXA-107,7.96092909005198e-06,resistance_gene
OXA-755,7.96092909005198e-06,resistance_gene
OXA-756,7.96092909005198e-06,resistance_gene
OXA-761,7.96092909005198e-06,resistance_gene
OXA-762,7.96092909005198e-06,resistance_gene
OXA-769,7.96092909005198e-06,resistance_gene
OXA-770,7.96092909005198e-06,resistance_gene
OXA-798,7.96092909005198e-06,resistance_gene
OXA-805,7.96092909005198e-06,resistance_gene
OXA-829,7.96092909005198e-06,resistance_gene
OXA-856,7.96092909005198e-06,resistance_gene
OXA-879,7.96092909005198e-06,resistance_gene
OXA-834,7.96092909005198e-06,resistance_gene
OXA-893,7.96092909005198e-06,resistance_gene
OXA-910,7.96092909005198e-06,resistance_gene
OXA-909,7.96092909005198e-06,resistance_gene
OXA-424,7.96092909005198e-06,resistance_gene
OXA-90,7.96092909005198e-06,resistance_gene
OXA-371,7.96092909005198e-06,resistance_gene
OXA-873,7.96092909005198e-06,resistance_gene
OXA-945,7.96092909005198e-06,resistance_gene
OXA-819,7.96092909005198e-06,resistance_gene
OXA-857,7.96092909005198e-06,resistance_gene
OXA-298,7.96092909005198e-06,resistance_gene
OXA-863,7.96092909005198e-06,resistance_gene
OXA-343,7.96092909005198e-06,resistance_gene
OXA-64,7.96092909005198e-06,resistance_gene
OXA-340,7.96092909005198e-06,resistance_gene
OXA-337,7.96092909005198e-06,resistance_gene
OXA-302,7.96092909005198e-06,resistance_gene
OXA-68,7.96092909005198e-06,resistance_gene
OXA-897,7.96092909005198e-06,resistance_gene
OXA-825,7.96092909005198e-06,resistance_gene
OXA-391,7.96092909005198e-06,resistance_gene
OXA-499,7.96092909005198e-06,resistance_gene
OXA-342,7.96092909005198e-06,resistance_gene
OXA-386,7.96092909005198e-06,resistance_gene
OXA-344,7.96092909005198e-06,resistance_gene
OXA-376,7.96092909005198e-06,resistance_gene
OXA-217,7.96092909005198e-06,resistance_gene
OXA-164,7.96092909005198e-06,resistance_gene
OXA-385,7.96092909005198e-06,resistance_gene
OXA-96,7.96092909005198e-06,resistance_gene
GES-22,7.96092909005198e-06,resistance_gene
OXA-120,7.96092909005198e-06,resistance_gene
OXA-98,7.96092909005198e-06,resistance_gene
OXA-355,7.96092909005198e-06,resistance_gene
OXA-225,7.96092909005198e-06,resistance_gene
OXA-387,7.96092909005198e-06,resistance_gene
OXA-109,7.96092909005198e-06,resistance_gene
OXA-99,7.96092909005198e-06,resistance_gene
OXA-223,7.96092909005198e-06,resistance_gene
OXA-65,7.96092909005198e-06,resistance_gene
OXA-66,7.96092909005198e-06,resistance_gene
OXA-106,7.96092909005198e-06,resistance_gene
GES-12,7.96092909005198e-06,resistance_gene
OXA-69,7.96092909005198e-06,resistance_gene
OXA-426,7.96092909005198e-06,resistance_gene
OXA-117,7.96092909005198e-06,resistance_gene
OXA-144,7.96092909005198e-06,resistance_gene
OXA-202,7.96092909005198e-06,resistance_gene
OXA-938,7.96092909005198e-06,resistance_gene
OXA-735,7.96092909005198e-06,resistance_gene
OXA-132,7.96092909005198e-06,resistance_gene
OXA-113,7.96092909005198e-06,resistance_gene
OXA-510,7.96092909005198e-06,resistance_gene
OXA-422,7.96092909005198e-06,resistance_gene
OXA-150,7.96092909005198e-06,resistance_gene
OXA-208,7.96092909005198e-06,resistance_gene
OXA-121,7.96092909005198e-06,resistance_gene
OXA-172,7.96092909005198e-06,resistance_gene
OXA-20,7.96092909005198e-06,resistance_gene
OXA-555,7.96092909005198e-06,resistance_gene
OXA-556,7.96092909005198e-06,resistance_gene
OXA-654,7.96092909005198e-06,resistance_gene
OXA-738,7.96092909005198e-06,resistance_gene
OXA-201,7.96092909005198e-06,resistance_gene
OXA-111,7.96092909005198e-06,resistance_gene
OXA-381,7.96092909005198e-06,resistance_gene
OXA-314,7.96092909005198e-06,resistance_gene
OXA-148,7.96092909005198e-06,resistance_gene
OXA-143,7.96092909005198e-06,resistance_gene
OXA-239,7.96092909005198e-06,resistance_gene
OXA-254,7.96092909005198e-06,resistance_gene
OXA-338,7.96092909005198e-06,resistance_gene
SHV-165,7.96092909005198e-06,resistance_gene
OXA-104,7.96092909005198e-06,resistance_gene
GES-35,7.96092909005198e-06,resistance_gene
OXA-242,7.96092909005198e-06,resistance_gene
OXA-234,7.96092909005198e-06,resistance_gene
OXA-261,7.96092909005198e-06,resistance_gene
OXA-262,7.96092909005198e-06,resistance_gene
OXA-100,7.96092909005198e-06,resistance_gene
OXA-70,7.96092909005198e-06,resistance_gene
OXA-169,7.96092909005198e-06,resistance_gene
OXA-80,7.96092909005198e-06,resistance_gene
OXA-88,7.96092909005198e-06,resistance_gene
OXA-253,7.96092909005198e-06,resistance_gene
OXA-180,7.96092909005198e-06,resistance_gene
OXA-259,7.96092909005198e-06,resistance_gene
OXA-260,7.96092909005198e-06,resistance_gene
OXA-263,7.96092909005198e-06,resistance_gene
OXA-123,7.96092909005198e-06,resistance_gene
OXA-125,7.96092909005198e-06,resistance_gene
OXA-126,7.96092909005198e-06,resistance_gene
OXA-231,7.96092909005198e-06,resistance_gene
OXA-71,7.96092909005198e-06,resistance_gene
OXA-95,7.96092909005198e-06,resistance_gene
OXA-297,7.96092909005198e-06,resistance_gene
OXA-402,7.96092909005198e-06,resistance_gene
OXA-441,7.96092909005198e-06,resistance_gene
OXA-507,7.96092909005198e-06,resistance_gene
OXA-670,7.96092909005198e-06,resistance_gene
OXA-429,7.96092909005198e-06,resistance_gene
OXA-433,7.96092909005198e-06,resistance_gene
OXA-420,7.96092909005198e-06,resistance_gene
OXA-562,7.96092909005198e-06,resistance_gene
OXA-558,7.96092909005198e-06,resistance_gene
OXA-542,7.96092909005198e-06,resistance_gene
OXA-545,7.96092909005198e-06,resistance_gene
OXA-532,7.96092909005198e-06,resistance_gene
OXA-657,7.96092909005198e-06,resistance_gene
OXA-78,7.96092909005198e-06,resistance_gene
OXA-421,7.96092909005198e-06,resistance_gene
OXA-67,7.96092909005198e-06,resistance_gene
OXA-425,7.96092909005198e-06,resistance_gene
OXA-237,7.96092909005198e-06,resistance_gene
OXA-207,7.96092909005198e-06,resistance_gene
OXA-497,7.96092909005198e-06,resistance_gene
OXA-130,7.96092909005198e-06,resistance_gene
OXA-83,7.96092909005198e-06,resistance_gene
OXA-508,7.96092909005198e-06,resistance_gene
OXA-500,7.96092909005198e-06,resistance_gene
OXA-717,7.96092909005198e-06,resistance_gene
OXA-716,7.96092909005198e-06,resistance_gene
OXA-128,7.96092909005198e-06,resistance_gene
OXA-317,7.96092909005198e-06,resistance_gene
OXA-710,7.96092909005198e-06,resistance_gene
OXA-707,7.96092909005198e-06,resistance_gene
OXA-694,7.96092909005198e-06,resistance_gene
OXA-688,7.96092909005198e-06,resistance_gene
OXA-374,7.96092909005198e-06,resistance_gene
OXA-684,7.96092909005198e-06,resistance_gene
OXA-565,7.96092909005198e-06,resistance_gene
OXA-94,7.96092909005198e-06,resistance_gene
OXA-91,7.96092909005198e-06,resistance_gene
OXA-312,7.96092909005198e-06,resistance_gene
OXA-383,7.96092909005198e-06,resistance_gene
OXA-82,7.96092909005198e-06,resistance_gene
OXA-92,7.96092909005198e-06,resistance_gene
OXA-398,7.96092909005198e-06,resistance_gene
OXA-235,7.96092909005198e-06,resistance_gene
OXA-715,7.96092909005198e-06,resistance_gene
OXA-685,7.96092909005198e-06,resistance_gene
IGF2R,7.957979174363382e-06,gene/protein
CTX-M-15,7.933498529676198e-06,resistance_gene
PPP4C,7.932898733107571e-06,gene/protein
PRC-1,7.928001174841024e-06,resistance_gene
LCR-1,7.928001174841024e-06,resistance_gene
NPS-1,7.928001174841024e-06,resistance_gene
OKP-B-6,7.927465540813324e-06,resistance_gene
Escherichia coli ampC beta-lactamase,7.927092350710657e-06,resistance_gene
Acinetobacter baumannii ampC beta-lactamase,7.926950305436275e-06,resistance_gene
FIM-1,7.92117401641417e-06,resistance_gene
PAU-1,7.92117401641417e-06,resistance_gene
DIM-1,7.92117401641417e-06,resistance_gene
ADC-30,7.904803508116889e-06,resistance_gene
CTX-M-2,7.892692586633525e-06,resistance_gene
CTX-M-55,7.890028359167527e-06,resistance_gene
CTX-M-103,7.890028359167527e-06,resistance_gene
CTX-M-206,7.888950635133981e-06,resistance_gene
CTX-M-14,7.888415001106283e-06,resistance_gene
CTX-M-104,7.888415001106283e-06,resistance_gene
CTX-M-62,7.888415001106283e-06,resistance_gene
CTX-M-24,7.888415001106283e-06,resistance_gene
CTX-M-65,7.888415001106283e-06,resistance_gene
CTX-M-64,7.888415001106283e-06,resistance_gene
CTX-M-9,7.888415001106283e-06,resistance_gene
CTX-M-33,7.888415001106283e-06,resistance_gene
CTX-M-136,7.888415001106283e-06,resistance_gene
CTX-M-1,7.888415001106283e-06,resistance_gene
CTX-M-125,7.888415001106283e-06,resistance_gene
CTX-M-12,7.888415001106283e-06,resistance_gene
CTX-M-199,7.888415001106283e-06,resistance_gene
CTX-M-123,7.888415001106283e-06,resistance_gene
CTX-M-186,7.888415001106283e-06,resistance_gene
CTX-M-88,7.888415001106283e-06,resistance_gene
CTX-M-63,7.888415001106283e-06,resistance_gene
CTX-M-8,7.888415001106283e-06,resistance_gene
CTX-M-115,7.887899765729233e-06,resistance_gene
PAC-1,7.887195231798356e-06,resistance_gene
CTX-M-229,7.887195231798356e-06,resistance_gene
CTX-M-131,7.887195231798356e-06,resistance_gene
CTX-M-30,7.887195231798356e-06,resistance_gene
CTX-M-98,7.88665959777066e-06,resistance_gene
CTX-M-68,7.88665959777066e-06,resistance_gene
CTX-M-71,7.88665959777066e-06,resistance_gene
CTX-M-36,7.88665959777066e-06,resistance_gene
CTX-M-236,7.88665959777066e-06,resistance_gene
CTX-M-194,7.88665959777066e-06,resistance_gene
CTX-M-173,7.88665959777066e-06,resistance_gene
CTX-M-154,7.88665959777066e-06,resistance_gene
CTX-M-141,7.88665959777066e-06,resistance_gene
CTX-M-216,7.88665959777066e-06,resistance_gene
CTX-M-202,7.88665959777066e-06,resistance_gene
CTX-M-96,7.88665959777066e-06,resistance_gene
CTX-M-163,7.88665959777066e-06,resistance_gene
CTX-M-58,7.88665959777066e-06,resistance_gene
CTX-M-219,7.88665959777066e-06,resistance_gene
CTX-M-10,7.88665959777066e-06,resistance_gene
CTX-M-25,7.88665959777066e-06,resistance_gene
CTX-M-40,7.88665959777066e-06,resistance_gene
CTX-M-220,7.88665959777066e-06,resistance_gene
CTX-M-167,7.88665959777066e-06,resistance_gene
CTX-M-59,7.88665959777066e-06,resistance_gene
CTX-M-224,7.88665959777066e-06,resistance_gene
CTX-M-238,7.88665959777066e-06,resistance_gene
CTX-M-90,7.88665959777066e-06,resistance_gene
CTX-M-99,7.88665959777066e-06,resistance_gene
CTX-M-26,7.88665959777066e-06,resistance_gene
KLUC-2,7.88665959777066e-06,resistance_gene
CTX-M-93,7.88665959777066e-06,resistance_gene
CTX-M-32,7.88628640766799e-06,resistance_gene
EC-5,7.88628640766799e-06,resistance_gene
CTX-M-101,7.88628640766799e-06,resistance_gene
CTX-M-79,7.88628640766799e-06,resistance_gene
CTX-M-44,7.88628640766799e-06,resistance_gene
CTX-M-197,7.88628640766799e-06,resistance_gene
CTX-M-174,7.88628640766799e-06,resistance_gene
CTX-M-195,7.88628640766799e-06,resistance_gene
CTX-M-166,7.88628640766799e-06,resistance_gene
EC-14,7.88628640766799e-06,resistance_gene
EC-18,7.88628640766799e-06,resistance_gene
EC-19,7.88628640766799e-06,resistance_gene
CTX-M-215,7.88628640766799e-06,resistance_gene
CTX-M-169,7.88628640766799e-06,resistance_gene
EC-13,7.88628640766799e-06,resistance_gene
EC-15,7.88628640766799e-06,resistance_gene
CTX-M-102,7.88628640766799e-06,resistance_gene
CTX-M-130,7.88628640766799e-06,resistance_gene
CTX-M-132,7.88628640766799e-06,resistance_gene
EC-16,7.88628640766799e-06,resistance_gene
EC-8,7.88628640766799e-06,resistance_gene
CTX-M-190,7.88628640766799e-06,resistance_gene
CTX-M-134,7.88628640766799e-06,resistance_gene
ADC-206,7.886144362393606e-06,resistance_gene
ADC-204,7.886144362393606e-06,resistance_gene
ADC-201,7.886144362393606e-06,resistance_gene
ADC-203,7.886144362393606e-06,resistance_gene
ADC-220,7.886144362393606e-06,resistance_gene
ADC-101,7.886144362393606e-06,resistance_gene
ADC-147,7.886144362393606e-06,resistance_gene
ADC-146,7.886144362393606e-06,resistance_gene
ADC-145,7.886144362393606e-06,resistance_gene
ADC-144,7.886144362393606e-06,resistance_gene
ADC-134,7.886144362393606e-06,resistance_gene
ADC-140,7.886144362393606e-06,resistance_gene
ADC-150,7.886144362393606e-06,resistance_gene
ADC-154,7.886144362393606e-06,resistance_gene
ADC-228,7.886144362393606e-06,resistance_gene
ADC-139,7.886144362393606e-06,resistance_gene
ADC-87,7.886144362393606e-06,resistance_gene
ADC-88,7.886144362393606e-06,resistance_gene
ADC-91,7.886144362393606e-06,resistance_gene
ADC-92,7.886144362393606e-06,resistance_gene
ADC-97,7.886144362393606e-06,resistance_gene
ADC-96,7.886144362393606e-06,resistance_gene
ADC-98,7.886144362393606e-06,resistance_gene
ADC-237,7.886144362393606e-06,resistance_gene
ADC-238,7.886144362393606e-06,resistance_gene
ADC-186,7.886144362393606e-06,resistance_gene
ADC-185,7.886144362393606e-06,resistance_gene
ADC-184,7.886144362393606e-06,resistance_gene
ADC-179,7.886144362393606e-06,resistance_gene
ADC-176,7.886144362393606e-06,resistance_gene
ADC-175,7.886144362393606e-06,resistance_gene
ADC-192,7.886144362393606e-06,resistance_gene
ADC-188,7.886144362393606e-06,resistance_gene
ADC-191,7.886144362393606e-06,resistance_gene
ADC-173,7.886144362393606e-06,resistance_gene
ADC-5,7.886144362393606e-06,resistance_gene
ADC-74,7.886144362393606e-06,resistance_gene
ADC-61,7.886144362393606e-06,resistance_gene
ADC-75,7.886144362393606e-06,resistance_gene
ADC-187,7.886144362393606e-06,resistance_gene
ADC-80,7.886144362393606e-06,resistance_gene
ADC-57,7.886144362393606e-06,resistance_gene
ADC-2,7.886144362393606e-06,resistance_gene
ADC-6,7.886144362393606e-06,resistance_gene
ADC-82,7.886144362393606e-06,resistance_gene
ADC-79,7.886144362393606e-06,resistance_gene
ADC-78,7.886144362393606e-06,resistance_gene
ADC-76,7.886144362393606e-06,resistance_gene
ADC-11,7.886144362393606e-06,resistance_gene
ADC-212,7.886144362393606e-06,resistance_gene
ADC-213,7.886144362393606e-06,resistance_gene
ADC-214,7.886144362393606e-06,resistance_gene
ADC-216,7.886144362393606e-06,resistance_gene
ADC-133,7.886144362393606e-06,resistance_gene
ADC-217,7.886144362393606e-06,resistance_gene
ADC-218,7.886144362393606e-06,resistance_gene
ADC-56,7.886144362393606e-06,resistance_gene
ADC-41,7.886144362393606e-06,resistance_gene
ADC-31,7.886144362393606e-06,resistance_gene
ADC-171,7.886144362393606e-06,resistance_gene
ADC-155,7.886144362393606e-06,resistance_gene
ADC-163,7.886144362393606e-06,resistance_gene
ADC-164,7.886144362393606e-06,resistance_gene
ADC-165,7.886144362393606e-06,resistance_gene
ADC-166,7.886144362393606e-06,resistance_gene
ADC-167,7.886144362393606e-06,resistance_gene
ADC-33,7.886144362393606e-06,resistance_gene
ADC-95,7.886144362393606e-06,resistance_gene
ADC-38,7.886144362393606e-06,resistance_gene
ADC-53,7.886144362393606e-06,resistance_gene
ADC-254,7.886144362393606e-06,resistance_gene
ADC-32,7.886144362393606e-06,resistance_gene
ADC-156,7.886144362393606e-06,resistance_gene
ADC-158,7.886144362393606e-06,resistance_gene
ADC-172,7.886144362393606e-06,resistance_gene
ADC-160,7.886144362393606e-06,resistance_gene
ADC-162,7.886144362393606e-06,resistance_gene
ADC-99,7.886144362393606e-06,resistance_gene
ADC-236,7.886144362393606e-06,resistance_gene
ADC-235,7.886144362393606e-06,resistance_gene
ADC-251,7.886144362393606e-06,resistance_gene
ADC-29,7.886144362393606e-06,resistance_gene
ADC-183,7.886144362393606e-06,resistance_gene
ADC-52,7.886144362393606e-06,resistance_gene
ADC-199,7.886144362393606e-06,resistance_gene
ADC-244,7.886144362393606e-06,resistance_gene
ADC-159,7.886144362393606e-06,resistance_gene
ADC-196,7.886144362393606e-06,resistance_gene
ADC-157,7.886144362393606e-06,resistance_gene
ADC-233,7.886144362393606e-06,resistance_gene
ADC-195,7.886144362393606e-06,resistance_gene
ADC-174,7.886144362393606e-06,resistance_gene
ADC-170,7.886144362393606e-06,resistance_gene
ADC-169,7.886144362393606e-06,resistance_gene
ADC-115,7.886144362393606e-06,resistance_gene
ADC-250,7.886144362393606e-06,resistance_gene
ADC-242,7.886144362393606e-06,resistance_gene
ADC-241,7.886144362393606e-06,resistance_gene
ADC-123,7.886144362393606e-06,resistance_gene
ADC-103,7.886144362393606e-06,resistance_gene
ADC-105,7.886144362393606e-06,resistance_gene
ADC-107,7.886144362393606e-06,resistance_gene
ADC-114,7.886144362393606e-06,resistance_gene
ADC-106,7.886144362393606e-06,resistance_gene
ADC-81,7.886144362393606e-06,resistance_gene
ADC-249,7.886144362393606e-06,resistance_gene
ADC-248,7.886144362393606e-06,resistance_gene
ADC-247,7.886144362393606e-06,resistance_gene
ADC-246,7.886144362393606e-06,resistance_gene
ADC-234,7.886144362393606e-06,resistance_gene
ADC-182,7.886144362393606e-06,resistance_gene
ADC-181,7.886144362393606e-06,resistance_gene
ADC-73,7.886144362393606e-06,resistance_gene
ADC-67,7.886144362393606e-06,resistance_gene
ADC-25,7.886144362393606e-06,resistance_gene
ADC-243,7.886144362393606e-06,resistance_gene
ADC-232,7.886144362393606e-06,resistance_gene
ADC-18,7.886144362393606e-06,resistance_gene
ADC-7,7.886144362393606e-06,resistance_gene
ADC-122,7.886144362393606e-06,resistance_gene
ADC-119,7.886144362393606e-06,resistance_gene
ADC-120,7.886144362393606e-06,resistance_gene
ADC-121,7.886144362393606e-06,resistance_gene
ADC-1,7.886144362393606e-06,resistance_gene
ADC-226,7.886144362393606e-06,resistance_gene
ADC-224,7.886144362393606e-06,resistance_gene
ADC-229,7.886144362393606e-06,resistance_gene
ADC-125,7.886144362393606e-06,resistance_gene
ADC-198,7.886144362393606e-06,resistance_gene
ADC-223,7.886144362393606e-06,resistance_gene
ADC-222,7.886144362393606e-06,resistance_gene
ADC-219,7.886144362393606e-06,resistance_gene
ADC-116,7.886144362393606e-06,resistance_gene
ADC-117,7.886144362393606e-06,resistance_gene
ADC-60,7.886144362393606e-06,resistance_gene
ADC-58,7.886144362393606e-06,resistance_gene
ADC-10,7.886144362393606e-06,resistance_gene
ADC-240,7.886144362393606e-06,resistance_gene
ADC-215,7.886144362393606e-06,resistance_gene
ADC-131,7.886144362393606e-06,resistance_gene
ADC-130,7.886144362393606e-06,resistance_gene
ADC-143,7.886144362393606e-06,resistance_gene
ADC-141,7.886144362393606e-06,resistance_gene
ADC-152,7.886144362393606e-06,resistance_gene
VDAC1,7.859052678075063e-06,gene/protein
CLNK,7.854447481918605e-06,gene/protein
SOCS1,7.817182119829403e-06,gene/protein
Decreased serum complement C3,7.711708633241809e-06,immune_effect/phenotype
PIAS2,7.581885768462632e-06,gene/protein
CDK4,7.569188405630757e-06,gene/protein
YWHAH,7.542493734120314e-06,gene/protein
TPP1,7.4736408443435416e-06,gene/protein
TRIM27,7.465479990935256e-06,gene/protein
vanH gene in vanO cluster,7.4151880484450985e-06,resistance_gene
PHF14,7.408260406251033e-06,gene/protein
CCNK,7.408260406251033e-06,gene/protein
IRF1,7.241794032346375e-06,gene/protein
NEK6,7.209787043525624e-06,gene/protein
lsaA,7.186816935176139e-06,resistance_gene
Insulin resistance,7.131736630444036e-06,effect/phenotype
CD82,7.117576038572932e-06,gene/protein
CAVIN1,7.076660543026908e-06,gene/protein
ADRM1,7.076642539459333e-06,gene/protein
BRCA1,7.071545408101514e-06,gene/protein
HIPK2,7.070629927197238e-06,gene/protein
ATF2,6.990024327021559e-06,gene/protein
EIF2AK3,6.88590389290469e-06,gene/protein
H2BC9,6.725480645084656e-06,gene/protein
CD7,6.688330323084282e-06,gene/protein
MKRN3,6.6879465973205e-06,gene/protein
CUL2,6.6547501203081266e-06,gene/protein
EEF1A1,6.615182691716322e-06,gene/protein
vanT gene in vanG cluster,6.601470423343459e-06,resistance_gene
vanW gene in vanG cluster,6.584806605582967e-06,resistance_gene
PSMD14,6.5658988684859214e-06,gene/protein
NCOA4,6.557356517698885e-06,gene/protein
RIN1,6.462435883251867e-06,gene/protein
KRT1,6.462435883251867e-06,gene/protein
CYP2C8,6.361382921877048e-06,gene/protein
NFKB2,6.345787586504079e-06,gene/protein
SLC25A3,6.2483435122306744e-06,gene/protein
MSN,6.167308673855339e-06,gene/protein
IL13RA2,6.134791705321846e-06,gene/protein
SUV39H1,6.066023937752405e-06,gene/protein
ITGB2,5.996002132529921e-06,gene/protein
MBP,5.843895186882364e-06,gene/protein
MPZL1,5.7375410468219995e-06,gene/protein
HSD17B11,5.6879482303162804e-06,gene/protein
FAM9B,5.664504102326044e-06,gene/protein
LMNB1,5.5959175818094545e-06,gene/protein
MAT2A,5.584352070782844e-06,gene/protein
AK2,5.565512562946371e-06,gene/protein
RNF5,5.522002045174711e-06,gene/protein
RNF123,5.475177244463291e-06,gene/protein
PIK3R3,5.428343022347074e-06,gene/protein
NR0B2,5.4138693201934814e-06,gene/protein
vgaE,5.4027813752593615e-06,resistance_gene
vga(E) Staphylococcus cohnii,5.4027813752593615e-06,resistance_gene
vgaC,5.4027813752593615e-06,resistance_gene
vgaALC,5.4027813752593615e-06,resistance_gene
NCF2,5.394298754101103e-06,gene/protein
PITX3,5.336380620600005e-06,gene/protein
EFEMP2,5.289406867732027e-06,gene/protein
TFAP2C,5.257780260394885e-06,gene/protein
BATF,5.228591309853149e-06,gene/protein
TSC2,5.212396445295892e-06,gene/protein
ATP6V0B,5.138226700830725e-06,gene/protein
AURKB,5.13307032849725e-06,gene/protein
HSPA1A,5.121806009405635e-06,gene/protein
MYCN,5.019549271332691e-06,gene/protein
YIPF6,5.016908906589976e-06,gene/protein
ERP29,5.012400976620276e-06,gene/protein
NEO1,4.992692950539369e-06,gene/protein
MAD2L2,4.919448352411369e-06,gene/protein
MAP2K6,4.906139628114016e-06,gene/protein
Recurrent lower respiratory tract infections,4.900349529576195e-06,effect/phenotype
DVL2,4.887402724958367e-06,gene/protein
IL2RA,4.786140745743234e-06,gene/protein
Mycobacterium tuberculosis iniC mutant conferring resistance to ethambutol,4.781452758920121e-06,resistance_gene
FOXO1,4.747262103521138e-06,gene/protein
UCHL1,4.725370253274671e-06,gene/protein
CEP55,4.710924248418004e-06,gene/protein
IL2,4.688266323482812e-06,gene/protein
CD44,4.664677491827888e-06,gene/protein
GRK6,4.633467898816412e-06,gene/protein
Mycobacterium tuberculosis embA mutant conferring resistance to ethambutol,4.625272086114178e-06,resistance_gene
Mycobacterium tuberculosis embC mutant conferring resistance to ethambutol,4.625272086114178e-06,resistance_gene
Mycobacterium tuberculosis embR mutant conferring resistance to ethambutol,4.625272086114178e-06,resistance_gene
Mycobacterium tuberculosis embB mutant conferring resistance to ethambutol,4.625272086114178e-06,resistance_gene
NR4A2,4.5930335682227406e-06,gene/protein
NOTCH1,4.5930335682227406e-06,gene/protein
KPNA3,4.5930335682227406e-06,gene/protein
GP1BB,4.5930335682227406e-06,gene/protein
vgaB,4.584143164312968e-06,resistance_gene
NEDD8,4.542540518683703e-06,gene/protein
MED1,4.516256974090824e-06,gene/protein
HNRNPA1,4.422341693382818e-06,gene/protein
CLU,4.355670621027732e-06,gene/protein
EPRS1,4.29695392733463e-06,gene/protein
PSMA3,4.296427985808583e-06,gene/protein
ATG5,4.276787347814037e-06,gene/protein
MDFI,4.222996567727166e-06,gene/protein
Humoral immunodeficiency,4.215820674208991e-06,immune_effect/phenotype
PTGDS,4.210858519590448e-06,gene/protein
vanY gene in vanB cluster,4.20438124090472e-06,resistance_gene
ILF2,4.200884294115472e-06,gene/protein
GSTP1,4.200884294115472e-06,gene/protein
MCM3,4.200884294115472e-06,gene/protein
MCM6,4.200884294115472e-06,gene/protein
MCM4,4.200884294115472e-06,gene/protein
lsaE,4.195684767611325e-06,resistance_gene
vanY gene in vanM cluster,4.195242523474961e-06,resistance_gene
Glucose intolerance,4.183508063286037e-06,effect/phenotype
vanY gene in vanA cluster,4.183439837616976e-06,resistance_gene
vanX gene in vanA cluster,4.183439837616976e-06,resistance_gene
vanR gene in vanA cluster,4.183439837616976e-06,resistance_gene
vanH gene in vanA cluster,4.183439837616976e-06,resistance_gene
vanZ gene in vanA cluster,4.183439837616976e-06,resistance_gene
vanA,4.183439837616976e-06,resistance_gene
vanS gene in vanA cluster,4.183439837616976e-06,resistance_gene
vanW gene in vanB cluster,4.181311244178681e-06,resistance_gene
vanY gene in vanF cluster,4.1727081607766215e-06,resistance_gene
vanH gene in vanB cluster,4.165316325921395e-06,resistance_gene
vanH gene in vanD cluster,4.164780691893698e-06,resistance_gene
vanXY gene in vanE cluster,4.16426545651665e-06,resistance_gene
vanB,4.162652098455401e-06,resistance_gene
vanV gene in vanB cluster,4.162652098455401e-06,resistance_gene
vanT gene in vanE cluster,4.162652098455401e-06,resistance_gene
vanR gene in vanB cluster,4.162652098455401e-06,resistance_gene
vanE,4.162652098455401e-06,resistance_gene
vanD,4.162652098455401e-06,resistance_gene
vanR gene in vanD cluster,4.162652098455401e-06,resistance_gene
vanX gene in vanD cluster,4.162652098455401e-06,resistance_gene
vanY gene in vanD cluster,4.162652098455401e-06,resistance_gene
vanS gene in vanB cluster,4.162652098455401e-06,resistance_gene
vanR gene in vanE cluster,4.162652098455401e-06,resistance_gene
vanX gene in vanB cluster,4.162652098455401e-06,resistance_gene
APP,4.1619645957401735e-06,gene/protein
vanG,4.15954636988851e-06,resistance_gene
vanM,4.15617760849164e-06,resistance_gene
vanR gene in vanM cluster,4.15617760849164e-06,resistance_gene
vanW gene in vanI cluster,4.15617760849164e-06,resistance_gene
vanH gene in vanM cluster,4.15617760849164e-06,resistance_gene
vanX gene in vanM cluster,4.15617760849164e-06,resistance_gene
BCR,4.11143343208236e-06,gene/protein
GRB10,4.083418014902043e-06,gene/protein
ANKRD11,4.075536533344247e-06,gene/protein
EBP,4.06800921542195e-06,gene/protein
STK11,4.049619166603849e-06,gene/protein
qacG,4.034983532387265e-06,resistance_gene
CCL20,4.033644749290692e-06,gene/protein
BRP(MBL),4.030087236105802e-06,resistance_gene
BLMT,4.028473878044554e-06,resistance_gene
NPM1,4.0170415941334404e-06,gene/protein
Streptococcus pneumoniae,3.931629880088614e-06,bacteria
CYP2B6,3.908259249418211e-06,gene/protein
PARK7,3.900570841715582e-06,gene/protein
LNPEP,3.8842943786039e-06,gene/protein
GRM1,3.859315095634917e-06,gene/protein
oxazolidinone,3.8444484151158165e-06,drug_class
Mycobacterium tuberculosis inhA mutations conferring resistance to isoniazid,3.7866792963832832e-06,resistance_gene
Mycobacterium tuberculosis kasA mutant conferring resistance to isoniazid,3.7866792963832832e-06,resistance_gene
MTNR1A,3.742473960058802e-06,gene/protein
DDIT3,3.721232332769364e-06,gene/protein
RARA,3.708027885418033e-06,gene/protein
ATP5F1A,3.6887979157568154e-06,gene/protein
Escherichia coli fabI mutations conferring resistance to isoniazid and triclosan,3.6875283164833645e-06,resistance_gene
DBP,3.66891799111094e-06,gene/protein
RBM39,3.6001298738886133e-06,gene/protein
MED14,3.6001298738886133e-06,gene/protein
MED16,3.6001298738886133e-06,gene/protein
ZNRD2,3.595794439055157e-06,gene/protein
ITSN1,3.5796496790309158e-06,gene/protein
PRDX2,3.5147626167394684e-06,gene/protein
PRDX6,3.5147626167394684e-06,gene/protein
TAGLN2,3.5147626167394684e-06,gene/protein
EIF3H,3.5147626167394684e-06,gene/protein
SHC3,3.4574841895556414e-06,gene/protein
HNRNPL,3.4574189084934497e-06,gene/protein
SOS1,3.4526927650780946e-06,gene/protein
SYK,3.4526927650780946e-06,gene/protein
STRN,3.4526927650780946e-06,gene/protein
IL27,3.419894978710008e-06,gene/protein
CHEK2,3.417065371873403e-06,gene/protein
KMT2A,3.372411641671982e-06,gene/protein
POU6F2,3.350567409960969e-06,gene/protein
COPS5,3.338817565412053e-06,gene/protein
Mycobacterium tuberculosis ndh with mutation conferring resistance to isoniazid,3.307474258294887e-06,resistance_gene
Mycobacterium tuberculosis katG mutations conferring resistance to isoniazid,3.307474258294887e-06,resistance_gene
TRIB3,3.296358191283234e-06,gene/protein
IGF1,3.2947001299413674e-06,gene/protein
ZMPSTE24,3.2687609335556807e-06,gene/protein
CTTN,3.2640797975502983e-06,gene/protein
IGFBP1,3.2526972607241624e-06,gene/protein
ZBTB33,3.1975161806856936e-06,gene/protein
PLK3,3.171569922941984e-06,gene/protein
RECQL5,3.1678232753396494e-06,gene/protein
CDC37,3.1521071479600196e-06,gene/protein
SFPQ,3.13610355656703e-06,gene/protein
GAB1,3.1255597472316e-06,gene/protein
TMEM237,3.1135485665310296e-06,gene/protein
SCN3B,3.1135485665310296e-06,gene/protein
SIX3,3.101401677977773e-06,gene/protein
TMEM63A,3.087525030922313e-06,gene/protein
CAV1,3.05437352921769e-06,gene/protein
DAG1,2.9992046481028784e-06,gene/protein
leuO,2.9874606931264356e-06,resistance_gene
mdtP,2.9853320996881386e-06,resistance_gene
mdtO,2.9853320996881386e-06,resistance_gene
mdtN,2.9853320996881386e-06,resistance_gene
OTX1,2.935831209793762e-06,gene/protein
SLC22A2,2.9162769935328932e-06,gene/protein
FKBP4,2.915681464247624e-06,gene/protein
S100A4,2.915681464247624e-06,gene/protein
CSNK1A1,2.8443187066075694e-06,gene/protein
NDUFV1,2.84377208011367e-06,gene/protein
MAX,2.8322667490640725e-06,gene/protein
UBL4A,2.8261734864904315e-06,gene/protein
NCOR1,2.754622755849893e-06,gene/protein
MAP3K11,2.7453031814666205e-06,gene/protein
ERCC4,2.707682074341476e-06,gene/protein
ZPR1,2.707682074341476e-06,gene/protein
SKI,2.683179973152982e-06,gene/protein
GPD2,2.6644348594245717e-06,gene/protein
ARVCF,2.6573313208477314e-06,gene/protein
vgbA,2.6410167744349644e-06,resistance_gene
CRYAB,2.629873976963149e-06,gene/protein
PAG1,2.616720347893151e-06,gene/protein
VDR,2.5817387194441372e-06,gene/protein
RANBP1,2.568105781049278e-06,gene/protein
LCK,2.5515674833336363e-06,gene/protein
TMEM70,2.5421510374593025e-06,gene/protein
SOCS6,2.513074219889801e-06,gene/protein
CIAO1,2.504982556554014e-06,gene/protein
SAT-4,2.417391227425963e-06,resistance_gene
SAT-2,2.374000814567827e-06,resistance_gene
CLN3,2.3442443395966754e-06,gene/protein
CALM3,2.3439955761481257e-06,gene/protein
TRIP6,2.3141064093541503e-06,gene/protein
MAP2K1,2.261469424871786e-06,gene/protein
APOB,2.2498089256721233e-06,gene/protein
PEX19,2.2364473987960455e-06,gene/protein
SNRNP200,2.232500882928714e-06,gene/protein
PKLR,2.156879884888244e-06,gene/protein
PLXNB1,2.156879884888244e-06,gene/protein
DAD1,2.134359297374116e-06,gene/protein
DIRAS3,2.1231908152604127e-06,gene/protein
IFNB1,2.0817264248297683e-06,gene/protein
TP53BP2,2.0800309744293846e-06,gene/protein
vatB,2.0748094990076126e-06,resistance_gene
vatE,2.0647534366863938e-06,resistance_gene
vatA,2.0647534366863938e-06,resistance_gene
vatD,2.0647534366863938e-06,resistance_gene
KIF20B,2.001725994356914e-06,gene/protein
SREBF2,1.984715227781538e-06,gene/protein
MEAF6,1.961276260918863e-06,gene/protein
MAFG,1.9498893961530455e-06,gene/protein
FUS,1.935315169303673e-06,gene/protein
PPP2CB,1.935315169303673e-06,gene/protein
USP2,1.9301395342438756e-06,gene/protein
EIF2S1,1.8644562637616886e-06,gene/protein
SGTA,1.860215724093342e-06,gene/protein
SEC23A,1.8140187584819463e-06,gene/protein
C1orf109,1.7502547133298024e-06,gene/protein
VAMP2,1.7474297080073937e-06,gene/protein
TLE1,1.7381987025447784e-06,gene/protein
CCL14,1.730733179915978e-06,gene/protein
GHRL,1.7069193797845348e-06,gene/protein
USP22,1.7033831000760152e-06,gene/protein
ATP6V1C1,1.699739631624873e-06,gene/protein
PAX5,1.6907279195908372e-06,gene/protein
CYCS,1.6874089020608716e-06,gene/protein
STAM,1.6840875422515764e-06,gene/protein
VPS35,1.6774261657811371e-06,gene/protein
TSLP,1.6761756000082977e-06,gene/protein
USF1,1.6579132029293792e-06,gene/protein
FZR1,1.6493733318850967e-06,gene/protein
EHHADH,1.5370503547392003e-06,gene/protein
ZC4H2,1.5063605169226137e-06,gene/protein
H4C14,1.5019757895305426e-06,gene/protein
KAT2B,1.5019757895305426e-06,gene/protein
NUTF2,1.4737384661752758e-06,gene/protein
TRPV1,1.4645121989329482e-06,gene/protein
CCND3,1.455978902528297e-06,gene/protein
BIK,1.3998281338141414e-06,gene/protein
NAT2,1.3968287747432768e-06,gene/protein
TRAIP,1.3900236687023006e-06,gene/protein
CORO1A,1.388191477226806e-06,gene/protein
IGFBP3,1.3665888320981947e-06,gene/protein
SNTA1,1.36430199651904e-06,gene/protein
BID,1.362095528118755e-06,gene/protein
PDPK1,1.360608523255699e-06,gene/protein
DHDDS,1.3538409242814346e-06,gene/protein
FOXA2,1.324728509176467e-06,gene/protein
CDH1,1.319759423345744e-06,gene/protein
TIAM1,1.3182200524445596e-06,gene/protein
IRF5,1.3148313656587403e-06,gene/protein
IRF2,1.3148313656587403e-06,gene/protein
SPARC,1.3056048382757628e-06,gene/protein
CUL1,1.2939459783638823e-06,gene/protein
BMX,1.286844633735116e-06,gene/protein
TRIM24,1.2827817440820556e-06,gene/protein
FANCI,1.2827817440820556e-06,gene/protein
KMT2C,1.2827817440820556e-06,gene/protein
IER3,1.2777413675251756e-06,gene/protein
PSMB6,1.2739559082568561e-06,gene/protein
PXK,1.2564972606979278e-06,gene/protein
Mycobacterium tuberculosis intrinsic murA conferring resistance to fosfomycin,1.2336233351465426e-06,resistance_gene
ZFP36,1.2265239547002283e-06,gene/protein
H3C1,1.219082453281227e-06,gene/protein
Staphylococcus aureus gyrB conferring resistance to aminocoumarin,1.2173542668610673e-06,resistance_gene
KIF2C,1.210607636535219e-06,gene/protein
KIF14,1.210607636535219e-06,gene/protein
mdtB,1.206859589221723e-06,resistance_gene
mdtA,1.206859589221723e-06,resistance_gene
mdtC,1.206859589221723e-06,resistance_gene
CYBC1,1.196555540405334e-06,gene/protein
UMPS,1.1961616316785525e-06,gene/protein
HDAC1,1.192821980564103e-06,gene/protein
UBAC1,1.1905467196279505e-06,gene/protein
MIR98,1.1877820076550488e-06,gene/protein
GTF2B,1.1736597718393679e-06,gene/protein
KCNA5,1.1588141638471357e-06,gene/protein
Staphylococcus aureus murA with mutation conferring resistance to fosfomycin,1.1492475041959476e-06,resistance_gene
Staphylococcus aureus UhpT with mutation conferring resistance to fosfomycin,1.1492475041959476e-06,resistance_gene
Staphylococcus aureus GlpT with mutation conferring resistance to fosfomycin,1.1492475041959476e-06,resistance_gene
RHEB,1.1442013476812873e-06,gene/protein
mdtG,1.1387528265566353e-06,resistance_gene
Acinetobacter baumannii AbaF,1.1386107812822553e-06,resistance_gene
Escherichia coli UhpT with mutation conferring resistance to fosfomycin,1.1344723552465898e-06,resistance_gene
Escherichia coli CyaA with mutation conferring resistance to fosfomycin,1.132343761808296e-06,resistance_gene
Escherichia coli GlpT with mutation conferring resistance to fosfomycin,1.132343761808296e-06,resistance_gene
PLEKHA5,1.1017590074861118e-06,gene/protein
NR1H2,1.0980533729469167e-06,gene/protein
PCDHAC2,1.0791702174708318e-06,gene/protein
GATA6,1.0524887214805704e-06,gene/protein
MAP2K3,1.0438659168832532e-06,gene/protein
AXIN2,1.038948038518772e-06,gene/protein
FosB3,1.0257272263493472e-06,resistance_gene
BRAP,1.0236240482264117e-06,gene/protein
FosB4,1.0192527363855785e-06,resistance_gene
FosB6,1.017124142947284e-06,resistance_gene
FosBx1,1.017124142947284e-06,resistance_gene
FosD,1.017124142947284e-06,resistance_gene
FosY,1.017124142947284e-06,resistance_gene
Staphylococcus aureus FosB,1.017124142947284e-06,resistance_gene
FosB1,1.017124142947284e-06,resistance_gene
TERT,1.0162390905163814e-06,gene/protein
NRG1,1.0141136215571447e-06,gene/protein
FosI,1.011860901530353e-06,resistance_gene
FosXCC,1.0091966740643582e-06,resistance_gene
FosA8,1.0066265795251636e-06,resistance_gene
FosA3,1.0039623520591687e-06,resistance_gene
FosA7,1.002348993997923e-06,resistance_gene
FosA4,1.002348993997923e-06,resistance_gene
FosA6,1.002348993997923e-06,resistance_gene
FosA2,1.002348993997923e-06,resistance_gene
FosC2,1.001129224689995e-06,resistance_gene
FosA,1.001129224689995e-06,resistance_gene
FosG,1.0005935906622949e-06,resistance_gene
FosL1,1.0002204005596263e-06,resistance_gene
FosA7.5,1.0002204005596263e-06,resistance_gene
BNIP3L,9.936867708107405e-07,gene/protein
YEATS4,9.89702359114822e-07,gene/protein
dfrC,9.877778082952345e-07,resistance_gene
Increased inflammatory response,9.832974613719885e-07,immune_effect/phenotype
TFPI2,9.79970520534164e-07,gene/protein
IQGAP2,9.79970520534164e-07,gene/protein
ISG15,9.79970520534164e-07,gene/protein
MAP2K7,9.763930209754838e-07,gene/protein
MAP3K12,9.763930209754838e-07,gene/protein
dfrG,9.685918083431249e-07,resistance_gene
Recurrent sinopulmonary infections,9.660070389547131e-07,effect/phenotype
dfrK,9.647078115692037e-07,resistance_gene
dfrF,9.647078115692037e-07,resistance_gene
dfrA14,9.642663104683044e-07,resistance_gene
FANCD2,9.63497328191736e-07,gene/protein
PIK3R2,9.578582676704343e-07,gene/protein
PLCG1,9.578582676704343e-07,gene/protein
MYOG,9.509746689437631e-07,gene/protein
dfrE,9.460486658459255e-07,resistance_gene
dfrD,9.460486658459255e-07,resistance_gene
dfrA12,9.456071647450257e-07,resistance_gene
dfrA10,9.456071647450257e-07,resistance_gene
dfrB1,9.456071647450257e-07,resistance_gene
dfrA23,9.456071647450257e-07,resistance_gene
dfrA1,9.456071647450257e-07,resistance_gene
dfrA27,9.456071647450257e-07,resistance_gene
dfrA7,9.456071647450257e-07,resistance_gene
dfrA5,9.456071647450257e-07,resistance_gene
dfrA15b,9.43993806683779e-07,resistance_gene
dfr22,9.43993806683779e-07,resistance_gene
dfrA15,9.43993806683779e-07,resistance_gene
dfrA8,9.43993806683779e-07,resistance_gene
dfrA21,9.43993806683779e-07,resistance_gene
DfrA37,9.43993806683779e-07,resistance_gene
DfrB9,9.438517614093992e-07,resistance_gene
dfrA16,9.429429372790328e-07,resistance_gene
dfrA19,9.429429372790328e-07,resistance_gene
dfrA17,9.429429372790328e-07,resistance_gene
dfrA6,9.418652132454853e-07,resistance_gene
dfrA25,9.41329579217786e-07,resistance_gene
dfrA32,9.41329579217786e-07,resistance_gene
dfrB4,9.41329579217786e-07,resistance_gene
TLR4,9.407342138019624e-07,gene/protein
dfrA22,9.401098099098589e-07,resistance_gene
Trimethoprim-resistant dihydrofolate reductase DfrA42,9.401098099098589e-07,resistance_gene
dfrB2,9.401098099098589e-07,resistance_gene
DfrA39,9.401098099098589e-07,resistance_gene
dfrB5,9.401098099098589e-07,resistance_gene
dfrB6,9.401098099098589e-07,resistance_gene
dfrA18,9.395741758821612e-07,resistance_gene
dfrA26,9.395741758821612e-07,resistance_gene
dfrA35,9.395741758821612e-07,resistance_gene
dfrA3b,9.395741758821612e-07,resistance_gene
dfrA30,9.395741758821612e-07,resistance_gene
dfrB3,9.395741758821612e-07,resistance_gene
DfrA36,9.392009857794911e-07,resistance_gene
DfrA34,9.392009857794911e-07,resistance_gene
dfrA24,9.392009857794911e-07,resistance_gene
DfrA38,9.390589405051128e-07,resistance_gene
dfrA20,9.390589405051128e-07,resistance_gene
ILVBL,9.352593869038879e-07,gene/protein
CDK9,9.202795797566052e-07,gene/protein
CDK3,9.199336294123876e-07,gene/protein
HDAC4,9.188564357728016e-07,gene/protein
XPC,9.119537453225503e-07,gene/protein
LRRTM1,9.061320387261815e-07,gene/protein
PDAP1,9.017385479205872e-07,gene/protein
IDH3B,9.017385479205872e-07,gene/protein
RHOA,8.908423593337548e-07,gene/protein
HAMP,8.90281795099924e-07,gene/protein
lnuA,8.873232175380866e-07,resistance_gene
CDK5,8.783223021564061e-07,gene/protein
IQGAP3,8.717231515275205e-07,gene/protein
lnuG,8.674326836550968e-07,resistance_gene
lnuB,8.656772803194704e-07,resistance_gene
RAI1,8.569023113683112e-07,gene/protein
lnuC,8.466449444935215e-07,resistance_gene
lnuE,8.448895411578947e-07,resistance_gene
linG,8.401704545297554e-07,resistance_gene
lnuF,8.380418610914596e-07,resistance_gene
FOSL2,8.336163855425931e-07,gene/protein
USP14,8.267347920734842e-07,gene/protein
Increased body weight,8.025514248642173e-07,effect/phenotype
HRAS,7.998017235570162e-07,gene/protein
PSME1,7.959246697790251e-07,gene/protein
qacJ,7.942502682555156e-07,resistance_gene
NR2C2,7.851686892667022e-07,gene/protein
PEX5,7.824467880138131e-07,gene/protein
MEOX2,7.771213964833344e-07,gene/protein
BACH2,7.547176455073393e-07,gene/protein
CDKN2A,7.401387531919944e-07,gene/protein
APOA1,7.381833953312973e-07,gene/protein
XIAP,7.189022302540366e-07,gene/protein
PCK1,7.164730928841945e-07,gene/protein
NR1I3,7.164730928841945e-07,gene/protein
NR1H3,7.122451479708076e-07,gene/protein
ZYX,7.122451479708076e-07,gene/protein
CANX,7.037986658666235e-07,gene/protein
SYS1,7.033750102015269e-07,gene/protein
RTN3,7.033750102015269e-07,gene/protein
ATP13A1,7.033750102015269e-07,gene/protein
SELENOK,7.033750102015269e-07,gene/protein
Abnormality of the dentition,6.973635323514615e-07,effect/phenotype
SKP2,6.962050794741328e-07,gene/protein
PKP1,6.962050794741328e-07,gene/protein
CCL3,6.962050794741328e-07,gene/protein
CASP10,6.80783577845282e-07,gene/protein
GAA,6.762335878255173e-07,gene/protein
MIR130A,6.752132926911162e-07,gene/protein
CCL11,6.719352507677537e-07,gene/protein
GTF2H3,6.645196578471556e-07,gene/protein
BAG3,6.622643741592647e-07,gene/protein
sepA,6.540448566183642e-07,resistance_gene
CYP2E1,6.537138936037219e-07,gene/protein
acatalasia,6.528966626256109e-07,disease
SIN3A,6.456514999969338e-07,gene/protein
qacEdelta1,6.435472931962437e-07,resistance_gene
qacE,6.435472931962437e-07,resistance_gene
qacL,6.419339351349974e-07,resistance_gene
PTPN22,6.403999750457162e-07,gene/protein
OpmH,6.380499383610758e-07,resistance_gene
TriB,6.380499383610758e-07,resistance_gene
TriC,6.380499383610758e-07,resistance_gene
TriA,6.380499383610758e-07,resistance_gene
VRK2,6.375666239823066e-07,gene/protein
SHH,6.375591526782766e-07,gene/protein
TMEM43,6.363055493917899e-07,gene/protein
SLC35B4,6.363055493917899e-07,gene/protein
TSC22D3,6.355877440393686e-07,gene/protein
Salmonella enterica gyrA with mutation conferring resistance to triclosan,6.311052395849219e-07,resistance_gene
Escherichia coli gyrA with mutation conferring resistance to triclosan,6.307320494822531e-07,resistance_gene
CX3CL1,6.289507597868187e-07,gene/protein
HAGH,6.280359362236891e-07,gene/protein
ITPR3,5.98657675895987e-07,gene/protein
PTK2,5.877466746729427e-07,gene/protein
PPID,5.804445616094925e-07,gene/protein
HNRNPC,5.783283292430156e-07,gene/protein
UGDH,5.718159384356396e-07,gene/protein
APC2,5.644486915503981e-07,gene/protein
MCL1,5.624440392090543e-07,gene/protein
DISC1,5.595956831679148e-07,gene/protein
SH2B1,5.479842827751179e-07,gene/protein
EZH2,5.4502167529092e-07,gene/protein
POLR2A,5.400479157676378e-07,gene/protein
PVR,5.378556664567975e-07,gene/protein
VPS4B,5.353345636033784e-07,gene/protein
LCAT,5.303188752260956e-07,gene/protein
MSH5,5.303188752260956e-07,gene/protein
EPS8L3,5.303188752260956e-07,gene/protein
TK1,5.303188752260956e-07,gene/protein
IL1RN,5.303188752260956e-07,gene/protein
CCL19,5.201764863148461e-07,gene/protein
ANGPTL4,5.042041928887347e-07,gene/protein
GNG13,5.003564033859041e-07,gene/protein
CFTR,4.972579412636212e-07,gene/protein
RALGDS,4.848808161268787e-07,gene/protein
HLA-DPA1,4.7590349167228124e-07,gene/protein
RRM2,4.7588210888450623e-07,gene/protein
IL24,4.694443346062154e-07,gene/protein
RACGAP1,4.66351223374115e-07,gene/protein
SLC39A4,4.5962347051804294e-07,gene/protein
SCGB1D1,4.575394808397145e-07,gene/protein
PPP5C,4.5659567156629787e-07,gene/protein
TMPRSS3,4.4999348069937027e-07,gene/protein
F2RL1,4.441233496141832e-07,gene/protein
PAWR,4.43172419545312e-07,gene/protein
PITX1,4.396899483068098e-07,gene/protein
SUGT1,4.375695321855261e-07,gene/protein
SBK1,4.371995295974105e-07,gene/protein
KCNC4,4.3530712940735303e-07,gene/protein
BCL2L10,4.31674056030644e-07,gene/protein
RAPGEF3,4.271819950009228e-07,gene/protein
FKBP5,4.2586775815333425e-07,gene/protein
ENO1,4.1725150924062044e-07,gene/protein
HNF4G,4.1683272453187834e-07,gene/protein
ZFP36L2,4.162033949750284e-07,gene/protein
ROBO1,4.117936434664352e-07,gene/protein
KIFC1,4.117936434664352e-07,gene/protein
ORC1,4.117936434664352e-07,gene/protein
KRAS,4.1078064579285157e-07,gene/protein
BTK,4.0867991170223534e-07,gene/protein
VHL,4.059534803946493e-07,gene/protein
VAV3,3.969591102820476e-07,gene/protein
MELK,3.858082249761097e-07,gene/protein
YAP1,3.858082249761097e-07,gene/protein
CCNB2,3.858082249761097e-07,gene/protein
AXIN1,3.858082249761097e-07,gene/protein
TGFA,3.858082249761097e-07,gene/protein
TTK,3.858082249761097e-07,gene/protein
SCAP,3.858082249761097e-07,gene/protein
SLIT2,3.858082249761097e-07,gene/protein
RPS6,3.858082249761097e-07,gene/protein
ZSCAN22,3.858082249761097e-07,gene/protein
GNAZ,3.858082249761097e-07,gene/protein
IL1RAP,3.858082249761097e-07,gene/protein
PRKCE,3.858082249761097e-07,gene/protein
NCAPG,3.858082249761097e-07,gene/protein
MBTPS1,3.858082249761097e-07,gene/protein
WDR17,3.858082249761097e-07,gene/protein
CDC45,3.858082249761097e-07,gene/protein
TNK2,3.858082249761097e-07,gene/protein
WDR76,3.858082249761097e-07,gene/protein
STAT4,3.858082249761097e-07,gene/protein
GNAO1,3.858082249761097e-07,gene/protein
SFN,3.858082249761097e-07,gene/protein
PBK,3.858082249761097e-07,gene/protein
UBE2C,3.858082249761097e-07,gene/protein
CHAF1B,3.858082249761097e-07,gene/protein
HHIP,3.858082249761097e-07,gene/protein
UBE2T,3.858082249761097e-07,gene/protein
PRKCQ,3.8107584636229626e-07,gene/protein
PDGFRB,3.783248260797609e-07,gene/protein
EMD,3.778080721653558e-07,gene/protein
CAMK4,3.7381340002446213e-07,gene/protein
LRP1,3.634906442758584e-07,gene/protein
ERGIC3,3.6291584485278667e-07,gene/protein
PSMA1,3.599022630517302e-07,gene/protein
SAT1,3.581356686975228e-07,gene/protein
ZBTB7B,3.581356686975228e-07,gene/protein
PRKAA2,3.5678104389220714e-07,gene/protein
SUFU,3.538368514919225e-07,gene/protein
PTPRF,3.454336834835766e-07,gene/protein
PLN,3.4473342688934e-07,gene/protein
RNF4,3.4032514148896997e-07,gene/protein
IL6ST,3.3687930909547524e-07,gene/protein
FASLG,3.3333126776029484e-07,gene/protein
UQCRC2,3.3142603306368386e-07,gene/protein
PRKCH,3.3142603306368386e-07,gene/protein
IL19,3.24378195706591e-07,gene/protein
AIFM1,3.24378195706591e-07,gene/protein
CAPN2,3.2278996640042316e-07,gene/protein
PHB,3.202713085823993e-07,gene/protein
IL33,3.1597881382988215e-07,gene/protein
FLNC,3.124765022162487e-07,gene/protein
TMEM208,3.108690735203178e-07,gene/protein
TNPO2,3.0700019783187985e-07,gene/protein
EMC8,3.013943258787325e-07,gene/protein
MMP1,2.957402339466964e-07,gene/protein
FRS2,2.6970994832906014e-07,gene/protein
FHL2,2.6956504665188717e-07,gene/protein
MAP3K3,2.632694280799502e-07,gene/protein
BCL2L2,2.565485513896432e-07,gene/protein
LGALS1,2.5201880244356013e-07,gene/protein
CRMP1,2.5201880244356013e-07,gene/protein
CYP17A1,2.5175092770216854e-07,gene/protein
ALG9,2.423270961839056e-07,gene/protein
PEBP1,2.3835383600740064e-07,gene/protein
elfamycin,2.2886447972924417e-07,drug_class
CMY-6,2.275452576786059e-07,resistance_gene
ZFP36L1,2.2679407390112837e-07,gene/protein
CMY-4,2.2593189961735924e-07,resistance_gene
CMY-59,2.2593189961735924e-07,resistance_gene
CMY-166,2.2593189961735924e-07,resistance_gene
CMY-132,2.2593189961735924e-07,resistance_gene
CMY-165,2.2593189961735924e-07,resistance_gene
CMY-16,2.2593189961735924e-07,resistance_gene
CMY-30,2.2578985434297985e-07,resistance_gene
CMY-10,2.2417649628173328e-07,resistance_gene
CMY-94,2.2417649628173328e-07,resistance_gene
CMY-8,2.2417649628173328e-07,resistance_gene
CMY-13,2.2417649628173328e-07,resistance_gene
CMY-174,2.2417649628173328e-07,resistance_gene
CMY-23,2.238033061790643e-07,resistance_gene
CMY-69,2.238033061790643e-07,resistance_gene
CMY-148,2.238033061790643e-07,resistance_gene
CMY-111,2.238033061790643e-07,resistance_gene
CMY-24,2.238033061790643e-07,resistance_gene
CMY-58,2.238033061790643e-07,resistance_gene
CMY-44,2.238033061790643e-07,resistance_gene
CMY-146,2.238033061790643e-07,resistance_gene
CMY-145,2.238033061790643e-07,resistance_gene
CMY-140,2.238033061790643e-07,resistance_gene
CMY-141,2.238033061790643e-07,resistance_gene
ATP6V1G1,2.151164432415271e-07,gene/protein
MTHFR,2.151164432415271e-07,gene/protein
TBC1D1,2.114768326575706e-07,gene/protein
RBX1,2.1088445823154648e-07,gene/protein
GADD45A,2.0896870375937259e-07,gene/protein
CCR2,2.084709465294509e-07,gene/protein
STX12,2.0758480668658257e-07,gene/protein
SEC24A,2.0404445332620406e-07,gene/protein
MAD2L1,2.019384496968336e-07,gene/protein
REEP4,1.9309641449744e-07,gene/protein
RLF,1.8702482464038962e-07,gene/protein
FAM210B,1.863214091817626e-07,gene/protein
TMEM14B,1.863214091817626e-07,gene/protein
PPARGC1B,1.8615421765809892e-07,gene/protein
AKAP1,1.8615421765809892e-07,gene/protein
TF,1.8615421765809892e-07,gene/protein
PNKP,1.8372292883869898e-07,gene/protein
BLVRA,1.8246796404168794e-07,gene/protein
H1-1,1.8128279677338854e-07,gene/protein
TFRC,1.8036428212658945e-07,gene/protein
HSF1,1.7685817136697831e-07,gene/protein
RBL2,1.7210867992219828e-07,gene/protein
NTRK2,1.601703574445973e-07,gene/protein
MTCH2,1.600433495930806e-07,gene/protein
CGRRF1,1.5392258146496223e-07,gene/protein
PNN,1.5000469774585805e-07,gene/protein
DHRS2,1.5000469774585805e-07,gene/protein
PCK2,1.5000469774585805e-07,gene/protein
AIG1,1.463829961980621e-07,gene/protein
C4orf3,1.463829961980621e-07,gene/protein
STX7,1.3937999398768925e-07,gene/protein
GSK3A,1.363585218330196e-07,gene/protein
WIPI2,1.3602026612696215e-07,gene/protein
TRIB1,1.3602026612696215e-07,gene/protein
TRIB2,1.3602026612696215e-07,gene/protein
KIF21B,1.3602026612696215e-07,gene/protein
AAK1,1.3602026612696215e-07,gene/protein
DTX4,1.3602026612696215e-07,gene/protein
STK24,1.3602026612696215e-07,gene/protein
GAB2,1.2724916195298764e-07,gene/protein
MAP3K13,1.1913271754011087e-07,gene/protein
PTPA,1.1865453651843468e-07,gene/protein
PC1 beta-lactamase (blaZ),1.105418190390918e-07,resistance_gene
MIR335,9.560417574499882e-08,gene/protein
PTPN13,9.545369027923132e-08,gene/protein
Respiratory tract infection,9.541765597588161e-08,effect/phenotype
hyperinsulinism due to glucokinase deficiency,9.423831518262994e-08,disease
VSIG4,9.112944558066815e-08,gene/protein
CFP,9.112944558066815e-08,gene/protein
RYR3,8.912499909545408e-08,gene/protein
DPH1,8.13124653167347e-08,gene/protein
NAMPT,7.994747106249377e-08,gene/protein
mecC-type BlaZ,7.711333557537633e-08,resistance_gene
GMNN,7.336481206466017e-08,gene/protein
TNFSF10,7.336481206466017e-08,gene/protein
Adult onset,7.089587536204763e-08,effect/phenotype
SLC11A1,7.056720576804421e-08,gene/protein
CEBPA,7.02455901510305e-08,gene/protein
CARB-3,6.661577215325833e-08,resistance_gene
STIM2,6.380543326712346e-08,gene/protein
CARB-53,6.324701075638611e-08,resistance_gene
CARB-4,6.273177537933743e-08,resistance_gene
HK2,6.265189805787892e-08,gene/protein
FONA-6,6.233818662601843e-08,resistance_gene
CARB-1,6.111841731809103e-08,resistance_gene
KBL-1,6.111841731809103e-08,resistance_gene
HERA-3,6.020959318772336e-08,resistance_gene
CARB-49,6.006754791334372e-08,resistance_gene
CARB-50,6.006754791334372e-08,resistance_gene
CARB-16,6.006754791334372e-08,resistance_gene
SPP1,5.690264504364557e-08,gene/protein
PCDHA3,5.631861216866695e-08,gene/protein
SPINT2,5.631861216866695e-08,gene/protein
SFO-1,5.551102819893432e-08,resistance_gene
IL18,5.460715020690741e-08,gene/protein
HMB-1,5.429125889100653e-08,resistance_gene
SPM-1,5.429125889100653e-08,resistance_gene
PME-1,5.429125889100653e-08,resistance_gene
AFM-1,5.429125889100653e-08,resistance_gene
AFM-2,5.429125889100653e-08,resistance_gene
BKC-1,5.375562486330792e-08,resistance_gene
ADC-68,5.3240389486259216e-08,resistance_gene
NR4A3,4.972234285774408e-08,gene/protein
PACC1,4.8283725967901755e-08,gene/protein
SELENOP,4.750161828604971e-08,gene/protein
GOLM1,4.558217327206067e-08,gene/protein
CCR4,4.429284870399579e-08,gene/protein
CFHR5,3.8208187652277173e-08,gene/protein
CCNE1,3.6268569982217186e-08,gene/protein
CDKN1B,3.6268569982217186e-08,gene/protein
HGF,3.6268569982217186e-08,gene/protein
CDKN2C,3.6268569982217186e-08,gene/protein
XBP1,3.6121032223226394e-08,gene/protein
KIF23,3.419588636299973e-08,gene/protein
AFF4,2.8285125712062335e-08,gene/protein
CLEC16A,2.4029215946360642e-08,gene/protein
PCSK1,2.0193924681992132e-08,gene/protein
PFKFB3,2.0193924681992132e-08,gene/protein
IL1R1,1.2565108691017327e-08,gene/protein
Skin ulcer,1.0497635449765752e-08,effect/phenotype
IL17RB,5.908592777323623e-09,gene/protein
ASIC4,5.908592777323623e-09,gene/protein
histone H3 deacetylation,0.0,biological_process
Interleukin-1 signaling,0.0,pathway
CCDC93,0.0,gene/protein
post-translational protein modification,0.0,biological_process
Regulation of RUNX3 expression and activity,0.0,pathway
Orc1 removal from chromatin,0.0,pathway
negative regulation of intracellular signal transduction,0.0,biological_process
Degradation of DVL,0.0,pathway
Asymmetric localization of PCP proteins,0.0,pathway
CDT1 association with the CDC6:ORC:origin complex,0.0,pathway
negative regulation of cytokine production involved in immune response,0.0,biological_process
regulation of I-kappaB kinase/NF-kappaB signaling,0.0,biological_process
Hh mutants are degraded by ERAD,0.0,pathway
Dectin-1 mediated noncanonical NF-kB signaling,0.0,pathway
protein deacetylation,0.0,biological_process
Hedgehog ligand biogenesis,0.0,pathway
negative regulation of oxidative stress-induced cell death,0.0,biological_process
cellular response to amyloid-beta,0.0,biological_process
ORAI1,0.0,gene/protein
PDLIM7,0.0,gene/protein
TRIM41,0.0,gene/protein
negative regulation of glucose transmembrane transport,0.0,biological_process
positive regulation of metalloendopeptidase activity,0.0,biological_process
negative regulation of monooxygenase activity,0.0,biological_process
T cell receptor signaling pathway,0.0,biological_process
negative regulation of lamellipodium assembly,0.0,biological_process
negative regulation of cardiac muscle myoblast proliferation,0.0,biological_process
FBXL7 down-regulates AURKA during mitotic entry and in early mitosis,0.0,pathway
The role of GTSE1 in G2/M progression after G2 checkpoint,0.0,pathway
ATG9A,0.0,gene/protein
regulation of hematopoietic stem cell differentiation,0.0,biological_process
histone deacetylation,0.0,biological_process
Degradation of GLI1 by the proteasome,0.0,pathway
negative regulation of cardiac muscle hypertrophy in response to stress,0.0,biological_process
regulation of endodeoxyribonuclease activity,0.0,biological_process
negative regulation of peptidyl-lysine acetylation,0.0,biological_process
pyrimidine dimer repair by nucleotide-excision repair,0.0,biological_process
rDNA heterochromatin assembly,0.0,biological_process
heterochromatin maintenance,0.0,biological_process
positive regulation of transcription by RNA polymerase II,0.0,biological_process
heart development,0.0,biological_process
cellular response to transforming growth factor beta stimulus,0.0,biological_process
CDCA7L,0.0,gene/protein
SIRT1 negatively regulates rRNA expression,0.0,pathway
Regulation of activated PAK-2p34 by proteasome mediated degradation,0.0,pathway
TMEM35A,0.0,gene/protein
FCERI mediated NF-kB activation,0.0,pathway
FEM1B,0.0,gene/protein
MAPK8IP3,0.0,gene/protein
TMEM179B,0.0,gene/protein
C1QTNF9B,0.0,gene/protein
regulation of bile acid biosynthetic process,0.0,biological_process
peptidyl-lysine acetylation,0.0,biological_process
MFSD6,0.0,gene/protein
heterochromatin assembly,0.0,biological_process
peptidyl-lysine deacetylation,0.0,biological_process
leptin-mediated signaling pathway,0.0,biological_process
positive regulation of adaptive immune response,0.0,biological_process
endothelial cell-matrix adhesion,0.0,biological_process
heart valve morphogenesis,0.0,biological_process
regulation of smooth muscle cell apoptotic process,0.0,biological_process
RBFA,0.0,gene/protein
BCL11A,0.0,gene/protein
negative regulation of helicase activity,0.0,biological_process
MRM1,0.0,gene/protein
DDIT4L,0.0,gene/protein
ventricular cardiac muscle tissue development,0.0,biological_process
Regulation of RAS by GAPs,0.0,pathway
Ub-specific processing proteases,0.0,pathway
regulation of brown fat cell differentiation,0.0,biological_process
negative regulation of cysteine-type endopeptidase activity involved in apoptotic process,0.0,biological_process
positive regulation of nitric-oxide synthase activity,0.0,biological_process
SLC39A1,0.0,gene/protein
ZNF865,0.0,gene/protein
Cachexia,0.0,effect/phenotype
positive regulation of protein localization to cell surface,0.0,biological_process
positive regulation of I-kappaB phosphorylation,0.0,biological_process
MIB2,0.0,gene/protein
negative regulation of G2/M transition of mitotic cell cycle,0.0,biological_process
Regulation of TNFR1 signaling,0.0,pathway
SYNCRIP,0.0,gene/protein
regulation of establishment of endothelial barrier,0.0,biological_process
positive regulation of ceramide biosynthetic process,0.0,biological_process
UTP20,0.0,gene/protein
Fasting hypoglycemia,0.0,effect/phenotype
Cerebral edema,0.0,effect/phenotype
positive regulation of JNK cascade,0.0,biological_process
TNFR1-mediated ceramide production,0.0,pathway
LIN54,0.0,gene/protein
"negative regulation of transcription, DNA-templated",0.0,biological_process
VSIR,0.0,gene/protein
LRRFIP1,0.0,gene/protein
MIR187,0.0,gene/protein
regulation of cytokine production involved in immune response,0.0,biological_process
negative regulation of cardiac muscle cell differentiation,0.0,biological_process
RIPK3,0.0,gene/protein
regulation of reactive oxygen species metabolic process,0.0,biological_process
TNFR1-induced NFkappaB signaling pathway,0.0,pathway
SLU7,0.0,gene/protein
DAB2IP,0.0,gene/protein
MADD,0.0,gene/protein
NT5DC3,0.0,gene/protein
TNIP1,0.0,gene/protein
Nausea,0.0,effect/phenotype
Cardiorespiratory arrest,0.0,effect/phenotype
GPRC5B,0.0,gene/protein
INTS14,0.0,gene/protein
NEK7,0.0,gene/protein
ERAP1,0.0,gene/protein
Fever,0.0,effect/phenotype
positive regulation of heterotypic cell-cell adhesion,0.0,biological_process
positive regulation of extrinsic apoptotic signaling pathway,0.0,biological_process
positive regulation of leukocyte adhesion to arterial endothelial cell,0.0,biological_process
negative regulation of vascular wound healing,0.0,biological_process
PIP4P2,0.0,gene/protein
Degradation of GLI2 by the proteasome,0.0,pathway
GLI3 is processed to GLI3R by the proteasome,0.0,pathway
RUNX1 regulates transcription of genes involved in differentiation of HSCs,0.0,pathway
ROS sensing by NFE2L2,0.0,pathway
KLHL3,0.0,gene/protein
positive regulation of Schwann cell proliferation involved in axon regeneration,0.0,biological_process
negative regulation of TRAIL-activated apoptotic signaling pathway,0.0,biological_process
cardiac muscle tissue growth involved in heart morphogenesis,0.0,biological_process
Regulation of expression of SLITs and ROBOs,0.0,pathway
RRP12,0.0,gene/protein
VANGL2,0.0,gene/protein
PIP4K2C,0.0,gene/protein
RALBP1,0.0,gene/protein
SLMAP,0.0,gene/protein
TPCN1,0.0,gene/protein
FBXO11,0.0,gene/protein
TNF signaling,0.0,pathway
VANGL1,0.0,gene/protein
death-inducing signaling complex assembly,0.0,biological_process
protein localization to plasma membrane,0.0,biological_process
positive regulation of cysteine-type endopeptidase activity involved in apoptotic process,0.0,biological_process
leukocyte tethering or rolling,0.0,biological_process
prostaglandin metabolic process,0.0,biological_process
TNFR1-induced proapoptotic signaling,0.0,pathway
PIP4K2B,0.0,gene/protein
PHAX,0.0,gene/protein
MAGEH1,0.0,gene/protein
regulation of tumor necrosis factor-mediated signaling pathway,0.0,biological_process
response to salt,0.0,biological_process
vein smooth muscle contraction,0.0,biological_process
phospholipase D-activating G protein-coupled receptor signaling pathway,0.0,biological_process
inositol phosphate-mediated signaling,0.0,biological_process
EXOC8,0.0,gene/protein
cellular response to epidermal growth factor stimulus,0.0,biological_process
CCDC50,0.0,gene/protein
ANKRD13B,0.0,gene/protein
TTLL4,0.0,gene/protein
TLN1,0.0,gene/protein
cellular response to tumor necrosis factor,0.0,biological_process
IKZF3,0.0,gene/protein
RTN1,0.0,gene/protein
TUBA1A,0.0,gene/protein
NANS,0.0,gene/protein
MAPK15,0.0,gene/protein
MAPK13,0.0,gene/protein
KCTD9,0.0,gene/protein
spermatogenesis,0.0,biological_process
regulation of cytokinesis,0.0,biological_process
BCL2L12,0.0,gene/protein
BNIP1,0.0,gene/protein
BNIPL,0.0,gene/protein
adenylate cyclase-inhibiting G protein-coupled receptor signaling pathway,0.0,biological_process
phosphatidylinositol 3-kinase signaling,0.0,biological_process
SLC22A7,0.0,gene/protein
leukocyte activation,0.0,biological_process
Poor wound healing,0.0,effect/phenotype
Recurrent ear infections,0.0,effect/phenotype
Recurrent mycobacterial infections,0.0,effect/phenotype
ANKS1A,0.0,gene/protein
PDP1,0.0,gene/protein
BAG6,0.0,gene/protein
KPNA6,0.0,gene/protein
protein kinase C-activating G protein-coupled receptor signaling pathway,0.0,biological_process
SLCO2B1,0.0,gene/protein
SNX9,0.0,gene/protein
SHC2,0.0,gene/protein
HEMGN,0.0,gene/protein
male gonad development,0.0,biological_process
negative regulation of extrinsic apoptotic signaling pathway in absence of ligand,0.0,biological_process
apoptotic mitochondrial changes,0.0,biological_process
GRAP2,0.0,gene/protein
HEXIM1,0.0,gene/protein
HSP90B1,0.0,gene/protein
MUC4,0.0,gene/protein
cellular response to reactive oxygen species,0.0,biological_process
CYTH2,0.0,gene/protein
ARMC6,0.0,gene/protein
LONP1,0.0,gene/protein
IPO11,0.0,gene/protein
DNAJA3,0.0,gene/protein
positive regulation of cell migration,0.0,biological_process
HGS,0.0,gene/protein
VEGFA,0.0,gene/protein
KCNH2,0.0,gene/protein
RABGEF1,0.0,gene/protein
DCTN2,0.0,gene/protein
VAC14,0.0,gene/protein
CASP9,0.0,gene/protein
ITPR2,0.0,gene/protein
MOAP1,0.0,gene/protein
CREB3,0.0,gene/protein
Recurrent gram-negative bacterial infections,0.0,effect/phenotype
Recurrent streptococcal infections,0.0,effect/phenotype
UBQLN4,0.0,gene/protein
positive regulation of DNA-binding transcription factor activity,0.0,biological_process
ABCB5,0.0,gene/protein
positive regulation of cardiac muscle hypertrophy,0.0,biological_process
BMF,0.0,gene/protein
COPS6,0.0,gene/protein
Recurrent respiratory infections,0.0,effect/phenotype
gene silencing by RNA,0.0,biological_process
positive regulation of NF-kappaB transcription factor activity,0.0,biological_process
negative regulation of angiogenesis,0.0,biological_process
positive regulation of connective tissue replacement,0.0,biological_process
positive regulation of mitochondrion organization,0.0,biological_process
GNA13,0.0,gene/protein
response to cytokine,0.0,biological_process
TCF3,0.0,gene/protein
defense response to virus,0.0,biological_process
release of cytochrome c from mitochondria,0.0,biological_process
BCL2L14,0.0,gene/protein
negative regulation of cellular protein metabolic process,0.0,biological_process
BLID,0.0,gene/protein
negative regulation of intrinsic apoptotic signaling pathway,0.0,biological_process
positive regulation of intrinsic apoptotic signaling pathway,0.0,biological_process
VDAC2,0.0,gene/protein
mitochondrion morphogenesis,0.0,biological_process
ALOX15B,0.0,gene/protein
LRRTM2,0.0,gene/protein
CLEC10A,0.0,gene/protein
C1QTNF9,0.0,gene/protein
negative regulation of release of cytochrome c from mitochondria,0.0,biological_process
regulation of mitochondrial membrane potential,0.0,biological_process
response to cycloheximide,0.0,biological_process
SMC3,0.0,gene/protein
BBC3,0.0,gene/protein
negative regulation of tumor necrosis factor production,0.0,biological_process
cell growth involved in cardiac muscle cell development,0.0,biological_process
negative regulation of interleukin-7 production,0.0,biological_process
microglial cell activation,0.0,biological_process
negative regulation of sodium ion transmembrane transport,0.0,biological_process
negative regulation of voltage-gated sodium channel activity,0.0,biological_process
negative regulation of interleukin-21 production,0.0,biological_process
negative regulation of cell-matrix adhesion,0.0,biological_process
negative regulation of I-kappaB kinase/NF-kappaB signaling,0.0,biological_process
negative regulation of cytokine production involved in inflammatory response,0.0,biological_process
UBR1,0.0,gene/protein
Pain,0.0,effect/phenotype
positive regulation of odontogenesis,0.0,biological_process
cellular calcium ion homeostasis,0.0,biological_process
negative regulation of blood coagulation,0.0,biological_process
MAPKAPK2,0.0,gene/protein
METTL23,0.0,gene/protein
PINK1,0.0,gene/protein
suppression by virus of host apoptotic process,0.0,biological_process
negative regulation of nitric-oxide synthase biosynthetic process,0.0,biological_process
positive regulation of nitric oxide biosynthetic process,0.0,biological_process
cellular response to glucocorticoid stimulus,0.0,biological_process
cell population proliferation,0.0,biological_process
positive regulation of smooth muscle cell proliferation,0.0,biological_process
MAPK cascade,0.0,biological_process
regulation of growth,0.0,biological_process
negative regulation of neuron apoptotic process,0.0,biological_process
positive regulation of signaling receptor activity,0.0,biological_process
branching involved in blood vessel morphogenesis,0.0,biological_process
dorsal/ventral pattern formation,0.0,biological_process
positive regulation of cytosolic calcium ion concentration,0.0,biological_process
nitric oxide transport,0.0,biological_process
negative regulation of smooth muscle cell apoptotic process,0.0,biological_process
respiratory gaseous exchange by respiratory system,0.0,biological_process
neural crest cell development,0.0,biological_process
positive regulation of mitotic nuclear division,0.0,biological_process
RTL10,0.0,gene/protein
body fluid secretion,0.0,biological_process
negative regulation of hormone secretion,0.0,biological_process
membrane depolarization,0.0,biological_process
cellular response to calcium ion,0.0,biological_process
epithelial fluid transport,0.0,biological_process
response to endothelin,0.0,biological_process
cell-cell signaling,0.0,biological_process
hepatocyte apoptotic process,0.0,biological_process
cellular response to peptide hormone stimulus,0.0,biological_process
ovulation cycle process,0.0,biological_process
odontogenesis,0.0,biological_process
negative regulation of feeding behavior,0.0,biological_process
Ventricular extrasystoles,0.0,effect/phenotype
Globozoospermia,0.0,effect/phenotype
Intrauterine growth retardation,0.0,effect/phenotype
Hypoxemia,0.0,effect/phenotype
IMMT,0.0,gene/protein
PANX1,0.0,gene/protein
negative regulation of endothelial cell migration,0.0,biological_process
MPRIP,0.0,gene/protein
negative regulation of muscle hyperplasia,0.0,biological_process
regulation of nervous system process,0.0,biological_process
endocardial cushion morphogenesis,0.0,biological_process
removal of superoxide radicals,0.0,biological_process
negative regulation of platelet activation,0.0,biological_process
RAC2,0.0,gene/protein
Degradation of the extracellular matrix,0.0,pathway
protein transport,0.0,biological_process
transforming growth factor beta receptor signaling pathway,0.0,biological_process
O-glycosylation of TSR domain-containing proteins,0.0,pathway
GPT,0.0,gene/protein
APOC2,0.0,gene/protein
PRKG2,0.0,gene/protein
NOSTRIN,0.0,gene/protein
blood vessel remodeling,0.0,biological_process
FIS1,0.0,gene/protein
TECR,0.0,gene/protein
PAXIP1,0.0,gene/protein
endoplasmic reticulum to Golgi vesicle-mediated transport,0.0,biological_process
neuron projection maintenance,0.0,biological_process
response to heat,0.0,biological_process
RABGGTB,0.0,gene/protein
FBXL17,0.0,gene/protein
MIS12,0.0,gene/protein
RNF32,0.0,gene/protein
NOSIP mediated eNOS trafficking,0.0,pathway
VEGFR2 mediated vascular permeability,0.0,pathway
negative regulation of neuron death,0.0,biological_process
negative regulation of cell death,0.0,biological_process
TRAP1,0.0,gene/protein
positive regulation of cytokine production,0.0,biological_process
TNFs bind their physiological receptors,0.0,pathway
PDLIM5,0.0,gene/protein
TRIM38,0.0,gene/protein
RASGRP3,0.0,gene/protein
OCLN,0.0,gene/protein
STXBP1,0.0,gene/protein
DDX58,0.0,gene/protein
ZMYND8,0.0,gene/protein
histone H3-T6 phosphorylation,0.0,biological_process
SDC2,0.0,gene/protein
presynaptic modulation of chemical synaptic transmission,0.0,biological_process
RNF31,0.0,gene/protein
NOSTRIN mediated eNOS trafficking,0.0,pathway
SYTL4,0.0,gene/protein
mitochondrion organization,0.0,biological_process
aortic valve morphogenesis,0.0,biological_process
activation of protein kinase B activity,0.0,biological_process
TRPC4,0.0,gene/protein
TNFRSF25,0.0,gene/protein
RFK,0.0,gene/protein
eNOS activation,0.0,pathway
regulation of actin cytoskeleton organization,0.0,biological_process
positive regulation of cellular protein metabolic process,0.0,biological_process
PILRA,0.0,gene/protein
PRELID1,0.0,gene/protein
EXOSC1,0.0,gene/protein
endothelial cell migration,0.0,biological_process
negative regulation of biomineral tissue development,0.0,biological_process
"Tetrahydrobiopterin (BH4) synthesis, recycling, salvage and regulation",0.0,pathway
SCAI,0.0,gene/protein
KCNE1,0.0,gene/protein
HADHA,0.0,gene/protein
CD63,0.0,gene/protein
CLPS,0.0,gene/protein
ASL,0.0,gene/protein
ALK,0.0,gene/protein
ARAF,0.0,gene/protein
CLK2,0.0,gene/protein
INCA1,0.0,gene/protein
DTX1,0.0,gene/protein
CD4,0.0,gene/protein
DAPK3,0.0,gene/protein
GHR,0.0,gene/protein
AP2M1,0.0,gene/protein
CA5A,0.0,gene/protein
HGD,0.0,gene/protein
HAL,0.0,gene/protein
ERCC8,0.0,gene/protein
ureteric bud development,0.0,biological_process
NOSIP,0.0,gene/protein
blood vessel diameter maintenance,0.0,biological_process
ANKRD28,0.0,gene/protein
ANG,0.0,gene/protein
APLP1,0.0,gene/protein
FGL1,0.0,gene/protein
AMY2A,0.0,gene/protein
LILRB2,0.0,gene/protein
response to hyperoxia,0.0,biological_process
proteolysis,0.0,biological_process
Leydig cell differentiation,0.0,biological_process
response to pH,0.0,biological_process
HTRA1,0.0,gene/protein
ZFP41,0.0,gene/protein
response to fluid shear stress,0.0,biological_process
Abnormality of chromosome stability,0.0,effect/phenotype
hydrogen peroxide catabolic process,0.0,biological_process
RUNX1,0.0,gene/protein
EFNA3,0.0,gene/protein
EFNA5,0.0,gene/protein
GPS2,0.0,gene/protein
AHSG,0.0,gene/protein
DAPK1,0.0,gene/protein
ANXA4,0.0,gene/protein
EPHX1,0.0,gene/protein
AQP3,0.0,gene/protein
LITAF,0.0,gene/protein
negative regulation of tyrosine phosphorylation of STAT protein,0.0,biological_process
interleukin-6-mediated signaling pathway,0.0,biological_process
negative regulation of extracellular matrix disassembly,0.0,biological_process
KANK2,0.0,gene/protein
PLEKHA2,0.0,gene/protein
FAM25G,0.0,gene/protein
androgen metabolic process,0.0,biological_process
tetrahydrobiopterin metabolic process,0.0,biological_process
ASGR1,0.0,gene/protein
cholangiocyte proliferation,0.0,biological_process
regulation of aorta morphogenesis,0.0,biological_process
negative regulation of vascular associated smooth muscle cell migration,0.0,biological_process
negative regulation of prostaglandin biosynthetic process,0.0,biological_process
negative regulation of T cell activation,0.0,biological_process
RIPK4,0.0,gene/protein
RGS2,0.0,gene/protein
GLI3,0.0,gene/protein
negative regulation of epithelial to mesenchymal transition,0.0,biological_process
positive regulation of cell adhesion molecule production,0.0,biological_process
negative regulation of astrocyte activation,0.0,biological_process
negative regulation of blood pressure,0.0,biological_process
arginine catabolic process,0.0,biological_process
innate immune response in mucosa,0.0,biological_process
Notch signaling pathway,0.0,biological_process
regulation of osteoclast development,0.0,biological_process
positive regulation of cholesterol storage,0.0,biological_process
NIK/NF-kappaB signaling,0.0,biological_process
positive regulation of lipid storage,0.0,biological_process
positive regulation of vascular associated smooth muscle cell differentiation,0.0,biological_process
positive regulation of tau-protein kinase activity,0.0,biological_process
cellular response to vitamin D,0.0,biological_process
positive regulation of vascular associated smooth muscle cell migration,0.0,biological_process
negative regulation of endothelial cell apoptotic process,0.0,biological_process
positive regulation of vascular endothelial cell proliferation,0.0,biological_process
negative regulation of receptor-mediated endocytosis,0.0,biological_process
ERICH2,0.0,gene/protein
TM2D3,0.0,gene/protein
Edema,0.0,effect/phenotype
Anasarca,0.0,effect/phenotype
Albuminuria,0.0,effect/phenotype
Skeletal muscle atrophy,0.0,effect/phenotype
S100A8,0.0,gene/protein
FXR1,0.0,gene/protein
CCDC107,0.0,gene/protein
positive regulation of receptor signaling pathway via JAK-STAT,0.0,biological_process
negative regulation of keratinocyte proliferation,0.0,biological_process
negative regulation of monocyte differentiation,0.0,biological_process
cellular response to interleukin-6,0.0,biological_process
positive regulation of sprouting angiogenesis,0.0,biological_process
pulmonary valve development,0.0,biological_process
ZNF420,0.0,gene/protein
negative regulation of low-density lipoprotein particle clearance,0.0,biological_process
positive regulation of osteoblast differentiation,0.0,biological_process
positive regulation of Schwann cell migration,0.0,biological_process
negative regulation of vascular associated smooth muscle cell differentiation,0.0,biological_process
positive regulation of tyrosine phosphorylation of STAT protein,0.0,biological_process
positive regulation of axon regeneration,0.0,biological_process
glial cell-neuron signaling,0.0,biological_process
negative regulation of heterotypic cell-cell adhesion,0.0,biological_process
negative regulation of low-density lipoprotein receptor activity,0.0,biological_process
cellular response to vascular endothelial growth factor stimulus,0.0,biological_process
regulation of cholesterol esterification,0.0,biological_process
positive regulation of cardiac muscle cell apoptotic process,0.0,biological_process
negative regulation by host of viral genome replication,0.0,biological_process
cardiac muscle hypertrophy,0.0,biological_process
negative regulation of neuroinflammatory response,0.0,biological_process
negative regulation of fibroblast growth factor production,0.0,biological_process
positive regulation of high-density lipoprotein particle clearance,0.0,biological_process
MRPS33,0.0,gene/protein
HSPA12A,0.0,gene/protein
SLC30A4,0.0,gene/protein
OTULIN,0.0,gene/protein
CCDC70,0.0,gene/protein
BTNL9,0.0,gene/protein
SLC14A2,0.0,gene/protein
SEC16A,0.0,gene/protein
NFAT5,0.0,gene/protein
PLEKHO1,0.0,gene/protein
HSD17B4,0.0,gene/protein
FBXW11,0.0,gene/protein
SPATA2,0.0,gene/protein
Pulmonary edema,0.0,effect/phenotype
TRPC5,0.0,gene/protein
TRPC1,0.0,gene/protein
USP4,0.0,gene/protein
GPR50,0.0,gene/protein
ZCCHC12,0.0,gene/protein
LRRC25,0.0,gene/protein
negative regulation of synoviocyte proliferation,0.0,biological_process
B cell activation,0.0,biological_process
positive regulation of vascular endothelial growth factor receptor signaling pathway,0.0,biological_process
mitotic nuclear membrane disassembly,0.0,biological_process
positive regulation of B cell receptor signaling pathway,0.0,biological_process
WNT5A-dependent internalization of FZD4,0.0,pathway
Depolymerisation of the Nuclear Lamina,0.0,pathway
Trafficking of GluR2-containing AMPA receptors,0.0,pathway
negative regulation of interleukin-2 production,0.0,biological_process
positive regulation of cardiac muscle cell differentiation,0.0,biological_process
positive regulation of keratinocyte differentiation,0.0,biological_process
Inhibition of nitric oxide production,0.0,pathway
response to hormone,0.0,biological_process
Allergy,0.0,effect/phenotype
MAPKAP1,0.0,gene/protein
negative regulation of cardiac muscle hypertrophy,0.0,biological_process
fatty acid homeostasis,0.0,biological_process
negative regulation of lipid catabolic process,0.0,biological_process
cellular response to laminar fluid shear stress,0.0,biological_process
positive regulation of oligodendrocyte differentiation,0.0,biological_process
CNTRL,0.0,gene/protein
ZNF101,0.0,gene/protein
SIKE1,0.0,gene/protein
positive regulation of myelination,0.0,biological_process
OPTN,0.0,gene/protein
STRIP1,0.0,gene/protein
RNF8,0.0,gene/protein
GPR75-ASB3,0.0,gene/protein
IBTK,0.0,gene/protein
negative regulation of activated T cell proliferation,0.0,biological_process
negative regulation of interleukin-17 production,0.0,biological_process
positive regulation of interleukin-1 beta production,0.0,biological_process
left/right axis specification,0.0,biological_process
CSNK1A1L,0.0,gene/protein
cellular response to growth factor stimulus,0.0,biological_process
TNFR2 non-canonical NF-kB pathway,0.0,pathway
negative regulation of receptor signaling pathway via STAT,0.0,biological_process
ASB3,0.0,gene/protein
DOLK,0.0,gene/protein
CLIP3,0.0,gene/protein
I-kappaB kinase/NF-kappaB signaling,0.0,biological_process
XPR1,0.0,gene/protein
regulation of neuroinflammatory response,0.0,biological_process
TBC1D15,0.0,gene/protein
negative regulation of interleukin-6-mediated signaling pathway,0.0,biological_process
Interleukin-10 signaling,0.0,pathway
FGFR1OP2,0.0,gene/protein
UTP6,0.0,gene/protein
negative regulation of NF-kappaB transcription factor activity,0.0,biological_process
negative regulation of viral genome replication,0.0,biological_process
negative regulation of proteolysis,0.0,biological_process
positive regulation of MAPK cascade,0.0,biological_process
positive regulation of phosphatidylinositol 3-kinase signaling,0.0,biological_process
positive regulation of Notch signaling pathway,0.0,biological_process
positive regulation of membrane protein ectodomain proteolysis,0.0,biological_process
negative regulation of cell adhesion molecule production,0.0,biological_process
regulation of T cell proliferation,0.0,biological_process
positive regulation of apoptotic process involved in morphogenesis,0.0,biological_process
negative regulation of actin filament polymerization,0.0,biological_process
negative regulation of double-strand break repair,0.0,biological_process
positive regulation of erythrocyte differentiation,0.0,biological_process
positive regulation of vascular associated smooth muscle cell dedifferentiation,0.0,biological_process
negative regulation of NIK/NF-kappaB signaling,0.0,biological_process
positive regulation of epithelial to mesenchymal transition,0.0,biological_process
regulation of T cell cytokine production,0.0,biological_process
RNA destabilization,0.0,biological_process
STRN4,0.0,gene/protein
TRPC4AP,0.0,gene/protein
negative regulation of extracellular matrix constituent secretion,0.0,biological_process
regulation of RNA biosynthetic process,0.0,biological_process
MCRS1,0.0,gene/protein
negative regulation of interleukin-8 production,0.0,biological_process
JPH1,0.0,gene/protein
"positive regulation of wound healing, spreading of epidermal cells",0.0,biological_process
platelet-derived growth factor receptor signaling pathway,0.0,biological_process
positive regulation of epithelial cell migration,0.0,biological_process
positive regulation of cardiac muscle hypertrophy in response to stress,0.0,biological_process
negative regulation of interleukin-1-mediated signaling pathway,0.0,biological_process
negative regulation of lipid binding,0.0,biological_process
negative regulation of artery morphogenesis,0.0,biological_process
regulation of myelination,0.0,biological_process
aortic valve development,0.0,biological_process
negative regulation of blood vessel endothelial cell migration,0.0,biological_process
PRPF4,0.0,gene/protein
PRPF3,0.0,gene/protein
NOLC1,0.0,gene/protein
RPL4,0.0,gene/protein
SYMPK,0.0,gene/protein
SNX3,0.0,gene/protein
Neddylation,0.0,pathway
CDK-mediated phosphorylation and removal of Cdc6,0.0,pathway
cellular response to interferon-gamma,0.0,biological_process
Ubiquitin Mediated Degradation of Phosphorylated Cdc25A,0.0,pathway
Ubiquitin-dependent degradation of Cyclin D,0.0,pathway
Hedgehog 'on' state,0.0,pathway
SYAP1,0.0,gene/protein
"retrograde transport, endosome to Golgi",0.0,biological_process
Regulation of ornithine decarboxylase (ODC),0.0,pathway
Antigen processing: Ubiquitination & Proteasome degradation,0.0,pathway
AUF1 (hnRNP D0) binds and destabilizes mRNA,0.0,pathway
G2/M Checkpoints,0.0,pathway
SEMA3F,0.0,gene/protein
AZGP1,0.0,gene/protein
DRD2,0.0,gene/protein
LTBP1,0.0,gene/protein
PSG9,0.0,gene/protein
GPR35,0.0,gene/protein
PBX3,0.0,gene/protein
FNTA,0.0,gene/protein
UNC119,0.0,gene/protein
FMOD,0.0,gene/protein
COL11A1,0.0,gene/protein
RLBP1,0.0,gene/protein
RBP4,0.0,gene/protein
AIPL1,0.0,gene/protein
SLC37A3,0.0,gene/protein
CDHR1,0.0,gene/protein
ABCA4,0.0,gene/protein
PSG1,0.0,gene/protein
WNT ligand biogenesis and trafficking,0.0,pathway
Negative regulation of NOTCH4 signaling,0.0,pathway
PTPRB,0.0,gene/protein
THRA,0.0,gene/protein
HGSNAT,0.0,gene/protein
FAM71A,0.0,gene/protein
MERTK,0.0,gene/protein
RPGR,0.0,gene/protein
ARL2BP,0.0,gene/protein
C8orf37,0.0,gene/protein
RGR,0.0,gene/protein
CCZ1B,0.0,gene/protein
EYS,0.0,gene/protein
PCARE,0.0,gene/protein
PRPF8,0.0,gene/protein
IRX5,0.0,gene/protein
ROM1,0.0,gene/protein
RP1,0.0,gene/protein
RPE65,0.0,gene/protein
COL1A2,0.0,gene/protein
EPS15,0.0,gene/protein
RDH12,0.0,gene/protein
DHX38,0.0,gene/protein
NAALADL1,0.0,gene/protein
UBAP1L,0.0,gene/protein
PRCD,0.0,gene/protein
Separation of Sister Chromatids,0.0,pathway
IFT43,0.0,gene/protein
CROCC,0.0,gene/protein
C1QTNF5,0.0,gene/protein
PRPH2,0.0,gene/protein
RP9,0.0,gene/protein
ARHGEF18,0.0,gene/protein
RAI14,0.0,gene/protein
P3H1,0.0,gene/protein
RHO,0.0,gene/protein
CD72,0.0,gene/protein
SPTBN2,0.0,gene/protein
SCAPER,0.0,gene/protein
IMPG2,0.0,gene/protein
NRL,0.0,gene/protein
GRID2,0.0,gene/protein
HYMAI,0.0,gene/protein
regulation of catalytic activity,0.0,biological_process
APEH,0.0,gene/protein
Fc-epsilon receptor signaling pathway,0.0,biological_process
Degradation of AXIN,0.0,pathway
MFF,0.0,gene/protein
CD200R1,0.0,gene/protein
CCDC74B,0.0,gene/protein
DYNC1LI1,0.0,gene/protein
BHLHE41,0.0,gene/protein
ANKRD27,0.0,gene/protein
protein deubiquitination,0.0,biological_process
PTF1A,0.0,gene/protein
ZFP57,0.0,gene/protein
SLC19A2,0.0,gene/protein
NEUROG3,0.0,gene/protein
DSP,0.0,gene/protein
CNGB1,0.0,gene/protein
CNGA1,0.0,gene/protein
GUCY2D,0.0,gene/protein
C1QB,0.0,gene/protein
ABHD12,0.0,gene/protein
PRTFDC1,0.0,gene/protein
ISL1,0.0,gene/protein
MX1,0.0,gene/protein
ELF4,0.0,gene/protein
Abnormal glucose homeostasis,0.0,effect/phenotype
PLTP,0.0,gene/protein
ZNF513,0.0,gene/protein
GUCA1B,0.0,gene/protein
KCNK5,0.0,gene/protein
FCGR1A,0.0,gene/protein
CLDN4,0.0,gene/protein
ACP3,0.0,gene/protein
ANK3,0.0,gene/protein
MNX1,0.0,gene/protein
FGFR4,0.0,gene/protein
SIL1,0.0,gene/protein
PUM1,0.0,gene/protein
TNFSF14,0.0,gene/protein
SLC16A2,0.0,gene/protein
CNR2,0.0,gene/protein
CLDN9,0.0,gene/protein
ITGB8,0.0,gene/protein
HDLBP,0.0,gene/protein
BCS1L,0.0,gene/protein
PIP4K2A,0.0,gene/protein
Abnormal peripheral nervous system morphology,0.0,effect/phenotype
ZER1,0.0,gene/protein
CSN3,0.0,gene/protein
FGF8,0.0,gene/protein
PGR,0.0,gene/protein
CXCL3,0.0,gene/protein
MYO6,0.0,gene/protein
DYSF,0.0,gene/protein
FGF23,0.0,gene/protein
regulation of mitotic cell cycle phase transition,0.0,biological_process
SYT14,0.0,gene/protein
DDC,0.0,gene/protein
ANO10,0.0,gene/protein
CASP6,0.0,gene/protein
CWF19L1,0.0,gene/protein
Regulation of PTEN stability and activity,0.0,pathway
Oxygen-dependent proline hydroxylation of Hypoxia-inducible Factor Alpha,0.0,pathway
NIK-->noncanonical NF-kB signaling,0.0,pathway
UBA5,0.0,gene/protein
PDS5A,0.0,gene/protein
TMEM50B,0.0,gene/protein
GLOD4,0.0,gene/protein
TRNE,0.0,gene/protein
Abnormal waist to hip ratio,0.0,effect/phenotype
C10orf67,0.0,gene/protein
positive regulation of NAD(P)H oxidase activity,0.0,biological_process
positive regulation of mucus secretion,0.0,biological_process
cellular response to angiotensin,0.0,biological_process
Decreased liver function,0.0,effect/phenotype
Elevated hepatic transaminase,0.0,effect/phenotype
cellular response to copper ion,0.0,biological_process
post-embryonic development,0.0,biological_process
lung development,0.0,biological_process
response to lipopolysaccharide,0.0,biological_process
Synthesis of (16-20)-hydroxyeicosatetraenoic acids (HETE),0.0,pathway
aflatoxin metabolic process,0.0,biological_process
response to interleukin-1,0.0,biological_process
ACOT9,0.0,gene/protein
cellular response to mechanical stimulus,0.0,biological_process
Hearing impairment,0.0,effect/phenotype
PLD3,0.0,gene/protein
INTS12,0.0,gene/protein
negative regulation of protein localization to plasma membrane,0.0,biological_process
cholesterol metabolic process,0.0,biological_process
xenobiotic metabolic process,0.0,biological_process
DOCK7,0.0,gene/protein
BTAF1,0.0,gene/protein
ARFGEF2,0.0,gene/protein
calcium-mediated signaling,0.0,biological_process
G0S2,0.0,gene/protein
GNLY,0.0,gene/protein
LRIG1,0.0,gene/protein
ZFYVE1,0.0,gene/protein
PTN,0.0,gene/protein
CBLC,0.0,gene/protein
epoxygenase P450 pathway,0.0,biological_process
Biosynthesis of maresin-like SPMs,0.0,pathway
Mode of inheritance,0.0,effect/phenotype
negative regulation of hematopoietic stem cell proliferation,0.0,biological_process
DBT,0.0,gene/protein
WNT5:FZD7-mediated leishmania damping,0.0,pathway
CDC42 GTPase cycle,0.0,pathway
RHO GTPases Activate NADPH Oxidases,0.0,pathway
hydrogen peroxide biosynthetic process,0.0,biological_process
ROS and RNS production in phagocytes,0.0,pathway
long-term memory,0.0,biological_process
response to glucagon,0.0,biological_process
taurine biosynthetic process,0.0,biological_process
sulfur amino acid biosynthetic process,0.0,biological_process
regulation of myeloid cell differentiation,0.0,biological_process
Response to elevated platelet cytosolic Ca2+,0.0,pathway
RUNX1 regulates transcription of genes involved in differentiation of myeloid cells,0.0,pathway
Neutrophil degranulation,0.0,pathway
PDIA4,0.0,gene/protein
cytokine-mediated signaling pathway,0.0,biological_process
negative regulation of apoptotic process,0.0,biological_process
neuron apoptotic process,0.0,biological_process
endocytosis,0.0,biological_process
BH3-only proteins associate with and inactivate anti-apoptotic BCL-2 members,0.0,pathway
Interleukin-4 and Interleukin-13 signaling,0.0,pathway
The NLRP1 inflammasome,0.0,pathway
Methylation,0.0,pathway
STAT5 activation downstream of FLT3 ITD mutants,0.0,pathway
fertilization,0.0,biological_process
steroid catabolic process,0.0,biological_process
negative regulation of extrinsic apoptotic signaling pathway via death domain receptors,0.0,biological_process
ATXN3,0.0,gene/protein
DNM1L,0.0,gene/protein
NMNAT2,0.0,gene/protein
omega-hydroxylase P450 pathway,0.0,biological_process
RAS processing,0.0,pathway
regulation of fever generation,0.0,biological_process
SLA,0.0,gene/protein
posterior midgut development,0.0,biological_process
EXOC5,0.0,gene/protein
sensory perception of pain,0.0,biological_process
positive regulation of urine volume,0.0,biological_process
vasodilation,0.0,biological_process
KNTC1,0.0,gene/protein
EIF2B5,0.0,gene/protein
Peptide ligand-binding receptors,0.0,pathway
G alpha (q) signalling events,0.0,pathway
positive regulation of superoxide anion generation,0.0,biological_process
Cerebral hemorrhage,0.0,effect/phenotype
SPRY2,0.0,gene/protein
NUMBL,0.0,gene/protein
positive regulation of interleukin-6 production,0.0,biological_process
response to activity,0.0,biological_process
SOX10,0.0,gene/protein
superoxide anion generation,0.0,biological_process
electron transport chain,0.0,biological_process
FOXI2,0.0,gene/protein
CYP4V2,0.0,gene/protein
SCP2,0.0,gene/protein
NRP1,0.0,gene/protein
ARFGEF1,0.0,gene/protein
negative regulation of neuron maturation,0.0,biological_process
IARS1,0.0,gene/protein
SNRPD2,0.0,gene/protein
CLTCL1,0.0,gene/protein
LRRK1,0.0,gene/protein
RGS4,0.0,gene/protein
ANKRD13A,0.0,gene/protein
BCAP31,0.0,gene/protein
positive regulation of penile erection,0.0,biological_process
enteric smooth muscle cell differentiation,0.0,biological_process
GNA11,0.0,gene/protein
PSEN2,0.0,gene/protein
PFKL,0.0,gene/protein
DNAJC13,0.0,gene/protein
MAPKAPK3,0.0,gene/protein
SNX4,0.0,gene/protein
EXOC4,0.0,gene/protein
TMCO3,0.0,gene/protein
RAD9A,0.0,gene/protein
NCF1,0.0,gene/protein
RHBDD2,0.0,gene/protein
TPT1,0.0,gene/protein
WASL,0.0,gene/protein
SHC4,0.0,gene/protein
SH2D1A,0.0,gene/protein
histamine secretion,0.0,biological_process
cellular response to hypoxia,0.0,biological_process
AIP,0.0,gene/protein
RAD21,0.0,gene/protein
CARD9,0.0,gene/protein
Synthesis of epoxy (EET) and dihydroxyeicosatrienoic acids (DHET),0.0,pathway
phospholipase C-activating G protein-coupled receptor signaling pathway,0.0,biological_process
Aflatoxin activation and detoxification,0.0,pathway
response to estradiol,0.0,biological_process
cellular response to cadmium ion,0.0,biological_process
methylation,0.0,biological_process
drug metabolic process,0.0,biological_process
RTN4,0.0,gene/protein
oxidative demethylation,0.0,biological_process
ECPAS,0.0,gene/protein
XPO7,0.0,gene/protein
DNAJA1,0.0,gene/protein
FKBP8,0.0,gene/protein
positive regulation of renal sodium excretion,0.0,biological_process
cell surface receptor signaling pathway,0.0,biological_process
STIP1,0.0,gene/protein
PPHLN1,0.0,gene/protein
cellular response to organic cyclic compound,0.0,biological_process
CD2BP2,0.0,gene/protein
CLASP1,0.0,gene/protein
HNMT,0.0,gene/protein
G alpha (12/13) signalling events,0.0,pathway
Cooperation of PDCL (PhLP1) and TRiC/CCT in G-protein beta folding,0.0,pathway
G beta:gamma signalling through CDC42,0.0,pathway
CIDEB,0.0,gene/protein
G alpha (s) signalling events,0.0,pathway
RFX6,0.0,gene/protein
NEU4,0.0,gene/protein
TRIM15,0.0,gene/protein
SMYD5,0.0,gene/protein
ALG11,0.0,gene/protein
MED7,0.0,gene/protein
CBY3,0.0,gene/protein
MGST2,0.0,gene/protein
STX16,0.0,gene/protein
SOX30,0.0,gene/protein
positive regulation of JUN kinase activity,0.0,biological_process
positive regulation of vascular associated smooth muscle cell proliferation,0.0,biological_process
positive regulation of cytosolic calcium ion concentration involved in phospholipase C-activating G protein-coupled signaling pathway,0.0,biological_process
CELA3B,0.0,gene/protein
NUCKS1,0.0,gene/protein
RCAN2,0.0,gene/protein
UGT1A9,0.0,gene/protein
GNGT2,0.0,gene/protein
SLC28A1,0.0,gene/protein
Focal-onset seizure,0.0,effect/phenotype
VCP,0.0,gene/protein
hepatocyte differentiation,0.0,biological_process
signal transduction involved in regulation of gene expression,0.0,biological_process
cholesterol homeostasis,0.0,biological_process
phospholipid homeostasis,0.0,biological_process
"positive regulation of transcription, DNA-templated",0.0,biological_process
lipid metabolic process,0.0,biological_process
Seizure,0.0,effect/phenotype
ANP32B,0.0,gene/protein
Regulation of gene expression in beta cells,0.0,pathway
IST1,0.0,gene/protein
lipid homeostasis,0.0,biological_process
negative regulation of cell growth,0.0,biological_process
Glucagon-type ligand receptors,0.0,pathway
TSSK3,0.0,gene/protein
RAB17,0.0,gene/protein
DLGAP4,0.0,gene/protein
SEBOX,0.0,gene/protein
cell volume homeostasis,0.0,biological_process
G beta:gamma signalling through PLC beta,0.0,pathway
regulation of phospholipid metabolic process,0.0,biological_process
NR2F2,0.0,gene/protein
SHB,0.0,gene/protein
MTX1,0.0,gene/protein
head development,0.0,biological_process
SLC10A1,0.0,gene/protein
SYNGR4,0.0,gene/protein
ABCC9,0.0,gene/protein
JAGN1,0.0,gene/protein
AFMID,0.0,gene/protein
"Synthesis, secretion, and inactivation of Glucagon-like Peptide-1 (GLP-1)",0.0,pathway
G alpha (i) signalling events,0.0,pathway
MYH7,0.0,gene/protein
SLC36A3,0.0,gene/protein
LIME1,0.0,gene/protein
GNG2,0.0,gene/protein
regulation of triglyceride metabolic process,0.0,biological_process
GIPC2,0.0,gene/protein
CITED2,0.0,gene/protein
LAMA5,0.0,gene/protein
Vasopressin regulates renal water homeostasis via Aquaporins,0.0,pathway
Thrombin signalling through proteinase activated receptors (PARs),0.0,pathway
Presynaptic function of Kainate receptors,0.0,pathway
TMEM147,0.0,gene/protein
middle ear morphogenesis,0.0,biological_process
response to ozone,0.0,biological_process
MTIF3,0.0,gene/protein
HRK,0.0,gene/protein
KEAP1,0.0,gene/protein
UHRF2,0.0,gene/protein
ZAP70,0.0,gene/protein
PTCH1,0.0,gene/protein
ANTXR1,0.0,gene/protein
CMTM8,0.0,gene/protein
positive regulation of NIK/NF-kappaB signaling,0.0,biological_process
response to nicotine,0.0,biological_process
BNIP5,0.0,gene/protein
GIMAP5,0.0,gene/protein
ITPR1,0.0,gene/protein
negative regulation of gene expression,0.0,biological_process
ovarian follicle development,0.0,biological_process
SOCS4,0.0,gene/protein
positive regulation of heart rate,0.0,biological_process
vasoconstriction,0.0,biological_process
positive regulation of smooth muscle contraction,0.0,biological_process
EDRF1,0.0,gene/protein
GORAB,0.0,gene/protein
VAV1,0.0,gene/protein
innate immune response,0.0,biological_process
MOB4,0.0,gene/protein
NLRP1,0.0,gene/protein
CFLAR,0.0,gene/protein
PLD2,0.0,gene/protein
TRAF2,0.0,gene/protein
KCNJ4,0.0,gene/protein
PTPN20,0.0,gene/protein
Allodynia,0.0,effect/phenotype
Bradycardia,0.0,effect/phenotype
HSPH1,0.0,gene/protein
DOK2,0.0,gene/protein
RIN2,0.0,gene/protein
CNOT9,0.0,gene/protein
DNAJC4,0.0,gene/protein
DCBLD2,0.0,gene/protein
BAIAP2,0.0,gene/protein
ZHX1,0.0,gene/protein
positive regulation of neutrophil chemotaxis,0.0,biological_process
TJAP1,0.0,gene/protein
positive regulation of cell size,0.0,biological_process
regulation of glucose metabolic process,0.0,biological_process
regulation of cholesterol metabolic process,0.0,biological_process
XPO1,0.0,gene/protein
KHNYN,0.0,gene/protein
cartilage development,0.0,biological_process
response to testosterone,0.0,biological_process
cellular response to interleukin-1,0.0,biological_process
response to leptin,0.0,biological_process
KRTAP10-8,0.0,gene/protein
positive regulation of MAP kinase activity,0.0,biological_process
negative regulation of transcription by RNA polymerase II,0.0,biological_process
Cardiomegaly,0.0,effect/phenotype
Preeclampsia,0.0,effect/phenotype
Toxemia of pregnancy,0.0,effect/phenotype
Premature birth,0.0,effect/phenotype
Arrhythmia,0.0,effect/phenotype
Pulmonary arterial hypertension,0.0,effect/phenotype
WASF3,0.0,gene/protein
regulation of vasoconstriction,0.0,biological_process
CNIH4,0.0,gene/protein
GRINA,0.0,gene/protein
MT-ATP6,0.0,gene/protein
regulation of insulin secretion,0.0,biological_process
NCOA2,0.0,gene/protein
type B pancreatic cell development,0.0,biological_process
RAPH1,0.0,gene/protein
NDFIP2,0.0,gene/protein
Urinary retention,0.0,effect/phenotype
CLIP4,0.0,gene/protein
TOMM6,0.0,gene/protein
USH2A,0.0,gene/protein
CLRN1,0.0,gene/protein
FAM161A,0.0,gene/protein
SEMA4A,0.0,gene/protein
ZNF408,0.0,gene/protein
SLC7A14,0.0,gene/protein
endothelin receptor signaling pathway,0.0,biological_process
response to pain,0.0,biological_process
cellular response to lipopolysaccharide,0.0,biological_process
regulation of epithelial cell proliferation,0.0,biological_process
response to muscle stretch,0.0,biological_process
response to prostaglandin F,0.0,biological_process
rhythmic excitation,0.0,biological_process
cellular response to mineralocorticoid stimulus,0.0,biological_process
regulation of sensory perception of pain,0.0,biological_process
melanocyte differentiation,0.0,biological_process
smooth muscle contraction,0.0,biological_process
positive regulation of endothelial cell migration,0.0,biological_process
nervous system development,0.0,biological_process
negative regulation of adenylate cyclase activity,0.0,biological_process
prostaglandin biosynthetic process,0.0,biological_process
HDAC7,0.0,gene/protein
positive regulation of cell growth involved in cardiac muscle cell development,0.0,biological_process
positive regulation of hormone secretion,0.0,biological_process
CYSRT1,0.0,gene/protein
maternal process involved in parturition,0.0,biological_process
regulation of systemic arterial blood pressure by endothelin,0.0,biological_process
PDXDC1,0.0,gene/protein
C1orf112,0.0,gene/protein
positive regulation of protein phosphorylation,0.0,biological_process
response to organic cyclic compound,0.0,biological_process
TJP1,0.0,gene/protein
KRTAP1-3,0.0,gene/protein
response to dexamethasone,0.0,biological_process
PDE6A,0.0,gene/protein
PDE6G,0.0,gene/protein
PDE6B,0.0,gene/protein
CA4,0.0,gene/protein
ARL3,0.0,gene/protein
PRPF31,0.0,gene/protein
IFT172,0.0,gene/protein
SPATA7,0.0,gene/protein
peptide hormone secretion,0.0,biological_process
FSCN2,0.0,gene/protein
BEST1,0.0,gene/protein
OFD1,0.0,gene/protein
PROM1,0.0,gene/protein
RP2,0.0,gene/protein
Neonatal insulin-dependent diabetes mellitus,0.0,effect/phenotype
IER3IP1,0.0,gene/protein
NKX2-2,0.0,gene/protein
KIZ,0.0,gene/protein
ARHGDIB,0.0,gene/protein
KLHL7,0.0,gene/protein
CRB1,0.0,gene/protein
AGBL5,0.0,gene/protein
RBP3,0.0,gene/protein
CHM,0.0,gene/protein
positive regulation of sarcomere organization,0.0,biological_process
protein kinase C deactivation,0.0,biological_process
MAK,0.0,gene/protein
multicellular organism aging,0.0,biological_process
AHSA1,0.0,gene/protein
negative regulation of endoplasmic reticulum stress-induced intrinsic apoptotic signaling pathway,0.0,biological_process
CORO1B,0.0,gene/protein
SAG,0.0,gene/protein
TUB,0.0,gene/protein
TULP1,0.0,gene/protein
PNPLA6,0.0,gene/protein
positive regulation of prostaglandin-endoperoxide synthase activity,0.0,biological_process
artery smooth muscle contraction,0.0,biological_process
LEAP2,0.0,gene/protein
PUS10,0.0,gene/protein
ADP signalling through P2Y purinoceptor 1,0.0,pathway
ornithine metabolic process,0.0,biological_process
MAN1A1,0.0,gene/protein
C18orf32,0.0,gene/protein
MFSD5,0.0,gene/protein
LMBR1,0.0,gene/protein
G protein-coupled receptor signaling pathway,0.0,biological_process
cellular response to drug,0.0,biological_process
SEC61A1,0.0,gene/protein
ANKS1B,0.0,gene/protein
TIMM50,0.0,gene/protein
SH2D3C,0.0,gene/protein
KCTD9P2,0.0,gene/protein
SLA2,0.0,gene/protein
cellular response to fatty acid,0.0,biological_process
regulation of glucose transmembrane transport,0.0,biological_process
SYNGR2,0.0,gene/protein
signal transduction,0.0,biological_process
Nuclear Receptor transcription pathway,0.0,pathway
negative regulation of cell population proliferation,0.0,biological_process
CNNM3,0.0,gene/protein
RBKS,0.0,gene/protein
ANKRD30BL,0.0,gene/protein
NIBAN2,0.0,gene/protein
SCAF11,0.0,gene/protein
RMRP,0.0,gene/protein
G alpha (z) signalling events,0.0,pathway
B3GALT1,0.0,gene/protein
MT-CO1,0.0,gene/protein
regulation of blood pressure,0.0,biological_process
MT-ND1,0.0,gene/protein
PTPN18,0.0,gene/protein
VAMP5,0.0,gene/protein
SPTLC1,0.0,gene/protein
SH3GL3,0.0,gene/protein
SCGB1D4,0.0,gene/protein
ERCC2,0.0,gene/protein
PIN4,0.0,gene/protein
CNTN2,0.0,gene/protein
P4HTM,0.0,gene/protein
CIP2A,0.0,gene/protein
HTR3A,0.0,gene/protein
regulation of pH,0.0,biological_process
positive regulation of prostaglandin secretion,0.0,biological_process
PIGT,0.0,gene/protein
ILKAP,0.0,gene/protein
PTK6,0.0,gene/protein
S100A7,0.0,gene/protein
OTUD7B,0.0,gene/protein
SPNS1,0.0,gene/protein
VPS11,0.0,gene/protein
response to hypoxia,0.0,biological_process
activation of adenylate cyclase activity,0.0,biological_process
enteric nervous system development,0.0,biological_process
ARL5B,0.0,gene/protein
aging,0.0,biological_process
cGMP-mediated signaling,0.0,biological_process
macrophage chemotaxis,0.0,biological_process
activation of phospholipase C activity,0.0,biological_process
KRT5,0.0,gene/protein
peripheral nervous system development,0.0,biological_process
neural crest cell migration,0.0,biological_process
EXOC1,0.0,gene/protein
TYW1B,0.0,gene/protein
VPS8,0.0,gene/protein
EXOC2,0.0,gene/protein
response to amino acid,0.0,biological_process
positive regulation of chemokine-mediated signaling pathway,0.0,biological_process
TPI1,0.0,gene/protein
Recurrent staphylococcal infections,0.0,effect/phenotype
RSPH9,0.0,gene/protein
PDGFD,0.0,gene/protein
TIGD5,0.0,gene/protein
INSL6,0.0,gene/protein
MRPL4,0.0,gene/protein
negative regulation of PERK-mediated unfolded protein response,0.0,biological_process
regulation of intracellular protein transport,0.0,biological_process
PCGF6,0.0,gene/protein
HADHB,0.0,gene/protein
regulation of hepatocyte growth factor receptor signaling pathway,0.0,biological_process
GOSR1,0.0,gene/protein
RXRG,0.0,gene/protein
negative regulation of neuron differentiation,0.0,biological_process
NACC1,0.0,gene/protein
protein homotrimerization,0.0,biological_process
protein glycosylation,0.0,biological_process
regulation of intracellular cholesterol transport,0.0,biological_process
regulation of type I interferon-mediated signaling pathway,0.0,biological_process
LMO4,0.0,gene/protein
TRAPPC5,0.0,gene/protein
GSE1,0.0,gene/protein
KAT8,0.0,gene/protein
histone acetylation,0.0,biological_process
DNA repair,0.0,biological_process
FOXR1,0.0,gene/protein
Generic Transcription Pathway,0.0,pathway
YPEL5,0.0,gene/protein
DGCR6L,0.0,gene/protein
LURAP1,0.0,gene/protein
TCP11L1,0.0,gene/protein
FOXD4L1,0.0,gene/protein
PHF21A,0.0,gene/protein
cell migration,0.0,biological_process
ZNRF4,0.0,gene/protein
RMND5A,0.0,gene/protein
Abnormality of extrapyramidal motor function,0.0,effect/phenotype
THRSP,0.0,gene/protein
CASC3,0.0,gene/protein
positive regulation of lamellipodium assembly,0.0,biological_process
axon extension,0.0,biological_process
positive regulation of Rac protein signal transduction,0.0,biological_process
dendrite extension,0.0,biological_process
RUNX1 interacts with co-factors whose precise effect on RUNX1 targets is not known,0.0,pathway
KRTAP6-3,0.0,gene/protein
dolichyl diphosphate biosynthetic process,0.0,biological_process
Assembly of active LPL and LIPC lipase complexes,0.0,pathway
positive regulation of triglyceride catabolic process,0.0,biological_process
fibroblast growth factor receptor signaling pathway,0.0,biological_process
dolichol biosynthetic process,0.0,biological_process
protein mannosylation,0.0,biological_process
positive regulation of SMAD protein signal transduction,0.0,biological_process
very-low-density lipoprotein particle remodeling,0.0,biological_process
RFFL,0.0,gene/protein
MRGBP,0.0,gene/protein
positive regulation of receptor catabolic process,0.0,biological_process
PCGF5,0.0,gene/protein
positive regulation of MAPKKK cascade by fibroblast growth factor receptor signaling pathway,0.0,biological_process
Cellular hexose transport,0.0,pathway
SGTB,0.0,gene/protein
Defective DHDDS causes retinitis pigmentosa 59,0.0,pathway
DCTN4,0.0,gene/protein
enucleate erythrocyte development,0.0,biological_process
XKRX,0.0,gene/protein
BRD8,0.0,gene/protein
positive regulation of fat cell differentiation,0.0,biological_process
SYT6,0.0,gene/protein
activation of JUN kinase activity,0.0,biological_process
TMEM41A,0.0,gene/protein
AMTN,0.0,gene/protein
VPS45,0.0,gene/protein
GHDC,0.0,gene/protein
vascular endothelial growth factor signaling pathway,0.0,biological_process
TCHP,0.0,gene/protein
GID4,0.0,gene/protein
RETREG3,0.0,gene/protein
GRIP1,0.0,gene/protein
SMARCD3,0.0,gene/protein
RRAS2,0.0,gene/protein
SLC4A1,0.0,gene/protein
GHITM,0.0,gene/protein
DNTTIP2,0.0,gene/protein
GATA5,0.0,gene/protein
GOLIM4,0.0,gene/protein
FAM234B,0.0,gene/protein
GADD45G,0.0,gene/protein
RFX5,0.0,gene/protein
FHOD1,0.0,gene/protein
KDM4C,0.0,gene/protein
FOXR2,0.0,gene/protein
ENPP6,0.0,gene/protein
ADGRG5,0.0,gene/protein
kidney development,0.0,biological_process
neuronal stem cell population maintenance,0.0,biological_process
LBH,0.0,gene/protein
BCAR1,0.0,gene/protein
FLYWCH2,0.0,gene/protein
tRNA modification,0.0,biological_process
maintenance of translational fidelity,0.0,biological_process
AGR3,0.0,gene/protein
NSD1,0.0,gene/protein
CEP350,0.0,gene/protein
IFIH1,0.0,gene/protein
BCAS2,0.0,gene/protein
EDF1,0.0,gene/protein
glycogen metabolic process,0.0,biological_process
regulation of glycogen biosynthetic process,0.0,biological_process
TIMMDC1,0.0,gene/protein
ANP32A,0.0,gene/protein
Growth hormone receptor signaling,0.0,pathway
positive regulation of synaptic transmission,0.0,biological_process
positive regulation of progesterone secretion,0.0,biological_process
ZNF664,0.0,gene/protein
PHLPP2,0.0,gene/protein
lymphangiogenesis,0.0,biological_process
POTEI,0.0,gene/protein
OLIG3,0.0,gene/protein
Phase 4 - resting membrane potential,0.0,pathway
GATAD2B,0.0,gene/protein
GID8,0.0,gene/protein
negative regulation of gluconeogenesis,0.0,biological_process
erythrocyte maturation,0.0,biological_process
TMEM30B,0.0,gene/protein
stabilization of membrane potential,0.0,biological_process
PRG3,0.0,gene/protein
MRPL38,0.0,gene/protein
CCDC136,0.0,gene/protein
potassium ion transport,0.0,biological_process
response to mechanical stimulus,0.0,biological_process
SMYD1,0.0,gene/protein
SOS-mediated signalling,0.0,pathway
zinc ion transmembrane transport,0.0,biological_process
FNDC9,0.0,gene/protein
LEUTX,0.0,gene/protein
SFT2D2,0.0,gene/protein
carnitine metabolic process,0.0,biological_process
TMEM31,0.0,gene/protein
cell fate determination,0.0,biological_process
ciliary body morphogenesis,0.0,biological_process
pulmonary valve morphogenesis,0.0,biological_process
morphogenesis of an epithelial sheet,0.0,biological_process
Carnitine metabolism,0.0,pathway
Signaling by Retinoic Acid,0.0,pathway
response to tetrachloromethane,0.0,biological_process
NAALADL2,0.0,gene/protein
muscle cell cellular homeostasis,0.0,biological_process
response to organic substance,0.0,biological_process
response to electrical stimulus,0.0,biological_process
LDHAL6A,0.0,gene/protein
SMARCA5,0.0,gene/protein
response to manganese ion,0.0,biological_process
response to silicon dioxide,0.0,biological_process
response to superoxide,0.0,biological_process
SSR1,0.0,gene/protein
negative regulation of skeletal muscle tissue development,0.0,biological_process
acetylcholine-mediated vasodilation involved in regulation of systemic arterial blood pressure,0.0,biological_process
response to magnetism,0.0,biological_process
PDLIM2,0.0,gene/protein
GREB1,0.0,gene/protein
BMP signaling pathway,0.0,biological_process
positive regulation of vascular permeability,0.0,biological_process
common-partner SMAD protein phosphorylation,0.0,biological_process
positive regulation of hydrogen peroxide biosynthetic process,0.0,biological_process
ARRB1,0.0,gene/protein
Recurrent upper respiratory tract infections,0.0,effect/phenotype
amacrine cell differentiation,0.0,biological_process
positive regulation of NAD+ ADP-ribosyltransferase activity,0.0,biological_process
TGFBR2 MSI Frameshift Mutants in Cancer,0.0,pathway
SMAD2/3 Phosphorylation Motif Mutants in Cancer,0.0,pathway
ECM proteoglycans,0.0,pathway
transforming growth factor beta receptor signaling pathway involved in heart development,0.0,biological_process
ossification involved in bone remodeling,0.0,biological_process
embryonic liver development,0.0,biological_process
age-dependent response to reactive oxygen species,0.0,biological_process
anatomical structure development,0.0,biological_process
positive regulation of peptidyl-tyrosine phosphorylation,0.0,biological_process
Platelet degranulation ,0.0,pathway
ISCU,0.0,gene/protein
RSF1,0.0,gene/protein
positive regulation of microglia differentiation,0.0,biological_process
negative regulation of macrophage cytokine production,0.0,biological_process
MTA3,0.0,gene/protein
"nucleotide-excision repair, DNA incision",0.0,biological_process
MIR125B2,0.0,gene/protein
MIR133B,0.0,gene/protein
sequestering of zinc ion,0.0,biological_process
RAB3A,0.0,gene/protein
PHKB,0.0,gene/protein
SSNA1,0.0,gene/protein
negative regulation of myoblast differentiation,0.0,biological_process
BAD,0.0,gene/protein
DCN,0.0,gene/protein
CAMK2G,0.0,gene/protein
CDH5,0.0,gene/protein
CTNNA1,0.0,gene/protein
NABP2,0.0,gene/protein
negative regulation of membrane hyperpolarization,0.0,biological_process
connective tissue replacement involved in inflammatory response wound healing,0.0,biological_process
thymus development,0.0,biological_process
regulation of blood vessel remodeling,0.0,biological_process
positive regulation of pri-miRNA transcription by RNA polymerase II,0.0,biological_process
positive regulation of protein localization to nucleus,0.0,biological_process
TGFBR2 Kinase Domain Mutants in Cancer,0.0,pathway
CSK,0.0,gene/protein
BAK1,0.0,gene/protein
AP1S1,0.0,gene/protein
CCN2,0.0,gene/protein
KLK5,0.0,gene/protein
CBL,0.0,gene/protein
BIRC3,0.0,gene/protein
transcription initiation from RNA polymerase II promoter,0.0,biological_process
KALRN,0.0,gene/protein
B3GNT2,0.0,gene/protein
"base-excision repair, AP site formation",0.0,biological_process
multicellular organism growth,0.0,biological_process
DLL1,0.0,gene/protein
BMPR1A,0.0,gene/protein
DENND4A,0.0,gene/protein
positive regulation of pathway-restricted SMAD protein phosphorylation,0.0,biological_process
neural tube closure,0.0,biological_process
neuron differentiation,0.0,biological_process
PDHX,0.0,gene/protein
pancreatic PP cell fate commitment,0.0,biological_process
nucleocytoplasmic transport,0.0,biological_process
INTS1,0.0,gene/protein
EEF1G,0.0,gene/protein
negative regulation of reverse cholesterol transport,0.0,biological_process
negative regulation of glycoprotein biosynthetic process,0.0,biological_process
acute inflammatory response,0.0,biological_process
ITIH5,0.0,gene/protein
hemopoiesis,0.0,biological_process
heart looping,0.0,biological_process
positive regulation of keratinocyte proliferation,0.0,biological_process
axon guidance,0.0,biological_process
BTN2A1,0.0,gene/protein
TNFSF15,0.0,gene/protein
TAPBPL,0.0,gene/protein
pathway-restricted SMAD protein phosphorylation,0.0,biological_process
negative regulation of integrin-mediated signaling pathway,0.0,biological_process
NTM,0.0,gene/protein
central nervous system neuron differentiation,0.0,biological_process
ubiquitin-dependent protein catabolic process,0.0,biological_process
Synthesis of Dolichyl-phosphate,0.0,pathway
positive regulation of bone mineralization,0.0,biological_process
Influenza Virus Induced Apoptosis,0.0,pathway
Cell surface interactions at the vascular wall,0.0,pathway
Molecules associated with elastic fibres,0.0,pathway
Downregulation of TGF-beta receptor signaling,0.0,pathway
TGF-beta receptor signaling activates SMADs,0.0,pathway
TGF-beta receptor signaling in EMT (epithelial to mesenchymal transition),0.0,pathway
Syndecan interactions,0.0,pathway
RUNX3 regulates p14-ARF,0.0,pathway
TNFRSF13B,0.0,gene/protein
positive regulation of cell differentiation,0.0,biological_process
embryonic organ morphogenesis,0.0,biological_process
CRTAM,0.0,gene/protein
regulation of intestinal epithelial structure maintenance,0.0,biological_process
enteroendocrine cell differentiation,0.0,biological_process
negative regulation of receptor signaling pathway via JAK-STAT,0.0,biological_process
pancreatic A cell fate commitment,0.0,biological_process
RGS14,0.0,gene/protein
hepatocyte proliferation,0.0,biological_process
CARM1,0.0,gene/protein
ZBTB25,0.0,gene/protein
ACTN4,0.0,gene/protein
ARRB2,0.0,gene/protein
AGTR1,0.0,gene/protein
ATIC,0.0,gene/protein
CDC25A,0.0,gene/protein
CAV2,0.0,gene/protein
GPBP1,0.0,gene/protein
positive regulation of Ras protein signal transduction,0.0,biological_process
ITM2B,0.0,gene/protein
renal system process,0.0,biological_process
protein polyubiquitination,0.0,biological_process
IRS activation,0.0,pathway
Signal attenuation,0.0,pathway
USP34,0.0,gene/protein
ADM,0.0,gene/protein
DPF3,0.0,gene/protein
DOK1,0.0,gene/protein
positive regulation of histone H4-K16 acetylation,0.0,biological_process
neuron migration,0.0,biological_process
MAP2K4,0.0,gene/protein
Recurrent Serratia marcescens infections,0.0,effect/phenotype
Recurrent infections due to aspiration,0.0,effect/phenotype
Recurrent Burkholderia cepacia infections,0.0,effect/phenotype
ERP44,0.0,gene/protein
negative regulation of cell-cell adhesion,0.0,biological_process
Respiratory infections in early life,0.0,effect/phenotype
EFHC1,0.0,gene/protein
KLHL38,0.0,gene/protein
SASS6,0.0,gene/protein
ITLN2,0.0,gene/protein
Antimicrobial peptides,0.0,pathway
antimicrobial humoral response,0.0,biological_process
TIPRL,0.0,gene/protein
TYW3,0.0,gene/protein
MRC2,0.0,gene/protein
regulation of multicellular organism growth,0.0,biological_process
MORN3,0.0,gene/protein
IPO9,0.0,gene/protein
COG8,0.0,gene/protein
AP4E1,0.0,gene/protein
RPRD2,0.0,gene/protein
protein homotetramerization,0.0,biological_process
RNF40,0.0,gene/protein
DNA dealkylation involved in DNA repair,0.0,biological_process
MINDY3,0.0,gene/protein
TAFA3,0.0,gene/protein
SRBD1,0.0,gene/protein
DTX2,0.0,gene/protein
macrophage differentiation,0.0,biological_process
positive regulation of cAMP-dependent protein kinase activity,0.0,biological_process
NUDCD2,0.0,gene/protein
DMAP1,0.0,gene/protein
MISP,0.0,gene/protein
NXF2B,0.0,gene/protein
regulation of low-density lipoprotein particle clearance,0.0,biological_process
MEPCE,0.0,gene/protein
MIR1249,0.0,gene/protein
ESRRA,0.0,gene/protein
MAT2B,0.0,gene/protein
selenium compound metabolic process,0.0,biological_process
FAM50B,0.0,gene/protein
KLB,0.0,gene/protein
SERPINB8,0.0,gene/protein
MEX3D,0.0,gene/protein
SDHA,0.0,gene/protein
RORA activates gene expression,0.0,pathway
PPARA activates gene expression,0.0,pathway
XRCC5,0.0,gene/protein
LAMTOR5,0.0,gene/protein
KRTAP10-5,0.0,gene/protein
SDHD,0.0,gene/protein
amino-acid betaine catabolic process,0.0,biological_process
KCTD7,0.0,gene/protein
"Metabolism of ingested SeMet, Sec, MeSec into H2Se",0.0,pathway
response to nematode,0.0,biological_process
ETNPPL,0.0,gene/protein
PCDHB10,0.0,gene/protein
UBQLN2,0.0,gene/protein
type B pancreatic cell maturation,0.0,biological_process
amino-acid betaine metabolic process,0.0,biological_process
TRIM46,0.0,gene/protein
MARF1,0.0,gene/protein
SLC30A1,0.0,gene/protein
PRDM6,0.0,gene/protein
cytoskeleton organization,0.0,biological_process
ESPL1,0.0,gene/protein
positive regulation of neuron differentiation,0.0,biological_process
endocrine pancreas development,0.0,biological_process
ERLIN1,0.0,gene/protein
PPM1G,0.0,gene/protein
POLI,0.0,gene/protein
negative regulation of glial cell differentiation,0.0,biological_process
exocrine pancreas development,0.0,biological_process
Activated NTRK3 signals through PI3K,0.0,pathway
PCDHGA5,0.0,gene/protein
VSIG1,0.0,gene/protein
GABRA6,0.0,gene/protein
FSTL1,0.0,gene/protein
MIR130B,0.0,gene/protein
MIR214,0.0,gene/protein
MIR127,0.0,gene/protein
MIR215,0.0,gene/protein
GRK3,0.0,gene/protein
SPEG,0.0,gene/protein
RAB5A,0.0,gene/protein
CDC6,0.0,gene/protein
ATP6V1C2,0.0,gene/protein
SGCB,0.0,gene/protein
Choline catabolism,0.0,pathway
fatty acid beta-oxidation,0.0,biological_process
KBTBD7,0.0,gene/protein
response to antibiotic,0.0,biological_process
WDR5,0.0,gene/protein
TOMM40,0.0,gene/protein
TUBG1,0.0,gene/protein
CPD,0.0,gene/protein
GOLGA2,0.0,gene/protein
GUCY1B1,0.0,gene/protein
CCNJL,0.0,gene/protein
DUSP9,0.0,gene/protein
MICB,0.0,gene/protein
DRD3,0.0,gene/protein
MIB1,0.0,gene/protein
MRM3,0.0,gene/protein
MIR204,0.0,gene/protein
CCDC57,0.0,gene/protein
CSNK1E,0.0,gene/protein
CDKN2B,0.0,gene/protein
FOXK2,0.0,gene/protein
CREM,0.0,gene/protein
MIR140,0.0,gene/protein
MIR221,0.0,gene/protein
MIR205,0.0,gene/protein
HCFC2,0.0,gene/protein
negative regulation of translation,0.0,biological_process
mRNA transport,0.0,biological_process
regulation of cytokine production,0.0,biological_process
regulation of RNA metabolic process,0.0,biological_process
Insulin-like Growth Factor-2 mRNA Binding Proteins (IGF2BPs/IMPs/VICKZs) bind RNA,0.0,pathway
RNA repair,0.0,biological_process
CYLD,0.0,gene/protein
NFKBIL1,0.0,gene/protein
GABRG2,0.0,gene/protein
MIR125B1,0.0,gene/protein
LTA,0.0,gene/protein
KRT8,0.0,gene/protein
CD14,0.0,gene/protein
RAPGEF4,0.0,gene/protein
cellular response to ethanol,0.0,biological_process
CCDC120,0.0,gene/protein
YPEL3,0.0,gene/protein
CYB5R3,0.0,gene/protein
PCBP1,0.0,gene/protein
NDUFS1,0.0,gene/protein
carnitine shuttle,0.0,biological_process
insulin secretion,0.0,biological_process
response to fatty acid,0.0,biological_process
MAFA,0.0,gene/protein
TRIM72,0.0,gene/protein
LGALS9,0.0,gene/protein
HSCB,0.0,gene/protein
PCDHB7,0.0,gene/protein
MYORG,0.0,gene/protein
ACVR1B,0.0,gene/protein
PSORS1C2,0.0,gene/protein
CFAP53,0.0,gene/protein
regulation of mRNA stability,0.0,biological_process
TESC,0.0,gene/protein
LARP7,0.0,gene/protein
ITGA11,0.0,gene/protein
PDHA1,0.0,gene/protein
PMEL,0.0,gene/protein
negative regulation of cell migration,0.0,biological_process
MDM4,0.0,gene/protein
MYB,0.0,gene/protein
SEPTIN4,0.0,gene/protein
NAF1,0.0,gene/protein
behavioral fear response,0.0,biological_process
RNF185,0.0,gene/protein
IRS-mediated signalling,0.0,pathway
CUL7,0.0,gene/protein
SOCS7,0.0,gene/protein
transdifferentiation,0.0,biological_process
morphogenesis of embryonic epithelium,0.0,biological_process
Regulation of gene expression in late stage (branching morphogenesis) pancreatic bud precursor cells,0.0,pathway
regulation of pronephros size,0.0,biological_process
HNRNPUL1,0.0,gene/protein
B cell receptor signaling pathway,0.0,biological_process
regulation of cholesterol transporter activity,0.0,biological_process
regulation of lipid metabolic process,0.0,biological_process
negative regulation of macrophage derived foam cell differentiation,0.0,biological_process
cellular response to low-density lipoprotein particle stimulus,0.0,biological_process
response to nutrient,0.0,biological_process
rhythmic process,0.0,biological_process
MREG,0.0,gene/protein
response to lipid,0.0,biological_process
SLC35F6,0.0,gene/protein
negative regulation of sequestering of triglyceride,0.0,biological_process
USP11,0.0,gene/protein
MVP,0.0,gene/protein
hormone-mediated signaling pathway,0.0,biological_process
long-chain fatty acid transport,0.0,biological_process
Negative regulation of MET activity,0.0,pathway
KCTD13,0.0,gene/protein
long-chain fatty acid metabolic process,0.0,biological_process
macrophage derived foam cell differentiation,0.0,biological_process
GIT2,0.0,gene/protein
positive regulation of heart growth,0.0,biological_process
lymphatic endothelial cell differentiation,0.0,biological_process
neural tube development,0.0,biological_process
tRNA methylthiolation,0.0,biological_process
CHD8,0.0,gene/protein
TRIP4,0.0,gene/protein
MED24,0.0,gene/protein
SPOPL,0.0,gene/protein
SLC39A12,0.0,gene/protein
TMEM86B,0.0,gene/protein
RNF213,0.0,gene/protein
IRE1-mediated unfolded protein response,0.0,biological_process
regulation of endocytosis,0.0,biological_process
negative regulation of MAP kinase activity,0.0,biological_process
RHOBTB2,0.0,gene/protein
AFAP1,0.0,gene/protein
PCNP,0.0,gene/protein
ZBTB9,0.0,gene/protein
positive regulation of IRE1-mediated unfolded protein response,0.0,biological_process
SLCO6A1,0.0,gene/protein
negative regulation of cholesterol storage,0.0,biological_process
negative regulation of signal transduction,0.0,biological_process
platelet-derived growth factor receptor-beta signaling pathway,0.0,biological_process
growth hormone receptor signaling pathway via JAK-STAT,0.0,biological_process
Integrin signaling,0.0,pathway
CASZ1,0.0,gene/protein
PTK6 Down-Regulation,0.0,pathway
Regulation of IFNA signaling,0.0,pathway
peptidyl-tyrosine dephosphorylation involved in inactivation of protein kinase activity,0.0,biological_process
negative regulation of vascular endothelial growth factor receptor signaling pathway,0.0,biological_process
MECP2 regulates neuronal receptors and channels,0.0,pathway
BPIFB1,0.0,gene/protein
DNAJC12,0.0,gene/protein
peptidyl-tyrosine dephosphorylation,0.0,biological_process
Regulation of IFNG signaling,0.0,pathway
keratinocyte differentiation,0.0,biological_process
ASPSCR1,0.0,gene/protein
CIB3,0.0,gene/protein
ACOT7,0.0,gene/protein
NCBP2,0.0,gene/protein
ZBED3,0.0,gene/protein
NGLY1,0.0,gene/protein
protein-DNA complex assembly,0.0,biological_process
response to carbohydrate,0.0,biological_process
CCDC103,0.0,gene/protein
PDIA6,0.0,gene/protein
SCRN1,0.0,gene/protein
SMPDL3A,0.0,gene/protein
FBXO2,0.0,gene/protein
Chylomicron clearance,0.0,pathway
SLC12A8,0.0,gene/protein
positive regulation of neuroblast proliferation,0.0,biological_process
embryonic morphogenesis,0.0,biological_process
ARIH2,0.0,gene/protein
KRTAP9-3,0.0,gene/protein
UBXN2B,0.0,gene/protein
NAIF1,0.0,gene/protein
CABP5,0.0,gene/protein
NME7,0.0,gene/protein
S-adenosylmethionine biosynthetic process,0.0,biological_process
methionine catabolic process,0.0,biological_process
ITGB3BP,0.0,gene/protein
chylomicron remnant clearance,0.0,biological_process
type B pancreatic cell proliferation,0.0,biological_process
oligodendrocyte differentiation,0.0,biological_process
regulation of neuron migration,0.0,biological_process
positive regulation of type B pancreatic cell development,0.0,biological_process
GMCL1,0.0,gene/protein
CTNNA3,0.0,gene/protein
SPG21,0.0,gene/protein
Defective MAT1A causes MATD,0.0,pathway
PCBD2,0.0,gene/protein
SRRT,0.0,gene/protein
SGK2,0.0,gene/protein
MAPRE1,0.0,gene/protein
PIGP,0.0,gene/protein
cellular response to unfolded protein,0.0,biological_process
LTN1,0.0,gene/protein
MCAT,0.0,gene/protein
CINP,0.0,gene/protein
GLIPR1L2,0.0,gene/protein
cell cycle,0.0,biological_process
RANBP10,0.0,gene/protein
CYP4F12,0.0,gene/protein
ASCC1,0.0,gene/protein
API5,0.0,gene/protein
positive regulation of transcription initiation from RNA polymerase II promoter,0.0,biological_process
USP54,0.0,gene/protein
negative regulation of gene silencing by miRNA,0.0,biological_process
ZNF410,0.0,gene/protein
DLEU1-AS1,0.0,gene/protein
CBX3,0.0,gene/protein
MRPL15,0.0,gene/protein
ATAD3A,0.0,gene/protein
pronephric nephron tubule development,0.0,biological_process
LXN,0.0,gene/protein
positive regulation of voltage-gated potassium channel activity,0.0,biological_process
H2AC21,0.0,gene/protein
UFSP1,0.0,gene/protein
KRTAP26-1,0.0,gene/protein
BPIFA1,0.0,gene/protein
LINC01565,0.0,gene/protein
OXER1,0.0,gene/protein
MLLT10,0.0,gene/protein
pronephros development,0.0,biological_process
RNF14,0.0,gene/protein
DYRK1B,0.0,gene/protein
glucose import,0.0,biological_process
positive regulation of protein export from nucleus,0.0,biological_process
regulation of protein secretion,0.0,biological_process
positive regulation of cAMP-mediated signaling,0.0,biological_process
TRBC2,0.0,gene/protein
prostaglandin secretion,0.0,biological_process
positive regulation of leukocyte mediated cytotoxicity,0.0,biological_process
response to light intensity,0.0,biological_process
positive regulation of amyloid-beta formation,0.0,biological_process
regulation of striated muscle tissue development,0.0,biological_process
TRBV12-4,0.0,gene/protein
negative regulation of acute inflammatory response,0.0,biological_process
base-excision repair,0.0,biological_process
proximal tubule development,0.0,biological_process
intrahepatic bile duct development,0.0,biological_process
placenta blood vessel development,0.0,biological_process
UBR2,0.0,gene/protein
SPEN,0.0,gene/protein
glycoprotein catabolic process,0.0,biological_process
negative regulation of fatty acid metabolic process,0.0,biological_process
TAL1,0.0,gene/protein
SIX5,0.0,gene/protein
PI4K2A,0.0,gene/protein
fructose transmembrane transport,0.0,biological_process
hexose transmembrane transport,0.0,biological_process
osteoblast differentiation,0.0,biological_process
aerobic respiration,0.0,biological_process
myoblast fate commitment,0.0,biological_process
SP3,0.0,gene/protein
NKRF,0.0,gene/protein
regulation of synaptic plasticity,0.0,biological_process
diet induced thermogenesis,0.0,biological_process
limb development,0.0,biological_process
RALB,0.0,gene/protein
RASSF9,0.0,gene/protein
DEDD,0.0,gene/protein
response to cadmium ion,0.0,biological_process
SPSB1,0.0,gene/protein
vascular endothelial growth factor production,0.0,biological_process
negative regulation of glucose import,0.0,biological_process
positive regulation of programmed cell death,0.0,biological_process
negative regulation of endothelial cell proliferation,0.0,biological_process
maternal process involved in female pregnancy,0.0,biological_process
protein amidation,0.0,biological_process
TNFSF9,0.0,gene/protein
Peroxisomal protein import,0.0,pathway
positive regulation of protein-containing complex disassembly,0.0,biological_process
SCG2,0.0,gene/protein
RNF19B,0.0,gene/protein
GUF1,0.0,gene/protein
TNIP2,0.0,gene/protein
KIDINS220,0.0,gene/protein
APC,0.0,gene/protein
SPSB4,0.0,gene/protein
positive regulation of protein catabolic process,0.0,biological_process
negative regulation of growth rate,0.0,biological_process
myeloid dendritic cell differentiation,0.0,biological_process
Nitric oxide stimulates guanylate cyclase,0.0,pathway
defense response to Gram-negative bacterium,0.0,biological_process
Defective OGG1 Localization,0.0,pathway
CFL2,0.0,gene/protein
bone remodeling,0.0,biological_process
HIF1AN,0.0,gene/protein
CYFIP1,0.0,gene/protein
SPSB2,0.0,gene/protein
positive regulation of guanylate cyclase activity,0.0,biological_process
cellular oxidant detoxification,0.0,biological_process
positive regulation of killing of cells of other organism,0.0,biological_process
nitric oxide biosynthetic process,0.0,biological_process
peptide amidation,0.0,biological_process
fatty acid primary amide biosynthetic process,0.0,biological_process
toxin metabolic process,0.0,biological_process
negative regulation of double-strand break repair via single-strand annealing,0.0,biological_process
PRR20D,0.0,gene/protein
KRTAP21-2,0.0,gene/protein
canonical Wnt signaling pathway involved in positive regulation of epithelial to mesenchymal transition,0.0,biological_process
receptor catabolic process,0.0,biological_process
short-term memory,0.0,biological_process
cellular response to osmotic stress,0.0,biological_process
glucose import in response to insulin stimulus,0.0,biological_process
HDHD2,0.0,gene/protein
negative regulation of glycogen catabolic process,0.0,biological_process
regulation of transcription initiation from RNA polymerase II promoter,0.0,biological_process
canonical Wnt signaling pathway,0.0,biological_process
LCE3D,0.0,gene/protein
regulation of smooth muscle cell proliferation,0.0,biological_process
positive regulation of protein import into nucleus,0.0,biological_process
negative regulation of cell differentiation,0.0,biological_process
extracellular matrix assembly,0.0,biological_process
hyaluronan catabolic process,0.0,biological_process
ZC3H11A,0.0,gene/protein
PSME3IP1,0.0,gene/protein
Reticulocytosis,0.0,effect/phenotype
NOL12,0.0,gene/protein
SIRT6,0.0,gene/protein
CEP70,0.0,gene/protein
Maternal diabetes,0.0,effect/phenotype
ALDH5A1,0.0,gene/protein
TGFBR1 LBD Mutants in Cancer,0.0,pathway
KRTAP19-7,0.0,gene/protein
Deregulated CDK5 triggers multiple neurodegenerative pathways in Alzheimer's disease models,0.0,pathway
Gene and protein expression by JAK-STAT signaling after Interleukin-12 stimulation,0.0,pathway
NFS1,0.0,gene/protein
RBM8A,0.0,gene/protein
protein export from nucleus,0.0,biological_process
response to progesterone,0.0,biological_process
negative regulation of production of miRNAs involved in gene silencing by miRNA,0.0,biological_process
KCNE4,0.0,gene/protein
interleukin-12-mediated signaling pathway,0.0,biological_process
response to bacterium,0.0,biological_process
peptidyl-cysteine S-nitrosylation,0.0,biological_process
regulation of cytokine production involved in inflammatory response,0.0,biological_process
regulation of cell population proliferation,0.0,biological_process
CUL5,0.0,gene/protein
LACC1,0.0,gene/protein
positive regulation of vasculature development,0.0,biological_process
BCAS3,0.0,gene/protein
positive regulation of interleukin-17 production,0.0,biological_process
"Wnt signaling pathway, calcium modulating pathway",0.0,biological_process
positive regulation of protein-containing complex assembly,0.0,biological_process
regulation of transforming growth factor beta receptor signaling pathway,0.0,biological_process
maintenance of DNA repeat elements,0.0,biological_process
negative regulation of oxidative stress-induced intrinsic apoptotic signaling pathway,0.0,biological_process
positive regulation of lipid biosynthetic process,0.0,biological_process
TXNDC17,0.0,gene/protein
alpha-beta T cell activation,0.0,biological_process
MARCKSL1,0.0,gene/protein
SMAD protein complex assembly,0.0,biological_process
membrane protein intracellular domain proteolysis,0.0,biological_process
positive regulation of isotype switching to IgA isotypes,0.0,biological_process
platelet degranulation,0.0,biological_process
regulation of synaptic vesicle budding from presynaptic endocytic zone membrane,0.0,biological_process
positive regulation of heparan sulfate proteoglycan biosynthetic process,0.0,biological_process
beta-catenin-TCF complex assembly,0.0,biological_process
Endocardial fibrosis,0.0,effect/phenotype
NPY2R,0.0,gene/protein
Translocation of SLC2A4 (GLUT4) to the plasma membrane,0.0,pathway
TRUB1,0.0,gene/protein
SMAP2,0.0,gene/protein
DTX3,0.0,gene/protein
EHD2,0.0,gene/protein
Methylmalonic acidemia,0.0,effect/phenotype
SLC8A3,0.0,gene/protein
PCDHGB1,0.0,gene/protein
positive regulation of brain-derived neurotrophic factor receptor signaling pathway,0.0,biological_process
CTBP1,0.0,gene/protein
LYST,0.0,gene/protein
AUP1,0.0,gene/protein
CSNK1D,0.0,gene/protein
COL8A1,0.0,gene/protein
ACY1,0.0,gene/protein
ARHGAP5,0.0,gene/protein
CDK11B,0.0,gene/protein
regulation of cellular respiration,0.0,biological_process
DAB1,0.0,gene/protein
CREB1,0.0,gene/protein
DMXL1,0.0,gene/protein
DNTT,0.0,gene/protein
CCNC,0.0,gene/protein
DDR1,0.0,gene/protein
HABP2,0.0,gene/protein
GUCY2C,0.0,gene/protein
DMWD,0.0,gene/protein
AP2A2,0.0,gene/protein
CFL1,0.0,gene/protein
UV protection,0.0,biological_process
positive regulation of interferon-gamma production,0.0,biological_process
positive regulation of cell division,0.0,biological_process
response to lead ion,0.0,biological_process
TLR10,0.0,gene/protein
CDK6,0.0,gene/protein
CCNT1,0.0,gene/protein
CLK3,0.0,gene/protein
COX11,0.0,gene/protein
RHOC,0.0,gene/protein
TNFRSF8,0.0,gene/protein
AARS1,0.0,gene/protein
ANXA1,0.0,gene/protein
CDC34,0.0,gene/protein
DUSP2,0.0,gene/protein
ECT2,0.0,gene/protein
TAFAZZIN,0.0,gene/protein
DKKL1,0.0,gene/protein
response to copper ion,0.0,biological_process
response to reactive oxygen species,0.0,biological_process
ATP7B,0.0,gene/protein
CLDN7,0.0,gene/protein
AHCY,0.0,gene/protein
TRAC,0.0,gene/protein
KCNJ8,0.0,gene/protein
regulation of protein localization,0.0,biological_process
TUBA8,0.0,gene/protein
Chromosome breakage,0.0,effect/phenotype
RGS20,0.0,gene/protein
AGXT,0.0,gene/protein
SLC31A2,0.0,gene/protein
VEGFR2 mediated cell proliferation,0.0,pathway
ABAT,0.0,gene/protein
positive regulation of long-term synaptic potentiation,0.0,biological_process
EPO,0.0,gene/protein
FTL,0.0,gene/protein
ASGR2,0.0,gene/protein
COMT,0.0,gene/protein
EMP2,0.0,gene/protein
CSNK1G2,0.0,gene/protein
ASIC1,0.0,gene/protein
DNM2,0.0,gene/protein
cognition,0.0,biological_process
CSF2,0.0,gene/protein
ADRB1,0.0,gene/protein
ZNF8,0.0,gene/protein
EGFL7,0.0,gene/protein
LRATD2,0.0,gene/protein
SEC24C,0.0,gene/protein
ANKRD44,0.0,gene/protein
LRRIQ1,0.0,gene/protein
DUSP6,0.0,gene/protein
ADA,0.0,gene/protein
BIN1,0.0,gene/protein
FABP3,0.0,gene/protein
CAMK2D,0.0,gene/protein
AP3S1,0.0,gene/protein
IL4R,0.0,gene/protein
RUNX2,0.0,gene/protein
ERN1,0.0,gene/protein
BMPR2,0.0,gene/protein
CD3E,0.0,gene/protein
AP2A1,0.0,gene/protein
ABCA1,0.0,gene/protein
DMPK,0.0,gene/protein
CHEK1,0.0,gene/protein
"FOXO-mediated transcription of oxidative stress, metabolic and neuronal genes",0.0,pathway
STIM1,0.0,gene/protein
response to vitamin A,0.0,biological_process
ELK3,0.0,gene/protein
TYSND1,0.0,gene/protein
cellular water homeostasis,0.0,biological_process
LILRB1,0.0,gene/protein
response to L-ascorbic acid,0.0,biological_process
response to phenylpropanoid,0.0,biological_process
FOXK1,0.0,gene/protein
RNF138,0.0,gene/protein
B4GALT5,0.0,gene/protein
CCNA2,0.0,gene/protein
Transcriptional regulation of white adipocyte differentiation,0.0,pathway
EIF4E,0.0,gene/protein
APLP2,0.0,gene/protein
CLK1,0.0,gene/protein
ACTA2,0.0,gene/protein
CCNH,0.0,gene/protein
CELSR2,0.0,gene/protein
CLTC,0.0,gene/protein
MTX3,0.0,gene/protein
RBCK1,0.0,gene/protein
cellular response to carbohydrate stimulus,0.0,biological_process
regulation of synaptic vesicle exocytosis,0.0,biological_process
PHLPP1,0.0,gene/protein
platelet activation,0.0,biological_process
adaptive immune response,0.0,biological_process
JADE1,0.0,gene/protein
TRPV6,0.0,gene/protein
protein localization,0.0,biological_process
Cleavage of the damaged pyrimidine ,0.0,pathway
Recognition and association of DNA glycosylase with site containing an affected purine,0.0,pathway
Cleavage of the damaged purine,0.0,pathway
Displacement of DNA glycosylase by APEX1,0.0,pathway
APEX1-Independent Resolution of AP Sites via the Single Nucleotide Replacement Pathway,0.0,pathway
S1PR1,0.0,gene/protein
CSNK2B,0.0,gene/protein
DUSP1,0.0,gene/protein
TYR,0.0,gene/protein
brain development,0.0,biological_process
regulation of appetite,0.0,biological_process
DNAL4,0.0,gene/protein
PLAUR,0.0,gene/protein
response to vitamin E,0.0,biological_process
response to inactivity,0.0,biological_process
hemoglobin metabolic process,0.0,biological_process
ARL4D,0.0,gene/protein
negative regulation of interleukin-1 beta production,0.0,biological_process
CD28,0.0,gene/protein
RCC1,0.0,gene/protein
CYP51A1,0.0,gene/protein
CAMK2A,0.0,gene/protein
EFNA1,0.0,gene/protein
DBN1,0.0,gene/protein
AGT,0.0,gene/protein
CSNK2A1,0.0,gene/protein
inflammatory response to antigenic stimulus,0.0,biological_process
CCNB1,0.0,gene/protein
BRMS1,0.0,gene/protein
ACKR4,0.0,gene/protein
VPS4A,0.0,gene/protein
SART3,0.0,gene/protein
MIRLET7I,0.0,gene/protein
SORL1,0.0,gene/protein
neurogenesis,0.0,biological_process
APOL6,0.0,gene/protein
LCE1D,0.0,gene/protein
positive regulation of transcription regulatory region DNA binding,0.0,biological_process
neuron development,0.0,biological_process
regulation of regulatory T cell differentiation,0.0,biological_process
HAP1,0.0,gene/protein
ARL14EP,0.0,gene/protein
CAMKK2,0.0,gene/protein
SPPL2A,0.0,gene/protein
TNRC6B,0.0,gene/protein
UNC5CL,0.0,gene/protein
negative regulation of delayed rectifier potassium channel activity,0.0,biological_process
TANGO6,0.0,gene/protein
PADI3,0.0,gene/protein
negative regulation of calcidiol 1-monooxygenase activity,0.0,biological_process
stimulatory C-type lectin receptor signaling pathway,0.0,biological_process
PIK3CD-AS1,0.0,gene/protein
LINC01465,0.0,gene/protein
PSMB8,0.0,gene/protein
SRF,0.0,gene/protein
SELE,0.0,gene/protein
Class A/1 (Rhodopsin-like receptors),0.0,pathway
camera-type eye development,0.0,biological_process
SLC12A4,0.0,gene/protein
BTBD1,0.0,gene/protein
PDCD11,0.0,gene/protein
FSCN1,0.0,gene/protein
JAKMIP1,0.0,gene/protein
FCHSD2,0.0,gene/protein
regulation of cell cycle,0.0,biological_process
atrioventricular node development,0.0,biological_process
Defective LFNG causes SCDO3,0.0,pathway
TMEM80,0.0,gene/protein
response to glucose,0.0,biological_process
RELL2,0.0,gene/protein
ERVFRD-1,0.0,gene/protein
Zinc efflux and compartmentalization by the SLC30 family,0.0,pathway
PPP6R1,0.0,gene/protein
MRPL30,0.0,gene/protein
MIDEAS,0.0,gene/protein
LAPTM5,0.0,gene/protein
DPF2,0.0,gene/protein
CXCL11,0.0,gene/protein
ACKR3,0.0,gene/protein
calcineurin-NFAT signaling cascade,0.0,biological_process
positive regulation of myoblast fusion,0.0,biological_process
ANP32E,0.0,gene/protein
CLDND1,0.0,gene/protein
ARL6IP5,0.0,gene/protein
MSC,0.0,gene/protein
CAMKK1,0.0,gene/protein
cellular response to dsRNA,0.0,biological_process
KIAA1109,0.0,gene/protein
SND1,0.0,gene/protein
relaxation of vascular associated smooth muscle,0.0,biological_process
NOTCH2 intracellular domain regulates transcription,0.0,pathway
positive regulation of hyaluronan biosynthetic process,0.0,biological_process
negative regulation of amyloid precursor protein biosynthetic process,0.0,biological_process
Defective OGG1 Substrate Binding,0.0,pathway
Pre-NOTCH Transcription and Translation,0.0,pathway
Defective OGG1 Substrate Processing,0.0,pathway
response to folic acid,0.0,biological_process
"base-excision repair, gap-filling",0.0,biological_process
TMEM25,0.0,gene/protein
interleukin-1-mediated signaling pathway,0.0,biological_process
TBCD,0.0,gene/protein
ENPP2,0.0,gene/protein
MON2,0.0,gene/protein
ARHGAP28,0.0,gene/protein
ITM2C,0.0,gene/protein
negative regulation of cytolysis,0.0,biological_process
cell-cell junction organization,0.0,biological_process
positive regulation of extracellular matrix assembly,0.0,biological_process
negative regulation of cGMP-mediated signaling,0.0,biological_process
GRK2,0.0,gene/protein
EDN3,0.0,gene/protein
CASP7,0.0,gene/protein
AP1B1,0.0,gene/protein
SMG9,0.0,gene/protein
CLEC7A (Dectin-1) induces NFAT activation,0.0,pathway
RUNX1 and FOXP3 control the development of regulatory T lymphocytes (Tregs),0.0,pathway
FCERI mediated Ca+2 mobilization,0.0,pathway
LCE2B,0.0,gene/protein
lymph node development,0.0,biological_process
regulation of SMAD protein signal transduction,0.0,biological_process
DHX9,0.0,gene/protein
ATM,0.0,gene/protein
ATP2B2,0.0,gene/protein
AKT1,0.0,gene/protein
ACTB,0.0,gene/protein
ABL1,0.0,gene/protein
SLC2A3,0.0,gene/protein
COL9A3,0.0,gene/protein
BAG1,0.0,gene/protein
APAF1,0.0,gene/protein
ASAH1,0.0,gene/protein
CYB5A,0.0,gene/protein
CLTA,0.0,gene/protein
PEAK1,0.0,gene/protein
PPP1R21,0.0,gene/protein
CISH,0.0,gene/protein
TRIP12,0.0,gene/protein
GPR132,0.0,gene/protein
ANKRD33B,0.0,gene/protein
C17orf49,0.0,gene/protein
RASSF2,0.0,gene/protein
Recurrent mycobacterium avium complex infections,0.0,effect/phenotype
LACRT,0.0,gene/protein
STK3,0.0,gene/protein
Calcineurin activates NFAT,0.0,pathway
negative regulation of transmission of nerve impulse,0.0,biological_process
anterior/posterior pattern specification,0.0,biological_process
"positive regulation of circadian sleep/wake cycle, non-REM sleep",0.0,biological_process
Regulation of gene expression in endocrine-committed (NEUROG3+) progenitor cells,0.0,pathway
RECK,0.0,gene/protein
STMN4,0.0,gene/protein
regulation of neuronal action potential,0.0,biological_process
positive regulation of transmission of nerve impulse,0.0,biological_process
PCNX4,0.0,gene/protein
CRELD1,0.0,gene/protein
FOXP2,0.0,gene/protein
MED31,0.0,gene/protein
Recurrent systemic pyogenic infections,0.0,effect/phenotype
Recurrent Haemophilus influenzae infections,0.0,effect/phenotype
Recurrent Neisserial infections,0.0,effect/phenotype
regulation of binding,0.0,biological_process
RUNX3 regulates CDKN1A transcription,0.0,pathway
chemical synaptic transmission,0.0,biological_process
TAF9,0.0,gene/protein
RNF41,0.0,gene/protein
SF3A3,0.0,gene/protein
DISP3,0.0,gene/protein
Recurrent bronchopulmonary infections,0.0,effect/phenotype
Recurrent acute respiratory tract infection,0.0,effect/phenotype
positive regulation of protein secretion,0.0,biological_process
positive regulation of vascular endothelial growth factor production,0.0,biological_process
APOBEC3F,0.0,gene/protein
PSMC3IP,0.0,gene/protein
MAML1,0.0,gene/protein
positive regulation of interleukin-8 production,0.0,biological_process
EPSTI1,0.0,gene/protein
depyrimidination,0.0,biological_process
NOTCH4 Intracellular Domain Regulates Transcription,0.0,pathway
Pre-NOTCH Processing in the Endoplasmic Reticulum,0.0,pathway
depurination,0.0,biological_process
lacrimal gland development,0.0,biological_process
Recognition and association of DNA glycosylase with site containing an affected pyrimidine,0.0,pathway
Notch signaling involved in heart development,0.0,biological_process
glomerular visceral epithelial cell development,0.0,biological_process
Disinhibition of SNARE formation,0.0,pathway
Activation of NF-kappaB in B cells,0.0,pathway
negative regulation of vascular endothelial cell proliferation,0.0,biological_process
LARP4,0.0,gene/protein
SEC14L4,0.0,gene/protein
response to light stimulus,0.0,biological_process
UBE2M,0.0,gene/protein
negative regulation of epithelial cell proliferation,0.0,biological_process
dorsal/ventral axis specification,0.0,biological_process
embryonic camera-type eye morphogenesis,0.0,biological_process
eye development,0.0,biological_process
commitment of neuronal cell to specific neuron type in forebrain,0.0,biological_process
neuron fate commitment,0.0,biological_process
protein localization to organelle,0.0,biological_process
"regulation of transcription, DNA-templated",0.0,biological_process
INTS11,0.0,gene/protein
CXorf38,0.0,gene/protein
GMPS,0.0,gene/protein
DAZAP2,0.0,gene/protein
Spontaneous abortion,0.0,effect/phenotype
PPIAL4A,0.0,gene/protein
KRTAP6-2,0.0,gene/protein
Transcriptional Regulation by VENTX,0.0,pathway
negative regulation of extrinsic apoptotic signaling pathway,0.0,biological_process
Cardiogenic shock,0.0,effect/phenotype
response to isolation stress,0.0,biological_process
TGFBR1 KD Mutants in Cancer,0.0,pathway
ZBED1,0.0,gene/protein
GCM2,0.0,gene/protein
TCEAL9,0.0,gene/protein
response to cholesterol,0.0,biological_process
phosphate-containing compound metabolic process,0.0,biological_process
ventral spinal cord development,0.0,biological_process
amylopectin biosynthetic process,0.0,biological_process
glucose transmembrane transport,0.0,biological_process
CNFN,0.0,gene/protein
NSD3,0.0,gene/protein
LTBP4,0.0,gene/protein
TMEM131,0.0,gene/protein
USP36,0.0,gene/protein
PARD6A,0.0,gene/protein
PRR20C,0.0,gene/protein
TRIP10,0.0,gene/protein
FAM187A,0.0,gene/protein
ATP6V0D2,0.0,gene/protein
CCDC33,0.0,gene/protein
LCE3A,0.0,gene/protein
PLA2G10,0.0,gene/protein
FCHO1,0.0,gene/protein
negative regulation of canonical Wnt signaling pathway,0.0,biological_process
KRTAP7-1,0.0,gene/protein
eye photoreceptor cell development,0.0,biological_process
CCL26,0.0,gene/protein
LCE1A,0.0,gene/protein
LRRC23,0.0,gene/protein
DIP2A,0.0,gene/protein
THBS1,0.0,gene/protein
ADAMTSL4,0.0,gene/protein
FAM168B,0.0,gene/protein
BIRC5,0.0,gene/protein
JRK,0.0,gene/protein
ZNF34,0.0,gene/protein
forebrain-midbrain boundary formation,0.0,biological_process
oligodendrocyte cell fate specification,0.0,biological_process
positive regulation of epithelial cell differentiation,0.0,biological_process
MIPOL1,0.0,gene/protein
CHAF1A,0.0,gene/protein
negative regulation of neural precursor cell proliferation,0.0,biological_process
GEMIN2,0.0,gene/protein
salivary gland morphogenesis,0.0,biological_process
PRR20E,0.0,gene/protein
cornea development in camera-type eye,0.0,biological_process
iris morphogenesis,0.0,biological_process
PLEKHB1,0.0,gene/protein
PRR20B,0.0,gene/protein
KMT5A,0.0,gene/protein
Binding of TCF/LEF:CTNNB1 to target gene promoters,0.0,pathway
Activation of anterior HOX genes in hindbrain development during early embryogenesis,0.0,pathway
C10orf55,0.0,gene/protein
establishment of mitotic spindle orientation,0.0,biological_process
BTBD19,0.0,gene/protein
SELPLG,0.0,gene/protein
habenula development,0.0,biological_process
astrocyte differentiation,0.0,biological_process
"Synthesis, secretion, and inactivation of Glucose-dependent Insulinotropic Polypeptide (GIP)",0.0,pathway
cerebral cortex regionalization,0.0,biological_process
RUNX3 regulates WNT signaling,0.0,pathway
regulation of asymmetric cell division,0.0,biological_process
pancreatic A cell development,0.0,biological_process
forebrain dorsal/ventral pattern formation,0.0,biological_process
PRR20A,0.0,gene/protein
Formation of the beta-catenin:TCF transactivating complex,0.0,pathway
Repression of WNT target genes,0.0,pathway
OR7E91P,0.0,gene/protein
ECSIT,0.0,gene/protein
regulation of timing of cell differentiation,0.0,biological_process
IKZF5,0.0,gene/protein
KRTAP19-5,0.0,gene/protein
visual perception,0.0,biological_process
UBL5,0.0,gene/protein
EIF4A3,0.0,gene/protein
triglyceride catabolic process,0.0,biological_process
NRXN3,0.0,gene/protein
NECAB1,0.0,gene/protein
C19orf54,0.0,gene/protein
MTMR1,0.0,gene/protein
fatty acid biosynthetic process,0.0,biological_process
SLC39A6,0.0,gene/protein
THOC1,0.0,gene/protein
UBAP2L,0.0,gene/protein
blood vessel development,0.0,biological_process
HMBOX1,0.0,gene/protein
WASHC3,0.0,gene/protein
LMF1,0.0,gene/protein
PRSS50,0.0,gene/protein
LCE2C,0.0,gene/protein
CILP,0.0,gene/protein
SMUG1,0.0,gene/protein
Deactivation of the beta-catenin transactivating complex,0.0,pathway
PRMT6,0.0,gene/protein
Signaling by TCF7L2 mutants,0.0,pathway
MLH3,0.0,gene/protein
negative regulation of neurogenesis,0.0,biological_process
ACOT12,0.0,gene/protein
EIF1AD,0.0,gene/protein
PDE4C,0.0,gene/protein
LONRF1,0.0,gene/protein
EAF1,0.0,gene/protein
retina development in camera-type eye,0.0,biological_process
positive regulation of core promoter binding,0.0,biological_process
GNB4,0.0,gene/protein
one-carbon metabolic process,0.0,biological_process
HOMER3,0.0,gene/protein
LAMC1,0.0,gene/protein
LAMB1,0.0,gene/protein
POU4F2,0.0,gene/protein
PZP,0.0,gene/protein
HOXC6,0.0,gene/protein
KDELR2,0.0,gene/protein
glomerular capillary formation,0.0,biological_process
defense response to bacterium,0.0,biological_process
lipoprotein transport,0.0,biological_process
stem cell population maintenance,0.0,biological_process
zinc ion transport,0.0,biological_process
MIRLET7C,0.0,gene/protein
negative regulation of necroptotic process,0.0,biological_process
autophagy of mitochondrion,0.0,biological_process
Sperm Motility And Taxes,0.0,pathway
negative regulation of interleukin-1 alpha production,0.0,biological_process
cell redox homeostasis,0.0,biological_process
marginal zone B cell differentiation,0.0,biological_process
vesicle-mediated transport,0.0,biological_process
MYEF2,0.0,gene/protein
MRPL18,0.0,gene/protein
cellular response to resveratrol,0.0,biological_process
MCM2,0.0,gene/protein
CDX2,0.0,gene/protein
ADH6,0.0,gene/protein
SERPINB3,0.0,gene/protein
proteasome-mediated ubiquitin-dependent protein catabolic process,0.0,biological_process
IMPDH2,0.0,gene/protein
GDI1,0.0,gene/protein
MTHFD1,0.0,gene/protein
MYH11,0.0,gene/protein
regulation of mitotic cell cycle,0.0,biological_process
single strand break repair,0.0,biological_process
FBXO7,0.0,gene/protein
negative regulation of protein acetylation,0.0,biological_process
GLO1,0.0,gene/protein
RPS3A,0.0,gene/protein
FLVCR1,0.0,gene/protein
TPX2,0.0,gene/protein
CEP131,0.0,gene/protein
NCAPH,0.0,gene/protein
OLFML2B,0.0,gene/protein
LILRB5,0.0,gene/protein
PAMR1,0.0,gene/protein
NCF4,0.0,gene/protein
ITGB6,0.0,gene/protein
FCN1,0.0,gene/protein
P4HB,0.0,gene/protein
MT1G,0.0,gene/protein
CD2,0.0,gene/protein
CD53,0.0,gene/protein
CCNT2,0.0,gene/protein
CENPU,0.0,gene/protein
EFNA4,0.0,gene/protein
KCNK1,0.0,gene/protein
NPDC1,0.0,gene/protein
TOR1AIP1,0.0,gene/protein
GOLGB1,0.0,gene/protein
PPIA,0.0,gene/protein
ITGAV,0.0,gene/protein
COL2A1,0.0,gene/protein
NMT1,0.0,gene/protein
SORT1,0.0,gene/protein
IDH3A,0.0,gene/protein
RUNX3,0.0,gene/protein
TRIP13,0.0,gene/protein
IGF2BP3,0.0,gene/protein
PYCARD,0.0,gene/protein
FBLN1,0.0,gene/protein
LRRC32,0.0,gene/protein
CCNG2,0.0,gene/protein
PDGFRL,0.0,gene/protein
MUC7,0.0,gene/protein
MCC,0.0,gene/protein
Circadian Clock,0.0,pathway
response to metformin,0.0,biological_process
luteinization,0.0,biological_process
aorta morphogenesis,0.0,biological_process
establishment of protein localization,0.0,biological_process
cellular response to hydrogen peroxide,0.0,biological_process
negative regulation of interleukin-10 production,0.0,biological_process
skeletal system morphogenesis,0.0,biological_process
phosphatidylinositol biosynthetic process,0.0,biological_process
SUMOylation of transcription cofactors,0.0,pathway
DST,0.0,gene/protein
MAT1A,0.0,gene/protein
CDH4,0.0,gene/protein
MKNK2,0.0,gene/protein
CD40LG,0.0,gene/protein
Synthesis of PIPs at the plasma membrane,0.0,pathway
DNA methylation-dependent heterochromatin assembly,0.0,biological_process
positive regulation of macrophage cytokine production,0.0,biological_process
negative regulation of phosphorylation,0.0,biological_process
CEP83,0.0,gene/protein
RCOR3,0.0,gene/protein
RPL35,0.0,gene/protein
ELF1,0.0,gene/protein
CDH11,0.0,gene/protein
AMY1B,0.0,gene/protein
MYLK,0.0,gene/protein
HSPA1L,0.0,gene/protein
MID1,0.0,gene/protein
CALR,0.0,gene/protein
ATP4A,0.0,gene/protein
PMS2,0.0,gene/protein
PFKM,0.0,gene/protein
FLG,0.0,gene/protein
HARS1,0.0,gene/protein
ATF1,0.0,gene/protein
MMP2,0.0,gene/protein
HOXC9,0.0,gene/protein
MFAP1,0.0,gene/protein
DHPS,0.0,gene/protein
HMGB3,0.0,gene/protein
CKS1B,0.0,gene/protein
HOXA1,0.0,gene/protein
TRIM23,0.0,gene/protein
TLE5,0.0,gene/protein
FHL1,0.0,gene/protein
UV-damage excision repair,0.0,biological_process
negative regulation of TOR signaling,0.0,biological_process
roof of mouth development,0.0,biological_process
CREBZF,0.0,gene/protein
face morphogenesis,0.0,biological_process
ruffle organization,0.0,biological_process
PHKA1,0.0,gene/protein
SIAH1,0.0,gene/protein
BMP2,0.0,gene/protein
ENG,0.0,gene/protein
EXOSC9,0.0,gene/protein
ACKR1,0.0,gene/protein
ARHGAP1,0.0,gene/protein
GGT7,0.0,gene/protein
CD99,0.0,gene/protein
CRX,0.0,gene/protein
RPP30,0.0,gene/protein
AGR2,0.0,gene/protein
cellular response to potassium ion,0.0,biological_process
Transcriptional activation of mitochondrial biogenesis,0.0,pathway
cellular response to ionizing radiation,0.0,biological_process
Activation of PPARGC1A (PGC-1alpha) by phosphorylation,0.0,pathway
CKB,0.0,gene/protein
SRSF7,0.0,gene/protein
ANXA6,0.0,gene/protein
CXCR3,0.0,gene/protein
PITPNM3,0.0,gene/protein
CD276,0.0,gene/protein
CDT1,0.0,gene/protein
GTSE1,0.0,gene/protein
FAM83D,0.0,gene/protein
SPC25,0.0,gene/protein
FBXL18,0.0,gene/protein
MTBP,0.0,gene/protein
KDM8,0.0,gene/protein
TATDN1,0.0,gene/protein
ANLN,0.0,gene/protein
flavone metabolic process,0.0,biological_process
positive regulation of fatty acid oxidation,0.0,biological_process
LINC02875,0.0,gene/protein
RCAN1,0.0,gene/protein
PDGFB,0.0,gene/protein
BCO2,0.0,gene/protein
CLEC1B,0.0,gene/protein
MLXIPL,0.0,gene/protein
CHN1,0.0,gene/protein
ELK4,0.0,gene/protein
KDM1A,0.0,gene/protein
Regulation of RUNX2 expression and activity,0.0,pathway
positive regulation of endoplasmic reticulum stress-induced intrinsic apoptotic signaling pathway,0.0,biological_process
muscle organ development,0.0,biological_process
CXCL12,0.0,gene/protein
cellular response to leukemia inhibitory factor,0.0,biological_process
protein destabilization,0.0,biological_process
positive regulation of MHC class II biosynthetic process,0.0,biological_process
intrinsic apoptotic signaling pathway in response to DNA damage by p53 class mediator,0.0,biological_process
"negative regulation of DNA damage response, signal transduction by p53 class mediator",0.0,biological_process
AKIP1,0.0,gene/protein
tRNA methylation,0.0,biological_process
negative regulation of ATPase-coupled calcium transmembrane transporter activity,0.0,biological_process
regulation of cellular response to heat,0.0,biological_process
  reduced permeability to antibiotic,0.0,resistance_mechanism
 antibiotic target replacement,0.0,resistance_mechanism
 antibiotic inactivation,0.0,resistance_mechanism
 antibiotic efflux,0.0,resistance_mechanism
 antibiotic target protection,0.0,resistance_mechanism
PRAG1,0.0,gene/protein
gene silencing by miRNA,0.0,biological_process
positive regulation of microglial cell activation,0.0,biological_process
KIF20A,0.0,gene/protein
sperm-egg recognition,0.0,biological_process
regulation of autophagy,0.0,biological_process
HGFAC,0.0,gene/protein
HOXA10,0.0,gene/protein
HOXD9,0.0,gene/protein
PGD,0.0,gene/protein
NNMT,0.0,gene/protein
NOTCH3,0.0,gene/protein
positive regulation of neuroinflammatory response,0.0,biological_process
SERPINA4,0.0,gene/protein
ABCB4,0.0,gene/protein
MTUS1,0.0,gene/protein
GBA3,0.0,gene/protein
CYP39A1,0.0,gene/protein
MOGAT2,0.0,gene/protein
MRO,0.0,gene/protein
HERC5,0.0,gene/protein
 resistance by absence,0.0,resistance_mechanism
FCN2,0.0,gene/protein
FOSB,0.0,gene/protein
MBTPS2,0.0,gene/protein
MAGEC2,0.0,gene/protein
embryonic limb morphogenesis,0.0,biological_process
positive regulation of protein binding,0.0,biological_process
positive regulation of sphingolipid mediated signaling pathway,0.0,biological_process
WDR1,0.0,gene/protein
MT2A,0.0,gene/protein
GGT1,0.0,gene/protein
DYNC1I2,0.0,gene/protein
CDK8,0.0,gene/protein
NR2F6,0.0,gene/protein
DBH,0.0,gene/protein
CCL24,0.0,gene/protein
CCL7,0.0,gene/protein
CCL8,0.0,gene/protein
PLAC8,0.0,gene/protein
response to tumor necrosis factor,0.0,biological_process
negative regulation of inflammatory response,0.0,biological_process
"regulation of synaptic transmission, glutamatergic",0.0,biological_process
positive regulation of astrocyte activation,0.0,biological_process
positive regulation of membrane permeability,0.0,biological_process
negative regulation of bicellular tight junction assembly,0.0,biological_process
cardiac right ventricle morphogenesis,0.0,biological_process
cellular response to fibroblast growth factor stimulus,0.0,biological_process
negative regulation of circulating fibrinogen levels,0.0,biological_process
ARCN1,0.0,gene/protein
HTATIP2,0.0,gene/protein
TROAP,0.0,gene/protein
UBD,0.0,gene/protein
FST,0.0,gene/protein
CXCL14,0.0,gene/protein
GPR182,0.0,gene/protein
PHLDA1,0.0,gene/protein
CTSC,0.0,gene/protein
LYVE1,0.0,gene/protein
GNMT,0.0,gene/protein
DFFB,0.0,gene/protein
CHKB,0.0,gene/protein
AIRE,0.0,gene/protein
Abnormality of connective tissue,0.0,effect/phenotype
Bloodstream infectious agent,0.0,effect/phenotype
CXCL5,0.0,gene/protein
HPSE,0.0,gene/protein
ABCF1,0.0,gene/protein
PF4,0.0,gene/protein
IL17A,0.0,gene/protein
CXCR2,0.0,gene/protein
RAB23,0.0,gene/protein
GJB2,0.0,gene/protein
Abnormality of the urinary system physiology,0.0,effect/phenotype
CXCL1,0.0,gene/protein
negative regulation of endopeptidase activity,0.0,biological_process
Abnormality of the gingiva,0.0,effect/phenotype
CYP19A1,0.0,gene/protein
CSRNP1,0.0,gene/protein
SLC26A6,0.0,gene/protein
CENPM,0.0,gene/protein
E2F8,0.0,gene/protein
SPRTN,0.0,gene/protein
DIPK2B,0.0,gene/protein
IL2RB,0.0,gene/protein
positive regulation of muscle hyperplasia,0.0,biological_process
positive regulation of cardiac muscle cell proliferation,0.0,biological_process
outflow tract morphogenesis,0.0,biological_process
negative regulation of cell migration involved in sprouting angiogenesis,0.0,biological_process
atrial septum morphogenesis,0.0,biological_process
positive regulation of gluconeogenesis,0.0,biological_process
CCL17,0.0,gene/protein
FPR1,0.0,gene/protein
LRAT,0.0,gene/protein
MEGF8,0.0,gene/protein
IL5RA,0.0,gene/protein
EPHB3,0.0,gene/protein
ATP5PD,0.0,gene/protein
CAP2,0.0,gene/protein
CPEB3,0.0,gene/protein
CCNG1,0.0,gene/protein
INPP4B,0.0,gene/protein
PTTG1,0.0,gene/protein
RUNX1T1,0.0,gene/protein
cellular triglyceride homeostasis,0.0,biological_process
regulation of protein serine/threonine kinase activity,0.0,biological_process
NUP188,0.0,gene/protein
ZBTB7A,0.0,gene/protein
HATs acetylate histones,0.0,pathway
histone H4-K5 acetylation,0.0,biological_process
positive regulation of intracellular transport,0.0,biological_process
CDH7,0.0,gene/protein
CLNS1A,0.0,gene/protein
RPL6,0.0,gene/protein
RAD50,0.0,gene/protein
NBN,0.0,gene/protein
EPHA1,0.0,gene/protein
EPB41L2,0.0,gene/protein
HINT1,0.0,gene/protein
RPL21,0.0,gene/protein
HMMR,0.0,gene/protein
HOXB5,0.0,gene/protein
GAS2L2,0.0,gene/protein
AARSD1,0.0,gene/protein
CBX8,0.0,gene/protein
protein ubiquitination,0.0,biological_process
ZNF496,0.0,gene/protein
CCDC88A,0.0,gene/protein
DOT1L,0.0,gene/protein
SEL1L,0.0,gene/protein
NEFL,0.0,gene/protein
CTAG1B,0.0,gene/protein
ELAVL2,0.0,gene/protein
PLPP1,0.0,gene/protein
IGF2BP1,0.0,gene/protein
SDC1,0.0,gene/protein
ZNF77,0.0,gene/protein
CLP1,0.0,gene/protein
XPA,0.0,gene/protein
TNFSF11,0.0,gene/protein
protein kinase A signaling,0.0,biological_process
positive regulation of histone H3-K4 methylation,0.0,biological_process
COL6A2,0.0,gene/protein
NPLOC4,0.0,gene/protein
SNW1,0.0,gene/protein
ZEB1,0.0,gene/protein
MEF2C,0.0,gene/protein
CIITA,0.0,gene/protein
USP20,0.0,gene/protein
DVL1,0.0,gene/protein
HMGN2,0.0,gene/protein
H3C10,0.0,gene/protein
H3C4,0.0,gene/protein
ZC3HAV1,0.0,gene/protein
UCHL3,0.0,gene/protein
SNORD48,0.0,gene/protein
TWIK-related alkaline pH activated K+ channel (TALK),0.0,pathway
TULP3,0.0,gene/protein
GTF2A1,0.0,gene/protein
FGF10,0.0,gene/protein
OTX2,0.0,gene/protein
UACA,0.0,gene/protein
H3C8,0.0,gene/protein
L-cysteine catabolic process,0.0,biological_process
TBC1D9,0.0,gene/protein
vascular endothelial growth factor receptor signaling pathway,0.0,biological_process
MEP1A,0.0,gene/protein
positive regulation of defense response to bacterium,0.0,biological_process
positive regulation of phagocytosis,0.0,biological_process
positive regulation of tumor necrosis factor production,0.0,biological_process
UPF2,0.0,gene/protein
FAAP100,0.0,gene/protein
BOLA1,0.0,gene/protein
THUMPD1,0.0,gene/protein
Coma,0.0,effect/phenotype
inflammatory response,0.0,biological_process
ZBTB38,0.0,gene/protein
RAPGEF6,0.0,gene/protein
regulation of centrosome duplication,0.0,biological_process
RICTOR,0.0,gene/protein
negative regulation of histone H3-K9 trimethylation,0.0,biological_process
histone H3-K9 deacetylation,0.0,biological_process
behavioral response to starvation,0.0,biological_process
negative regulation of histone H3-K14 acetylation,0.0,biological_process
type B pancreatic cell apoptotic process,0.0,biological_process
negative regulation of histone H4-K16 acetylation,0.0,biological_process
ARID2,0.0,gene/protein
HERC3,0.0,gene/protein
CPT1B,0.0,gene/protein
MYO5B,0.0,gene/protein
LTF,0.0,gene/protein
IL12B,0.0,gene/protein
ITIH1,0.0,gene/protein
histone H3-K9 modification,0.0,biological_process
WSCD1,0.0,gene/protein
ARHGEF39,0.0,gene/protein
TOX3,0.0,gene/protein
motor developmental delay due to 14q32.2 paternally expressed gene defect,0.0,disease
EXOSC2,0.0,gene/protein
CSF3,0.0,gene/protein
FHIT,0.0,gene/protein
PPP4R3C,0.0,gene/protein
TEDC1,0.0,gene/protein
TTC39A,0.0,gene/protein
YIF1A,0.0,gene/protein
FAM180A,0.0,gene/protein
CDCA2,0.0,gene/protein
MIR122,0.0,gene/protein
NUDT7,0.0,gene/protein
INS-IGF2,0.0,gene/protein
histone H3 acetylation,0.0,biological_process
GPX2,0.0,gene/protein
positive regulation of toll-like receptor 2 signaling pathway,0.0,biological_process
positive regulation of cell killing,0.0,biological_process
smooth muscle hypertrophy,0.0,biological_process
cytochrome complex assembly,0.0,biological_process
negative regulation of glomerular filtration by angiotensin,0.0,biological_process
epithelial cell differentiation,0.0,biological_process
LRRC58,0.0,gene/protein
neutrophil degranulation,0.0,biological_process
CRABP1,0.0,gene/protein
RAC2 GTPase cycle,0.0,pathway
DIRAS2,0.0,gene/protein
ZMAT3,0.0,gene/protein
NXF1,0.0,gene/protein
GABPA,0.0,gene/protein
SALL2,0.0,gene/protein
CGREF1,0.0,gene/protein
positive regulation of type B pancreatic cell apoptotic process,0.0,biological_process
respiratory burst,0.0,biological_process
MIR3173,0.0,gene/protein
PIGR,0.0,gene/protein
CST2,0.0,gene/protein
TSC22D1,0.0,gene/protein
PACSIN1,0.0,gene/protein
MYO5C,0.0,gene/protein
Paralysis,0.0,effect/phenotype
histone H4-K8 acetylation,0.0,biological_process
cellular response to L-glutamine,0.0,biological_process
GPX7,0.0,gene/protein
ALX3,0.0,gene/protein
ENDOG,0.0,gene/protein
Colonic inertia,0.0,effect/phenotype
response to ethanol,0.0,biological_process
regulation of release of sequestered calcium ion into cytosol,0.0,biological_process
CACYBP,0.0,gene/protein
superoxide metabolic process,0.0,biological_process
TTC19,0.0,gene/protein
IGFBP7,0.0,gene/protein
RAC3,0.0,gene/protein
SERPINA3,0.0,gene/protein
CBFA2T3,0.0,gene/protein
CD70,0.0,gene/protein
IFIT3,0.0,gene/protein
FCER2,0.0,gene/protein
EPHA3,0.0,gene/protein
SNORA29,0.0,gene/protein
ADCY3,0.0,gene/protein
COPA,0.0,gene/protein
HIVEP1,0.0,gene/protein
SLC25A6,0.0,gene/protein
CRYZ,0.0,gene/protein
CD69,0.0,gene/protein
BMPR1B,0.0,gene/protein
MS4A1,0.0,gene/protein
IRF8,0.0,gene/protein
TCF20,0.0,gene/protein
PLAC1,0.0,gene/protein
H2BC11,0.0,gene/protein
NDUFAF7,0.0,gene/protein
TADA2B,0.0,gene/protein
PSMA8,0.0,gene/protein
GPSM1,0.0,gene/protein
RCOR1,0.0,gene/protein
GPS1,0.0,gene/protein
TSR2,0.0,gene/protein
SFMBT1,0.0,gene/protein
IL13,0.0,gene/protein
GADD45B,0.0,gene/protein
HNRNPM,0.0,gene/protein
SNTB1,0.0,gene/protein
GPR25,0.0,gene/protein
GLI4,0.0,gene/protein
negative regulation of protein sumoylation,0.0,biological_process
lung growth,0.0,biological_process
negative regulation of transforming growth factor beta receptor signaling pathway,0.0,biological_process
regulation of B cell activation,0.0,biological_process
miRNA mediated inhibition of translation,0.0,biological_process
negative regulation of blood vessel endothelial cell proliferation involved in sprouting angiogenesis,0.0,biological_process
negative regulation of fat cell differentiation,0.0,biological_process
ventricular septum morphogenesis,0.0,biological_process
negative regulation of cardiac muscle cell proliferation,0.0,biological_process
CD86,0.0,gene/protein
negative regulation of B cell apoptotic process,0.0,biological_process
RMND1,0.0,gene/protein
HOXC13,0.0,gene/protein
COQ7,0.0,gene/protein
MZF1,0.0,gene/protein
BLOC1S1,0.0,gene/protein
HTR2C,0.0,gene/protein
ANXA11,0.0,gene/protein
regulation of B cell differentiation,0.0,biological_process
CX3CR1,0.0,gene/protein
NTAQ1,0.0,gene/protein
GATAD2A,0.0,gene/protein
TREM2,0.0,gene/protein
TRIML2,0.0,gene/protein
BCOR,0.0,gene/protein
GADD45GIP1,0.0,gene/protein
SCNM1,0.0,gene/protein
LPP,0.0,gene/protein
DPEP2,0.0,gene/protein
C9orf72,0.0,gene/protein
HSPA6,0.0,gene/protein
B2M,0.0,gene/protein
CD80,0.0,gene/protein
FKBP1A,0.0,gene/protein
ATP5PF,0.0,gene/protein
ISG20,0.0,gene/protein
CTAG1A,0.0,gene/protein
ATP6V1B2,0.0,gene/protein
PTGER3,0.0,gene/protein
PCGF3,0.0,gene/protein
ZFR,0.0,gene/protein
EFNB2,0.0,gene/protein
LIMA1,0.0,gene/protein
HES2,0.0,gene/protein
positive regulation of cellular senescence,0.0,biological_process
YAF2,0.0,gene/protein
GDNF,0.0,gene/protein
MKLN1,0.0,gene/protein
PRICKLE3,0.0,gene/protein
MIRLET7E,0.0,gene/protein
VEGFA-VEGFR2 Pathway,0.0,pathway
Detoxification of Reactive Oxygen Species,0.0,pathway
Cross-presentation of particulate exogenous antigens (phagosomes),0.0,pathway
eating behavior,0.0,biological_process
S100A10,0.0,gene/protein
negative regulation of endoplasmic reticulum calcium ion concentration,0.0,biological_process
adaptive thermogenesis,0.0,biological_process
tRNA modification in the nucleus and cytosol,0.0,pathway
FAM25C,0.0,gene/protein
USHBP1,0.0,gene/protein
SIGLECL1,0.0,gene/protein
SRXN1,0.0,gene/protein
FAM25A,0.0,gene/protein
C3AR1,0.0,gene/protein
SNHG32,0.0,gene/protein
H3C12,0.0,gene/protein
ZNF232,0.0,gene/protein
TMX2,0.0,gene/protein
PRG2,0.0,gene/protein
BMP1,0.0,gene/protein
H3C3,0.0,gene/protein
COL5A1,0.0,gene/protein
FBXW7,0.0,gene/protein
MAGOHB,0.0,gene/protein
HP1BP3,0.0,gene/protein
RPRD1B,0.0,gene/protein
stress-induced premature senescence,0.0,biological_process
DNA synthesis involved in DNA repair,0.0,biological_process
positive regulation of macrophage apoptotic process,0.0,biological_process
white fat cell differentiation,0.0,biological_process
chromatin organization,0.0,biological_process
NOX1,0.0,gene/protein
H3C2,0.0,gene/protein
UBA6,0.0,gene/protein
TDGF1,0.0,gene/protein
C10orf95,0.0,gene/protein
HMG20B,0.0,gene/protein
RPL18,0.0,gene/protein
RING1,0.0,gene/protein
HNRNPH2,0.0,gene/protein
LLGL2,0.0,gene/protein
SLC2A12,0.0,gene/protein
"antigen processing and presentation of exogenous peptide antigen via MHC class I, TAP-dependent",0.0,biological_process
RCHY1,0.0,gene/protein
response to nutrient levels,0.0,biological_process
positive regulation of endothelial cell proliferation,0.0,biological_process
RBPMS,0.0,gene/protein
positive regulation of reactive oxygen species biosynthetic process,0.0,biological_process
lactation,0.0,biological_process
RCOR2,0.0,gene/protein
NDUFA2,0.0,gene/protein
H3C11,0.0,gene/protein
RRBP1,0.0,gene/protein
H3C6,0.0,gene/protein
NR1D2,0.0,gene/protein
SLC9A3,0.0,gene/protein
SSRP1,0.0,gene/protein
LMO1,0.0,gene/protein
PTH2R,0.0,gene/protein
TTYH2,0.0,gene/protein
CTSH,0.0,gene/protein
TMEM155,0.0,gene/protein
MIR1260B,0.0,gene/protein
methanol poisoning,0.0,disease
leukonychia totalis,0.0,disease
F2,0.0,gene/protein
CYP1B1,0.0,gene/protein
ACACB,0.0,gene/protein
MVK,0.0,gene/protein
ACHE,0.0,gene/protein
MIR7704,0.0,gene/protein
SCF(Skp2)-mediated degradation of p27/p21,0.0,pathway
Downstream TCR signaling,0.0,pathway
energy homeostasis,0.0,biological_process
RNA splicing,0.0,biological_process
adipose tissue development,0.0,biological_process
positive regulation of ATP biosynthetic process,0.0,biological_process
ACP5,0.0,gene/protein
HSD11B2,0.0,gene/protein
BSCL2,0.0,gene/protein
AGPAT2,0.0,gene/protein
POLD1,0.0,gene/protein
FAM102B,0.0,gene/protein
intracellular protein transport,0.0,biological_process
respiratory electron transport chain,0.0,biological_process
cellular response to follicle-stimulating hormone stimulus,0.0,biological_process
NOS1,0.0,gene/protein
regulation of circadian rhythm,0.0,biological_process
positive regulation of progesterone biosynthetic process,0.0,biological_process
negative regulation of signaling receptor activity,0.0,biological_process
brown fat cell differentiation,0.0,biological_process
response to muscle activity,0.0,biological_process
negative regulation of protein phosphorylation,0.0,biological_process
protein stabilization,0.0,biological_process
CREB3L3,0.0,gene/protein
positive regulation of muscle tissue development,0.0,biological_process
GAS7,0.0,gene/protein
KIF15,0.0,gene/protein
AKR1B10,0.0,gene/protein
LRRC59,0.0,gene/protein
PPP1R1A,0.0,gene/protein
KMT2B,0.0,gene/protein
ZWINT,0.0,gene/protein
AFP,0.0,gene/protein
galactose metabolic process,0.0,biological_process
ADRA1A,0.0,gene/protein
ADRA2B,0.0,gene/protein
TTC32,0.0,gene/protein
WWC1,0.0,gene/protein
FZD1,0.0,gene/protein
COQ4,0.0,gene/protein
WDR5B,0.0,gene/protein
RNASEL,0.0,gene/protein
ADH4,0.0,gene/protein
APCS,0.0,gene/protein
ADAMTS1,0.0,gene/protein
DEPDC5,0.0,gene/protein
INMT,0.0,gene/protein
GINS1,0.0,gene/protein
pituitary gigantism,0.0,disease
mosaic monosomy X,0.0,disease
autosomal recessive ataxia due to PEX10 deficiency,0.0,disease
UCP1,0.0,gene/protein
DPYD,0.0,gene/protein
MT1A,0.0,gene/protein
ADAMTS13,0.0,gene/protein
LRRC1,0.0,gene/protein
SFRP1,0.0,gene/protein
RRM1,0.0,gene/protein
DEPDC1,0.0,gene/protein
MKKS,0.0,gene/protein
CHRM2,0.0,gene/protein
ALDH6A1,0.0,gene/protein
MRC1,0.0,gene/protein
CP,0.0,gene/protein
TBC1D4,0.0,gene/protein
SLC40A1,0.0,gene/protein
MGARP,0.0,gene/protein
CSNK1G1,0.0,gene/protein
LPXN,0.0,gene/protein
PEPD,0.0,gene/protein
CCDC124,0.0,gene/protein
RRAGC,0.0,gene/protein
NR2F1,0.0,gene/protein
SSTR2,0.0,gene/protein
STK17A,0.0,gene/protein
TRMT2A,0.0,gene/protein
AIF1L,0.0,gene/protein
Signaling by high-kinase activity BRAF mutants,0.0,pathway
generation of precursor metabolites and energy,0.0,biological_process
UCP3,0.0,gene/protein
PEX11A,0.0,gene/protein
SUCLA2,0.0,gene/protein
ZFR2,0.0,gene/protein
PMCH,0.0,gene/protein
SUCLG2,0.0,gene/protein
VLDLR,0.0,gene/protein
SDC3,0.0,gene/protein
ME1,0.0,gene/protein
TTLL9,0.0,gene/protein
PRICKLE2,0.0,gene/protein
DACT2,0.0,gene/protein
ADAMTS17,0.0,gene/protein
SLC38A9,0.0,gene/protein
FLCN,0.0,gene/protein
STAC3,0.0,gene/protein
SIRT3,0.0,gene/protein
MALAT1,0.0,gene/protein
Vpu mediated degradation of CD4,0.0,pathway
Vif-mediated degradation of APOBEC3G,0.0,pathway
Degradation of beta-catenin by the destruction complex,0.0,pathway
ER-Phagosome pathway,0.0,pathway
FAM107A,0.0,gene/protein
CELF1,0.0,gene/protein
PARP2,0.0,gene/protein
NEAT1,0.0,gene/protein
Signaling by moderate kinase activity BRAF mutants,0.0,pathway
SNX10,0.0,gene/protein
MIR8061,0.0,gene/protein
MIR6803,0.0,gene/protein
MIR4516,0.0,gene/protein
MIR6741,0.0,gene/protein
MIR4482,0.0,gene/protein
AQP7,0.0,gene/protein
ADH1B,0.0,gene/protein
AHR,0.0,gene/protein
Abnormal facial shape,0.0,effect/phenotype
H2BC1,0.0,gene/protein
MAP2K and MAPK activation,0.0,pathway
ANXA7,0.0,gene/protein
LINGO2,0.0,gene/protein
MMUT,0.0,gene/protein
ACLY,0.0,gene/protein
ACADM,0.0,gene/protein
Cdc20:Phospho-APC/C mediated degradation of Cyclin A,0.0,pathway
MIR29A,0.0,gene/protein
ACOT1,0.0,gene/protein
HULC,0.0,gene/protein
Cross-presentation of soluble exogenous antigens (endosomes),0.0,pathway
Autodegradation of Cdh1 by Cdh1:APC/C,0.0,pathway
SCF-beta-TrCP mediated degradation of Emi1,0.0,pathway
APC/C:Cdc20 mediated degradation of Securin,0.0,pathway
APC/C:Cdh1 mediated degradation of Cdc20 and other APC/C:Cdh1 targeted proteins in late mitosis/early G1,0.0,pathway
GADL1,0.0,gene/protein
CYP26B1,0.0,gene/protein
APCDD1,0.0,gene/protein
PPM1L,0.0,gene/protein
VPS13B,0.0,gene/protein
BBS12,0.0,gene/protein
RMST,0.0,gene/protein
NEGR1,0.0,gene/protein
ZNF169,0.0,gene/protein
SRA1,0.0,gene/protein
DEPDC1B,0.0,gene/protein
PTH1R,0.0,gene/protein
MCM10,0.0,gene/protein
HCRTR2,0.0,gene/protein
response to norepinephrine,0.0,biological_process
positive regulation of glomerular visceral epithelial cell apoptotic process,0.0,biological_process
RNF34,0.0,gene/protein
digestion,0.0,biological_process
CASP2,0.0,gene/protein
THY1,0.0,gene/protein
VIPR1,0.0,gene/protein
TALDO1,0.0,gene/protein
TST,0.0,gene/protein
RIOK3,0.0,gene/protein
SLC25A38,0.0,gene/protein
NPY5R,0.0,gene/protein
PACS1,0.0,gene/protein
BLM,0.0,gene/protein
AKR1C3,0.0,gene/protein
MC4R,0.0,gene/protein
LPL,0.0,gene/protein
POMC,0.0,gene/protein
STAB2,0.0,gene/protein
CARD14,0.0,gene/protein
BLOC1S6,0.0,gene/protein
PLIN1,0.0,gene/protein
LDLR,0.0,gene/protein
TCIM,0.0,gene/protein
cellular response to fructose stimulus,0.0,biological_process
response to electrical stimulus involved in regulation of muscle adaptation,0.0,biological_process
EIPR1,0.0,gene/protein
MAP4K4,0.0,gene/protein
H2AC7,0.0,gene/protein
temperature homeostasis,0.0,biological_process
BCL11B,0.0,gene/protein
mRNA processing,0.0,biological_process
GRAP,0.0,gene/protein
PMAIP1,0.0,gene/protein
CD302,0.0,gene/protein
EIF3G,0.0,gene/protein
MAN2C1,0.0,gene/protein
forebrain development,0.0,biological_process
cellular response to ionomycin,0.0,biological_process
EAF2,0.0,gene/protein
negative regulation of mitochondrial fission,0.0,biological_process
circadian regulation of gene expression,0.0,biological_process
positive regulation of mitochondrial DNA metabolic process,0.0,biological_process
cellular response to nitrite,0.0,biological_process
response to starvation,0.0,biological_process
negative regulation of smooth muscle cell migration,0.0,biological_process
cerebellum development,0.0,biological_process
HHAT,0.0,gene/protein
GRK7,0.0,gene/protein
MAN2B1,0.0,gene/protein
MADCAM1,0.0,gene/protein
SAP18,0.0,gene/protein
ATP1A3,0.0,gene/protein
SMN1,0.0,gene/protein
GNPDA2,0.0,gene/protein
BBS5,0.0,gene/protein
INPP5E,0.0,gene/protein
ATPAF1,0.0,gene/protein
SH2D7,0.0,gene/protein
ESM1,0.0,gene/protein
APLN,0.0,gene/protein
MKI67,0.0,gene/protein
CDCA8,0.0,gene/protein
ZDHHC2,0.0,gene/protein
YTHDF2,0.0,gene/protein
PYGL,0.0,gene/protein
COLEC10,0.0,gene/protein
Abnormality of immune system physiology,0.0,immune_effect/phenotype
UHRF1,0.0,gene/protein
TACC3,0.0,gene/protein
HJURP,0.0,gene/protein
SSX1,0.0,gene/protein
TCF19,0.0,gene/protein
CDK14,0.0,gene/protein
TYMS,0.0,gene/protein
TONSL,0.0,gene/protein
DNAJC6,0.0,gene/protein
BRWD3,0.0,gene/protein
TLX1,0.0,gene/protein
SLC27A4,0.0,gene/protein
DYNC2I2,0.0,gene/protein
STYXL1,0.0,gene/protein
CFAP57,0.0,gene/protein
BMP2K,0.0,gene/protein
EIF3A,0.0,gene/protein
ASF1B,0.0,gene/protein
RND3,0.0,gene/protein
EHD3,0.0,gene/protein
DLGAP5,0.0,gene/protein
KIF4A,0.0,gene/protein
PCLAF,0.0,gene/protein
KBTBD11,0.0,gene/protein
ARHGAP11A,0.0,gene/protein
APOF,0.0,gene/protein
negative regulation of toll-like receptor 4 signaling pathway,0.0,biological_process
INTS9,0.0,gene/protein
EIF3D,0.0,gene/protein
ARID1A,0.0,gene/protein
PLXDC1,0.0,gene/protein
AADAT,0.0,gene/protein
HAO2,0.0,gene/protein
CSMD1,0.0,gene/protein
ARID1B,0.0,gene/protein
TGM3,0.0,gene/protein
PDK4,0.0,gene/protein
NEIL3,0.0,gene/protein
Abnormality of redox activity,0.0,effect/phenotype
AP3B1,0.0,gene/protein
ARF1,0.0,gene/protein
PYY,0.0,gene/protein
NDUFB11,0.0,gene/protein
CTLA4,0.0,gene/protein
NUSAP1,0.0,gene/protein
CCNA1,0.0,gene/protein
MT1E,0.0,gene/protein
TH,0.0,gene/protein
PRC1,0.0,gene/protein
EXO1,0.0,gene/protein
SNORD32A,0.0,gene/protein
NEK5,0.0,gene/protein
NEK4,0.0,gene/protein
TBX21,0.0,gene/protein
ZNF280B,0.0,gene/protein
GCNT4,0.0,gene/protein
MAP4K1,0.0,gene/protein
RAP2A,0.0,gene/protein
EIF2AK1,0.0,gene/protein
H2AC12,0.0,gene/protein
GMFB,0.0,gene/protein
PTPRA,0.0,gene/protein
SEH1L,0.0,gene/protein
MAML3,0.0,gene/protein
HLA-DRB3,0.0,gene/protein
FOXA3,0.0,gene/protein
CHD1,0.0,gene/protein
PRMT2,0.0,gene/protein
ECH1,0.0,gene/protein
FGFR2,0.0,gene/protein
PAX2,0.0,gene/protein
APOD,0.0,gene/protein
CALB1,0.0,gene/protein
ARX,0.0,gene/protein
ZFAND5,0.0,gene/protein
ARR3,0.0,gene/protein
positive regulation of histone H3-K9 methylation,0.0,biological_process
positive regulation of cholesterol efflux,0.0,biological_process
TBC1D5,0.0,gene/protein
PLVAP,0.0,gene/protein
NUF2,0.0,gene/protein
CD33,0.0,gene/protein
MMP10,0.0,gene/protein
DLD,0.0,gene/protein
MMP14,0.0,gene/protein
CXorf56,0.0,gene/protein
FTSJ1,0.0,gene/protein
regulation of macroautophagy,0.0,biological_process
endocytic recycling,0.0,biological_process
UCH proteinases,0.0,pathway
Defective CFTR causes cystic fibrosis,0.0,pathway
LNX1,0.0,gene/protein
MUL1,0.0,gene/protein
LCMT2,0.0,gene/protein
RBM26,0.0,gene/protein
CRTAP,0.0,gene/protein
VPS36,0.0,gene/protein
Wnt signaling pathway,0.0,biological_process
C2orf69,0.0,gene/protein
VPS25,0.0,gene/protein
Signaling downstream of RAS mutants,0.0,pathway
Paradoxical activation of RAF signaling by kinase inactive BRAF,0.0,pathway
TMEM9,0.0,gene/protein
regulation of vesicle-mediated transport,0.0,biological_process
response to interferon-gamma,0.0,biological_process
positive regulation of insulin secretion,0.0,biological_process
response to zinc ion,0.0,biological_process
cellular zinc ion homeostasis,0.0,biological_process
CLEC4M,0.0,gene/protein
HUS1,0.0,gene/protein
STAMBP,0.0,gene/protein
 antibiotic target alteration,0.0,resistance_mechanism
negative regulation of sprouting angiogenesis,0.0,biological_process
positive regulation of endothelial cell apoptotic process,0.0,biological_process
BRS3,0.0,gene/protein
VWA5A,0.0,gene/protein
PTCHD1,0.0,gene/protein
Signaling by BRAF and RAF fusions,0.0,pathway
GPR158,0.0,gene/protein
SEPTIN1,0.0,gene/protein
DAO,0.0,gene/protein
ENO2,0.0,gene/protein
DNAH6,0.0,gene/protein
ATP6AP1,0.0,gene/protein
AGA,0.0,gene/protein
FBL,0.0,gene/protein
GOT1,0.0,gene/protein
FANCE,0.0,gene/protein
NFKBIB,0.0,gene/protein
COL13A1,0.0,gene/protein
GTF2F2,0.0,gene/protein
KIF11,0.0,gene/protein
CXCL9,0.0,gene/protein
CCR1,0.0,gene/protein
feeding behavior,0.0,biological_process
FNTB,0.0,gene/protein
FBP1,0.0,gene/protein
MT1F,0.0,gene/protein
FGF4,0.0,gene/protein
FOXM1,0.0,gene/protein
CXCL2,0.0,gene/protein
APBA2,0.0,gene/protein
DDX1,0.0,gene/protein
KLF9,0.0,gene/protein
TXNL1,0.0,gene/protein
regulation of cell adhesion,0.0,biological_process
positive regulation of acute inflammatory response,0.0,biological_process
regulation of vascular permeability involved in acute inflammatory response,0.0,biological_process
negative regulation of protein kinase B signaling,0.0,biological_process
Signaling by RAF1 mutants,0.0,pathway
protein phosphorylation,0.0,biological_process
positive regulation of cold-induced thermogenesis,0.0,biological_process
KRTAP6-1,0.0,gene/protein
reproductive process,0.0,biological_process
SLC5A5,0.0,gene/protein
HMGCR,0.0,gene/protein
GPC3,0.0,gene/protein
C9,0.0,gene/protein
CCNF,0.0,gene/protein
CD5L,0.0,gene/protein
CD34,0.0,gene/protein
FABP5,0.0,gene/protein
FGF3,0.0,gene/protein
ACACA,0.0,gene/protein
CA2,0.0,gene/protein
CHRM3,0.0,gene/protein
ATF4,0.0,gene/protein
GDF2,0.0,gene/protein
MYBL2,0.0,gene/protein
GPM6A,0.0,gene/protein
ACSL4,0.0,gene/protein
EGR2,0.0,gene/protein
NFKBIE,0.0,gene/protein
PSMB10,0.0,gene/protein
PDE8A,0.0,gene/protein
IL1A,0.0,gene/protein
MEFV,0.0,gene/protein
AQP1,0.0,gene/protein
DUT,0.0,gene/protein
ZNF148,0.0,gene/protein
"Synthesis, secretion, and deacylation of Ghrelin",0.0,pathway
NFIC,0.0,gene/protein
LMO2,0.0,gene/protein
IMPDH1,0.0,gene/protein
PSMB7,0.0,gene/protein
UBE3C,0.0,gene/protein
PSMB4,0.0,gene/protein
PSMB2,0.0,gene/protein
HSD17B10,0.0,gene/protein
UBTF,0.0,gene/protein
GIPR,0.0,gene/protein
negative regulation of amyloid-beta formation,0.0,biological_process
regulation of sequestering of zinc ion,0.0,biological_process
Insulin processing,0.0,pathway
positive regulation of osteoclast differentiation,0.0,biological_process
Notch-HLH transcription pathway,0.0,pathway
AGTR2,0.0,gene/protein
CLCN4,0.0,gene/protein
CD200,0.0,gene/protein
ECM1,0.0,gene/protein
CELSR3,0.0,gene/protein
TIRAP,0.0,gene/protein
Abnormality of the auditory canal,0.0,effect/phenotype
MYD88,0.0,gene/protein
GFI1,0.0,gene/protein
PAK3,0.0,gene/protein
SLC9A7,0.0,gene/protein
DLG3,0.0,gene/protein
COL3A1,0.0,gene/protein
IDO1,0.0,gene/protein
CPB2,0.0,gene/protein
CNR1,0.0,gene/protein
CA3,0.0,gene/protein
CD68,0.0,gene/protein
CTSS,0.0,gene/protein
ETFDH,0.0,gene/protein
RAB39B,0.0,gene/protein
MAGEA3,0.0,gene/protein
MIR21,0.0,gene/protein
LACTB,0.0,gene/protein
TTC8,0.0,gene/protein
SLC16A7,0.0,gene/protein
Ras protein signal transduction,0.0,biological_process
LUC7L2,0.0,gene/protein
TNFRSF10A,0.0,gene/protein
PLAG1,0.0,gene/protein
SCD,0.0,gene/protein
FAAH,0.0,gene/protein
ACSL1,0.0,gene/protein
HSD11B1,0.0,gene/protein
CS,0.0,gene/protein
HTR2A,0.0,gene/protein
ENTPD6,0.0,gene/protein
NPC1,0.0,gene/protein
CD163,0.0,gene/protein
UTP4,0.0,gene/protein
ZBTB3,0.0,gene/protein
MIF4GD,0.0,gene/protein
TGFBR3,0.0,gene/protein
NMNAT1,0.0,gene/protein
GFPT1,0.0,gene/protein
HADH,0.0,gene/protein
BBS9,0.0,gene/protein
BCHE,0.0,gene/protein
ZFHX3,0.0,gene/protein
ECHS1,0.0,gene/protein
ARHGDIA,0.0,gene/protein
IGFBP2,0.0,gene/protein
KCNMA1,0.0,gene/protein
MKS1,0.0,gene/protein
BBS7,0.0,gene/protein
FGGY,0.0,gene/protein
STK36,0.0,gene/protein
ADRB3,0.0,gene/protein
SDCCAG8,0.0,gene/protein
ALDH1L1,0.0,gene/protein
RAB21,0.0,gene/protein
MYT1L,0.0,gene/protein
MIR184,0.0,gene/protein
DCXR,0.0,gene/protein
ADRA2A,0.0,gene/protein
Abnormal blood glucose concentration,0.0,effect/phenotype
WDR70,0.0,gene/protein
TGIF1,0.0,gene/protein
WDFY1,0.0,gene/protein
WBP4,0.0,gene/protein
NEFM,0.0,gene/protein
MBIP,0.0,gene/protein
TBL3,0.0,gene/protein
EPHB2,0.0,gene/protein
FBN1,0.0,gene/protein
positive regulation of peptidyl-threonine phosphorylation,0.0,biological_process
positive regulation of calcium ion import,0.0,biological_process
positive regulation of protein kinase activity,0.0,biological_process
MRAP2,0.0,gene/protein
CARTPT,0.0,gene/protein
NQO1,0.0,gene/protein
SIM1,0.0,gene/protein
COX7C,0.0,gene/protein
PPP3CA,0.0,gene/protein
RBMX,0.0,gene/protein
ZNF41,0.0,gene/protein
Inflammatory abnormality of the skin,0.0,immune_effect/phenotype
CEP19,0.0,gene/protein
CCR9,0.0,gene/protein
TLR5,0.0,gene/protein
Abnormality of musculoskeletal physiology,0.0,effect/phenotype
UPF3B,0.0,gene/protein
IGFALS,0.0,gene/protein
CYP4A11,0.0,gene/protein
SYP,0.0,gene/protein
FRMPD4,0.0,gene/protein
ZNF81,0.0,gene/protein
CENPE,0.0,gene/protein
IQSEC2,0.0,gene/protein
SMS,0.0,gene/protein
CRHBP,0.0,gene/protein
DNASE1L3,0.0,gene/protein
NDC80,0.0,gene/protein
RTP3,0.0,gene/protein
ANGPTL6,0.0,gene/protein
CDCA3,0.0,gene/protein
MAGEA6,0.0,gene/protein
ETFA,0.0,gene/protein
CYP1A1,0.0,gene/protein
LETM1,0.0,gene/protein
ZNF711,0.0,gene/protein
LIFR,0.0,gene/protein
LPA,0.0,gene/protein
IDH1,0.0,gene/protein
IFNA1,0.0,gene/protein
KIF18A,0.0,gene/protein
HSD3B2,0.0,gene/protein
ALG13,0.0,gene/protein
TSPAN7,0.0,gene/protein
CTSD,0.0,gene/protein
AP1S2,0.0,gene/protein
ATRX,0.0,gene/protein
ZDHHC9,0.0,gene/protein
NEXMIF,0.0,gene/protein
SOST,0.0,gene/protein
ING3,0.0,gene/protein
ING4,0.0,gene/protein
FKBP15,0.0,gene/protein
CETP,0.0,gene/protein
CLEC7A (Dectin-1) signaling,0.0,pathway
MAPK6/MAPK4 signaling,0.0,pathway
cellular glucose homeostasis,0.0,biological_process
CCAR2,0.0,gene/protein
CEP95,0.0,gene/protein
VPS29,0.0,gene/protein
FASN,0.0,gene/protein
FCGR3B,0.0,gene/protein
UHRF1BP1,0.0,gene/protein
CCN1,0.0,gene/protein
ACE,0.0,gene/protein
CSPG4,0.0,gene/protein
TEDC2,0.0,gene/protein
CDKN3,0.0,gene/protein
CENPF,0.0,gene/protein
KDM5C,0.0,gene/protein
IL1RAPL1,0.0,gene/protein
CUL4B,0.0,gene/protein
CENPA,0.0,gene/protein
NONO,0.0,gene/protein
GABRD,0.0,gene/protein
MAGEA1,0.0,gene/protein
KCNN2,0.0,gene/protein
ITIH3,0.0,gene/protein
FGF19,0.0,gene/protein
GRIA3,0.0,gene/protein
RPL10,0.0,gene/protein
COL15A1,0.0,gene/protein
HERC1,0.0,gene/protein
TTBK2,0.0,gene/protein
CPLX2,0.0,gene/protein
QRFP,0.0,gene/protein
NF2,0.0,gene/protein
ZFYVE28,0.0,gene/protein
IREB2,0.0,gene/protein
SNORA78,0.0,gene/protein
PTER,0.0,gene/protein
WDR45,0.0,gene/protein
PLCB1,0.0,gene/protein
STRADA,0.0,gene/protein
FGF17,0.0,gene/protein
PRL,0.0,gene/protein
OXSR1,0.0,gene/protein
RPS6KA2,0.0,gene/protein
RPS6KA5,0.0,gene/protein
LY6E,0.0,gene/protein
ARMC8,0.0,gene/protein
WDFY4,0.0,gene/protein
SPTBN1,0.0,gene/protein
PRPF19,0.0,gene/protein
PPP2R2B,0.0,gene/protein
WDR7,0.0,gene/protein
FEM1A,0.0,gene/protein
WDR27,0.0,gene/protein
THRAP3,0.0,gene/protein
MACF1,0.0,gene/protein
CDK13,0.0,gene/protein
SRSF10,0.0,gene/protein
MAP4K2,0.0,gene/protein
MAPKAPK5,0.0,gene/protein
HDAC6,0.0,gene/protein
PPP2R5E,0.0,gene/protein
MAF,0.0,gene/protein
RNF166,0.0,gene/protein
CHMP4B,0.0,gene/protein
GRWD1,0.0,gene/protein
YDJC,0.0,gene/protein
ARMC7,0.0,gene/protein
DCAF10,0.0,gene/protein
IFRD2,0.0,gene/protein
ROCK2,0.0,gene/protein
SNAP29,0.0,gene/protein
CAMK1D,0.0,gene/protein
CDC73,0.0,gene/protein
membrane repolarization during ventricular cardiac muscle cell action potential,0.0,biological_process
rhythmic behavior,0.0,biological_process
renal absorption,0.0,biological_process
detection of mechanical stimulus involved in sensory perception of sound,0.0,biological_process
FIBP,0.0,gene/protein
UFD1,0.0,gene/protein
RPS19,0.0,gene/protein
USP7,0.0,gene/protein
PRKCI,0.0,gene/protein
RIPK2,0.0,gene/protein
MAML2,0.0,gene/protein
WASF2,0.0,gene/protein
CTDSP2,0.0,gene/protein
ARHGAP39,0.0,gene/protein
CCDC163,0.0,gene/protein
RPS6KA4,0.0,gene/protein
UCKL1,0.0,gene/protein
DPH7,0.0,gene/protein
PPP2R5A,0.0,gene/protein
PLK4,0.0,gene/protein
AURKC,0.0,gene/protein
TRAF5,0.0,gene/protein
Glucagon-like Peptide-1 (GLP1) regulates insulin secretion,0.0,pathway
PPM1F,0.0,gene/protein
TNFRSF19,0.0,gene/protein
PDK1,0.0,gene/protein
SNORD35A,0.0,gene/protein
PPP4R3A,0.0,gene/protein
UHMK1,0.0,gene/protein
RASSF5,0.0,gene/protein
WT1,0.0,gene/protein
TRAPPC3,0.0,gene/protein
SNHG12,0.0,gene/protein
GIPC1,0.0,gene/protein
RPS11,0.0,gene/protein
USP6NL,0.0,gene/protein
ZMAT2,0.0,gene/protein
NUAK2,0.0,gene/protein
MICAL1,0.0,gene/protein
MKNK1,0.0,gene/protein
HIRA,0.0,gene/protein
CABLES1,0.0,gene/protein
C12orf57,0.0,gene/protein
PPP1R1B,0.0,gene/protein
IL21R,0.0,gene/protein
ST3GAL2,0.0,gene/protein
UBE2D1,0.0,gene/protein
IL6R,0.0,gene/protein
PARD3,0.0,gene/protein
RNU11-5P,0.0,gene/protein
DCAF12,0.0,gene/protein
PAFAH2,0.0,gene/protein
RPL23A,0.0,gene/protein
FOXH1,0.0,gene/protein
GLMN,0.0,gene/protein
ACTR10,0.0,gene/protein
PPP2R2A,0.0,gene/protein
ARPC1A,0.0,gene/protein
UBE2J1,0.0,gene/protein
NEK9,0.0,gene/protein
WDR77,0.0,gene/protein
DENND3,0.0,gene/protein
TEP1,0.0,gene/protein
PRAME,0.0,gene/protein
RAB11A,0.0,gene/protein
HASPIN,0.0,gene/protein
TSSK6,0.0,gene/protein
SLK,0.0,gene/protein
PIK3R4,0.0,gene/protein
RASSF1,0.0,gene/protein
FAM171A1,0.0,gene/protein
GLIS2,0.0,gene/protein
LYSMD1,0.0,gene/protein
UBE2Z,0.0,gene/protein
UBE2B,0.0,gene/protein
MED15,0.0,gene/protein
RPTOR,0.0,gene/protein
WDR53,0.0,gene/protein
WDSUB1,0.0,gene/protein
WDR75,0.0,gene/protein
SH3BP2,0.0,gene/protein
LIF,0.0,gene/protein
CILK1,0.0,gene/protein
PLCB2,0.0,gene/protein
DYNC2I1,0.0,gene/protein
RAB14,0.0,gene/protein
POC1A,0.0,gene/protein
GRIN1,0.0,gene/protein
NBEAL2,0.0,gene/protein
TOB1,0.0,gene/protein
STT3B,0.0,gene/protein
PRKAG1,0.0,gene/protein
PWP2,0.0,gene/protein
COP1,0.0,gene/protein
LAS1L,0.0,gene/protein
TAB2,0.0,gene/protein
ETS2,0.0,gene/protein
PRKACB,0.0,gene/protein
GNG10,0.0,gene/protein
TXNDC11,0.0,gene/protein
SLC9A3R1,0.0,gene/protein
SEPTIN9,0.0,gene/protein
MECR,0.0,gene/protein
UBR4,0.0,gene/protein
LBX2,0.0,gene/protein
SUB1,0.0,gene/protein
RACK1,0.0,gene/protein
MOGAT3,0.0,gene/protein
SRSF11,0.0,gene/protein
PEX13,0.0,gene/protein
NSMCE1,0.0,gene/protein
Glucagon signaling in metabolic regulation,0.0,pathway
Activation of G protein gated Potassium channels,0.0,pathway
GNG7,0.0,gene/protein
GNG3,0.0,gene/protein
TMBIM1,0.0,gene/protein
adrenergic receptor signaling pathway,0.0,biological_process
iron ion homeostasis,0.0,biological_process
positive regulation of angiogenesis,0.0,biological_process
ELOVL6,0.0,gene/protein
MAFF,0.0,gene/protein
CPLX4,0.0,gene/protein
positive regulation of cardiac muscle contraction,0.0,biological_process
NCOA6,0.0,gene/protein
antigen transcytosis by M cells in mucosal-associated lymphoid tissue,0.0,biological_process
DIDO1,0.0,gene/protein
EMC9,0.0,gene/protein
potassium ion export across plasma membrane,0.0,biological_process
iodide transport,0.0,biological_process
Cytoprotection by HMOX1,0.0,pathway
Insertion of tail-anchored proteins into the endoplasmic reticulum membrane,0.0,pathway
Post-translational modification: synthesis of GPI-anchored proteins,0.0,pathway
neutrophil migration,0.0,biological_process
positive regulation of I-kappaB kinase/NF-kappaB signaling,0.0,biological_process
positive regulation of blood pressure,0.0,biological_process
cAMP-mediated signaling,0.0,biological_process
cellular response to glucagon stimulus,0.0,biological_process
negative regulation of inflammatory response to antigenic stimulus,0.0,biological_process
G beta:gamma signalling through BTK,0.0,pathway
"Adrenaline,noradrenaline inhibits insulin secretion",0.0,pathway
Ca2+ pathway,0.0,pathway
ADP signalling through P2Y purinoceptor 12,0.0,pathway
KRTAP5-9,0.0,gene/protein
negative regulation of leukocyte migration,0.0,biological_process
regulation of transcription from RNA polymerase II promoter in response to iron,0.0,biological_process
The NLRP3 inflammasome,0.0,pathway
Heme degradation,0.0,pathway
STMN3,0.0,gene/protein
GNG8,0.0,gene/protein
Thromboxane signalling through TP receptor,0.0,pathway
Inhibition  of voltage gated Ca2+ channels via Gbeta/gamma subunits,0.0,pathway
ZNF131,0.0,gene/protein
IFITM3,0.0,gene/protein
RTRAF,0.0,gene/protein
POMT2,0.0,gene/protein
SLC15A4,0.0,gene/protein
TMBIM6,0.0,gene/protein
SPTSSA,0.0,gene/protein
KHK,0.0,gene/protein
GABBR2,0.0,gene/protein
protein folding,0.0,biological_process
RAB5C,0.0,gene/protein
TCAF1,0.0,gene/protein
RASD2,0.0,gene/protein
CUL4A,0.0,gene/protein
GNGT1,0.0,gene/protein
ventricular cardiac muscle cell action potential,0.0,biological_process
PDCL,0.0,gene/protein
regulation of fat cell differentiation,0.0,biological_process
DHRS7,0.0,gene/protein
glucose metabolic process,0.0,biological_process
GDPD5,0.0,gene/protein
IL17RC,0.0,gene/protein
PCDHB16,0.0,gene/protein
regulation of ventricular cardiac muscle cell membrane repolarization,0.0,biological_process
atrial cardiac muscle cell action potential,0.0,biological_process
regulation of atrial cardiac muscle cell membrane repolarization,0.0,biological_process
inner ear development,0.0,biological_process
KNL1,0.0,gene/protein
regulation of gastric acid secretion,0.0,biological_process
positive regulation of potassium ion transmembrane transport,0.0,biological_process
regulation of voltage-gated sodium channel activity,0.0,biological_process
stomach development,0.0,biological_process
auditory receptor cell development,0.0,biological_process
EXOSC8,0.0,gene/protein
intestinal absorption,0.0,biological_process
HPN,0.0,gene/protein
corticosterone secretion,0.0,biological_process
WSB1,0.0,gene/protein
STK31,0.0,gene/protein
SLC12A2,0.0,gene/protein
SERBP1,0.0,gene/protein
NRDC,0.0,gene/protein
PANK4,0.0,gene/protein
SEC31B,0.0,gene/protein
TBL1X,0.0,gene/protein
positive regulation of protein localization to plasma membrane,0.0,biological_process
neuromuscular process,0.0,biological_process
cellular response to cAMP,0.0,biological_process
social behavior,0.0,biological_process
LAX1,0.0,gene/protein
membrane repolarization during action potential,0.0,biological_process
membrane repolarization during atrial cardiac muscle cell action potential,0.0,biological_process
negative regulation of insulin secretion,0.0,biological_process
regulation of cardiac conduction,0.0,biological_process
gene silencing,0.0,biological_process
GPR108,0.0,gene/protein
Iron uptake and transport,0.0,pathway
SYNJ2,0.0,gene/protein
CCDC142,0.0,gene/protein
SLC2A4RG,0.0,gene/protein
TMEM150A,0.0,gene/protein
PLPP2,0.0,gene/protein
TCF12,0.0,gene/protein
NRGN,0.0,gene/protein
PLG,0.0,gene/protein
TTYH3,0.0,gene/protein
KLC4,0.0,gene/protein
SLC16A3,0.0,gene/protein
PNRC1,0.0,gene/protein
SRCIN1,0.0,gene/protein
PAX8,0.0,gene/protein
WDTC1,0.0,gene/protein
PLEKHG6,0.0,gene/protein
positive regulation of cell migration involved in sprouting angiogenesis,0.0,biological_process
cellular iron ion homeostasis,0.0,biological_process
Regulation of HMOX1 expression and activity,0.0,pathway
cellular response to glucose stimulus,0.0,biological_process
CDC42BPA,0.0,gene/protein
ANXA9,0.0,gene/protein
DHRS3,0.0,gene/protein
TIA1,0.0,gene/protein
response to hydrogen peroxide,0.0,biological_process
gastrin-induced gastric acid secretion,0.0,biological_process
non-motile cilium assembly,0.0,biological_process
cardiac conduction,0.0,biological_process
cardiac muscle contraction,0.0,biological_process
cochlea development,0.0,biological_process
cellular response to epinephrine stimulus,0.0,biological_process
membrane repolarization during cardiac muscle cell action potential,0.0,biological_process
potassium ion import across plasma membrane,0.0,biological_process
response to insulin,0.0,biological_process
regulation of membrane repolarization,0.0,biological_process
WAC,0.0,gene/protein
STK35,0.0,gene/protein
RASA1,0.0,gene/protein
MRPL40,0.0,gene/protein
STK40,0.0,gene/protein
PRKAG2,0.0,gene/protein
NCOR2,0.0,gene/protein
UTRN,0.0,gene/protein
SNX6,0.0,gene/protein
EEF1E1,0.0,gene/protein
AP5M1,0.0,gene/protein
RFC4,0.0,gene/protein
MEF2A,0.0,gene/protein
THAP7,0.0,gene/protein
SOCS5,0.0,gene/protein
HCFC1R1,0.0,gene/protein
WDR37,0.0,gene/protein
CCNY,0.0,gene/protein
PPME1,0.0,gene/protein
NLK,0.0,gene/protein
TBL2,0.0,gene/protein
IL27RA,0.0,gene/protein
RHOU,0.0,gene/protein
HDAC3,0.0,gene/protein
ERBIN,0.0,gene/protein
TNFRSF14,0.0,gene/protein
TOLLIP,0.0,gene/protein
MALT1,0.0,gene/protein
FAF1,0.0,gene/protein
BANP,0.0,gene/protein
TLCD1,0.0,gene/protein
FGF9,0.0,gene/protein
ATG16L2,0.0,gene/protein
TBXA2R,0.0,gene/protein
ITFG2,0.0,gene/protein
COPB2,0.0,gene/protein
LAT,0.0,gene/protein
WDR26,0.0,gene/protein
PRKAB1,0.0,gene/protein
NCOA3,0.0,gene/protein
MTMR4,0.0,gene/protein
RET,0.0,gene/protein
TTBK1,0.0,gene/protein
RPL13A,0.0,gene/protein
DUSP16,0.0,gene/protein
GALM,0.0,gene/protein
RPS6KA1,0.0,gene/protein
DAPK2,0.0,gene/protein
EED,0.0,gene/protein
ITGA6,0.0,gene/protein
WDR4,0.0,gene/protein
MAP3K14,0.0,gene/protein
CXCR4,0.0,gene/protein
UBE2F,0.0,gene/protein
TAF5,0.0,gene/protein
TXK,0.0,gene/protein
TIFA,0.0,gene/protein
AAAS,0.0,gene/protein
DBNL,0.0,gene/protein
RPS6KC1,0.0,gene/protein
TOP3B,0.0,gene/protein
UBE2E3,0.0,gene/protein
C1orf52,0.0,gene/protein
GSPT1,0.0,gene/protein
WNT4,0.0,gene/protein
RAE1,0.0,gene/protein
WDFY2,0.0,gene/protein
TDP2,0.0,gene/protein
SPOP,0.0,gene/protein
MAVS,0.0,gene/protein
ZFYVE9,0.0,gene/protein
LMTK2,0.0,gene/protein
toxin biosynthetic process,0.0,biological_process
exogenous drug catabolic process,0.0,biological_process
monocarboxylic acid metabolic process,0.0,biological_process
dibenzo-p-dioxin metabolic process,0.0,biological_process
drug catabolic process,0.0,biological_process
alkaloid metabolic process,0.0,biological_process
heterocycle metabolic process,0.0,biological_process
SIVA1,0.0,gene/protein
H2BC7,0.0,gene/protein
response to immobilization stress,0.0,biological_process
FECH,0.0,gene/protein
estrogen metabolic process,0.0,biological_process
long-chain fatty acid biosynthetic process,0.0,biological_process
retinol metabolic process,0.0,biological_process
Hepatomegaly,0.0,effect/phenotype
Splenomegaly,0.0,effect/phenotype
POR,0.0,gene/protein
BFAR,0.0,gene/protein
C5AR1,0.0,gene/protein
METRNL,0.0,gene/protein
BNIP3,0.0,gene/protein
Abnormality of the endocrine system,0.0,effect/phenotype
TRNL1,0.0,gene/protein
TRNK,0.0,gene/protein
PPP1CC,0.0,gene/protein
RIC3,0.0,gene/protein
monoterpenoid metabolic process,0.0,biological_process
regulation of mitochondrial membrane permeability,0.0,biological_process
negative regulation of execution phase of apoptosis,0.0,biological_process
negative regulation of intrinsic apoptotic signaling pathway in response to DNA damage,0.0,biological_process
apoptotic process in bone marrow cell,0.0,biological_process
EIF2S3,0.0,gene/protein
cellular response to alkaloid,0.0,biological_process
extrinsic apoptotic signaling pathway in absence of ligand,0.0,biological_process
cellular response to gamma radiation,0.0,biological_process
CRYAA,0.0,gene/protein
PGAM5,0.0,gene/protein
LARP1,0.0,gene/protein
RBM5,0.0,gene/protein
UBE2G2,0.0,gene/protein
WDR12,0.0,gene/protein
PREB,0.0,gene/protein
C1orf159,0.0,gene/protein
Aromatic amines can be N-hydroxylated or N-dealkylated by CYP1A2,0.0,pathway
NOXO1,0.0,gene/protein
G beta:gamma signalling through PI3Kgamma,0.0,pathway
G-protein activation,0.0,pathway
PXN,0.0,gene/protein
RAP1GAP,0.0,gene/protein
CCNYL1,0.0,gene/protein
GEMIN5,0.0,gene/protein
GRIN2D,0.0,gene/protein
STK38L,0.0,gene/protein
AKR1B1,0.0,gene/protein
response to aldosterone,0.0,biological_process
porphyrin-containing compound metabolic process,0.0,biological_process
cellular response to amino acid stimulus,0.0,biological_process
PGRMC1,0.0,gene/protein
ABHD16A,0.0,gene/protein
PRKD2,0.0,gene/protein
WIPI1,0.0,gene/protein
NTHL1,0.0,gene/protein
ZNF219,0.0,gene/protein
in utero embryonic development,0.0,biological_process
germ cell development,0.0,biological_process
positive regulation of cell population proliferation,0.0,biological_process
intrinsic apoptotic signaling pathway in response to DNA damage,0.0,biological_process
AVEN,0.0,gene/protein
regulation of gene expression,0.0,biological_process
cellular respiration,0.0,biological_process
Biosynthesis of protectins,0.0,pathway
GNB1L,0.0,gene/protein
ITGA4,0.0,gene/protein
AGAP2,0.0,gene/protein
ZNF74,0.0,gene/protein
SDCBP,0.0,gene/protein
ACTR2,0.0,gene/protein
AKT1S1,0.0,gene/protein
TAB1,0.0,gene/protein
LZTR1,0.0,gene/protein
YTHDC1,0.0,gene/protein
ASXL1,0.0,gene/protein
TNFRSF10B,0.0,gene/protein
TPP2,0.0,gene/protein
H2AC8,0.0,gene/protein
SNORD34,0.0,gene/protein
PES1,0.0,gene/protein
DSTYK,0.0,gene/protein
PTPRC,0.0,gene/protein
FBXW5,0.0,gene/protein
NKTR,0.0,gene/protein
PAFAH1B1,0.0,gene/protein
EIF2AK4,0.0,gene/protein
UBE2J2,0.0,gene/protein
STAT5B,0.0,gene/protein
TSPAN13,0.0,gene/protein
CAND2,0.0,gene/protein
SMU1,0.0,gene/protein
RAB36,0.0,gene/protein
DHH,0.0,gene/protein
positive regulation of blood vessel endothelial cell migration,0.0,biological_process
SEPTIN5,0.0,gene/protein
DISP2,0.0,gene/protein
PEX7,0.0,gene/protein
TRAF7,0.0,gene/protein
WDR43,0.0,gene/protein
STK10,0.0,gene/protein
IL5,0.0,gene/protein
DYRK4,0.0,gene/protein
TMEM115,0.0,gene/protein
PPFIA1,0.0,gene/protein
CFAP251,0.0,gene/protein
RARG,0.0,gene/protein
DGCR8,0.0,gene/protein
PUF60,0.0,gene/protein
UBE2W,0.0,gene/protein
H4C2,0.0,gene/protein
CDC42BPG,0.0,gene/protein
H2AC17,0.0,gene/protein
NLE1,0.0,gene/protein
HSH2D,0.0,gene/protein
RAN,0.0,gene/protein
IL3,0.0,gene/protein
DCAF16,0.0,gene/protein
LAMTOR3,0.0,gene/protein
DENR,0.0,gene/protein
PAK2,0.0,gene/protein
DCAF5,0.0,gene/protein
WDR6,0.0,gene/protein
PLAA,0.0,gene/protein
CARD11,0.0,gene/protein
RANBP3,0.0,gene/protein
CORO6,0.0,gene/protein
DMXL2,0.0,gene/protein
AKTIP,0.0,gene/protein
PTPRE,0.0,gene/protein
STK39,0.0,gene/protein
BRWD1,0.0,gene/protein
PAK4,0.0,gene/protein
ACAD8,0.0,gene/protein
WDR74,0.0,gene/protein
STAT5A,0.0,gene/protein
TICAM2,0.0,gene/protein
SP100,0.0,gene/protein
pituitary gland development,0.0,biological_process
positive regulation of inflammatory response,0.0,biological_process
WWP2,0.0,gene/protein
ELP2,0.0,gene/protein
STXBP5,0.0,gene/protein
SCOC,0.0,gene/protein
SIK1,0.0,gene/protein
CTU2,0.0,gene/protein
DNAJC5,0.0,gene/protein
SCRIB,0.0,gene/protein
CDK10,0.0,gene/protein
H1-2,0.0,gene/protein
AMBRA1,0.0,gene/protein
USP8,0.0,gene/protein
FAM135A,0.0,gene/protein
ARHGAP12,0.0,gene/protein
SEC31A,0.0,gene/protein
ERCC6L2,0.0,gene/protein
UTP15,0.0,gene/protein
PI4KA,0.0,gene/protein
CTDSP1,0.0,gene/protein
PHKG2,0.0,gene/protein
C21orf62-AS1,0.0,gene/protein
STK17B,0.0,gene/protein
TESK1,0.0,gene/protein
RSPH14,0.0,gene/protein
RNF111,0.0,gene/protein
TMEM59,0.0,gene/protein
TBC1D31,0.0,gene/protein
MAP3K1,0.0,gene/protein
AKAP13,0.0,gene/protein
NR1D1,0.0,gene/protein
CEP290,0.0,gene/protein
PIAS4,0.0,gene/protein
WNK1,0.0,gene/protein
RNF167,0.0,gene/protein
DCAF6,0.0,gene/protein
LATS1,0.0,gene/protein
CDKL5,0.0,gene/protein
COASY,0.0,gene/protein
WDR20,0.0,gene/protein
NDC1,0.0,gene/protein
AZI2,0.0,gene/protein
FBXW4,0.0,gene/protein
H2BC5,0.0,gene/protein
ITGA5,0.0,gene/protein
female pregnancy,0.0,biological_process
TLE2,0.0,gene/protein
WDR88,0.0,gene/protein
ACTBL2,0.0,gene/protein
H2BC12,0.0,gene/protein
SDF2L1,0.0,gene/protein
SPAG9,0.0,gene/protein
PIM2,0.0,gene/protein
NSMAF,0.0,gene/protein
CCDC90B,0.0,gene/protein
SKAP1,0.0,gene/protein
CCNJ,0.0,gene/protein
ACTR3B,0.0,gene/protein
SNIP1,0.0,gene/protein
ACAP1,0.0,gene/protein
SMURF1,0.0,gene/protein
NEK11,0.0,gene/protein
ABI1,0.0,gene/protein
TTC3,0.0,gene/protein
CCNL1,0.0,gene/protein
SLC25A1,0.0,gene/protein
TMEM209,0.0,gene/protein
MAP2K5,0.0,gene/protein
RGS19,0.0,gene/protein
UBE2L3,0.0,gene/protein
ACTR1A,0.0,gene/protein
IL21,0.0,gene/protein
negative regulation of cholesterol efflux,0.0,biological_process
regulation of high-density lipoprotein particle assembly,0.0,biological_process
negative regulation of leukocyte adhesion to vascular endothelial cell,0.0,biological_process
PRPH,0.0,gene/protein
MRPL12,0.0,gene/protein
CXCL8,0.0,gene/protein
CST4,0.0,gene/protein
AMY1C,0.0,gene/protein
ADORA2B mediated anti-inflammatory cytokines production,0.0,pathway
SIGLEC6,0.0,gene/protein
FUT5,0.0,gene/protein
PSMA2,0.0,gene/protein
GRB7,0.0,gene/protein
EEF1B2,0.0,gene/protein
CFB,0.0,gene/protein
CES1,0.0,gene/protein
CST3,0.0,gene/protein
IGHA2,0.0,gene/protein
BCL3,0.0,gene/protein
ACTC1,0.0,gene/protein
IGF2,0.0,gene/protein
CSF1R,0.0,gene/protein
ACTG2,0.0,gene/protein
negative regulation of interleukin-6 production,0.0,biological_process
FBXL2,0.0,gene/protein
AKAP8,0.0,gene/protein
negative regulation of metalloendopeptidase activity,0.0,biological_process
Hyperkinetic movements,0.0,effect/phenotype
TEX11,0.0,gene/protein
TXNRD1,0.0,gene/protein
Degradation of cysteine and homocysteine,0.0,pathway
EIF3C,0.0,gene/protein
regulation of lipid storage,0.0,biological_process
fatty acid metabolic process,0.0,biological_process
negative regulation of vascular endothelial growth factor production,0.0,biological_process
MIRLET7A3,0.0,gene/protein
lymphatic endothelial cell fate commitment,0.0,biological_process
optic placode formation involved in camera-type eye formation,0.0,biological_process
otic placode formation,0.0,biological_process
GPX3,0.0,gene/protein
HOTAIR,0.0,gene/protein
CYP26A1,0.0,gene/protein
THEM4,0.0,gene/protein
CIDEA,0.0,gene/protein
APOA4,0.0,gene/protein
COL12A1,0.0,gene/protein
COPB1,0.0,gene/protein
PRDM1,0.0,gene/protein
FGG,0.0,gene/protein
GLUD1,0.0,gene/protein
EGLN3,0.0,gene/protein
MACIR,0.0,gene/protein
FATE1,0.0,gene/protein
CHRM1,0.0,gene/protein
DNASE1L2,0.0,gene/protein
FOXF1,0.0,gene/protein
LTB4R,0.0,gene/protein
CYP8B1,0.0,gene/protein
GDI2,0.0,gene/protein
C2,0.0,gene/protein
FTH1,0.0,gene/protein
EPHX2,0.0,gene/protein
retina morphogenesis in camera-type eye,0.0,biological_process
ventricular cardiac muscle tissue morphogenesis,0.0,biological_process
positive regulation of protein tyrosine kinase activity,0.0,biological_process
positive regulation of cell cycle checkpoint,0.0,biological_process
endocardium formation,0.0,biological_process
NOX5,0.0,gene/protein
positive regulation of forebrain neuron differentiation,0.0,biological_process
hepatocyte cell migration,0.0,biological_process
cerebellar granule cell differentiation,0.0,biological_process
dentate gyrus development,0.0,biological_process
CTSE,0.0,gene/protein
SARS1,0.0,gene/protein
KLK3,0.0,gene/protein
KRT15,0.0,gene/protein
EIF1AX,0.0,gene/protein
NACA,0.0,gene/protein
LDHB,0.0,gene/protein
RPA3,0.0,gene/protein
CD74,0.0,gene/protein
IL12RB1,0.0,gene/protein
positive regulation of cell cycle,0.0,biological_process
dorsal spinal cord development,0.0,biological_process
negative regulation of amyloid-beta clearance,0.0,biological_process
ventricular cardiac myofibril assembly,0.0,biological_process
MTFR2,0.0,gene/protein
positive regulation of neural precursor cell proliferation,0.0,biological_process
skeletal muscle thin filament assembly,0.0,biological_process
HNRNPH3,0.0,gene/protein
LCN2,0.0,gene/protein
FCGRT,0.0,gene/protein
BCL2A1,0.0,gene/protein
IL12A,0.0,gene/protein
ACTG1,0.0,gene/protein
PFDN2,0.0,gene/protein
PSAP,0.0,gene/protein
PTMS,0.0,gene/protein
ATP6V1B1,0.0,gene/protein
SERPINH1,0.0,gene/protein
C4BPA,0.0,gene/protein
EEF1D,0.0,gene/protein
ACO2,0.0,gene/protein
RPL30,0.0,gene/protein
NKX2-5,0.0,gene/protein
IAPP,0.0,gene/protein
NCBP1,0.0,gene/protein
PPA1,0.0,gene/protein
DMD,0.0,gene/protein
SERPINB1,0.0,gene/protein
Regulation of HSF1-mediated heat shock response,0.0,pathway
protein depropionylation,0.0,biological_process
olfactory placode formation,0.0,biological_process
CYP27A1,0.0,gene/protein
CCR6,0.0,gene/protein
PLXNA2,0.0,gene/protein
ING5,0.0,gene/protein
AGER,0.0,gene/protein
MITF,0.0,gene/protein
SLC25A5,0.0,gene/protein
CXCL10,0.0,gene/protein
CRP,0.0,gene/protein
AMPD3,0.0,gene/protein
CD40,0.0,gene/protein
ITGB4,0.0,gene/protein
CARS1,0.0,gene/protein
GORASP2,0.0,gene/protein
ZNF417,0.0,gene/protein
histone H4-K12 acetylation,0.0,biological_process
RAF activation,0.0,pathway
Signaling by MRAS-complex mutants,0.0,pathway
APOC3,0.0,gene/protein
F10,0.0,gene/protein
GTF2F1,0.0,gene/protein
ETV4,0.0,gene/protein
ELF3,0.0,gene/protein
RLN1,0.0,gene/protein
ACP1,0.0,gene/protein
FABP4,0.0,gene/protein
CBS,0.0,gene/protein
GH1,0.0,gene/protein
SARDH,0.0,gene/protein
G6PC1,0.0,gene/protein
HMGB2,0.0,gene/protein
NOP16,0.0,gene/protein
ASH1L,0.0,gene/protein
DPP10,0.0,gene/protein
NDRG1,0.0,gene/protein
TRMT11,0.0,gene/protein
CLSTN2,0.0,gene/protein
CCDC134,0.0,gene/protein
BMPER,0.0,gene/protein
actin cytoskeleton organization,0.0,biological_process
JDP2,0.0,gene/protein
OIT3,0.0,gene/protein
HEBP2,0.0,gene/protein
CKAP2L,0.0,gene/protein
MACROD2,0.0,gene/protein
DDX54,0.0,gene/protein
AMY1A,0.0,gene/protein
IFT88,0.0,gene/protein
OLFML2A,0.0,gene/protein
TRNT1,0.0,gene/protein
AMACR,0.0,gene/protein
CYP7B1,0.0,gene/protein
TJP2,0.0,gene/protein
ADCY5,0.0,gene/protein
MIR1260A,0.0,gene/protein
SLC11A2,0.0,gene/protein
LARGE1,0.0,gene/protein
BTBD11,0.0,gene/protein
SRMS,0.0,gene/protein
TOP1,0.0,gene/protein
SERPINE1,0.0,gene/protein
CASP12,0.0,gene/protein
C1QTNF6,0.0,gene/protein
SLC29A3,0.0,gene/protein
MIR1228,0.0,gene/protein
MARCO,0.0,gene/protein
BAP1,0.0,gene/protein
XAGE1B,0.0,gene/protein
TRIO,0.0,gene/protein
DICER1,0.0,gene/protein
NUDCD3,0.0,gene/protein
SNHG11,0.0,gene/protein
TMEM132D,0.0,gene/protein
SPATA21,0.0,gene/protein
DCD,0.0,gene/protein
HIGD2A,0.0,gene/protein
ZNF23,0.0,gene/protein
BTG2,0.0,gene/protein
SKA1,0.0,gene/protein
PDRG1,0.0,gene/protein
HSDL2,0.0,gene/protein
OAT,0.0,gene/protein
PLS1,0.0,gene/protein
GRIK2,0.0,gene/protein
ZIC2,0.0,gene/protein
RAC3 GTPase cycle,0.0,pathway
response to cAMP,0.0,biological_process
CYBB,0.0,gene/protein
APPBP2,0.0,gene/protein
LATS2,0.0,gene/protein
Postprandial hyperglycemia,0.0,effect/phenotype
TP53AIP1,0.0,gene/protein
Tachycardia,0.0,effect/phenotype
MIR520B,0.0,gene/protein
TOPBP1,0.0,gene/protein
Hypothermia,0.0,effect/phenotype
cysteine metabolic process,0.0,biological_process
RAC1 GTPase cycle,0.0,pathway
regulation of actin cytoskeleton reorganization,0.0,biological_process
positive regulation of BMP signaling pathway,0.0,biological_process
NOTCH2 Activation and Transmission of Signal to the Nucleus,0.0,pathway
ASPG,0.0,gene/protein
SERTAD1,0.0,gene/protein
TRA,0.0,gene/protein
TRH,0.0,gene/protein
PNPT1,0.0,gene/protein
WDR62,0.0,gene/protein
SLC25A47,0.0,gene/protein
FCN3,0.0,gene/protein
SRPX,0.0,gene/protein
CCBE1,0.0,gene/protein
IL20,0.0,gene/protein
TTC36,0.0,gene/protein
UROC1,0.0,gene/protein
COX7B2,0.0,gene/protein
NLRC3,0.0,gene/protein
DCAF4L2,0.0,gene/protein
GLRX5,0.0,gene/protein
ZNF785,0.0,gene/protein
ZNF354C,0.0,gene/protein
KIF18B,0.0,gene/protein
actin cytoskeleton reorganization,0.0,biological_process
lens development in camera-type eye,0.0,biological_process
RAD54L,0.0,gene/protein
RSPO3,0.0,gene/protein
CENPW,0.0,gene/protein
MICA,0.0,gene/protein
NKILA,0.0,gene/protein
ADGRG7,0.0,gene/protein
HCRT,0.0,gene/protein
RNF157,0.0,gene/protein
MFSD2A,0.0,gene/protein
ZIC4,0.0,gene/protein
CNDP1,0.0,gene/protein
TIMD4,0.0,gene/protein
ALAS2,0.0,gene/protein
ABCB7,0.0,gene/protein
ACOX2,0.0,gene/protein
CDCA5,0.0,gene/protein
negative regulation of bile acid biosynthetic process,0.0,biological_process
branching involved in pancreas morphogenesis,0.0,biological_process
positive regulation of adipose tissue development,0.0,biological_process
LRRC7,0.0,gene/protein
Regulation of FOXO transcriptional activity by acetylation,0.0,pathway
negative regulation of cAMP-dependent protein kinase activity,0.0,biological_process
negative regulation of androgen receptor signaling pathway,0.0,biological_process
negative regulation of cellular response to testosterone stimulus,0.0,biological_process
ZNF550,0.0,gene/protein
triglyceride mobilization,0.0,biological_process
LINC00221,0.0,gene/protein
SKA3,0.0,gene/protein
PHGDH,0.0,gene/protein
PTPRO,0.0,gene/protein
ZIC5,0.0,gene/protein
CNTNAP4,0.0,gene/protein
ZNF365,0.0,gene/protein
negative regulation of cellular senescence,0.0,biological_process
HNRNPA1L2,0.0,gene/protein
positive regulation of smooth muscle cell differentiation,0.0,biological_process
regulation of signal transduction,0.0,biological_process
MIR2116,0.0,gene/protein
SLC22A10,0.0,gene/protein
ASPM,0.0,gene/protein
FAM111B,0.0,gene/protein
FAM72B,0.0,gene/protein
P2RY11,0.0,gene/protein
MIR615,0.0,gene/protein
TICRR,0.0,gene/protein
PENK,0.0,gene/protein
MOG,0.0,gene/protein
MIR1301,0.0,gene/protein
TNFSF4,0.0,gene/protein
KLF11,0.0,gene/protein
TAC1,0.0,gene/protein
CEL,0.0,gene/protein
MIR539,0.0,gene/protein
FAF2,0.0,gene/protein
positive regulation of neuron apoptotic process,0.0,biological_process
cellular extravasation,0.0,biological_process
muscle contraction,0.0,biological_process
negative regulation of epidermal growth factor receptor signaling pathway,0.0,biological_process
cell-matrix adhesion,0.0,biological_process
LAMA1,0.0,gene/protein
negative regulation of type B pancreatic cell apoptotic process,0.0,biological_process
cellular component disassembly involved in execution phase of apoptosis,0.0,biological_process
SLC17A2,0.0,gene/protein
neutrophil chemotaxis,0.0,biological_process
PTPRK,0.0,gene/protein
MARCHF7,0.0,gene/protein
STAP1,0.0,gene/protein
MAST4,0.0,gene/protein
protein processing,0.0,biological_process
endothelin maturation,0.0,biological_process
Regulation of insulin secretion,0.0,pathway
bradykinin catabolic process,0.0,biological_process
calcitonin catabolic process,0.0,biological_process
TRPM8,0.0,gene/protein
NIM1K,0.0,gene/protein
NISCH,0.0,gene/protein
ANKAR,0.0,gene/protein
MLF1,0.0,gene/protein
positive regulation of protein kinase B signaling,0.0,biological_process
WDR11,0.0,gene/protein
Regulation of gene expression in early pancreatic precursor cells,0.0,pathway
type B pancreatic cell differentiation,0.0,biological_process
detection of glucose,0.0,biological_process
positive regulation of cell death,0.0,biological_process
transcription by RNA polymerase II,0.0,biological_process
MAGED1,0.0,gene/protein
TBK1,0.0,gene/protein
GTF3C2,0.0,gene/protein
central nervous system development,0.0,biological_process
peptide hormone processing,0.0,biological_process
embryonic digit morphogenesis,0.0,biological_process
SSR4,0.0,gene/protein
APBB3,0.0,gene/protein
FYB1,0.0,gene/protein
IKBKE,0.0,gene/protein
GAS1,0.0,gene/protein
CDK12,0.0,gene/protein
substance P catabolic process,0.0,biological_process
PTPRU,0.0,gene/protein
PKP3,0.0,gene/protein
glucose homeostasis,0.0,biological_process
PRKD3,0.0,gene/protein
ITCH,0.0,gene/protein
RPSA,0.0,gene/protein
PDK2,0.0,gene/protein
PKD1L1-AS1,0.0,gene/protein
interleukin-7-mediated signaling pathway,0.0,biological_process
hormone catabolic process,0.0,biological_process
NPB,0.0,gene/protein
positive regulation of receptor recycling,0.0,biological_process
NCL,0.0,gene/protein
H4C9,0.0,gene/protein
MFNG,0.0,gene/protein
TRAF3IP2,0.0,gene/protein
MAP4K5,0.0,gene/protein
response to glucocorticoid,0.0,biological_process
STRAP,0.0,gene/protein
SLF2,0.0,gene/protein
PTP4A3,0.0,gene/protein
PTPRD,0.0,gene/protein
FBXW8,0.0,gene/protein
IFNAR1,0.0,gene/protein
TCEANC2,0.0,gene/protein
SNORD35B,0.0,gene/protein
RBBP5,0.0,gene/protein
ADAM33,0.0,gene/protein
BAG2,0.0,gene/protein
erythrocyte homeostasis,0.0,biological_process
liver regeneration,0.0,biological_process
response to drug,0.0,biological_process
inner ear morphogenesis,0.0,biological_process
regulation of heart rate by cardiac conduction,0.0,biological_process
gene expression,0.0,biological_process
SH3GLB1,0.0,gene/protein
Heme signaling,0.0,pathway
positive regulation of apoptotic process,0.0,biological_process
small GTPase mediated signal transduction,0.0,biological_process
negative regulation of mast cell cytokine production,0.0,biological_process
response to oxidative stress,0.0,biological_process
regulation of gene expression by genetic imprinting,0.0,biological_process
potassium ion transmembrane transport,0.0,biological_process
GNG12,0.0,gene/protein
transmembrane transport,0.0,biological_process
Extra-nuclear estrogen signaling,0.0,pathway
Prostacyclin signalling through prostacyclin receptor,0.0,pathway
RAB5B,0.0,gene/protein
FAM83H,0.0,gene/protein
NOTCH2NLA,0.0,gene/protein
adenylate cyclase-modulating G protein-coupled receptor signaling pathway,0.0,biological_process
GNG11,0.0,gene/protein
VAPB,0.0,gene/protein
positive regulation of macroautophagy,0.0,biological_process
VTN,0.0,gene/protein
FOXO6,0.0,gene/protein
response to ischemia,0.0,biological_process
negative regulation of epithelial cell apoptotic process,0.0,biological_process
heme oxidation,0.0,biological_process
Purinergic signaling in leishmaniasis infection,0.0,pathway
response to estrogen,0.0,biological_process
endothelial cell proliferation,0.0,biological_process
GNG5,0.0,gene/protein
LIMK1,0.0,gene/protein
response to alkaloid,0.0,biological_process
PI3K Cascade,0.0,pathway
VMA21,0.0,gene/protein
Ion homeostasis,0.0,pathway
Defective ABCC8 can cause hypo- and hyper-glycemias,0.0,pathway
ATP sensitive Potassium channels,0.0,pathway
ABC-family proteins mediated transport,0.0,pathway
regulation of hormone metabolic process,0.0,biological_process
activation of MAPK activity,0.0,biological_process
cellular response to nicotine,0.0,biological_process
positive regulation of cation channel activity,0.0,biological_process
nervous system process,0.0,biological_process
regulation of ion transmembrane transport,0.0,biological_process
regulation of membrane potential,0.0,biological_process
inorganic cation transmembrane transport,0.0,biological_process
FKBP10,0.0,gene/protein
response to ATP,0.0,biological_process
NDUFA6,0.0,gene/protein
CEND1,0.0,gene/protein
KRTAP17-1,0.0,gene/protein
neuron projection morphogenesis,0.0,biological_process
extracellular matrix organization,0.0,biological_process
positive regulation of phosphoprotein phosphatase activity,0.0,biological_process
LMAN2L,0.0,gene/protein
cellular chloride ion homeostasis,0.0,biological_process
regulation of heart contraction,0.0,biological_process
sodium ion transport,0.0,biological_process
KCNQ2,0.0,gene/protein
KCNE2,0.0,gene/protein
AKAP9,0.0,gene/protein
smooth muscle hyperplasia,0.0,biological_process
sensory perception of sound,0.0,biological_process
Voltage gated Potassium channels,0.0,pathway
Phase 3 - rapid repolarisation,0.0,pathway
Phase 2 - plateau phase,0.0,pathway
wound healing involved in inflammatory response,0.0,biological_process
UBE2D2,0.0,gene/protein
MAP3K9,0.0,gene/protein
PCNX1,0.0,gene/protein
CAMK1,0.0,gene/protein
WDR33,0.0,gene/protein
NOTCH4,0.0,gene/protein
PQBP1,0.0,gene/protein
REV1,0.0,gene/protein
RPS26,0.0,gene/protein
KLHL22,0.0,gene/protein
MEIS1,0.0,gene/protein
HEXB,0.0,gene/protein
NAP1L4,0.0,gene/protein
POLR2E,0.0,gene/protein
ETFB,0.0,gene/protein
AMFR,0.0,gene/protein
EIF3E,0.0,gene/protein
NRG2,0.0,gene/protein
APRT,0.0,gene/protein
Integrin cell surface interactions,0.0,pathway
Laminin interactions,0.0,pathway
Other semaphorin interactions,0.0,pathway
PELI1,0.0,gene/protein
SPAG16,0.0,gene/protein
KSR1,0.0,gene/protein
VRK1,0.0,gene/protein
ERCC6,0.0,gene/protein
ARHGAP27,0.0,gene/protein
DCAF11,0.0,gene/protein
CCNI,0.0,gene/protein
BTBD10,0.0,gene/protein
HOXD13,0.0,gene/protein
KCNB1,0.0,gene/protein
RHOH,0.0,gene/protein
STX2,0.0,gene/protein
OBSCN,0.0,gene/protein
postsynapse organization,0.0,biological_process
HOXA13,0.0,gene/protein
DES,0.0,gene/protein
MIF,0.0,gene/protein
HSP90AB3P,0.0,gene/protein
ACAT1,0.0,gene/protein
ALDH7A1,0.0,gene/protein
DARS1,0.0,gene/protein
ACVR1,0.0,gene/protein
NME1,0.0,gene/protein
ENO3,0.0,gene/protein
MCM5,0.0,gene/protein
S100A11,0.0,gene/protein
BCAT1,0.0,gene/protein
BMP6,0.0,gene/protein
Autodegradation of the E3 ubiquitin ligase COP1,0.0,pathway
anaphase-promoting complex-dependent catabolic process,0.0,biological_process
KIF5B,0.0,gene/protein
EEF2,0.0,gene/protein
LGMN,0.0,gene/protein
ATP6V1A,0.0,gene/protein
PGK1,0.0,gene/protein
DGUOK,0.0,gene/protein
JUNB,0.0,gene/protein
acinar cell differentiation,0.0,biological_process
SHD,0.0,gene/protein
RUSC1,0.0,gene/protein
CEBPZ,0.0,gene/protein
RORA,0.0,gene/protein
embryonic retina morphogenesis in camera-type eye,0.0,biological_process
atrial cardiac muscle tissue morphogenesis,0.0,biological_process
venous blood vessel morphogenesis,0.0,biological_process
aorta smooth muscle tissue morphogenesis,0.0,biological_process
lens fiber cell morphogenesis,0.0,biological_process
pancreas development,0.0,biological_process
GTF2A1L,0.0,gene/protein
LAMTOR2,0.0,gene/protein
ACTR1B,0.0,gene/protein
PABPC1,0.0,gene/protein
positive regulation of phosphatidylinositol 3-kinase activity,0.0,biological_process
positive regulation of fatty acid beta-oxidation,0.0,biological_process
NCK2,0.0,gene/protein
PMPCB,0.0,gene/protein
RPL10A,0.0,gene/protein
PLP2,0.0,gene/protein
positive regulation of insulin receptor signaling pathway,0.0,biological_process
MINDY2,0.0,gene/protein
positive regulation of glucose import,0.0,biological_process
MRPL22,0.0,gene/protein
CYBRD1,0.0,gene/protein
POT1,0.0,gene/protein
PRKAR2A,0.0,gene/protein
CDC20B,0.0,gene/protein
cellular response to insulin stimulus,0.0,biological_process
DAAM1,0.0,gene/protein
AP1M1,0.0,gene/protein
pharyngeal system development,0.0,biological_process
ear development,0.0,biological_process
TCEA2,0.0,gene/protein
liver development,0.0,biological_process
PTGER4,0.0,gene/protein
TIAL1,0.0,gene/protein
PIK3CB,0.0,gene/protein
SMIM40,0.0,gene/protein
IRS4,0.0,gene/protein
SHC1,0.0,gene/protein
positive regulation of glycogen biosynthetic process,0.0,biological_process
insulin receptor signaling pathway,0.0,biological_process
insulin-like growth factor receptor signaling pathway,0.0,biological_process
positive regulation of glucose metabolic process,0.0,biological_process
negative regulation of insulin receptor signaling pathway,0.0,biological_process
MTRNR2L1,0.0,gene/protein
ACTR3,0.0,gene/protein
TRUB2,0.0,gene/protein
TGFBR2,0.0,gene/protein
LCP2,0.0,gene/protein
phosphatidylinositol-mediated signaling,0.0,biological_process
LGALS3,0.0,gene/protein
PTPN2,0.0,gene/protein
GNPNAT1,0.0,gene/protein
CDK15,0.0,gene/protein
CHL1 interactions,0.0,pathway
ESS2,0.0,gene/protein
Smooth Muscle Contraction,0.0,pathway
Astrocytosis,0.0,effect/phenotype
Gliosis,0.0,effect/phenotype
LGALS8,0.0,gene/protein
CD36,0.0,gene/protein
KLC1,0.0,gene/protein
Platelet Adhesion to exposed collagen,0.0,pathway
TMIE,0.0,gene/protein
NEDD4L,0.0,gene/protein
MATN1,0.0,gene/protein
HAX1,0.0,gene/protein
SHARPIN,0.0,gene/protein
integrin-mediated signaling pathway,0.0,biological_process
NOP9,0.0,gene/protein
PDIK1L,0.0,gene/protein
QRICH1,0.0,gene/protein
NELFE,0.0,gene/protein
SLC26A1,0.0,gene/protein
ACOT13,0.0,gene/protein
IRF2BP2,0.0,gene/protein
TBC1D22B,0.0,gene/protein
LRRC27,0.0,gene/protein
COQ9,0.0,gene/protein
GPRC5C,0.0,gene/protein
H2BC17,0.0,gene/protein
ZNF184,0.0,gene/protein
Lymphedema,0.0,immune_effect/phenotype
KRTAP4-11,0.0,gene/protein
Short toe,0.0,effect/phenotype
regulation of natural killer cell proliferation,0.0,biological_process
elastin metabolic process,0.0,biological_process
activation of protein kinase C activity,0.0,biological_process
positive regulation of TOR signaling,0.0,biological_process
bile acid metabolic process,0.0,biological_process
negative regulation of blood-brain barrier permeability,0.0,biological_process
FRS-mediated FGFR1 signaling,0.0,pathway
Negative regulation of FGFR1 signaling,0.0,pathway
PI-3K cascade:FGFR1,0.0,pathway
DPY19L2P1,0.0,gene/protein
FGFR1c and Klotho ligand binding and activation,0.0,pathway
LCE3B,0.0,gene/protein
positive regulation of chemotaxis,0.0,biological_process
positive regulation of collagen biosynthetic process,0.0,biological_process
SLC35E3,0.0,gene/protein
High urinary gonadotropin level,0.0,effect/phenotype
Increased upper to lower segment ratio,0.0,effect/phenotype
Abnormal forearm bone morphology,0.0,effect/phenotype
Enlarged thorax,0.0,effect/phenotype
Short sternum,0.0,effect/phenotype
Melanocytic nevus,0.0,effect/phenotype
Atypical scarring of skin,0.0,effect/phenotype
Ankle clonus,0.0,immune_effect/phenotype
Neoplasm of the anterior pituitary,0.0,effect/phenotype
Intracranial cystic lesion,0.0,effect/phenotype
CATSPER1,0.0,gene/protein
WFIKKN1,0.0,gene/protein
regulation of DNA binding,0.0,biological_process
negative regulation of programmed cell death,0.0,biological_process
negative regulation of platelet-derived growth factor receptor-alpha signaling pathway,0.0,biological_process
positive regulation of myeloid cell apoptotic process,0.0,biological_process
Headache,0.0,effect/phenotype
Abnormality of the ovary,0.0,effect/phenotype
detection of oxidative stress,0.0,biological_process
negative regulation of metanephric mesenchymal cell migration,0.0,biological_process
TRIM35,0.0,gene/protein
SIGLEC12,0.0,gene/protein
TMEM236,0.0,gene/protein
Abnormality of the nasal bone,0.0,effect/phenotype
MFSD14B,0.0,gene/protein
L-glutamate import across plasma membrane,0.0,biological_process
chondrocyte differentiation,0.0,biological_process
lipid phosphorylation,0.0,biological_process
NETO2,0.0,gene/protein
negative regulation of kinase activity,0.0,biological_process
SHC-mediated cascade:FGFR1,0.0,pathway
Downstream signaling of activated FGFR1,0.0,pathway
positive regulation of renal albumin absorption,0.0,biological_process
Phospholipase C-mediated cascade: FGFR1,0.0,pathway
regulation of feeding behavior,0.0,biological_process
negative regulation of protein kinase C signaling,0.0,biological_process
positive regulation of protein dephosphorylation,0.0,biological_process
central nervous system neuron development,0.0,biological_process
regulation of steroid biosynthetic process,0.0,biological_process
bone mineralization involved in bone maturation,0.0,biological_process
negative regulation of appetite by leptin-mediated signaling pathway,0.0,biological_process
cellular response to retinoic acid,0.0,biological_process
APOBEC3C,0.0,gene/protein
MPDU1,0.0,gene/protein
positive regulation of lipid transporter activity,0.0,biological_process
XRN1,0.0,gene/protein
RMND5B,0.0,gene/protein
negative regulation of intracellular protein transport,0.0,biological_process
PROKR2,0.0,gene/protein
CLEC2D,0.0,gene/protein
SLC35C2,0.0,gene/protein
FKBP7,0.0,gene/protein
positive regulation of metanephric glomerular visceral epithelial cell development,0.0,biological_process
HYI,0.0,gene/protein
ATP biosynthetic process,0.0,biological_process
LCE1C,0.0,gene/protein
KLF10,0.0,gene/protein
SCGB3A1,0.0,gene/protein
regulation of protein import into nucleus,0.0,biological_process
Polydipsia,0.0,effect/phenotype
Dyssynergia,0.0,effect/phenotype
photoreceptor cell maintenance,0.0,biological_process
C4orf48,0.0,gene/protein
response to Thyroglobulin triiodothyronine,0.0,biological_process
cellular hyperosmotic response,0.0,biological_process
cerebral cortex development,0.0,biological_process
Myotonia,0.0,effect/phenotype
Sensory ataxia,0.0,effect/phenotype
Polyuria,0.0,effect/phenotype
HSF2BP,0.0,gene/protein
L-ascorbic acid metabolic process,0.0,biological_process
lactose biosynthetic process,0.0,biological_process
RBFOX2,0.0,gene/protein
PSIP1,0.0,gene/protein
glycerol biosynthetic process,0.0,biological_process
determination of adult lifespan,0.0,biological_process
tyrosine phosphorylation of STAT protein,0.0,biological_process
positive regulation of ion transport,0.0,biological_process
regulation of intestinal cholesterol absorption,0.0,biological_process
regulation of lipoprotein lipid oxidation,0.0,biological_process
lipoprotein metabolic process,0.0,biological_process
Regulation of lipid metabolism by PPARalpha,0.0,pathway
LPIN1,0.0,gene/protein
HELZ2,0.0,gene/protein
negative regulation of hepatocyte apoptotic process,0.0,biological_process
cellular amino acid metabolic process,0.0,biological_process
collagen catabolic process,0.0,biological_process
ATXN1,0.0,gene/protein
regulation of fatty acid transport,0.0,biological_process
regulation of cellular ketone metabolic process,0.0,biological_process
Papilledema,0.0,effect/phenotype
Nausea and vomiting,0.0,effect/phenotype
glucose import across plasma membrane,0.0,biological_process
Vitamin C (ascorbate) metabolism,0.0,pathway
Incoordination,0.0,effect/phenotype
Stomatocytosis,0.0,effect/phenotype
Paroxysmal choreoathetosis,0.0,effect/phenotype
TXNIP,0.0,gene/protein
ARL6IP6,0.0,gene/protein
protein maturation by protein folding,0.0,biological_process
regulation of natural killer cell mediated cytotoxicity,0.0,biological_process
aorta development,0.0,biological_process
hematopoietic progenitor cell differentiation,0.0,biological_process
vasculogenesis,0.0,biological_process
negative regulation of hyaluronan biosynthetic process,0.0,biological_process
TGFB2,0.0,gene/protein
negative regulation of cell cycle,0.0,biological_process
Lactose synthesis,0.0,pathway
regulation of gluconeogenesis,0.0,biological_process
regulation of endothelial cell proliferation,0.0,biological_process
Recurrent skin infections,0.0,effect/phenotype
Aortic arch aneurysm,0.0,effect/phenotype
cellular response to L-ascorbic acid,0.0,biological_process
regulation of natural killer cell activation,0.0,biological_process
ER overload response,0.0,biological_process
negative regulation of ATF6-mediated unfolded protein response,0.0,biological_process
Hypopituitarism,0.0,effect/phenotype
long-chain fatty acid import across plasma membrane,0.0,biological_process
epithelial to mesenchymal transition,0.0,biological_process
WFIKKN2,0.0,gene/protein
TGFBRAP1,0.0,gene/protein
NRROS,0.0,gene/protein
Abnormal hypothalamus morphology,0.0,effect/phenotype
Slow decrease in visual acuity,0.0,effect/phenotype
Enlarged pituitary gland,0.0,effect/phenotype
positive regulation of growth,0.0,biological_process
auditory receptor cell stereocilium organization,0.0,biological_process
response to antipsychotic drug,0.0,biological_process
GAR1,0.0,gene/protein
EXOSC6,0.0,gene/protein
PITPNB,0.0,gene/protein
CCT8,0.0,gene/protein
retina homeostasis,0.0,biological_process
neurotransmitter transport,0.0,biological_process
KLK4,0.0,gene/protein
norepinephrine uptake,0.0,biological_process
dopamine uptake,0.0,biological_process
monoamine transport,0.0,biological_process
monocarboxylic acid transport,0.0,biological_process
UQCC2,0.0,gene/protein
positive regulation of oxidative stress-induced intrinsic apoptotic signaling pathway,0.0,biological_process
cardiac conduction system development,0.0,biological_process
negative regulation of BMP signaling pathway,0.0,biological_process
organic cation transport,0.0,biological_process
cellular response to ATP,0.0,biological_process
SUMO4,0.0,gene/protein
neurofilament cytoskeleton organization,0.0,biological_process
response to carbon monoxide,0.0,biological_process
response to axon injury,0.0,biological_process
FUBP1,0.0,gene/protein
LARS1,0.0,gene/protein
Spastic gait,0.0,effect/phenotype
glutathione metabolic process,0.0,biological_process
STXBP6,0.0,gene/protein
ZNF177,0.0,gene/protein
CPLX1,0.0,gene/protein
DDX39B,0.0,gene/protein
STX4,0.0,gene/protein
NUFIP1,0.0,gene/protein
PABPC4,0.0,gene/protein
regulation of organ growth,0.0,biological_process
Steppage gait,0.0,effect/phenotype
toxin transport,0.0,biological_process
histamine metabolic process,0.0,biological_process
Organic cation transport,0.0,pathway
TP53BP1,0.0,gene/protein
CCS,0.0,gene/protein
negative regulation of cholesterol biosynthetic process,0.0,biological_process
ACTL10,0.0,gene/protein
SLC1A1,0.0,gene/protein
Signaling by BMP,0.0,pathway
Abacavir transmembrane transport,0.0,pathway
xenobiotic transport,0.0,biological_process
POTEKP,0.0,gene/protein
MYBBP1A,0.0,gene/protein
COPG1,0.0,gene/protein
STX5,0.0,gene/protein
DNAAF2,0.0,gene/protein
SYT1,0.0,gene/protein
RRM2B,0.0,gene/protein
embryonic pattern specification,0.0,biological_process
positive regulation of transcription from RNA polymerase II promoter involved in cellular response to chemical stimulus,0.0,biological_process
bone development,0.0,biological_process
osteoblast fate commitment,0.0,biological_process
MOB1B,0.0,gene/protein
exocytosis,0.0,biological_process
regulation of neuron projection development,0.0,biological_process
VAMP7,0.0,gene/protein
TKT,0.0,gene/protein
DYNC2LI1,0.0,gene/protein
TBCA,0.0,gene/protein
SYT9,0.0,gene/protein
epinephrine uptake,0.0,biological_process
quaternary ammonium group transport,0.0,biological_process
purine-containing compound transmembrane transport,0.0,biological_process
serotonin uptake,0.0,biological_process
PDZD3,0.0,gene/protein
CENPV,0.0,gene/protein
Erythropoietin activates STAT5,0.0,pathway
Erythropoietin activates RAS,0.0,pathway
positive regulation of clathrin-dependent endocytosis,0.0,biological_process
TTL,0.0,gene/protein
glutathione biosynthetic process,0.0,biological_process
negative regulation of platelet-derived growth factor receptor signaling pathway,0.0,biological_process
adult behavior,0.0,biological_process
cellular response to extracellular stimulus,0.0,biological_process
H2AC4,0.0,gene/protein
ion transport,0.0,biological_process
cellular response to cocaine,0.0,biological_process
transepithelial transport,0.0,biological_process
visual behavior,0.0,biological_process
second-messenger-mediated signaling,0.0,biological_process
neurotransmitter reuptake,0.0,biological_process
cysteine transmembrane transport,0.0,biological_process
Transport of inorganic cations/anions and amino acids/oligopeptides,0.0,pathway
telencephalon development,0.0,biological_process
CD177,0.0,gene/protein
PSTPIP2,0.0,gene/protein
L-aspartate transmembrane transport,0.0,biological_process
MRPL1,0.0,gene/protein
positive regulation of fibroblast migration,0.0,biological_process
positive regulation of fat cell apoptotic process,0.0,biological_process
positive regulation of protein ubiquitination,0.0,biological_process
ubiquitin-dependent ERAD pathway,0.0,biological_process
SLC22A23,0.0,gene/protein
FYTTD1,0.0,gene/protein
TINAGL1,0.0,gene/protein
SRI,0.0,gene/protein
positive regulation of T cell proliferation,0.0,biological_process
negative regulation of phagocytosis,0.0,biological_process
positive regulation of signal transduction,0.0,biological_process
response to linoleic acid,0.0,biological_process
response to sucrose,0.0,biological_process
DDX3Y,0.0,gene/protein
CHCHD2,0.0,gene/protein
Astrocytic Glutamate-Glutamine Uptake And Metabolism,0.0,pathway
Effects of PIP2 hydrolysis,0.0,pathway
negative regulation of granulocyte differentiation,0.0,biological_process
negative regulation of synaptic transmission,0.0,biological_process
negative regulation of tumor necrosis factor-mediated signaling pathway,0.0,biological_process
negative regulation of DNA biosynthetic process,0.0,biological_process
regulation of fatty acid biosynthetic process,0.0,biological_process
negative regulation of cytosolic calcium ion concentration,0.0,biological_process
AMIGO1,0.0,gene/protein
NEMP1,0.0,gene/protein
myeloid cell homeostasis,0.0,biological_process
CCT2,0.0,gene/protein
anterograde axonal transport,0.0,biological_process
ZC3H18,0.0,gene/protein
HECW1,0.0,gene/protein
NOP10,0.0,gene/protein
positive regulation of glycogen (starch) synthase activity,0.0,biological_process
MAST2,0.0,gene/protein
PPP1R9B,0.0,gene/protein
GANAB,0.0,gene/protein
MTREX,0.0,gene/protein
Truncal ataxia,0.0,effect/phenotype
negative regulation of response to endoplasmic reticulum stress,0.0,biological_process
L-glutamate transmembrane transport,0.0,biological_process
HECTD3,0.0,gene/protein
SSB,0.0,gene/protein
AMPK inhibits chREBP transcriptional activation activity,0.0,pathway
D-aspartate import across plasma membrane,0.0,biological_process
diacylglycerol metabolic process,0.0,biological_process
FEZ1,0.0,gene/protein
SREK1,0.0,gene/protein
Waddling gait,0.0,effect/phenotype
HRNR,0.0,gene/protein
SRP19,0.0,gene/protein
RNF19A,0.0,gene/protein
negative regulation of macrophage differentiation,0.0,biological_process
KRTAP5-8,0.0,gene/protein
KRTAP5-7,0.0,gene/protein
KRTAP19-1,0.0,gene/protein
RBMY1J,0.0,gene/protein
ULK1,0.0,gene/protein
SCMH1,0.0,gene/protein
Mitochondrial myopathy,0.0,effect/phenotype
ASB9,0.0,gene/protein
YKT6,0.0,gene/protein
BTNL8,0.0,gene/protein
"regulation of CD8-positive, alpha-beta T cell proliferation",0.0,biological_process
JUN phosphorylation,0.0,biological_process
SETX,0.0,gene/protein
MXD4,0.0,gene/protein
ZC3H12A,0.0,gene/protein
Skeletal myopathy,0.0,effect/phenotype
Dementia,0.0,effect/phenotype
NUFIP2,0.0,gene/protein
Progressive proximal muscle weakness,0.0,effect/phenotype
Mitochondrial inheritance,0.0,effect/phenotype
Proximal amyotrophy,0.0,effect/phenotype
DUOX2,0.0,gene/protein
AATF,0.0,gene/protein
CENPJ,0.0,gene/protein
SIRT5,0.0,gene/protein
DGCR6,0.0,gene/protein
SOX8,0.0,gene/protein
REPS2,0.0,gene/protein
EHMT1,0.0,gene/protein
Bilateral tonic-clonic seizure with focal onset,0.0,effect/phenotype
POU2F2,0.0,gene/protein
OLA1,0.0,gene/protein
MRTFA,0.0,gene/protein
Delirium,0.0,effect/phenotype
KRTAP2-3,0.0,gene/protein
PLA2G4C,0.0,gene/protein
extracellular matrix disassembly,0.0,biological_process
negative regulation of hydrolase activity,0.0,biological_process
glial cell proliferation,0.0,biological_process
TRARG1,0.0,gene/protein
SYNE4,0.0,gene/protein
positive regulation of follicle-stimulating hormone secretion,0.0,biological_process
negative regulation of glucagon secretion,0.0,biological_process
negative regulation of cartilage development,0.0,biological_process
Achilles tendon contracture,0.0,effect/phenotype
CNTNAP3B,0.0,gene/protein
MAGEL2,0.0,gene/protein
NOMO1,0.0,gene/protein
C9orf24,0.0,gene/protein
EIF3F,0.0,gene/protein
HDHD5,0.0,gene/protein
regulation of transcription from RNA polymerase II promoter in response to hypoxia,0.0,biological_process
negative regulation of metallopeptidase activity,0.0,biological_process
phagocytosis,0.0,biological_process
RIOK2,0.0,gene/protein
Peripheral axonal neuropathy,0.0,effect/phenotype
Myoclonic seizure,0.0,effect/phenotype
Abnormality of the urinary system,0.0,effect/phenotype
Abnormality of the nervous system,0.0,effect/phenotype
Abnormality of limbs,0.0,effect/phenotype
Bilateral ptosis,0.0,effect/phenotype
SIGLEC5,0.0,gene/protein
negative regulation of trophoblast cell migration,0.0,biological_process
positive regulation of calcium ion transport,0.0,biological_process
olfactory behavior,0.0,biological_process
calcium ion homeostasis,0.0,biological_process
SYVN1,0.0,gene/protein
Abnormality of the frontal bone,0.0,effect/phenotype
Vertigo,0.0,effect/phenotype
regulation of integrin-mediated signaling pathway,0.0,biological_process
cellular response to UV-A,0.0,biological_process
positive regulation of protein metabolic process,0.0,biological_process
Abnormal spermatogenesis,0.0,effect/phenotype
Hyperactive deep tendon reflexes,0.0,effect/phenotype
Postural instability,0.0,effect/phenotype
Head tremor,0.0,effect/phenotype
Abnormality of ocular abduction,0.0,effect/phenotype
Adducted thumb,0.0,effect/phenotype
Limb dysmetria,0.0,effect/phenotype
KRTAP2-4,0.0,gene/protein
Difficulty running,0.0,effect/phenotype
Weakness of facial musculature,0.0,effect/phenotype
arachidonic acid metabolic process,0.0,biological_process
LINC01587,0.0,gene/protein
NME5,0.0,gene/protein
GLIS1,0.0,gene/protein
NOD2,0.0,gene/protein
RPL13,0.0,gene/protein
METAP2,0.0,gene/protein
negative regulation of transcription by competitive promoter binding,0.0,biological_process
postsynapse to nucleus signaling pathway,0.0,biological_process
Tip-toe gait,0.0,effect/phenotype
EMG: myopathic abnormalities,0.0,effect/phenotype
TTN,0.0,gene/protein
lipoxygenase pathway,0.0,biological_process
ECT2L,0.0,gene/protein
MST1L,0.0,gene/protein
PCBP2,0.0,gene/protein
Abnormality of the immune system,0.0,immune_effect/phenotype
Pustule,0.0,effect/phenotype
Decreased circulating total IgM,0.0,immune_effect/phenotype
Retinal vasculitis,0.0,effect/phenotype
Pelvic girdle muscle weakness,0.0,effect/phenotype
Chronic sensorineural polyneuropathy,0.0,effect/phenotype
Congenital peripheral neuropathy,0.0,effect/phenotype
Demyelinating peripheral neuropathy,0.0,effect/phenotype
Increased waist to hip ratio,0.0,effect/phenotype
ZBED4,0.0,gene/protein
HK3,0.0,gene/protein
KRTAP10-6,0.0,gene/protein
KHDRBS2,0.0,gene/protein
Functional motor deficit,0.0,effect/phenotype
Impaired proprioception,0.0,effect/phenotype
Abnormal motor evoked potentials,0.0,effect/phenotype
AGO1,0.0,gene/protein
CASP14,0.0,gene/protein
Broad philtrum,0.0,effect/phenotype
GZMH,0.0,gene/protein
IFT57,0.0,gene/protein
SMPD1,0.0,gene/protein
PARP10,0.0,gene/protein
Proximal muscle weakness,0.0,effect/phenotype
Exercise intolerance,0.0,effect/phenotype
Shoulder girdle muscle weakness,0.0,effect/phenotype
Difficulty climbing stairs,0.0,effect/phenotype
CNBP,0.0,gene/protein
Wide nasal base,0.0,effect/phenotype
LYPD3,0.0,gene/protein
SCGB2A2,0.0,gene/protein
DDX3X,0.0,gene/protein
Pituitary hypothyroidism,0.0,effect/phenotype
H3-4,0.0,gene/protein
PDCD4,0.0,gene/protein
Sternocleidomastoid amyotrophy,0.0,effect/phenotype
HKDC1,0.0,gene/protein
Prominent metopic ridge,0.0,effect/phenotype
Dehydration,0.0,effect/phenotype
ORC2,0.0,gene/protein
Severe failure to thrive,0.0,effect/phenotype
TXN2,0.0,gene/protein
Recurrent cutaneous fungal infections,0.0,effect/phenotype
ETHE1,0.0,gene/protein
PPP1R13L,0.0,gene/protein
Respiratory distress,0.0,effect/phenotype
regulation of fatty acid metabolic process,0.0,biological_process
CHIC2,0.0,gene/protein
ATP metabolic process,0.0,biological_process
biomineral tissue development,0.0,biological_process
regulation of bone mineralization,0.0,biological_process
ABI2,0.0,gene/protein
Integration of viral DNA into host genomic DNA,0.0,pathway
oncogene-induced cell senescence,0.0,biological_process
cell activation,0.0,biological_process
WAPL,0.0,gene/protein
ERGIC2,0.0,gene/protein
PAAF1,0.0,gene/protein
PITPNC1,0.0,gene/protein
UBLCP1,0.0,gene/protein
"BMAL1:CLOCK,NPAS2 activates circadian gene expression",0.0,pathway
poly(A)+ mRNA export from nucleus,0.0,biological_process
RGS3,0.0,gene/protein
"Wnt signaling pathway, planar cell polarity pathway",0.0,biological_process
ZSCAN1,0.0,gene/protein
monocyte differentiation,0.0,biological_process
cell maturation,0.0,biological_process
peroxisome proliferator activated receptor signaling pathway,0.0,biological_process
retinoic acid receptor signaling pathway,0.0,biological_process
FAM90A1,0.0,gene/protein
PRMT8,0.0,gene/protein
negative regulation of protein autophosphorylation,0.0,biological_process
negative regulation of cell growth involved in cardiac muscle cell development,0.0,biological_process
MFHAS1,0.0,gene/protein
negative regulation of bone mineralization,0.0,biological_process
B cell differentiation,0.0,biological_process
Activation of gene expression by SREBF (SREBP),0.0,pathway
negative regulation of interferon-gamma-mediated signaling pathway,0.0,biological_process
nucleotide-binding oligomerization domain containing 2 signaling pathway,0.0,biological_process
Erythropoietin activates Phospholipase C gamma (PLCG),0.0,pathway
behavioral response to nicotine,0.0,biological_process
PRNP,0.0,gene/protein
regulation of bone remodeling,0.0,biological_process
bone growth,0.0,biological_process
Erythropoietin activates Phosphoinositide-3-kinase (PI3K),0.0,pathway
regulation of transport,0.0,biological_process
steroid hormone mediated signaling pathway,0.0,biological_process
lipid localization,0.0,biological_process
viral protein processing,0.0,biological_process
CDCP1,0.0,gene/protein
JPH2,0.0,gene/protein
P2RX2,0.0,gene/protein
KDELR1,0.0,gene/protein
ZBTB16,0.0,gene/protein
negative regulation of catalytic activity,0.0,biological_process
sexual reproduction,0.0,biological_process
T cell differentiation,0.0,biological_process
Signaling by Erythropoietin,0.0,pathway
EXOSC4,0.0,gene/protein
LEPROT,0.0,gene/protein
ZNF587,0.0,gene/protein
CHD9,0.0,gene/protein
ZSCAN23,0.0,gene/protein
3'-phosphoadenosine 5'-phosphosulfate metabolic process,0.0,biological_process
negative regulation of hh target transcription factor activity,0.0,biological_process
BZW1,0.0,gene/protein
regulation of DNA-templated transcription in response to stress,0.0,biological_process
PA2G4,0.0,gene/protein
Activation of Matrix Metalloproteinases,0.0,pathway
CFAP46,0.0,gene/protein
RNF214,0.0,gene/protein
PCLO,0.0,gene/protein
CCDC102B,0.0,gene/protein
DKK1,0.0,gene/protein
BABAM1,0.0,gene/protein
SCF-dependent proteasomal ubiquitin-dependent protein catabolic process,0.0,biological_process
pre-replicative complex assembly,0.0,biological_process
TXLNA,0.0,gene/protein
positive regulation of luteinizing hormone secretion,0.0,biological_process
negative regulation of JUN kinase activity,0.0,biological_process
positive regulation of monocyte chemotactic protein-1 production,0.0,biological_process
SENP5,0.0,gene/protein
CPSF6,0.0,gene/protein
EHD1,0.0,gene/protein
VPS26B,0.0,gene/protein
INTS7,0.0,gene/protein
DNA conformation change,0.0,biological_process
cellular detoxification of nitrogen compound,0.0,biological_process
Tie2 Signaling,0.0,pathway
GSTM3,0.0,gene/protein
GIGYF1,0.0,gene/protein
PRMT9,0.0,gene/protein
ARFGEF3,0.0,gene/protein
ZYG11B,0.0,gene/protein
sialylation,0.0,biological_process
TNKS2,0.0,gene/protein
negative regulation of membrane protein ectodomain proteolysis,0.0,biological_process
adult feeding behavior,0.0,biological_process
XBP1(S) activates chaperone genes,0.0,pathway
Glutathione conjugation,0.0,pathway
N-acetylneuraminate metabolic process,0.0,biological_process
ATRIP,0.0,gene/protein
USP28,0.0,gene/protein
Sialic acid metabolism,0.0,pathway
negative regulation of glutamine transport,0.0,biological_process
ADIPOR1,0.0,gene/protein
hormone metabolic process,0.0,biological_process
CEP192,0.0,gene/protein
negative regulation of vasoconstriction,0.0,biological_process
energy reserve metabolic process,0.0,biological_process
positive regulation of reactive oxygen species metabolic process,0.0,biological_process
positive regulation of peroxisome proliferator activated receptor signaling pathway,0.0,biological_process
positive regulation of hepatic stellate cell activation,0.0,biological_process
Maturation of protein 3a,0.0,pathway
positive regulation of viral genome replication,0.0,biological_process
negative regulation of appetite,0.0,biological_process
ANKFY1,0.0,gene/protein
glutathione derivative biosynthetic process,0.0,biological_process
WASHC4,0.0,gene/protein
ZSCAN12,0.0,gene/protein
UBE4B,0.0,gene/protein
ARHGAP44,0.0,gene/protein
GIGYF2,0.0,gene/protein
ASB16-AS1,0.0,gene/protein
PACSIN2,0.0,gene/protein
STK26,0.0,gene/protein
nucleosome disassembly,0.0,biological_process
positive regulation of Wnt signaling pathway,0.0,biological_process
HBQ1,0.0,gene/protein
HBE1,0.0,gene/protein
protein localization to nucleus,0.0,biological_process
THUMPD3,0.0,gene/protein
GSTM2,0.0,gene/protein
ENTR1,0.0,gene/protein
protein N-linked glycosylation via asparagine,0.0,biological_process
positive regulation of p38MAPK cascade,0.0,biological_process
SAAL1,0.0,gene/protein
Maturation of spike protein,0.0,pathway
N-Glycan antennae elongation,0.0,pathway
Termination of O-glycan biosynthesis,0.0,pathway
DAP3,0.0,gene/protein
HEATR3,0.0,gene/protein
YIPF3,0.0,gene/protein
nitrobenzene metabolic process,0.0,biological_process
xenobiotic catabolic process,0.0,biological_process
HSPA4L,0.0,gene/protein
TINAG,0.0,gene/protein
CNOT1,0.0,gene/protein
ZBTB20,0.0,gene/protein
VWC2L,0.0,gene/protein
O-glycan processing,0.0,biological_process
RINT1,0.0,gene/protein
TSGA10,0.0,gene/protein
HOOK2,0.0,gene/protein
MTUS2,0.0,gene/protein
TLK2,0.0,gene/protein
RIPOR2,0.0,gene/protein
Eyelid coloboma,0.0,effect/phenotype
TRIM11,0.0,gene/protein
SCAMP1,0.0,gene/protein
TRIM45,0.0,gene/protein
RNF25,0.0,gene/protein
CHFR,0.0,gene/protein
LDOC1,0.0,gene/protein
KIAA0753,0.0,gene/protein
regulation of androgen receptor signaling pathway,0.0,biological_process
LDB1,0.0,gene/protein
IKZF1,0.0,gene/protein
SPDYC,0.0,gene/protein
PIAS3,0.0,gene/protein
PNMA2,0.0,gene/protein
CBSL,0.0,gene/protein
HID1,0.0,gene/protein
NSFL1C,0.0,gene/protein
hydrogen sulfide biosynthetic process,0.0,biological_process
INSRR,0.0,gene/protein
L-serine catabolic process,0.0,biological_process
C2CD6,0.0,gene/protein
UNG,0.0,gene/protein
USP15,0.0,gene/protein
RNF114,0.0,gene/protein
RNF220,0.0,gene/protein
ARRDC3,0.0,gene/protein
protein K27-linked ubiquitination,0.0,biological_process
protein K6-linked ubiquitination,0.0,biological_process
POLR3C,0.0,gene/protein
ARIH1,0.0,gene/protein
DHX36,0.0,gene/protein
UFM1,0.0,gene/protein
high-density lipoprotein particle remodeling,0.0,biological_process
CGGBP1,0.0,gene/protein
intermediate-density lipoprotein particle remodeling,0.0,biological_process
DLC1,0.0,gene/protein
positive regulation of receptor internalization,0.0,biological_process
TUBB1,0.0,gene/protein
TFIP11,0.0,gene/protein
TAP1,0.0,gene/protein
cytokine production,0.0,biological_process
myotube cell development,0.0,biological_process
"G protein-coupled receptor signaling pathway, coupled to cyclic nucleotide second messenger",0.0,biological_process
CDC16,0.0,gene/protein
HECTD1,0.0,gene/protein
EVA1A,0.0,gene/protein
TMEM14A,0.0,gene/protein
DTX3L,0.0,gene/protein
positive regulation of miRNA metabolic process,0.0,biological_process
L-serine metabolic process,0.0,biological_process
FYCO1,0.0,gene/protein
The proton buffering model,0.0,pathway
Hypoplasia of the fovea,0.0,effect/phenotype
MARCHF6,0.0,gene/protein
SLC4A7,0.0,gene/protein
DYNC2H1,0.0,gene/protein
S100B,0.0,gene/protein
PTBP2,0.0,gene/protein
RNF125,0.0,gene/protein
PGPEP1,0.0,gene/protein
TRIM39,0.0,gene/protein
RNF126,0.0,gene/protein
TRIM31,0.0,gene/protein
OTUB1,0.0,gene/protein
DET1,0.0,gene/protein
MARCHF3,0.0,gene/protein
TAK1 activates NFkB by phosphorylation and activation of IKKs complex,0.0,pathway
AIM2,0.0,gene/protein
negative regulation of interleukin-12 production,0.0,biological_process
RHEX,0.0,gene/protein
IFNL3,0.0,gene/protein
NEK8,0.0,gene/protein
TADA2A,0.0,gene/protein
NCCRP1,0.0,gene/protein
CLEC3A,0.0,gene/protein
mitochondrial transmembrane transport,0.0,biological_process
ZG16B,0.0,gene/protein
negative regulation of insulin secretion involved in cellular response to glucose stimulus,0.0,biological_process
CBY2,0.0,gene/protein
SSX2IP,0.0,gene/protein
STX11,0.0,gene/protein
VSX2,0.0,gene/protein
cysteine biosynthetic process,0.0,biological_process
CRNN,0.0,gene/protein
CHCHD7,0.0,gene/protein
GRHL2,0.0,gene/protein
NFKBID,0.0,gene/protein
TRAPPC6A,0.0,gene/protein
INTS3,0.0,gene/protein
PALS2,0.0,gene/protein
positive regulation of macrophage derived foam cell differentiation,0.0,biological_process
POC1B,0.0,gene/protein
LNPK,0.0,gene/protein
DPM1,0.0,gene/protein
RPS10,0.0,gene/protein
NFKBIZ,0.0,gene/protein
PADI1,0.0,gene/protein
SF3B1,0.0,gene/protein
negative regulation of bone resorption,0.0,biological_process
positive regulation of calcineurin-NFAT signaling cascade,0.0,biological_process
PKMTs methylate histone lysines,0.0,pathway
ZEB2,0.0,gene/protein
TAPBP,0.0,gene/protein
positive regulation of type I interferon production,0.0,biological_process
MAP3K8 (TPL2)-dependent MAPK1/3 activation,0.0,pathway
negative regulation of cholesterol transport,0.0,biological_process
ZPBP2,0.0,gene/protein
IFNL1,0.0,gene/protein
Interleukin-1 processing,0.0,pathway
STAC,0.0,gene/protein
cysteine biosynthetic process from serine,0.0,biological_process
NKIRAS2,0.0,gene/protein
TMEM69,0.0,gene/protein
negative regulation of axon extension,0.0,biological_process
NME1-NME2,0.0,gene/protein
negative regulation of vitamin D biosynthetic process,0.0,biological_process
COMMD1,0.0,gene/protein
KRT40,0.0,gene/protein
SLC45A4,0.0,gene/protein
ZNF124,0.0,gene/protein
MIDN,0.0,gene/protein
LINC00479,0.0,gene/protein
DDX46,0.0,gene/protein
ARHGAP32,0.0,gene/protein
CD209 (DC-SIGN) signaling,0.0,pathway
IkBA variant leads to EDA-ID,0.0,pathway
RIP-mediated NFkB activation via ZBP1,0.0,pathway
Regulated proteolysis of p75NTR,0.0,pathway
CLEC7A/inflammasome pathway,0.0,pathway
NF-kB is activated and signals survival,0.0,pathway
Senescence-Associated Secretory Phenotype (SASP),0.0,pathway
DEx/H-box helicases activate type I IFN and inflammatory cytokines production ,0.0,pathway
UGP2,0.0,gene/protein
Cysteine formation from homocysteine,0.0,pathway
homocysteine catabolic process,0.0,biological_process
homocysteine metabolic process,0.0,biological_process
FXR2,0.0,gene/protein
TRAF6 mediated NF-kB activation,0.0,pathway
Paresthesia,0.0,effect/phenotype
regulation of protein localization to plasma membrane,0.0,biological_process
Decreased body weight,0.0,effect/phenotype
Weight loss,0.0,effect/phenotype
BHLHE40,0.0,gene/protein
positive regulation of chemokine (C-X-C motif) ligand 2 production,0.0,biological_process
activation of MAPKKK activity,0.0,biological_process
INTS5,0.0,gene/protein
MIA3,0.0,gene/protein
positive regulation of respiratory burst,0.0,biological_process
heart morphogenesis,0.0,biological_process
MYF6,0.0,gene/protein
cellular response to dopamine,0.0,biological_process
EDA2R,0.0,gene/protein
NSL1,0.0,gene/protein
heterophilic cell-cell adhesion via plasma membrane cell adhesion molecules,0.0,biological_process
TAF7,0.0,gene/protein
Amyloid fiber formation,0.0,pathway
NT5C1A,0.0,gene/protein
response to amphetamine,0.0,biological_process
cell adhesion mediated by integrin,0.0,biological_process
negative regulation of protein binding,0.0,biological_process
negative regulation of dendrite morphogenesis,0.0,biological_process
Oncogene Induced Senescence,0.0,pathway
NGF-stimulated transcription,0.0,pathway
positive regulation of cell adhesion,0.0,biological_process
Right ventricular outlet tract obstruction,0.0,effect/phenotype
positive regulation of podosome assembly,0.0,biological_process
positive regulation of cytokine production involved in inflammatory response,0.0,biological_process
response to virus,0.0,biological_process
positive regulation of fractalkine production,0.0,biological_process
negative regulation of respiratory burst involved in inflammatory response,0.0,biological_process
negative regulation of reactive oxygen species biosynthetic process,0.0,biological_process
Hyperkalemia,0.0,effect/phenotype
Dysesthesia,0.0,effect/phenotype
positive regulation of fever generation,0.0,biological_process
positive regulation of blood microparticle formation,0.0,biological_process
ABCC3,0.0,gene/protein
VIL1,0.0,gene/protein
MOV10L1,0.0,gene/protein
NRBF2,0.0,gene/protein
LTV1,0.0,gene/protein
PNRC2,0.0,gene/protein
APOM,0.0,gene/protein
SMARCC1,0.0,gene/protein
MILR1,0.0,gene/protein
SAMD4A,0.0,gene/protein
TMEM184B,0.0,gene/protein
ALKBH3,0.0,gene/protein
POLR2M,0.0,gene/protein
LSM1,0.0,gene/protein
SORBS3,0.0,gene/protein
dendritic spine maintenance,0.0,biological_process
DPYSL5,0.0,gene/protein
positive regulation of actin filament polymerization,0.0,biological_process
negative regulation of osteoblast differentiation,0.0,biological_process
embryonic digestive tract development,0.0,biological_process
ARFGAP1,0.0,gene/protein
TPD52L2,0.0,gene/protein
receptor-mediated endocytosis,0.0,biological_process
activation of protein kinase activity,0.0,biological_process
transformation of host cell by virus,0.0,biological_process
regulation of immunoglobulin production,0.0,biological_process
cortical actin cytoskeleton organization,0.0,biological_process
TEAD1,0.0,gene/protein
JNK cascade,0.0,biological_process
chronic inflammatory response to antigenic stimulus,0.0,biological_process
positive regulation of mononuclear cell migration,0.0,biological_process
lipopolysaccharide-mediated signaling pathway,0.0,biological_process
protein kinase B signaling,0.0,biological_process
response to salt stress,0.0,biological_process
PLIN5,0.0,gene/protein
UBOX5,0.0,gene/protein
NARF,0.0,gene/protein
non-canonical Wnt signaling pathway,0.0,biological_process
ANKHD1-EIF4EBP3,0.0,gene/protein
ANKRD17,0.0,gene/protein
ISG15-protein conjugation,0.0,biological_process
lipid catabolic process,0.0,biological_process
RNF10,0.0,gene/protein
acute inflammatory response to antigenic stimulus,0.0,biological_process
protein K63-linked ubiquitination,0.0,biological_process
TRIM50,0.0,gene/protein
CKMT1A,0.0,gene/protein
ANKHD1,0.0,gene/protein
phosphate ion homeostasis,0.0,biological_process
ELSPBP1,0.0,gene/protein
TXNL4A,0.0,gene/protein
interferon-gamma-mediated signaling pathway,0.0,biological_process
protein K11-linked ubiquitination,0.0,biological_process
negative regulation of sodium-dependent phosphate transport,0.0,biological_process
negative regulation of non-canonical Wnt signaling pathway,0.0,biological_process
The fatty acid cycling model,0.0,pathway
TRIM3,0.0,gene/protein
IPO13,0.0,gene/protein
ADHFE1,0.0,gene/protein
ZNRF1,0.0,gene/protein
protein K48-linked ubiquitination,0.0,biological_process
RNF115,0.0,gene/protein
DZIP3,0.0,gene/protein
RNF103,0.0,gene/protein
SYNE2,0.0,gene/protein
TOM1L2,0.0,gene/protein
BCL2L15,0.0,gene/protein
MANBAL,0.0,gene/protein
low-density lipoprotein particle remodeling,0.0,biological_process
regulation of lipoprotein lipase activity,0.0,biological_process
RNF11,0.0,gene/protein
cellular response to cytokine stimulus,0.0,biological_process
regulation of axon extension,0.0,biological_process
reverse cholesterol transport,0.0,biological_process
positive regulation of keratinocyte apoptotic process,0.0,biological_process
RLIM,0.0,gene/protein
transsulfuration,0.0,biological_process
DNA protection,0.0,biological_process
VTA1,0.0,gene/protein
cellular response to nutrient levels,0.0,biological_process
Immunoregulatory interactions between a Lymphoid and a non-Lymphoid cell,0.0,pathway
regulation of cell shape,0.0,biological_process
leukocyte migration,0.0,biological_process
response to ionizing radiation,0.0,biological_process
CCN5,0.0,gene/protein
ZC3H13,0.0,gene/protein
positive regulation of leukocyte adhesion to vascular endothelial cell,0.0,biological_process
regulation of immune response,0.0,biological_process
MYOD1,0.0,gene/protein
positive regulation of cellular extravasation,0.0,biological_process
regulation of ruffle assembly,0.0,biological_process
phosphatidylcholine catabolic process,0.0,biological_process
TM9SF4,0.0,gene/protein
SMARCB1,0.0,gene/protein
positive regulation of fibroblast proliferation,0.0,biological_process
TBC1D2B,0.0,gene/protein
TRIM2,0.0,gene/protein
RFTN1,0.0,gene/protein
regulation of BMP signaling pathway,0.0,biological_process
positive regulation of epidermal cell differentiation,0.0,biological_process
bone morphogenesis,0.0,biological_process
blood vessel endothelial cell migration,0.0,biological_process
MSGN1,0.0,gene/protein
ASCL3,0.0,gene/protein
MYF5,0.0,gene/protein
FBXO31,0.0,gene/protein
POLR2H,0.0,gene/protein
negative regulation of Wnt signaling pathway,0.0,biological_process
PLEK2,0.0,gene/protein
CCL16,0.0,gene/protein
TMEM169,0.0,gene/protein
SARM1,0.0,gene/protein
SRPK2,0.0,gene/protein
MED23,0.0,gene/protein
EPS8L2,0.0,gene/protein
cell surface receptor signaling pathway involved in cell-cell signaling,0.0,biological_process
MTMR10,0.0,gene/protein
Post-translational protein phosphorylation,0.0,pathway
ZSCAN20,0.0,gene/protein
MASP1,0.0,gene/protein
cell-abiotic substrate adhesion,0.0,biological_process
RAB3GAP1,0.0,gene/protein
SORBS1,0.0,gene/protein
UQCRC1,0.0,gene/protein
KRT31,0.0,gene/protein
Regulation of Complement cascade,0.0,pathway
ACTL7B,0.0,gene/protein
Frs2-mediated activation,0.0,pathway
FKBPL,0.0,gene/protein
ARMCX3,0.0,gene/protein
SLC22A9,0.0,gene/protein
ARMS-mediated activation,0.0,pathway
positive regulation of dendritic spine maintenance,0.0,biological_process
heart contraction,0.0,biological_process
endochondral ossification,0.0,biological_process
SGPP2,0.0,gene/protein
Phonic tics,0.0,effect/phenotype
NANOG,0.0,gene/protein
negative regulation of transcription by transcription factor localization,0.0,biological_process
oncostatin-M-mediated signaling pathway,0.0,biological_process
leukemia inhibitory factor signaling pathway,0.0,biological_process
Signalling to p38 via RIT and RIN,0.0,pathway
locomotory behavior,0.0,biological_process
regulation of protein kinase activity,0.0,biological_process
"complement activation, alternative pathway",0.0,biological_process
positive regulation of type IIa hypersensitivity,0.0,biological_process
regulation of triglyceride biosynthetic process,0.0,biological_process
purinergic nucleotide receptor signaling pathway,0.0,biological_process
VKORC1,0.0,gene/protein
RPL11,0.0,gene/protein
ADAMTS4,0.0,gene/protein
AASDHPPT,0.0,gene/protein
positive regulation of glucose transmembrane transport,0.0,biological_process
positive regulation of actin filament bundle assembly,0.0,biological_process
positive regulation of G protein-coupled receptor signaling pathway,0.0,biological_process
complement-dependent cytotoxicity,0.0,biological_process
GDPD1,0.0,gene/protein
"positive regulation of phagocytosis, engulfment",0.0,biological_process
complement-mediated synapse pruning,0.0,biological_process
vertebrate eye-specific patterning,0.0,biological_process
positive regulation of apoptotic cell clearance,0.0,biological_process
RAB9A,0.0,gene/protein
establishment of protein localization to membrane,0.0,biological_process
POTEE,0.0,gene/protein
trehalose metabolism in response to stress,0.0,biological_process
AKT3,0.0,gene/protein
BAMBI,0.0,gene/protein
ACTRT2,0.0,gene/protein
GOLGA6L9,0.0,gene/protein
Alternative complement activation,0.0,pathway
complement activation,0.0,biological_process
ACTRT3,0.0,gene/protein
DELE1,0.0,gene/protein
TCF7L1,0.0,gene/protein
MAP4K3,0.0,gene/protein
regulation of vasculature development,0.0,biological_process
blood vessel morphogenesis,0.0,biological_process
THOC6,0.0,gene/protein
regulation of complement activation,0.0,biological_process
ITGAX,0.0,gene/protein
regulation of synapse organization,0.0,biological_process
osteoclast differentiation,0.0,biological_process
ANKS4B,0.0,gene/protein
positive regulation of synoviocyte proliferation,0.0,biological_process
positive regulation of chronic inflammatory response to antigenic stimulus,0.0,biological_process
Synthesis of IP3 and IP4 in the cytosol,0.0,pathway
Interleukin receptor SHC signaling,0.0,pathway
inositol phosphate metabolic process,0.0,biological_process
Spry regulation of FGF signaling,0.0,pathway
immune system process,0.0,biological_process
ACTL8,0.0,gene/protein
POTEJ,0.0,gene/protein
regulation of cellular amino acid metabolic process,0.0,biological_process
SLC38A3,0.0,gene/protein
TP53INP2,0.0,gene/protein
SSUH2,0.0,gene/protein
BLCAP,0.0,gene/protein
phosphatidylinositol dephosphorylation,0.0,biological_process
SNAPIN,0.0,gene/protein
STARD7,0.0,gene/protein
CHST13,0.0,gene/protein
TEN1,0.0,gene/protein
ONECUT1,0.0,gene/protein
blood coagulation,0.0,biological_process
MFSD3,0.0,gene/protein
BANF1,0.0,gene/protein
defense response to Gram-positive bacterium,0.0,biological_process
BASP1,0.0,gene/protein
PRDX5,0.0,gene/protein
Unsteady gait,0.0,effect/phenotype
Shuffling gait,0.0,effect/phenotype
Scissor gait,0.0,effect/phenotype
SACS,0.0,gene/protein
EPDR1,0.0,gene/protein
NSUN2,0.0,gene/protein
PRR12,0.0,gene/protein
embryo implantation,0.0,biological_process
positive regulation of interleukin-33 production,0.0,biological_process
regulation of branching involved in salivary gland morphogenesis,0.0,biological_process
positive regulation of superoxide dismutase activity,0.0,biological_process
negative regulation of branching involved in lung morphogenesis,0.0,biological_process
positive regulation of translational initiation by iron,0.0,biological_process
negative regulation of alkaline phosphatase activity,0.0,biological_process
negative regulation of lipid storage,0.0,biological_process
ARAP3,0.0,gene/protein
positive regulation of hair follicle development,0.0,biological_process
UGT2B10,0.0,gene/protein
EEF1A2,0.0,gene/protein
ZNF189,0.0,gene/protein
ACTR8,0.0,gene/protein
PCYT2,0.0,gene/protein
CTSV,0.0,gene/protein
POTEF,0.0,gene/protein
regulation of endothelial cell apoptotic process,0.0,biological_process
ruffle assembly,0.0,biological_process
Negative regulation of MAPK pathway,0.0,pathway
Negative feedback regulation of MAPK pathway,0.0,pathway
positive regulation of brown fat cell differentiation,0.0,biological_process
PAGE1,0.0,gene/protein
positive regulation of protein transport,0.0,biological_process
negative regulation of protein-containing complex disassembly,0.0,biological_process
nitric oxide-cGMP-mediated signaling pathway,0.0,biological_process
retrograde axonal transport,0.0,biological_process
positive regulation of vitamin D biosynthetic process,0.0,biological_process
positive regulation of nitrogen compound metabolic process,0.0,biological_process
positive regulation of calcidiol 1-monooxygenase activity,0.0,biological_process
sequestering of triglyceride,0.0,biological_process
placenta development,0.0,biological_process
transmission of nerve impulse,0.0,biological_process
regulation of T cell differentiation in thymus,0.0,biological_process
regulation of GTPase activity,0.0,biological_process
positive regulation of peptide hormone secretion,0.0,biological_process
synaptic vesicle docking,0.0,biological_process
STX19,0.0,gene/protein
histamine uptake,0.0,biological_process
organic anion transport,0.0,biological_process
SYT3,0.0,gene/protein
PRRT2,0.0,gene/protein
CFH,0.0,gene/protein
MASP2,0.0,gene/protein
positive regulation of activation of membrane attack complex,0.0,biological_process
oviduct epithelium development,0.0,biological_process
CTSG,0.0,gene/protein
CPN1,0.0,gene/protein
Dopamine Neurotransmitter Release Cycle,0.0,pathway
dehydroascorbic acid transport,0.0,biological_process
Short stature,0.0,effect/phenotype
Intestinal hexose absorption,0.0,pathway
intestinal hexose absorption,0.0,biological_process
CD46,0.0,gene/protein
neurotransmitter receptor internalization,0.0,biological_process
Norepinephrine Neurotransmitter Release Cycle,0.0,pathway
Serotonin Neurotransmitter Release Cycle,0.0,pathway
synaptic vesicle priming,0.0,biological_process
Toxicity of botulinum toxin type A (botA),0.0,pathway
Other interleukin signaling,0.0,pathway
TRIM9,0.0,gene/protein
ZNF559-ZNF177,0.0,gene/protein
CXXC5,0.0,gene/protein
ODF3B,0.0,gene/protein
PELP1,0.0,gene/protein
MXD3,0.0,gene/protein
IL4I1,0.0,gene/protein
GCSAM,0.0,gene/protein
Mullerian duct regression,0.0,biological_process
Glutamate Neurotransmitter Release Cycle,0.0,pathway
glycerophosphate shuttle,0.0,biological_process
RYR2,0.0,gene/protein
LIPF,0.0,gene/protein
OIP5,0.0,gene/protein
positive regulation of humoral immune response mediated by circulating immunoglobulin,0.0,biological_process
MTPN,0.0,gene/protein
SLC35B2,0.0,gene/protein
HMGXB4,0.0,gene/protein
EBI3,0.0,gene/protein
TANK,0.0,gene/protein
glycerol catabolic process,0.0,biological_process
MITD1,0.0,gene/protein
SPTAN1,0.0,gene/protein
SOX7,0.0,gene/protein
NAA20,0.0,gene/protein
SUV39H2,0.0,gene/protein
WWP1,0.0,gene/protein
SNRPA,0.0,gene/protein
IPPK,0.0,gene/protein
SF3B3,0.0,gene/protein
glycerol-3-phosphate metabolic process,0.0,biological_process
Triglyceride catabolism,0.0,pathway
negative regulation of myosin-light-chain-phosphatase activity,0.0,biological_process
erythrocyte differentiation,0.0,biological_process
MBD1,0.0,gene/protein
LSR,0.0,gene/protein
SLC9A8,0.0,gene/protein
WBP2,0.0,gene/protein
ACTL7A,0.0,gene/protein
SOX5,0.0,gene/protein
CCL22,0.0,gene/protein
stress-activated MAPK cascade,0.0,biological_process
TNFAIP2,0.0,gene/protein
C5,0.0,gene/protein
NDE1,0.0,gene/protein
PLEKHF2,0.0,gene/protein
TGM2,0.0,gene/protein
SNRNP70,0.0,gene/protein
DHTKD1,0.0,gene/protein
glycolytic process,0.0,biological_process
"complement activation, classical pathway",0.0,biological_process
cellular protein metabolic process,0.0,biological_process
negative regulation of protein secretion,0.0,biological_process
DSTN,0.0,gene/protein
SPIN1,0.0,gene/protein
NPEPPSP1,0.0,gene/protein
exocytic insertion of neurotransmitter receptor to postsynaptic membrane,0.0,biological_process
canonical glycolysis,0.0,biological_process
KLC3,0.0,gene/protein
WTAP,0.0,gene/protein
DYNLT1,0.0,gene/protein
VAT1,0.0,gene/protein
NME2P1,0.0,gene/protein
DDX31,0.0,gene/protein
vesicle fusion,0.0,biological_process
STXBP2,0.0,gene/protein
positive regulation of receptor-mediated endocytosis,0.0,biological_process
CLDN17,0.0,gene/protein
ZNF346,0.0,gene/protein
NUDT21,0.0,gene/protein
MARCHF5,0.0,gene/protein
defense response,0.0,biological_process
GSTK1,0.0,gene/protein
HSD17B3,0.0,gene/protein
WDFY3,0.0,gene/protein
CFHR4,0.0,gene/protein
CTSL,0.0,gene/protein
SNX27,0.0,gene/protein
CR2,0.0,gene/protein
CA8,0.0,gene/protein
ACTRT1,0.0,gene/protein
Activation of C3 and C5,0.0,pathway
neuron remodeling,0.0,biological_process
FH,0.0,gene/protein
TPD52,0.0,gene/protein
CPSF7,0.0,gene/protein
METTL14,0.0,gene/protein
HSP90AA5P,0.0,gene/protein
TRIM32,0.0,gene/protein
ICE2,0.0,gene/protein
negative regulation of oxidoreductase activity,0.0,biological_process
Regulation of Insulin-like Growth Factor (IGF) transport and uptake by Insulin-like Growth Factor Binding Proteins (IGFBPs),0.0,pathway
neurotransmitter uptake,0.0,biological_process
CFHR3,0.0,gene/protein
Motor tics,0.0,effect/phenotype
Sensory processing of sound by inner hair cells of the cochlea,0.0,pathway
"GABA synthesis, release, reuptake and degradation",0.0,pathway
Acetylcholine Neurotransmitter Release Cycle,0.0,pathway
Synthesis of PA,0.0,pathway
TRAPPC10,0.0,gene/protein
synaptic vesicle fusion to presynaptic active zone membrane,0.0,biological_process
regulation of glycogen metabolic process,0.0,biological_process
synaptic vesicle exocytosis,0.0,biological_process
neurotransmitter secretion,0.0,biological_process
long-term synaptic potentiation,0.0,biological_process
CR1,0.0,gene/protein
CUEDC1,0.0,gene/protein
negative regulation of hydrogen peroxide catabolic process,0.0,biological_process
cellular response to peptide,0.0,biological_process
cellular response to nerve growth factor stimulus,0.0,biological_process
Toxicity of botulinum toxin type C (botC),0.0,pathway
B4GALT7,0.0,gene/protein
TMEM39B,0.0,gene/protein
TRAF3IP1,0.0,gene/protein
CBWD1,0.0,gene/protein
STX3,0.0,gene/protein
associative learning,0.0,biological_process
Toxicity of botulinum toxin type E (botE),0.0,pathway
SARAF,0.0,gene/protein
PTMA,0.0,gene/protein
CCDC9,0.0,gene/protein
TAS2R9,0.0,gene/protein
ORC6,0.0,gene/protein
HNRNPDL,0.0,gene/protein
SPINK7,0.0,gene/protein
Formation of Senescence-Associated Heterochromatin Foci (SAHF),0.0,pathway
AHSP,0.0,gene/protein
Erythrocytes take up oxygen and release carbon dioxide,0.0,pathway
Erythrocytes take up carbon dioxide and release oxygen,0.0,pathway
Ketonuria,0.0,effect/phenotype
maintenance of protein location in mitochondrion,0.0,biological_process
establishment of protein localization to mitochondrion,0.0,biological_process
RETREG1,0.0,gene/protein
mannose metabolic process,0.0,biological_process
Tritanomaly,0.0,effect/phenotype
Cystoid macular degeneration,0.0,effect/phenotype
Red-green dyschromatopsia,0.0,effect/phenotype
Posterior staphyloma,0.0,effect/phenotype
fructose 6-phosphate metabolic process,0.0,biological_process
APOBEC3G mediated resistance to HIV-1 infection,0.0,pathway
HBD,0.0,gene/protein
ECD,0.0,gene/protein
PRXL2A,0.0,gene/protein
CWC27,0.0,gene/protein
islet amyloid polypeptide processing,0.0,biological_process
CARD8,0.0,gene/protein
regulation of inflammatory response,0.0,biological_process
PD-1 signaling,0.0,pathway
Vitamin B2 (riboflavin) metabolism,0.0,pathway
senescence-associated heterochromatin focus assembly,0.0,biological_process
negative regulation of chromatin silencing,0.0,biological_process
nuclear transport,0.0,biological_process
establishment of integrated proviral latency,0.0,biological_process
regulation of leukocyte proliferation,0.0,biological_process
Translocation of ZAP-70 to Immunological synapse,0.0,pathway
MHC class II antigen presentation,0.0,pathway
regulation of NIK/NF-kappaB signaling,0.0,biological_process
H2BC18,0.0,gene/protein
EMC2,0.0,gene/protein
CBX7,0.0,gene/protein
Generation of second messenger molecules,0.0,pathway
positive regulation of mesenchymal cell proliferation,0.0,biological_process
IL23A,0.0,gene/protein
TAF6,0.0,gene/protein
Cone dystrophy,0.0,effect/phenotype
Hypopigmentation of the fundus,0.0,immune_effect/phenotype
Retinal thinning,0.0,effect/phenotype
Renal insufficiency,0.0,effect/phenotype
Hyperextensibility of the finger joints,0.0,effect/phenotype
Broad-based gait,0.0,effect/phenotype
Profound hearing impairment,0.0,effect/phenotype
Peripheral retinal atrophy,0.0,effect/phenotype
Cone/cone-rod dystrophy,0.0,effect/phenotype
Cystoid macular edema,0.0,effect/phenotype
Peripapillary chorioretinal atrophy,0.0,effect/phenotype
Central scotoma,0.0,effect/phenotype
FBXO38,0.0,gene/protein
CAVIN4,0.0,gene/protein
POU3F1,0.0,gene/protein
ADCK1,0.0,gene/protein
Autointegration results in viral DNA circles,0.0,pathway
UNC79,0.0,gene/protein
antigen processing and presentation of exogenous peptide antigen via MHC class II,0.0,biological_process
ZSCAN5A,0.0,gene/protein
Phosphorylation of CD3 and TCR zeta chains,0.0,pathway
SOX6,0.0,gene/protein
Fundus atrophy,0.0,effect/phenotype
Progressive night blindness,0.0,effect/phenotype
Retinal detachment,0.0,effect/phenotype
Progressive visual field defects,0.0,effect/phenotype
Photopsia,0.0,effect/phenotype
Abnormality of retinal pigmentation,0.0,immune_effect/phenotype
TRBC1,0.0,gene/protein
EEG abnormality,0.0,effect/phenotype
Developmental regression,0.0,effect/phenotype
Periorbital fullness,0.0,effect/phenotype
Self-injurious behavior,0.0,effect/phenotype
Choreoathetosis,0.0,effect/phenotype
CNBD1,0.0,gene/protein
2-LTR circle formation,0.0,pathway
CLPB,0.0,gene/protein
Defective HK1 causes hexokinase deficiency (HK deficiency),0.0,pathway
negative regulation of glycogen biosynthetic process,0.0,biological_process
insulin processing,0.0,biological_process
Regional abnormality of skin,0.0,effect/phenotype
Spotty hypopigmentation,0.0,immune_effect/phenotype
Abnormal hair whorl,0.0,effect/phenotype
Broad hallux,0.0,effect/phenotype
Hypointensity of cerebral white matter on MRI,0.0,effect/phenotype
High-frequency hearing impairment,0.0,effect/phenotype
Vitamin B5 (pantothenate) metabolism,0.0,pathway
Broad columella,0.0,effect/phenotype
Areflexia,0.0,effect/phenotype
Abnormal dermatoglyphics,0.0,effect/phenotype
Thick nasal alae,0.0,effect/phenotype
2-3 toe syndactyly,0.0,effect/phenotype
Meckel diverticulum,0.0,effect/phenotype
Long palpebral fissure,0.0,effect/phenotype
inorganic diphosphate transport,0.0,biological_process
Severe postnatal growth retardation,0.0,effect/phenotype
enkephalin processing,0.0,biological_process
MBNL3,0.0,gene/protein
NAA50,0.0,gene/protein
RET signaling,0.0,pathway
Downturned corners of mouth,0.0,effect/phenotype
Depressed nasal tip,0.0,effect/phenotype
Dandy-Walker malformation,0.0,effect/phenotype
Decreased muscle mass,0.0,effect/phenotype
cellular phosphate ion homeostasis,0.0,biological_process
Integration of provirus,0.0,pathway
UBR3,0.0,gene/protein
NXPH2,0.0,gene/protein
bicarbonate transport,0.0,biological_process
positive regulation of cytokine production involved in immune response,0.0,biological_process
oxygen transport,0.0,biological_process
NDUFAF5,0.0,gene/protein
phosphatidic acid biosynthetic process,0.0,biological_process
Small forehead,0.0,effect/phenotype
SPIRE2,0.0,gene/protein
DGKH,0.0,gene/protein
TWIST1,0.0,gene/protein
SORD,0.0,gene/protein
FKBP11,0.0,gene/protein
BATF2,0.0,gene/protein
CDK5RAP3,0.0,gene/protein
DNA unwinding involved in DNA replication,0.0,biological_process
positive regulation of epidermal growth factor receptor signaling pathway,0.0,biological_process
Hypoplasia of the maxilla,0.0,effect/phenotype
Low frustration tolerance,0.0,effect/phenotype
riboflavin metabolic process,0.0,biological_process
ECHDC1,0.0,gene/protein
protein autoprocessing,0.0,biological_process
nucleoside triphosphate catabolic process,0.0,biological_process
PNPO,0.0,gene/protein
S100P,0.0,gene/protein
Vpr-mediated nuclear import of PICs,0.0,pathway
TERF2,0.0,gene/protein
PHF3,0.0,gene/protein
ARHGEF10,0.0,gene/protein
ATXN3L,0.0,gene/protein
PANX2,0.0,gene/protein
H3C13,0.0,gene/protein
KCND1,0.0,gene/protein
CAMSAP1,0.0,gene/protein
response to muramyl dipeptide,0.0,biological_process
PFDN5,0.0,gene/protein
H4C5,0.0,gene/protein
SLC25A11,0.0,gene/protein
WDR35,0.0,gene/protein
response to laminar fluid shear stress,0.0,biological_process
regulation of extracellular matrix disassembly,0.0,biological_process
positive regulation of cellular component movement,0.0,biological_process
PRPF4B,0.0,gene/protein
Retinal flecks,0.0,effect/phenotype
PDE4D,0.0,gene/protein
RAP1B,0.0,gene/protein
SH3BP5,0.0,gene/protein
Left ventricular noncompaction,0.0,effect/phenotype
Persistent head lag,0.0,effect/phenotype
Deviated nasal septum,0.0,effect/phenotype
Poor head control,0.0,effect/phenotype
Lower extremity joint dislocation,0.0,effect/phenotype
MAST3,0.0,gene/protein
VRK3,0.0,gene/protein
UBE2G1,0.0,gene/protein
BIRC6,0.0,gene/protein
UNK,0.0,gene/protein
MECP2 regulates transcription factors,0.0,pathway
CHD7,0.0,gene/protein
positive regulation of fatty acid metabolic process,0.0,biological_process
SUMOylation of intracellular receptors,0.0,pathway
ARPC1B,0.0,gene/protein
IGSF8,0.0,gene/protein
Brain abscess,0.0,effect/phenotype
Unusual skin infection,0.0,effect/phenotype
FBXL19-AS1,0.0,gene/protein
RFWD3,0.0,gene/protein
"Macroorchidism, postpubertal",0.0,effect/phenotype
"Ambiguous genitalia, female",0.0,effect/phenotype
Tall stature,0.0,effect/phenotype
ZNF143,0.0,gene/protein
CIT,0.0,gene/protein
Macrotia,0.0,effect/phenotype
KIFAP3,0.0,gene/protein
PPP2R5B,0.0,gene/protein
PWP1,0.0,gene/protein
Narrow nasal bridge,0.0,effect/phenotype
Dysplastic corpus callosum,0.0,effect/phenotype
Right ventricular hypertrophy,0.0,effect/phenotype
Retractile testis,0.0,effect/phenotype
Abnormal cortical gyration,0.0,effect/phenotype
Increased head circumference,0.0,effect/phenotype
Impulsivity,0.0,effect/phenotype
Pineal cyst,0.0,effect/phenotype
Neonatal hypotonia,0.0,effect/phenotype
Slender build,0.0,effect/phenotype
Abnormal cerebral white matter morphology,0.0,effect/phenotype
Slender toe,0.0,effect/phenotype
Impaired social interactions,0.0,effect/phenotype
STK25,0.0,gene/protein
SAV1,0.0,gene/protein
NKD1,0.0,gene/protein
ELP1,0.0,gene/protein
FBXW9,0.0,gene/protein
SV2A,0.0,gene/protein
PSKH1,0.0,gene/protein
CHCHD4,0.0,gene/protein
PRPF40A,0.0,gene/protein
CABLES2,0.0,gene/protein
Decreased serum testosterone level,0.0,effect/phenotype
Visual impairment,0.0,effect/phenotype
BRSK1,0.0,gene/protein
Speech apraxia,0.0,effect/phenotype
Thick corpus callosum,0.0,effect/phenotype
MARK3,0.0,gene/protein
mammary gland epithelial cell differentiation,0.0,biological_process
FLT1,0.0,gene/protein
Retinal arteriolar constriction,0.0,effect/phenotype
Bicuspid aortic valve,0.0,effect/phenotype
Abnormal light-adapted flicker electroretinogram,0.0,effect/phenotype
Intrahepatic bile duct dilatation,0.0,effect/phenotype
Photoreceptor layer loss on macular OCT,0.0,effect/phenotype
SLC2A5,0.0,gene/protein
cellular defense response,0.0,biological_process
ADCY4,0.0,gene/protein
RPL12,0.0,gene/protein
CCDC179,0.0,gene/protein
Regulation of PTEN gene transcription,0.0,pathway
Posterior polar cataract,0.0,effect/phenotype
Hyperautofluorescent retinal lesion,0.0,effect/phenotype
Retinal pigment epithelial atrophy,0.0,immune_effect/phenotype
Progressive visual loss,0.0,effect/phenotype
Postaxial polydactyly,0.0,effect/phenotype
Abnormal lung morphology,0.0,effect/phenotype
Pallor,0.0,effect/phenotype
Abnormal electroretinogram,0.0,effect/phenotype
Macular coloboma,0.0,effect/phenotype
Peripapillary atrophy,0.0,effect/phenotype
Geographic atrophy,0.0,effect/phenotype
Nummular pigmentation of the fundus,0.0,immune_effect/phenotype
Cortical cataract,0.0,effect/phenotype
Abnormal light- and dark-adapted electroretinogram,0.0,effect/phenotype
SETD7,0.0,gene/protein
Decreased light- and dark-adapted electroretinogram amplitude,0.0,effect/phenotype
PHF11,0.0,gene/protein
RTN4IP1,0.0,gene/protein
SVIL,0.0,gene/protein
TNP1,0.0,gene/protein
Synostosis involving the 1st metacarpal,0.0,effect/phenotype
Drusen,0.0,effect/phenotype
Mixed astigmatism,0.0,immune_effect/phenotype
Abnormality of fundus pigmentation,0.0,immune_effect/phenotype
TPMT,0.0,gene/protein
USP5,0.0,gene/protein
COPS2,0.0,gene/protein
TANGO2,0.0,gene/protein
cell motility,0.0,biological_process
angiogenesis involved in wound healing,0.0,biological_process
CNTNAP1,0.0,gene/protein
PSMB8-AS1,0.0,gene/protein
COMMD6,0.0,gene/protein
Abnormality of skin pigmentation,0.0,immune_effect/phenotype
RPL23,0.0,gene/protein
MTDH,0.0,gene/protein
positive regulation of interleukin-12 production,0.0,biological_process
TAP2,0.0,gene/protein
DEFB4B,0.0,gene/protein
NKX2-1,0.0,gene/protein
enamel mineralization,0.0,biological_process
WDR24,0.0,gene/protein
GOPC,0.0,gene/protein
Recurrent fractures,0.0,effect/phenotype
nucleic acid phosphodiester bond hydrolysis,0.0,biological_process
acetaldehyde metabolic process,0.0,biological_process
TAF11,0.0,gene/protein
TNIP3,0.0,gene/protein
USP31,0.0,gene/protein
RNASE1,0.0,gene/protein
negative regulation of leukocyte cell-cell adhesion,0.0,biological_process
NOX4,0.0,gene/protein
PDIA2,0.0,gene/protein
JMJD1C,0.0,gene/protein
ASH2L,0.0,gene/protein
UXT,0.0,gene/protein
DEFB124,0.0,gene/protein
SETD6,0.0,gene/protein
KDM2A,0.0,gene/protein
hepoxilin biosynthetic process,0.0,biological_process
HAUS7,0.0,gene/protein
negative regulation of pri-miRNA transcription by RNA polymerase II,0.0,biological_process
oocyte development,0.0,biological_process
negative regulation of intrinsic apoptotic signaling pathway in response to DNA damage by p53 class mediator,0.0,biological_process
B cell homeostasis,0.0,biological_process
negative regulation of apoptotic signaling pathway,0.0,biological_process
SUMO3,0.0,gene/protein
ZNF133,0.0,gene/protein
HOXA7,0.0,gene/protein
CTSA,0.0,gene/protein
Long palm,0.0,effect/phenotype
NUP153,0.0,gene/protein
MCOLN1,0.0,gene/protein
AMDHD2,0.0,gene/protein
DNPH1,0.0,gene/protein
MARCHF8,0.0,gene/protein
RPS3,0.0,gene/protein
Reduced tendon reflexes,0.0,effect/phenotype
Long fingers,0.0,effect/phenotype
negative regulation of cellular pH reduction,0.0,biological_process
PHAF1,0.0,gene/protein
PMF1,0.0,gene/protein
RALGAPA1,0.0,gene/protein
CASP8AP2,0.0,gene/protein
RIF1,0.0,gene/protein
GNS,0.0,gene/protein
T cell differentiation in thymus,0.0,biological_process
regulation of protein stability,0.0,biological_process
regulation of nitrogen utilization,0.0,biological_process
Estrogen-dependent gene expression,0.0,pathway
Activation of BAD and translocation to mitochondria ,0.0,pathway
negative regulation of myeloid cell apoptotic process,0.0,biological_process
positive regulation of catalytic activity,0.0,biological_process
regulation of glycoprotein biosynthetic process,0.0,biological_process
CTNS,0.0,gene/protein
PLCH1,0.0,gene/protein
B cell lineage commitment,0.0,biological_process
cellular response to DNA damage stimulus,0.0,biological_process
hair follicle morphogenesis,0.0,biological_process
homeostasis of number of cells within a tissue,0.0,biological_process
cell aging,0.0,biological_process
positive regulation of skeletal muscle fiber development,0.0,biological_process
regulation of transmembrane transporter activity,0.0,biological_process
focal adhesion assembly,0.0,biological_process
response to iron ion,0.0,biological_process
positive regulation of protein insertion into mitochondrial membrane involved in apoptotic signaling pathway,0.0,biological_process
Long hallux,0.0,effect/phenotype
SMARCD1,0.0,gene/protein
Prominent protruding coccyx,0.0,effect/phenotype
Color vision defect,0.0,effect/phenotype
Thickened helices,0.0,effect/phenotype
Toenail dysplasia,0.0,effect/phenotype
Abnormality of the septum pellucidum,0.0,effect/phenotype
Oral-pharyngeal dysphagia,0.0,effect/phenotype
Undetectable electroretinogram,0.0,effect/phenotype
GNB5,0.0,gene/protein
Wide intermamillary distance,0.0,effect/phenotype
Rod-cone dystrophy,0.0,effect/phenotype
gland morphogenesis,0.0,biological_process
T cell homeostasis,0.0,biological_process
positive regulation of melanocyte differentiation,0.0,biological_process
RPS6KB1,0.0,gene/protein
KHDRBS1,0.0,gene/protein
PRDM14,0.0,gene/protein
Gait imbalance,0.0,effect/phenotype
positive regulation of smooth muscle cell migration,0.0,biological_process
negative regulation of osteoblast proliferation,0.0,biological_process
regulation of viral genome replication,0.0,biological_process
Chorioretinal degeneration,0.0,effect/phenotype
Macular degeneration,0.0,effect/phenotype
Peripheral visual field loss,0.0,effect/phenotype
Bone spicule pigmentation of the retina,0.0,immune_effect/phenotype
Talipes cavus equinovarus,0.0,effect/phenotype
BCAR3,0.0,gene/protein
ARL6,0.0,gene/protein
PHF6,0.0,gene/protein
KIF22,0.0,gene/protein
Mucosal telangiectasiae,0.0,effect/phenotype
MTA2,0.0,gene/protein
CD3D,0.0,gene/protein
IL17RA,0.0,gene/protein
NEIL1,0.0,gene/protein
reactive oxygen species metabolic process,0.0,biological_process
MIR34A,0.0,gene/protein
NPY1R,0.0,gene/protein
negative regulation of G1/S transition of mitotic cell cycle,0.0,biological_process
positive regulation of cell motility,0.0,biological_process
positive regulation of vesicle fusion,0.0,biological_process
cellular response to high light intensity,0.0,biological_process
ABCG8,0.0,gene/protein
TMX1,0.0,gene/protein
fatty acid oxidation,0.0,biological_process
LBP,0.0,gene/protein
KCTD15,0.0,gene/protein
regulation of NMDA receptor activity,0.0,biological_process
PRKAR2B,0.0,gene/protein
response to dietary excess,0.0,biological_process
CLTRN,0.0,gene/protein
response to methionine,0.0,biological_process
response to epinephrine,0.0,biological_process
BBS10,0.0,gene/protein
negative regulation of glycolytic process,0.0,biological_process
skeletal muscle atrophy,0.0,biological_process
WNT3A,0.0,gene/protein
positive regulation of cellular respiration,0.0,biological_process
POLR3E,0.0,gene/protein
ZNF746,0.0,gene/protein
cellular response to thyroid hormone stimulus,0.0,biological_process
response to cold,0.0,biological_process
cellular response to caffeine,0.0,biological_process
organ growth,0.0,biological_process
response to UV-B,0.0,biological_process
PIM3,0.0,gene/protein
"CD8-positive, alpha-beta T cell lineage commitment",0.0,biological_process
metanephros development,0.0,biological_process
triglyceride metabolic process,0.0,biological_process
NDUFAF1,0.0,gene/protein
TUBB2B,0.0,gene/protein
TCAP,0.0,gene/protein
humoral immune response,0.0,biological_process
positive regulation of multicellular organism growth,0.0,biological_process
negative regulation of ossification,0.0,biological_process
pigment granule organization,0.0,biological_process
digestive tract morphogenesis,0.0,biological_process
positive regulation of neuron maturation,0.0,biological_process
regulation of cell-matrix adhesion,0.0,biological_process
negative regulation of reactive oxygen species metabolic process,0.0,biological_process
SMC2,0.0,gene/protein
FADD,0.0,gene/protein
TUBB2A,0.0,gene/protein
CBLN3,0.0,gene/protein
SLC35A5,0.0,gene/protein
intrinsic apoptotic signaling pathway in response to oxidative stress,0.0,biological_process
glomerulus development,0.0,biological_process
negative regulation of calcium ion transport into cytosol,0.0,biological_process
lymphoid progenitor cell differentiation,0.0,biological_process
cochlear nucleus development,0.0,biological_process
branching involved in ureteric bud morphogenesis,0.0,biological_process
BRD4,0.0,gene/protein
axonogenesis,0.0,biological_process
spleen development,0.0,biological_process
negative regulation of anoikis,0.0,biological_process
NMT2,0.0,gene/protein
extrinsic apoptotic signaling pathway via death domain receptors,0.0,biological_process
cellular response to glucose starvation,0.0,biological_process
negative regulation of mitochondrial depolarization,0.0,biological_process
Parotitis,0.0,effect/phenotype
Osteomyelitis leading to amputation due to slow healing fractures,0.0,effect/phenotype
Mandibular osteomyelitis,0.0,effect/phenotype
Abnormal heart morphology,0.0,effect/phenotype
Clinodactyly of the 2nd toe,0.0,effect/phenotype
Shortening of all distal phalanges of the fingers,0.0,effect/phenotype
Moderate sensorineural hearing impairment,0.0,effect/phenotype
Mild neurosensory hearing impairment,0.0,effect/phenotype
Ectopic kidney,0.0,effect/phenotype
Sparse body hair,0.0,effect/phenotype
Widened subarachnoid space,0.0,effect/phenotype
Increased serum lactate,0.0,effect/phenotype
Thick vermilion border,0.0,effect/phenotype
Facial asymmetry,0.0,effect/phenotype
Nail dysplasia,0.0,effect/phenotype
Poor speech,0.0,effect/phenotype
Narrow face,0.0,effect/phenotype
Facial palsy,0.0,effect/phenotype
Delayed gross motor development,0.0,effect/phenotype
Thickened ears,0.0,effect/phenotype
Toe syndactyly,0.0,effect/phenotype
Hyperhidrosis,0.0,effect/phenotype
Down-sloping shoulders,0.0,effect/phenotype
Hypsarrhythmia,0.0,effect/phenotype
Generalized myoclonic seizure,0.0,effect/phenotype
Generalized non-motor (absence) seizure,0.0,effect/phenotype
Foot osteomyelitis,0.0,effect/phenotype
Incomplete penetrance,0.0,effect/phenotype
Status epilepticus,0.0,effect/phenotype
Lower limb hyperreflexia,0.0,effect/phenotype
Supernumerary nipple,0.0,effect/phenotype
Congenital hip dislocation,0.0,effect/phenotype
Large fontanelles,0.0,effect/phenotype
Eczema,0.0,effect/phenotype
Decreased HDL cholesterol concentration,0.0,effect/phenotype
Urinary incontinence,0.0,effect/phenotype
Plagiocephaly,0.0,effect/phenotype
Diastema,0.0,effect/phenotype
Abnormality of dental morphology,0.0,effect/phenotype
Incomprehensible speech,0.0,effect/phenotype
Abnormal parotid gland morphology,0.0,effect/phenotype
Sacral dimple,0.0,effect/phenotype
Neurological speech impairment,0.0,effect/phenotype
Short palm,0.0,effect/phenotype
Growth abnormality,0.0,effect/phenotype
Broad neck,0.0,effect/phenotype
Abnormality of the basal ganglia,0.0,effect/phenotype
Abnormality of eye movement,0.0,effect/phenotype
Hypoplasia of the musculature,0.0,effect/phenotype
Large forehead,0.0,effect/phenotype
Broad face,0.0,effect/phenotype
High myopia,0.0,effect/phenotype
Prominent coccyx,0.0,effect/phenotype
Webbed neck,0.0,effect/phenotype
Narrow palm,0.0,effect/phenotype
Abnormal hair pattern,0.0,effect/phenotype
Cough,0.0,effect/phenotype
Shock,0.0,effect/phenotype
Abnormality of the spleen,0.0,effect/phenotype
Septic arthritis,0.0,effect/phenotype
Acute infectious pneumonia,0.0,effect/phenotype
Carbuncle,0.0,effect/phenotype
Furuncle,0.0,effect/phenotype
Infertility,0.0,effect/phenotype
Premature coronary artery atherosclerosis,0.0,effect/phenotype
Small fontanelle,0.0,effect/phenotype
Hypoplastic nasal bridge,0.0,effect/phenotype
Apneic episodes in infancy,0.0,effect/phenotype
Developmental cataract,0.0,effect/phenotype
Triphalangeal thumb,0.0,effect/phenotype
Almond-shaped palpebral fissure,0.0,effect/phenotype
Increased LDL cholesterol concentration,0.0,effect/phenotype
Equinovarus deformity,0.0,effect/phenotype
"Intellectual disability, profound",0.0,effect/phenotype
Abnormality of chromosome segregation,0.0,effect/phenotype
Hernia of the abdominal wall,0.0,effect/phenotype
Brain atrophy,0.0,effect/phenotype
Sleep-wake cycle disturbance,0.0,effect/phenotype
Trigonocephaly,0.0,effect/phenotype
Overlapping toe,0.0,effect/phenotype
Short digit,0.0,effect/phenotype
Round face,0.0,effect/phenotype
Ebstein anomaly of the tricuspid valve,0.0,effect/phenotype
Rocker bottom foot,0.0,effect/phenotype
Pes planus,0.0,effect/phenotype
Tetraparesis,0.0,effect/phenotype
Shawl scrotum,0.0,effect/phenotype
Abnormality of earlobe,0.0,effect/phenotype
Cerebellar vermis hypoplasia,0.0,effect/phenotype
Small nail,0.0,effect/phenotype
Esotropia,0.0,effect/phenotype
Triangular face,0.0,effect/phenotype
Sleep disturbance,0.0,effect/phenotype
Stereotypy,0.0,effect/phenotype
Epicanthus inversus,0.0,effect/phenotype
Cupped ear,0.0,effect/phenotype
Low posterior hairline,0.0,effect/phenotype
Chorioretinal atrophy,0.0,effect/phenotype
Severe muscular hypotonia,0.0,effect/phenotype
"Intellectual disability, progressive",0.0,effect/phenotype
Talipes calcaneovarus,0.0,effect/phenotype
Spastic diplegia,0.0,effect/phenotype
Tricuspid regurgitation,0.0,effect/phenotype
Pseudobulbar paralysis,0.0,effect/phenotype
Caesarian section,0.0,effect/phenotype
Sparse hair,0.0,effect/phenotype
Contractures of the large joints,0.0,effect/phenotype
Poor coordination,0.0,effect/phenotype
Alacrima,0.0,effect/phenotype
Cubitus valgus,0.0,effect/phenotype
Camptodactyly of finger,0.0,effect/phenotype
External ophthalmoplegia,0.0,effect/phenotype
Non-midline cleft lip,0.0,effect/phenotype
Visual loss,0.0,effect/phenotype
Misalignment of teeth,0.0,effect/phenotype
Distal lower limb amyotrophy,0.0,effect/phenotype
Nasolacrimal duct obstruction,0.0,effect/phenotype
Visual field defect,0.0,effect/phenotype
Posterior subcapsular cataract,0.0,effect/phenotype
Attenuation of retinal blood vessels,0.0,effect/phenotype
Immotile cilia,0.0,effect/phenotype
Delayed ability to walk,0.0,effect/phenotype
Furrowed tongue,0.0,effect/phenotype
"Intellectual disability, severe",0.0,effect/phenotype
Lower limb hypertonia,0.0,effect/phenotype
Aggressive behavior,0.0,effect/phenotype
Broad chin,0.0,effect/phenotype
Macular atrophy,0.0,effect/phenotype
Undetectable light- and dark-adapted electroretinogram,0.0,effect/phenotype
Macular edema,0.0,effect/phenotype
Distal muscle weakness,0.0,effect/phenotype
Progressive spastic paraplegia,0.0,effect/phenotype
Myoclonus,0.0,effect/phenotype
Talipes equinovarus,0.0,effect/phenotype
Abnormal cardiac ventricular function,0.0,effect/phenotype
Patchy alopecia,0.0,effect/phenotype
Hyperactive patellar reflex,0.0,effect/phenotype
Arnold-Chiari type I malformation,0.0,effect/phenotype
Confetti-like hypopigmented macules,0.0,immune_effect/phenotype
Generalized-onset seizure,0.0,effect/phenotype
Bilateral cryptorchidism,0.0,effect/phenotype
Anterior pituitary hypoplasia,0.0,effect/phenotype
"High, narrow palate",0.0,effect/phenotype
Infantile constant exotropia,0.0,effect/phenotype
Restlessness,0.0,effect/phenotype
Abnormality of movement,0.0,effect/phenotype
Erectile dysfunction,0.0,effect/phenotype
Elevated serum creatine kinase,0.0,effect/phenotype
Sensory neuropathy,0.0,effect/phenotype
Abnormality of the mouth,0.0,effect/phenotype
Oligomenorrhea,0.0,effect/phenotype
Difficulty walking,0.0,effect/phenotype
Distal amyotrophy,0.0,effect/phenotype
Difficulty standing,0.0,effect/phenotype
Horizontal nystagmus,0.0,effect/phenotype
Aplasia/Hypoplasia of the mandible,0.0,effect/phenotype
Cholestatic liver disease,0.0,effect/phenotype
Prolonged QT interval,0.0,effect/phenotype
Inverted nipples,0.0,effect/phenotype
Hypoplastic toenails,0.0,effect/phenotype
Proportionate tall stature,0.0,effect/phenotype
nucleotide-binding oligomerization domain containing signaling pathway,0.0,biological_process
Scanning speech,0.0,effect/phenotype
MAP1LC3B,0.0,gene/protein
T cell activation,0.0,biological_process
Poor fine motor coordination,0.0,effect/phenotype
DCTN1,0.0,gene/protein
KCNIP3,0.0,gene/protein
SOHLH1,0.0,gene/protein
Muscle spasm,0.0,effect/phenotype
Fasciculations,0.0,effect/phenotype
activation of cysteine-type endopeptidase activity involved in apoptotic signaling pathway,0.0,biological_process
Calf muscle hypertrophy,0.0,effect/phenotype
EMG: neuropathic changes,0.0,effect/phenotype
Dysmetric saccades,0.0,effect/phenotype
TRAIL  signaling,0.0,pathway
TLR3-mediated TICAM1-dependent programmed cell death,0.0,pathway
NF-kB activation through FADD/RIP-1 pathway mediated by caspase-8 and -10,0.0,pathway
Defective RIPK1-mediated regulated necrosis,0.0,pathway
Microbial modulation of RIPK1-mediated regulated necrosis,0.0,pathway
Limb muscle weakness,0.0,effect/phenotype
Splayed toes,0.0,effect/phenotype
Madelung deformity,0.0,effect/phenotype
Nevus,0.0,effect/phenotype
Reduced bone mineral density,0.0,effect/phenotype
Numerous congenital melanocytic nevi,0.0,effect/phenotype
External ear malformation,0.0,effect/phenotype
Neck pterygia,0.0,effect/phenotype
Short 4th metacarpal,0.0,effect/phenotype
S100A14,0.0,gene/protein
Aplasia/Hypoplasia of the nipples,0.0,effect/phenotype
Enlargement of the distal femoral epiphysis,0.0,effect/phenotype
Gastrointestinal inflammation,0.0,immune_effect/phenotype
Increased serum insulin-like growth factor 1,0.0,effect/phenotype
Growth hormone excess,0.0,effect/phenotype
Premature pubarche,0.0,effect/phenotype
Hypertrophic cardiomyopathy,0.0,effect/phenotype
Abnormal nervous system physiology,0.0,effect/phenotype
Cystic hygroma,0.0,effect/phenotype
EDC3,0.0,gene/protein
MYO5A,0.0,gene/protein
NADE modulates death signalling,0.0,pathway
NLRC4,0.0,gene/protein
HBP1,0.0,gene/protein
MAP1LC3A,0.0,gene/protein
TFCP2,0.0,gene/protein
positive regulation of neuron death,0.0,biological_process
Impaired vibratory sensation,0.0,effect/phenotype
Bitemporal hemianopia,0.0,effect/phenotype
Abnormal visual field test,0.0,effect/phenotype
Central adrenal insufficiency,0.0,effect/phenotype
Horseshoe kidney,0.0,effect/phenotype
Dermatoglyphic ridges abnormal,0.0,effect/phenotype
BRD1,0.0,gene/protein
Abnormal involuntary eye movements,0.0,effect/phenotype
Inferior vermis hypoplasia,0.0,effect/phenotype
Irregular proximal tibial epiphyses,0.0,effect/phenotype
Pulmonary valve atresia,0.0,effect/phenotype
Square face,0.0,effect/phenotype
Apoptotic execution phase,0.0,pathway
BEX1,0.0,gene/protein
Gaze-evoked nystagmus,0.0,effect/phenotype
Polyneuropathy,0.0,effect/phenotype
Abnormality of the distal phalanx of the thumb,0.0,effect/phenotype
Monotonic speech,0.0,effect/phenotype
H4-16,0.0,gene/protein
Shyness,0.0,effect/phenotype
DYRK2,0.0,gene/protein
mRNA export from nucleus,0.0,biological_process
TRMT6,0.0,gene/protein
positive regulation of proteolysis,0.0,biological_process
TRAIL-activated apoptotic signaling pathway,0.0,biological_process
suppression by virus of host cysteine-type endopeptidase activity involved in apoptotic process,0.0,biological_process
toll-like receptor 3 signaling pathway,0.0,biological_process
Hypomimic face,0.0,effect/phenotype
Deep philtrum,0.0,effect/phenotype
Abnormally large globe,0.0,effect/phenotype
Cortical dysplasia,0.0,effect/phenotype
Optic nerve hypoplasia,0.0,effect/phenotype
modulation by virus of host cellular process,0.0,biological_process
syncytiotrophoblast cell differentiation involved in labyrinthine layer development,0.0,biological_process
self proteolysis,0.0,biological_process
proteolysis involved in cellular protein catabolic process,0.0,biological_process
Hyporeflexia,0.0,effect/phenotype
TRIF-dependent toll-like receptor signaling pathway,0.0,biological_process
Synophrys,0.0,effect/phenotype
Long toe,0.0,effect/phenotype
Abnormal left ventricle morphology,0.0,effect/phenotype
Holoprosencephaly,0.0,effect/phenotype
Macroorchidism,0.0,effect/phenotype
Hydrocele testis,0.0,effect/phenotype
Arachnodactyly,0.0,effect/phenotype
pyroptosis,0.0,biological_process
Delayed fine motor development,0.0,effect/phenotype
MLKL,0.0,gene/protein
Decreased fertility,0.0,effect/phenotype
Dysphonia,0.0,effect/phenotype
Mild microcephaly,0.0,effect/phenotype
Cerebral ischemia,0.0,effect/phenotype
Lower limb spasticity,0.0,effect/phenotype
Gaze-evoked horizontal nystagmus,0.0,effect/phenotype
natural killer cell activation,0.0,biological_process
ATG4D,0.0,gene/protein
Truncal titubation,0.0,effect/phenotype
Regulation of necroptotic cell death,0.0,pathway
TRIF-mediated programmed cell death,0.0,pathway
Caspase-mediated cleavage of cytoskeletal proteins,0.0,pathway
GLCE,0.0,gene/protein
DEDD2,0.0,gene/protein
USO1,0.0,gene/protein
Diplopia,0.0,effect/phenotype
Apoptotic cleavage of cellular proteins,0.0,pathway
NOD1/2 Signaling Pathway,0.0,pathway
regulation of necroptotic process,0.0,biological_process
regulation of innate immune response,0.0,biological_process
"Activation, myristolyation of BID and translocation to mitochondria",0.0,pathway
Signaling by Hippo,0.0,pathway
PLIN4,0.0,gene/protein
Activation of caspases through apoptosome-mediated cleavage,0.0,pathway
Spinal deformities,0.0,effect/phenotype
SMAC(DIABLO)-mediated dissociation of IAP:caspase complexes ,0.0,pathway
Apoptosis induced DNA fragmentation,0.0,pathway
BIRC7,0.0,gene/protein
DCC,0.0,gene/protein
GRIPAP1,0.0,gene/protein
activation of cysteine-type endopeptidase activity,0.0,biological_process
positive regulation of macrophage differentiation,0.0,biological_process
Bulbar palsy,0.0,effect/phenotype
SMAC (DIABLO) binds to IAPs ,0.0,pathway
Insulin-dependent but ketosis-resistant diabetes,0.0,effect/phenotype
Mixed demyelinating and axonal polyneuropathy,0.0,effect/phenotype
Episodic peripheral neuropathy,0.0,effect/phenotype
Progressive peripheral neuropathy,0.0,effect/phenotype
Plantar warts,0.0,effect/phenotype
response to morphine,0.0,biological_process
cellular response to stress,0.0,biological_process
positive regulation of Schwann cell differentiation,0.0,biological_process
Abnormality of the autonomic nervous system,0.0,effect/phenotype
Premature graying of hair,0.0,effect/phenotype
Hodgkin lymphoma,0.0,immune_effect/phenotype
Increased adipose tissue,0.0,effect/phenotype
Interictal epileptiform activity,0.0,effect/phenotype
Reduced C-peptide level,0.0,effect/phenotype
Athetosis,0.0,effect/phenotype
purine nucleotide catabolic process,0.0,biological_process
SELENBP1,0.0,gene/protein
Synthesis of 15-eicosatetraenoic acid derivatives,0.0,pathway
positive regulation of supramolecular fiber organization,0.0,biological_process
Delayed menarche,0.0,effect/phenotype
Parietal cortical atrophy,0.0,effect/phenotype
Corpus callosum atrophy,0.0,effect/phenotype
positive regulation of T cell receptor signaling pathway,0.0,biological_process
cellular response to hepatocyte growth factor stimulus,0.0,biological_process
cellular response to peptidoglycan,0.0,biological_process
SUMOylation of immune response proteins,0.0,pathway
Mononeuropathy,0.0,effect/phenotype
cellular response to lipoteichoic acid,0.0,biological_process
Weakness of orbicularis oculi muscle,0.0,effect/phenotype
regulation of mammary gland epithelial cell proliferation,0.0,biological_process
response to symbiotic bacterium,0.0,biological_process
endothelial cell development,0.0,biological_process
"regulation of gene expression, epigenetic",0.0,biological_process
response to hydroperoxide,0.0,biological_process
Decreased circulating total IgA,0.0,immune_effect/phenotype
"transcription, DNA-templated",0.0,biological_process
Sex-limited autosomal dominant,0.0,effect/phenotype
Autosomal dominant somatic cell mutation,0.0,effect/phenotype
Autosomal dominant inheritance with paternal imprinting,0.0,effect/phenotype
Autosomal dominant inheritance with maternal imprinting,0.0,effect/phenotype
Autosomal dominant germline de novo mutation,0.0,effect/phenotype
Vestibular dysfunction,0.0,effect/phenotype
Hypoplasia of the thymus,0.0,effect/phenotype
Elevated alpha-fetoprotein,0.0,effect/phenotype
Synthesis of 5-eicosatetraenoic acids,0.0,pathway
Motor polyneuropathy,0.0,effect/phenotype
Abnormal muscle tone,0.0,effect/phenotype
Childhood-onset truncal obesity,0.0,effect/phenotype
Macular dystrophy,0.0,effect/phenotype
Abnormal chorioretinal morphology,0.0,effect/phenotype
Hypopigmentation of hair,0.0,immune_effect/phenotype
Prematurely aged appearance,0.0,effect/phenotype
Aplasia/Hypoplasia of the skin,0.0,effect/phenotype
Decreased activity of mitochondrial complex IV,0.0,effect/phenotype
Palmar warts,0.0,effect/phenotype
skeletal muscle fiber development,0.0,biological_process
biological process involved in interaction with symbiont,0.0,biological_process
skeletal muscle tissue regeneration,0.0,biological_process
Synthesis of 12-eicosatetraenoic acid derivatives,0.0,pathway
myoblast proliferation,0.0,biological_process
response to xenobiotic stimulus,0.0,biological_process
B lymphocytopenia,0.0,immune_effect/phenotype
Late onset,0.0,effect/phenotype
Decreased circulating total IgG,0.0,immune_effect/phenotype
Sensorimotor polyneuropathy affecting arms more than legs,0.0,effect/phenotype
Chronic furunculosis,0.0,effect/phenotype
Recurrent bronchitis,0.0,effect/phenotype
Decreased proportion of CD4-positive helper T cells,0.0,immune_effect/phenotype
Verrucae,0.0,effect/phenotype
Non-Hodgkin lymphoma,0.0,immune_effect/phenotype
Abnormal hair morphology,0.0,effect/phenotype
Chronic fatigue,0.0,effect/phenotype
Thickened nuchal skin fold,0.0,effect/phenotype
Short 5th metacarpal,0.0,effect/phenotype
Very long chain fatty acid accumulation,0.0,effect/phenotype
Hypoketotic hypoglycemia,0.0,effect/phenotype
Increased susceptibility to fractures,0.0,effect/phenotype
Mental deterioration,0.0,effect/phenotype
Oculomotor apraxia,0.0,effect/phenotype
Postural tremor,0.0,effect/phenotype
PPP1R8,0.0,gene/protein
Hypoglycemic seizures,0.0,effect/phenotype
Pituitary prolactin cell adenoma,0.0,effect/phenotype
Positive Romberg sign,0.0,effect/phenotype
Sensorimotor neuropathy,0.0,effect/phenotype
Poor motor coordination,0.0,effect/phenotype
Diffuse cerebral atrophy,0.0,effect/phenotype
Saccadic smooth pursuit,0.0,effect/phenotype
Ophthalmoplegia,0.0,effect/phenotype
Proportionate short stature,0.0,effect/phenotype
Hand tremor,0.0,effect/phenotype
Gonadoblastoma,0.0,effect/phenotype
Gastrointestinal angiodysplasia,0.0,effect/phenotype
Hyperconvex fingernails,0.0,effect/phenotype
Adult-onset night blindness,0.0,effect/phenotype
Vitreous floaters,0.0,effect/phenotype
Distal sensory impairment,0.0,effect/phenotype
Asteroid hyalosis,0.0,effect/phenotype
Impaired use of nonverbal behaviors,0.0,effect/phenotype
Brisk reflexes,0.0,effect/phenotype
Secondary amenorrhea,0.0,effect/phenotype
Shield chest,0.0,effect/phenotype
Hypermobility of toe joints,0.0,effect/phenotype
Aortic dissection,0.0,effect/phenotype
Sudden loss of visual acuity,0.0,effect/phenotype
Hypoplastic left heart,0.0,effect/phenotype
Arterial dissection,0.0,effect/phenotype
Impaired visuospatial constructive cognition,0.0,effect/phenotype
Acute episodes of neuropathic symptoms,0.0,effect/phenotype
Recurrent sinusitis,0.0,effect/phenotype
Entrapment neuropathy,0.0,effect/phenotype
Hypermetric saccades,0.0,effect/phenotype
Cognitive impairment,0.0,effect/phenotype
Nonprogressive,0.0,effect/phenotype
Hypometric saccades,0.0,effect/phenotype
Pituitary growth hormone cell adenoma,0.0,effect/phenotype
Abnormal retinal vascular morphology,0.0,effect/phenotype
Enlarged cisterna magna,0.0,effect/phenotype
Fasting hyperinsulinemia,0.0,effect/phenotype
Diffuse cerebellar atrophy,0.0,effect/phenotype
Abnormal head movements,0.0,effect/phenotype
KRTAP4-12,0.0,gene/protein
protein oxidation,0.0,biological_process
regulation of proteasomal protein catabolic process,0.0,biological_process
TAF4B,0.0,gene/protein
Dysdiadochokinesis,0.0,effect/phenotype
Mydriasis,0.0,effect/phenotype
Progressive gait ataxia,0.0,effect/phenotype
Progressive cerebellar ataxia,0.0,effect/phenotype
Motor axonal neuropathy,0.0,effect/phenotype
Abnormal circulating phytanic acid concentration,0.0,effect/phenotype
Jerky ocular pursuit movements,0.0,effect/phenotype
Urinary bladder sphincter dysfunction,0.0,effect/phenotype
Abnormality of ocular smooth pursuit,0.0,effect/phenotype
Sensory impairment,0.0,effect/phenotype
Leg muscle stiffness,0.0,effect/phenotype
Downbeat nystagmus,0.0,effect/phenotype
Tortuosity of conjunctival vessels,0.0,effect/phenotype
Nonprogressive cerebellar ataxia,0.0,effect/phenotype
Exotropia,0.0,effect/phenotype
Lactic acidosis,0.0,effect/phenotype
Progressive psychomotor deterioration,0.0,effect/phenotype
Ragged-red muscle fibers,0.0,effect/phenotype
Multiple mononeuropathy,0.0,effect/phenotype
EMG abnormality,0.0,effect/phenotype
KATNB1,0.0,gene/protein
NOP14,0.0,gene/protein
PML body organization,0.0,biological_process
SMG5,0.0,gene/protein
PAK1IP1,0.0,gene/protein
PIP5K1A,0.0,gene/protein
WDR59,0.0,gene/protein
STXBP4,0.0,gene/protein
Enuresis,0.0,effect/phenotype
MMACHC,0.0,gene/protein
DUSP10,0.0,gene/protein
Rheumatoid arthritis,0.0,effect/phenotype
Keratoconjunctivitis sicca,0.0,effect/phenotype
Nail dystrophy,0.0,effect/phenotype
Adrenal insufficiency,0.0,effect/phenotype
Nephrocalcinosis,0.0,effect/phenotype
Primary adrenal insufficiency,0.0,effect/phenotype
RSU1,0.0,gene/protein
ULK2,0.0,gene/protein
SETD2,0.0,gene/protein
GAK,0.0,gene/protein
WDR61,0.0,gene/protein
WDR90,0.0,gene/protein
MCPH1,0.0,gene/protein
GDF11,0.0,gene/protein
SIT1,0.0,gene/protein
UBE2S,0.0,gene/protein
H4C13,0.0,gene/protein
PHF19,0.0,gene/protein
SHE,0.0,gene/protein
ULK4,0.0,gene/protein
WDR89,0.0,gene/protein
OSM,0.0,gene/protein
SNHG9,0.0,gene/protein
RXRB,0.0,gene/protein
WRAP73,0.0,gene/protein
Absence of secondary sex characteristics,0.0,effect/phenotype
Patchy hypo- and hyperpigmentation,0.0,immune_effect/phenotype
Lumbar hypertrichosis,0.0,effect/phenotype
Autoimmune antibody positivity,0.0,immune_effect/phenotype
Opacification of the corneal stroma,0.0,effect/phenotype
Adrenal hyperplasia,0.0,effect/phenotype
Tubulointerstitial nephritis,0.0,effect/phenotype
Calcaneovalgus deformity,0.0,effect/phenotype
GRK4,0.0,gene/protein
Left ventricular hypertrophy,0.0,effect/phenotype
Hyporeflexia of lower limbs,0.0,effect/phenotype
Bulbous nose,0.0,effect/phenotype
Biliary cirrhosis,0.0,effect/phenotype
Abnormal fingernail morphology,0.0,effect/phenotype
Graves disease,0.0,effect/phenotype
Abnormality of exocrine pancreas physiology,0.0,effect/phenotype
Glycosuria,0.0,effect/phenotype
Weak voice,0.0,effect/phenotype
PRKACG,0.0,gene/protein
SCYL3,0.0,gene/protein
TRIM33,0.0,gene/protein
CORO7,0.0,gene/protein
WDR48,0.0,gene/protein
hypothalamus development,0.0,biological_process
STON2,0.0,gene/protein
PHF13,0.0,gene/protein
RFX1,0.0,gene/protein
Non-caseating epithelioid cell granulomatosis,0.0,effect/phenotype
Abnormal blistering of the skin,0.0,effect/phenotype
Abnormal pulmonary Interstitial morphology,0.0,effect/phenotype
Pes cavus,0.0,effect/phenotype
High forehead,0.0,effect/phenotype
Delayed puberty,0.0,effect/phenotype
CCR10,0.0,gene/protein
UBE2U,0.0,gene/protein
EML4,0.0,gene/protein
LSM3,0.0,gene/protein
estrous cycle,0.0,biological_process
Open mouth,0.0,effect/phenotype
Chronic constipation,0.0,effect/phenotype
RPL13AP5,0.0,gene/protein
TULP4,0.0,gene/protein
IL26,0.0,gene/protein
RHOQ,0.0,gene/protein
NOD1,0.0,gene/protein
PAXBP1,0.0,gene/protein
Mild global developmental delay,0.0,effect/phenotype
Obsessive-compulsive behavior,0.0,effect/phenotype
Perseveration,0.0,effect/phenotype
Neonatal hyperbilirubinemia,0.0,effect/phenotype
Coronal craniosynostosis,0.0,effect/phenotype
NGFR,0.0,gene/protein
TNS1,0.0,gene/protein
SH2D4B,0.0,gene/protein
Abnormal vena cava morphology,0.0,effect/phenotype
Involuntary movements,0.0,effect/phenotype
Unilateral ptosis,0.0,effect/phenotype
Asymmetry of the ears,0.0,effect/phenotype
Focal motor seizure,0.0,effect/phenotype
Sparse eyebrow,0.0,effect/phenotype
SFRP2,0.0,gene/protein
NUP43,0.0,gene/protein
CDKL3,0.0,gene/protein
PPP2R5C,0.0,gene/protein
DCAF8,0.0,gene/protein
MAP3K4,0.0,gene/protein
DCAF4,0.0,gene/protein
H2AC11,0.0,gene/protein
POLDIP3,0.0,gene/protein
NEDD9,0.0,gene/protein
PPP2R5D,0.0,gene/protein
ITGA2,0.0,gene/protein
TXNRD2,0.0,gene/protein
FNBP4,0.0,gene/protein
STK16,0.0,gene/protein
P2RX6,0.0,gene/protein
WDR31,0.0,gene/protein
TAOK1,0.0,gene/protein
WDR47,0.0,gene/protein
TAOK3,0.0,gene/protein
APH1B,0.0,gene/protein
IL22,0.0,gene/protein
WEE1,0.0,gene/protein
H1-4,0.0,gene/protein
MAPKBP1,0.0,gene/protein
TUBGCP5,0.0,gene/protein
PPP4R3B,0.0,gene/protein
TGFB3,0.0,gene/protein
MLST8,0.0,gene/protein
PPP1R2,0.0,gene/protein
FBXW2,0.0,gene/protein
CYB5D1,0.0,gene/protein
HOMER1,0.0,gene/protein
PCSK4,0.0,gene/protein
AP1M2,0.0,gene/protein
BUB3,0.0,gene/protein
DNAAF10,0.0,gene/protein
ZZZ3,0.0,gene/protein
STK38,0.0,gene/protein
FLT4,0.0,gene/protein
PNKD,0.0,gene/protein
SNORD33,0.0,gene/protein
MRPL24,0.0,gene/protein
SNRK,0.0,gene/protein
FRAT1,0.0,gene/protein
ARID4B,0.0,gene/protein
CDK5R1,0.0,gene/protein
EVL,0.0,gene/protein
SUPT5H,0.0,gene/protein
Severe global developmental delay,0.0,effect/phenotype
Drooling,0.0,effect/phenotype
Psychomotor retardation,0.0,effect/phenotype
Submucous cleft soft palate,0.0,effect/phenotype
Localized periodontitis,0.0,effect/phenotype
Testicular atrophy,0.0,effect/phenotype
Peripheral pulmonary artery stenosis,0.0,effect/phenotype
Unilateral vocal cord paralysis,0.0,effect/phenotype
Hashimoto thyroiditis,0.0,effect/phenotype
Progressive spasticity,0.0,effect/phenotype
Absent Achilles reflex,0.0,effect/phenotype
Inability to walk,0.0,effect/phenotype
Anal atresia,0.0,effect/phenotype
Frontal balding,0.0,effect/phenotype
Gait disturbance,0.0,effect/phenotype
Dilated fourth ventricle,0.0,effect/phenotype
Low hanging columella,0.0,effect/phenotype
Long face,0.0,effect/phenotype
Clubbing of toes,0.0,effect/phenotype
Recurrent cutaneous abscess formation,0.0,effect/phenotype
Adenoma sebaceum,0.0,effect/phenotype
Cerebral calcification,0.0,effect/phenotype
Cerebellar vermis atrophy,0.0,effect/phenotype
Extrapyramidal muscular rigidity,0.0,effect/phenotype
Preauricular pit,0.0,effect/phenotype
Everted lower lip vermilion,0.0,effect/phenotype
Rigidity,0.0,effect/phenotype
Failure to thrive in infancy,0.0,effect/phenotype
Palpebral edema,0.0,effect/phenotype
Oral cleft,0.0,effect/phenotype
Death in childhood,0.0,effect/phenotype
Blindness,0.0,effect/phenotype
Severely reduced visual acuity,0.0,effect/phenotype
Restricted large joint movement,0.0,effect/phenotype
Tented upper lip vermilion,0.0,effect/phenotype
Gastrostomy tube feeding in infancy,0.0,effect/phenotype
Striae distensae,0.0,effect/phenotype
Muscular hypotonia of the trunk,0.0,immune_effect/phenotype
Hyperactivity,0.0,effect/phenotype
Aplasia/Hypoplasia of the cerebellum,0.0,effect/phenotype
Mitral stenosis,0.0,effect/phenotype
Double outlet right ventricle,0.0,effect/phenotype
Aphasia,0.0,effect/phenotype
Bilateral tonic-clonic seizure,0.0,effect/phenotype
Small earlobe,0.0,effect/phenotype
Bradykinesia,0.0,effect/phenotype
Apraxia,0.0,effect/phenotype
Agraphesthesia,0.0,effect/phenotype
Short nose,0.0,effect/phenotype
"Intellectual disability, moderate",0.0,effect/phenotype
Hypertonia,0.0,effect/phenotype
Delayed social development,0.0,effect/phenotype
Preauricular skin tag,0.0,effect/phenotype
Action tremor,0.0,effect/phenotype
Male hypogonadism,0.0,effect/phenotype
Secondary microcephaly,0.0,effect/phenotype
Dyskinesia,0.0,effect/phenotype
Broad nasal tip,0.0,effect/phenotype
Poor suck,0.0,effect/phenotype
X-linked dominant inheritance,0.0,immune_effect/phenotype
Dysphagia,0.0,effect/phenotype
Left ventricular noncompaction cardiomyopathy,0.0,effect/phenotype
Hypogonadism,0.0,effect/phenotype
Joint contracture of the 5th finger,0.0,effect/phenotype
Increased circulating gonadotropin level,0.0,effect/phenotype
Sandal gap,0.0,effect/phenotype
Thick lower lip vermilion,0.0,effect/phenotype
Thoracic kyphosis,0.0,effect/phenotype
Poor eye contact,0.0,effect/phenotype
Muscle weakness,0.0,effect/phenotype
Cutaneous abscess,0.0,effect/phenotype
Intention tremor,0.0,effect/phenotype
Dilation of lateral ventricles,0.0,effect/phenotype
Atonic seizure,0.0,effect/phenotype
Frequent falls,0.0,effect/phenotype
Wide mouth,0.0,effect/phenotype
Abnormal eyelash morphology,0.0,effect/phenotype
Nephrolithiasis,0.0,effect/phenotype
Narcolepsy,0.0,effect/phenotype
Cataplexy,0.0,effect/phenotype
Hypoplasia of the pons,0.0,effect/phenotype
Antiphospholipid antibody positivity,0.0,immune_effect/phenotype
Abnormality of the Leydig cells,0.0,effect/phenotype
Abnormal putamen morphology,0.0,effect/phenotype
Constriction of peripheral visual field,0.0,effect/phenotype
Paroxysmal drowsiness,0.0,effect/phenotype
Hepatic failure,0.0,effect/phenotype
Permanent atrial fibrillation,0.0,effect/phenotype
Large for gestational age,0.0,effect/phenotype
Excessive daytime somnolence,0.0,effect/phenotype
Abnormal corpus callosum morphology,0.0,effect/phenotype
Vomiting,0.0,effect/phenotype
Abnormal globus pallidus morphology,0.0,effect/phenotype
Basal ganglia necrosis,0.0,effect/phenotype
Aplasia/Hypoplasia of the spleen,0.0,effect/phenotype
Hypoinsulinemia,0.0,effect/phenotype
Elevated hemoglobin A1c,0.0,effect/phenotype
Nephropathy,0.0,effect/phenotype
Abnormality of the optic nerve,0.0,effect/phenotype
Fat malabsorption,0.0,effect/phenotype
Neonatal hypoglycemia,0.0,effect/phenotype
Polymicrogyria,0.0,effect/phenotype
Mood swings,0.0,effect/phenotype
Abnormality of the musculature,0.0,effect/phenotype
Hyporeflexia of upper limbs,0.0,effect/phenotype
Simplified gyral pattern,0.0,effect/phenotype
Abnormal position of hair whorl,0.0,effect/phenotype
Retinopathy,0.0,effect/phenotype
Oval face,0.0,effect/phenotype
Hallux valgus,0.0,effect/phenotype
Ankle flexion contracture,0.0,immune_effect/phenotype
Macrogyria,0.0,effect/phenotype
Alcoholism,0.0,effect/phenotype
Celiac disease,0.0,effect/phenotype
Bilateral basal ganglia lesions,0.0,effect/phenotype
Abnormality of the thyroid gland,0.0,effect/phenotype
Abnormal C-peptide level,0.0,effect/phenotype
Xerostomia,0.0,effect/phenotype
Blepharitis,0.0,effect/phenotype
Abnormal calcium-phosphate regulating hormone level,0.0,effect/phenotype
Alopecia universalis,0.0,effect/phenotype
Blurred vision,0.0,effect/phenotype
Autistic behavior,0.0,effect/phenotype
Hydronephrosis,0.0,effect/phenotype
Hostility,0.0,effect/phenotype
Anterior pituitary dysgenesis,0.0,effect/phenotype
Abnormal insulin level,0.0,effect/phenotype
Intracranial hemorrhage,0.0,effect/phenotype
Metabolic acidosis,0.0,effect/phenotype
Abnormal caudate nucleus morphology,0.0,effect/phenotype
Inflammatory arteriopathy,0.0,immune_effect/phenotype
Abnormal morphology of the cerebellar cortex,0.0,effect/phenotype
Abnormal toenail morphology,0.0,effect/phenotype
Abnormal oral glucose tolerance,0.0,effect/phenotype
Preaxial hand polydactyly,0.0,effect/phenotype
Hepatocellular adenoma,0.0,effect/phenotype
Flushing,0.0,effect/phenotype
Diabetic ketoacidosis,0.0,effect/phenotype
Azoospermia,0.0,effect/phenotype
Recurrent cystitis,0.0,effect/phenotype
Recurrent pyelonephritis,0.0,effect/phenotype
Generalized periodontitis,0.0,effect/phenotype
Abnormality of the kidney,0.0,effect/phenotype
Cleft upper lip,0.0,effect/phenotype
Pancreatic hypoplasia,0.0,effect/phenotype
regulation of phosphatidylinositol 3-kinase signaling,0.0,biological_process
positive regulation of epithelial cell proliferation,0.0,biological_process
OSMR,0.0,gene/protein
EPS8,0.0,gene/protein
PTPRH,0.0,gene/protein
regulation of cell motility,0.0,biological_process
hair follicle development,0.0,biological_process
negative regulation of Notch signaling pathway,0.0,biological_process
CERT1,0.0,gene/protein
CHMP4A,0.0,gene/protein
PON2,0.0,gene/protein
EIF4G2,0.0,gene/protein
SPARCL1,0.0,gene/protein
PIK3C2A,0.0,gene/protein
RAB18,0.0,gene/protein
TLR2,0.0,gene/protein
peptidyl-serine phosphorylation,0.0,biological_process
H2AC18,0.0,gene/protein
midgut development,0.0,biological_process
translation,0.0,biological_process
ZNF510,0.0,gene/protein
positive regulation of glial cell proliferation,0.0,biological_process
AGO2,0.0,gene/protein
FER,0.0,gene/protein
TNS4,0.0,gene/protein
response to cobalamin,0.0,biological_process
regulation of ERK1 and ERK2 cascade,0.0,biological_process
MDH1,0.0,gene/protein
viral life cycle,0.0,biological_process
activation of phospholipase A2 activity by calcium-mediated signaling,0.0,biological_process
negative regulation of cardiocyte differentiation,0.0,biological_process
APBA3,0.0,gene/protein
positive regulation of DNA repair,0.0,biological_process
regulation of peptidyl-tyrosine phosphorylation,0.0,biological_process
magnesium ion homeostasis,0.0,biological_process
hydrogen peroxide metabolic process,0.0,biological_process
cellular response to hyperoxia,0.0,biological_process
PDK3,0.0,gene/protein
MPV17,0.0,gene/protein
necroptotic signaling pathway,0.0,biological_process
Regulation by c-FLIP,0.0,pathway
LRRC29,0.0,gene/protein
SLC38A7,0.0,gene/protein
BOD1,0.0,gene/protein
PKN3,0.0,gene/protein
FES,0.0,gene/protein
CCDC88C,0.0,gene/protein
DOK4,0.0,gene/protein
ERCC1,0.0,gene/protein
EPGN,0.0,gene/protein
activation-induced cell death of T cells,0.0,biological_process
LRIF1,0.0,gene/protein
DNTTIP1,0.0,gene/protein
PTPRR,0.0,gene/protein
SEC61B,0.0,gene/protein
response to hydroxyisoflavone,0.0,biological_process
PTPN7,0.0,gene/protein
GPRC5A,0.0,gene/protein
MAST1,0.0,gene/protein
EPN1,0.0,gene/protein
H2AC19,0.0,gene/protein
FBXO6,0.0,gene/protein
Caspase activation via Death Receptors in the presence of ligand,0.0,pathway
ST8SIA4,0.0,gene/protein
OAZ1,0.0,gene/protein
negative regulation of protein catabolic process,0.0,biological_process
positive regulation of nitric oxide mediated signal transduction,0.0,biological_process
LAPTM4B,0.0,gene/protein
MAPK8IP2,0.0,gene/protein
ATXN2,0.0,gene/protein
Dimerization of procaspase-8,0.0,pathway
ANKRD13D,0.0,gene/protein
DOK6,0.0,gene/protein
SEC13,0.0,gene/protein
RGS16,0.0,gene/protein
positive regulation of kinase activity,0.0,biological_process
SH3BGRL3,0.0,gene/protein
CD2AP,0.0,gene/protein
NUP93,0.0,gene/protein
positive regulation of cyclin-dependent protein serine/threonine kinase activity,0.0,biological_process
peptidyl-tyrosine autophosphorylation,0.0,biological_process
cellular response to dexamethasone stimulus,0.0,biological_process
VAV2,0.0,gene/protein
CHD5,0.0,gene/protein
FAH,0.0,gene/protein
NDFIP1,0.0,gene/protein
PLSCR1,0.0,gene/protein
ARMC1,0.0,gene/protein
PTPN23,0.0,gene/protein
positive regulation of peptidyl-serine phosphorylation,0.0,biological_process
CSE1L,0.0,gene/protein
BRCA2,0.0,gene/protein
NUMB,0.0,gene/protein
positive regulation of phosphorylation,0.0,biological_process
TUBB6,0.0,gene/protein
STX17,0.0,gene/protein
ARHGEF7,0.0,gene/protein
NAGPA,0.0,gene/protein
TUFM,0.0,gene/protein
TLR3,0.0,gene/protein
ITSN2,0.0,gene/protein
response to calcium ion,0.0,biological_process
Downregulation of ERBB2 signaling,0.0,pathway
RPN1,0.0,gene/protein
MMS19,0.0,gene/protein
learning or memory,0.0,biological_process
PCDHB11,0.0,gene/protein
ABHD4,0.0,gene/protein
negative regulation of ERBB signaling pathway,0.0,biological_process
Cargo recognition for clathrin-mediated endocytosis,0.0,pathway
Clathrin-mediated endocytosis,0.0,pathway
PTK6 promotes HIF1A stabilization,0.0,pathway
ERBB2 signaling pathway,0.0,biological_process
tongue development,0.0,biological_process
positive regulation of canonical Wnt signaling pathway,0.0,biological_process
ovulation cycle,0.0,biological_process
RIOK1,0.0,gene/protein
UROD,0.0,gene/protein
response to osmotic stress,0.0,biological_process
H2AX,0.0,gene/protein
EIF2B3,0.0,gene/protein
PTPRT,0.0,gene/protein
negative regulation of mitotic cell cycle,0.0,biological_process
protein autophosphorylation,0.0,biological_process
positive regulation of ERK1 and ERK2 cascade,0.0,biological_process
positive regulation of DNA replication,0.0,biological_process
LRSAM1,0.0,gene/protein
RRAD,0.0,gene/protein
SLC5A1,0.0,gene/protein
cell differentiation,0.0,biological_process
circadian rhythm,0.0,biological_process
PDCD6IP,0.0,gene/protein
EIF2B2,0.0,gene/protein
RBM25,0.0,gene/protein
regulation of JNK cascade,0.0,biological_process
IGKC,0.0,gene/protein
AOPEP,0.0,gene/protein
SCN11A,0.0,gene/protein
positive regulation of production of miRNAs involved in gene silencing by miRNA,0.0,biological_process
positive regulation of protein kinase C activity,0.0,biological_process
protein insertion into membrane,0.0,biological_process
transmembrane receptor protein tyrosine kinase signaling pathway,0.0,biological_process
response to UV-A,0.0,biological_process
TSTD2,0.0,gene/protein
NOTCH3 Activation and Transmission of Signal to the Nucleus,0.0,pathway
OLFM1,0.0,gene/protein
Regulation of RUNX1 Expression and Activity,0.0,pathway
XRCC3,0.0,gene/protein
TMEM63B,0.0,gene/protein
SLC35E1,0.0,gene/protein
SLC4A4,0.0,gene/protein
TPTE,0.0,gene/protein
FGR,0.0,gene/protein
positive regulation of B cell proliferation,0.0,biological_process
PPP3R1,0.0,gene/protein
RABL3,0.0,gene/protein
SUSD4,0.0,gene/protein
CIDECP1,0.0,gene/protein
TIMM29,0.0,gene/protein
Proteinuria,0.0,effect/phenotype
SPATA5L1,0.0,gene/protein
LRRC8B,0.0,gene/protein
TTC4,0.0,gene/protein
DTNA,0.0,gene/protein
CCPG1,0.0,gene/protein
P2RY1,0.0,gene/protein
PSMD13,0.0,gene/protein
COG6,0.0,gene/protein
CAPZB,0.0,gene/protein
COX6B1,0.0,gene/protein
TFAP2 (AP-2) family regulates transcription of growth factors and their receptors,0.0,pathway
FGB,0.0,gene/protein
MCM7,0.0,gene/protein
USP1,0.0,gene/protein
SEM1,0.0,gene/protein
PSMD3,0.0,gene/protein
PSMC2,0.0,gene/protein
diterpenoid metabolic process,0.0,biological_process
multicellular organism development,0.0,biological_process
ATP6V1F,0.0,gene/protein
MED21,0.0,gene/protein
CYP7A1,0.0,gene/protein
UBQLN1,0.0,gene/protein
MPTX1,0.0,gene/protein
positive regulation of cell growth,0.0,biological_process
CHRM4,0.0,gene/protein
FZD10,0.0,gene/protein
OPRM1,0.0,gene/protein
ATP6V0D1,0.0,gene/protein
HIC1,0.0,gene/protein
ARNTL,0.0,gene/protein
PBX2,0.0,gene/protein
RARB,0.0,gene/protein
RORC,0.0,gene/protein
NRF1,0.0,gene/protein
EWSR1,0.0,gene/protein
CLINT1,0.0,gene/protein
NHLH2,0.0,gene/protein
HEXA,0.0,gene/protein
RAF/MAP kinase cascade,0.0,pathway
Constitutive Signaling by Aberrant PI3K in Cancer,0.0,pathway
Signal transduction by L1,0.0,pathway
Signaling by EGFR,0.0,pathway
ERBB2 Activates PTK6 Signaling,0.0,pathway
"PI5P, PP2A and IER3 Regulate PI3K/AKT Signaling",0.0,pathway
JPH4,0.0,gene/protein
PSMD7,0.0,gene/protein
SRSF2,0.0,gene/protein
GRAMD1A,0.0,gene/protein
ESRRG,0.0,gene/protein
CEP76,0.0,gene/protein
CEP164,0.0,gene/protein
FMNL1,0.0,gene/protein
SNTB2,0.0,gene/protein
KIFC3,0.0,gene/protein
THRB,0.0,gene/protein
activation of cysteine-type endopeptidase activity involved in apoptotic process,0.0,biological_process
immune response,0.0,biological_process
positive regulation of cysteine-type endopeptidase activity involved in apoptotic signaling pathway,0.0,biological_process
tumor necrosis factor-mediated signaling pathway,0.0,biological_process
TUBB3,0.0,gene/protein
UFSP2,0.0,gene/protein
AJUBA,0.0,gene/protein
FAM91A1,0.0,gene/protein
SMAD7,0.0,gene/protein
NAPA,0.0,gene/protein
ATG3,0.0,gene/protein
FOSL1,0.0,gene/protein
PTBP1,0.0,gene/protein
"Defective binding of RB1 mutants to E2F1,(E2F2, E2F3)",0.0,pathway
TINF2,0.0,gene/protein
THTPA,0.0,gene/protein
FAM118B,0.0,gene/protein
EGFR Transactivation by Gastrin,0.0,pathway
MATR3,0.0,gene/protein
MAFB,0.0,gene/protein
DNAJC8,0.0,gene/protein
TMEM161A,0.0,gene/protein
PALMD,0.0,gene/protein
extrinsic apoptotic signaling pathway,0.0,biological_process
regulation of apoptotic process,0.0,biological_process
ARF5,0.0,gene/protein
ABHD11,0.0,gene/protein
FasL/ CD95L signaling,0.0,pathway
CASP8 activity is inhibited,0.0,pathway
TP53 Regulates Transcription of Death Receptors and Ligands,0.0,pathway
MTA1,0.0,gene/protein
Fas signaling pathway,0.0,biological_process
regulation of stress-activated MAPK cascade,0.0,biological_process
YPEL1,0.0,gene/protein
negative regulation of heart contraction,0.0,biological_process
RIPK1-mediated regulated necrosis,0.0,pathway
ADD1,0.0,gene/protein
CTF1,0.0,gene/protein
PSMC4,0.0,gene/protein
BYSL,0.0,gene/protein
FGF1,0.0,gene/protein
HPCAL1,0.0,gene/protein
RBM7,0.0,gene/protein
DTNB,0.0,gene/protein
POLR3D,0.0,gene/protein
PSMC3,0.0,gene/protein
EIF2S2,0.0,gene/protein
DDX51,0.0,gene/protein
UTP25,0.0,gene/protein
PSMC6,0.0,gene/protein
SERPINB4,0.0,gene/protein
PSMD12,0.0,gene/protein
MED17,0.0,gene/protein
RBBP7,0.0,gene/protein
ZNF507,0.0,gene/protein
NEURL2,0.0,gene/protein
FGFR3,0.0,gene/protein
regulation of the force of heart contraction,0.0,biological_process
regulation of cardiac muscle contraction by calcium ion signaling,0.0,biological_process
Cyclin D associated events in G1,0.0,pathway
TNFSF13,0.0,gene/protein
FBXW4P1,0.0,gene/protein
OPRD1,0.0,gene/protein
GALNS,0.0,gene/protein
RBM42,0.0,gene/protein
RHOBTB3,0.0,gene/protein
FAIM2,0.0,gene/protein
BABAM2,0.0,gene/protein
positive regulation of apoptotic signaling pathway,0.0,biological_process
regulation of extrinsic apoptotic signaling pathway via death domain receptors,0.0,biological_process
SSU72,0.0,gene/protein
COX6A1,0.0,gene/protein
RRP1,0.0,gene/protein
SPATA25,0.0,gene/protein
HEXA-AS1,0.0,gene/protein
NOL3,0.0,gene/protein
RETREG2,0.0,gene/protein
SMARCA4,0.0,gene/protein
EBF1,0.0,gene/protein
HDAC2,0.0,gene/protein
UGT8,0.0,gene/protein
ASNS,0.0,gene/protein
CDC7,0.0,gene/protein
NUP214,0.0,gene/protein
MINK1,0.0,gene/protein
NEK10,0.0,gene/protein
ossification,0.0,biological_process
ERBB2 Regulates Cell Motility,0.0,pathway
regulation of transcription from RNA polymerase II promoter in response to oxidative stress,0.0,biological_process
SMO,0.0,gene/protein
regulation of angiogenesis,0.0,biological_process
cellular response to cisplatin,0.0,biological_process
cellular response to arsenic-containing substance,0.0,biological_process
CALCA,0.0,gene/protein
XRCC6,0.0,gene/protein
BBS2,0.0,gene/protein
BBS1,0.0,gene/protein
BBS4,0.0,gene/protein
SDR39U1,0.0,gene/protein
APOA5,0.0,gene/protein
adult locomotory behavior,0.0,biological_process
mitotic cell cycle phase transition,0.0,biological_process
regulation of cyclin-dependent protein serine/threonine kinase activity,0.0,biological_process
cellular response to X-ray,0.0,biological_process
TEAD2,0.0,gene/protein
PCGF2,0.0,gene/protein
PDCD6,0.0,gene/protein
GPD1L,0.0,gene/protein
cell division,0.0,biological_process
angiogenesis,0.0,biological_process
cellular response to nutrient,0.0,biological_process
XPOT,0.0,gene/protein
STAM2,0.0,gene/protein
RUSC2,0.0,gene/protein
ARPC5,0.0,gene/protein
ERBB4,0.0,gene/protein
ATXN10,0.0,gene/protein
TM4SF19,0.0,gene/protein
DNAAF5,0.0,gene/protein
AP2B1,0.0,gene/protein
AXL,0.0,gene/protein
ACVR2B,0.0,gene/protein
ANXA2,0.0,gene/protein
DYNC1H1,0.0,gene/protein
MEGF6,0.0,gene/protein
ALDOA,0.0,gene/protein
PNPLA2,0.0,gene/protein
TLCD4,0.0,gene/protein
FAM174A,0.0,gene/protein
KASH5,0.0,gene/protein
negative regulation of DNA-binding transcription factor activity,0.0,biological_process
negative regulation of smooth muscle cell proliferation,0.0,biological_process
PPP1R10,0.0,gene/protein
positive regulation of DNA binding,0.0,biological_process
AGRP,0.0,gene/protein
DEFA1,0.0,gene/protein
BCL6,0.0,gene/protein
ADAR,0.0,gene/protein
CLIC1,0.0,gene/protein
BTC,0.0,gene/protein
CALU,0.0,gene/protein
ATP1B1,0.0,gene/protein
AREG,0.0,gene/protein
AP1G1,0.0,gene/protein
CPS1,0.0,gene/protein
KPNA4,0.0,gene/protein
TSPOAP1,0.0,gene/protein
ITGB5,0.0,gene/protein
CHMP3,0.0,gene/protein
protein import into nucleus,0.0,biological_process
TCEAL3,0.0,gene/protein
PIK3C2B,0.0,gene/protein
PITRM1,0.0,gene/protein
negative regulation of DNA binding,0.0,biological_process
EIF3I,0.0,gene/protein
NAA38,0.0,gene/protein
NEK1,0.0,gene/protein
NPHP1,0.0,gene/protein
SNORD42B,0.0,gene/protein
TLK1,0.0,gene/protein
NKIRAS1,0.0,gene/protein
CLK4,0.0,gene/protein
PSPC1,0.0,gene/protein
UBASH3B,0.0,gene/protein
PRKX,0.0,gene/protein
NBPF1,0.0,gene/protein
COPS3,0.0,gene/protein
CDC42SE2,0.0,gene/protein
ACTL9,0.0,gene/protein
CD244,0.0,gene/protein
MAD2L1BP,0.0,gene/protein
UBE2H,0.0,gene/protein
CDC42EP3,0.0,gene/protein
CCNQP1,0.0,gene/protein
IL22RA2,0.0,gene/protein
SPRY4,0.0,gene/protein
H2AC16,0.0,gene/protein
CRADD,0.0,gene/protein
TMEM79,0.0,gene/protein
PLRG1,0.0,gene/protein
WNT7A,0.0,gene/protein
SRPRB,0.0,gene/protein
SIRT2,0.0,gene/protein
WDR55,0.0,gene/protein
GAS6,0.0,gene/protein
DUSP22,0.0,gene/protein
THOC3,0.0,gene/protein
FAM78A,0.0,gene/protein
QTRT1,0.0,gene/protein
UBE2R2,0.0,gene/protein
adenylate cyclase-activating G protein-coupled receptor signaling pathway,0.0,biological_process
KRTAP1-1,0.0,gene/protein
CCDC167,0.0,gene/protein
CFI,0.0,gene/protein
cellular response to heat,0.0,biological_process
negative regulation of vascular associated smooth muscle cell proliferation,0.0,biological_process
ZNHIT6,0.0,gene/protein
PRPF40B,0.0,gene/protein
carbohydrate metabolic process,0.0,biological_process
PHIP,0.0,gene/protein
UBE2Q1,0.0,gene/protein
NEURL1,0.0,gene/protein
MTSS1,0.0,gene/protein
PI4K2B,0.0,gene/protein
UBE2Q2,0.0,gene/protein
UBE2D3,0.0,gene/protein
CDK16,0.0,gene/protein
ELOVL5,0.0,gene/protein
negative regulation of mast cell degranulation,0.0,biological_process
UBE2N,0.0,gene/protein
regulation of DNA-binding transcription factor activity,0.0,biological_process
DDX19B,0.0,gene/protein
GPR152,0.0,gene/protein
ARL13B,0.0,gene/protein
MSMO1,0.0,gene/protein
SLC39A8,0.0,gene/protein
WDR41,0.0,gene/protein
KIF1A,0.0,gene/protein
APBB1,0.0,gene/protein
CNPPD1,0.0,gene/protein
COMMD4,0.0,gene/protein
MIRLET7F2,0.0,gene/protein
MIRLET7B,0.0,gene/protein
TIMM13,0.0,gene/protein
ARMT1,0.0,gene/protein
ATP2A3,0.0,gene/protein
GABARAP,0.0,gene/protein
COX4I1,0.0,gene/protein
RNASEK,0.0,gene/protein
TSSK4,0.0,gene/protein
SUMF1,0.0,gene/protein
WDR81,0.0,gene/protein
MFSD1,0.0,gene/protein
HDAC5,0.0,gene/protein
HDAC10,0.0,gene/protein
positive regulation of prolactin secretion,0.0,biological_process
PICALM,0.0,gene/protein
GSN,0.0,gene/protein
TNC,0.0,gene/protein
SH2D3A,0.0,gene/protein
SH3D21,0.0,gene/protein
SGPL1,0.0,gene/protein
EREG,0.0,gene/protein
ACTA1,0.0,gene/protein
TNS3,0.0,gene/protein
SORBS2,0.0,gene/protein
DNAJB11,0.0,gene/protein
PRKD1,0.0,gene/protein
CAV3,0.0,gene/protein
DUSP3,0.0,gene/protein
ACTL6A,0.0,gene/protein
BCL9,0.0,gene/protein
SH3BGRL,0.0,gene/protein
BUB1B,0.0,gene/protein
CSNK1G3,0.0,gene/protein
DDB2,0.0,gene/protein
AP2S1,0.0,gene/protein
HSPA2,0.0,gene/protein
astrocyte activation,0.0,biological_process
activation of MAPKK activity,0.0,biological_process
positive regulation of vasoconstriction,0.0,biological_process
TFPT,0.0,gene/protein
EEA1,0.0,gene/protein
KCND3,0.0,gene/protein
positive regulation of G1/S transition of mitotic cell cycle,0.0,biological_process
PPP3CB,0.0,gene/protein
ARF6,0.0,gene/protein
PARP1,0.0,gene/protein
FAS,0.0,gene/protein
ADRB2,0.0,gene/protein
viral entry into host cell,0.0,biological_process
ARL1,0.0,gene/protein
ATP1A1,0.0,gene/protein
ATP5F1C,0.0,gene/protein
ABL2,0.0,gene/protein
CD59,0.0,gene/protein
CALM1,0.0,gene/protein
ALCAM,0.0,gene/protein
CALM2,0.0,gene/protein
BUB1,0.0,gene/protein
SNCA,0.0,gene/protein
"positive regulation of synaptic transmission, glutamatergic",0.0,biological_process
APBB2,0.0,gene/protein
CDC25C,0.0,gene/protein
CBR1,0.0,gene/protein
CDKN1C,0.0,gene/protein
CDC20,0.0,gene/protein
BMP4,0.0,gene/protein
wound healing,0.0,biological_process
HOXC10,0.0,gene/protein
WAS,0.0,gene/protein
ROS1,0.0,gene/protein
DUSP19,0.0,gene/protein
EZR,0.0,gene/protein
XRN2,0.0,gene/protein
ATP5MC3,0.0,gene/protein
CAMLG,0.0,gene/protein
ATR,0.0,gene/protein
DPP4,0.0,gene/protein
ADGRE5,0.0,gene/protein
AQP6,0.0,gene/protein
CYB561,0.0,gene/protein
BMP8B,0.0,gene/protein
CENPB,0.0,gene/protein
DUSP5,0.0,gene/protein
CRKL,0.0,gene/protein
FAP,0.0,gene/protein
EGF,0.0,gene/protein
RERE,0.0,gene/protein
CPE,0.0,gene/protein
TLE3,0.0,gene/protein
WDR13,0.0,gene/protein
TBRG4,0.0,gene/protein
HNRNPK,0.0,gene/protein
HIP1,0.0,gene/protein
SYN1,0.0,gene/protein
GBF1,0.0,gene/protein
EXOC6,0.0,gene/protein
ASAP3,0.0,gene/protein
TOM1L1,0.0,gene/protein
BCLAF1,0.0,gene/protein
YWHAQ,0.0,gene/protein
GABARAPL2,0.0,gene/protein
KCNN1,0.0,gene/protein
HNRNPH1,0.0,gene/protein
FDFT1,0.0,gene/protein
GCK,0.0,gene/protein
GJB1,0.0,gene/protein
HLA-C,0.0,gene/protein
CBLB,0.0,gene/protein
PARP4,0.0,gene/protein
ANGPT2,0.0,gene/protein
CDC5L,0.0,gene/protein
CSTF1,0.0,gene/protein
CD79A,0.0,gene/protein
DLG4,0.0,gene/protein
ADAM10,0.0,gene/protein
HBEGF,0.0,gene/protein
ARF4,0.0,gene/protein
APEX1,0.0,gene/protein
BIRC2,0.0,gene/protein
DNM1,0.0,gene/protein
EPOR,0.0,gene/protein
CSRP1,0.0,gene/protein
CYLC2,0.0,gene/protein
RAPGEF1,0.0,gene/protein
RBM10,0.0,gene/protein
HCK,0.0,gene/protein
NPR2,0.0,gene/protein
SCAMP3,0.0,gene/protein
CCND1,0.0,gene/protein
SLC37A4,0.0,gene/protein
DUSP4,0.0,gene/protein
BARD1,0.0,gene/protein
CDK7,0.0,gene/protein
ATP5F1D,0.0,gene/protein
CHN2,0.0,gene/protein
LRBA,0.0,gene/protein
MARK2,0.0,gene/protein
DYRK1A,0.0,gene/protein
CD81,0.0,gene/protein
ARNT,0.0,gene/protein
Signaling by Leptin,0.0,pathway
TPM1,0.0,gene/protein
EXOC3,0.0,gene/protein
SGSM2,0.0,gene/protein
TMED6,0.0,gene/protein
S100A9,0.0,gene/protein
MIR423,0.0,gene/protein
MIR377,0.0,gene/protein
FNDC3A,0.0,gene/protein
SFT2D1,0.0,gene/protein
ANK1,0.0,gene/protein
C2CD4B,0.0,gene/protein
SERP2,0.0,gene/protein
MIR375,0.0,gene/protein
CHRND,0.0,gene/protein
MIR142,0.0,gene/protein
KLF14,0.0,gene/protein
FMR1,0.0,gene/protein
MIR181C,0.0,gene/protein
LCP1,0.0,gene/protein
MIR195,0.0,gene/protein
CSF2RB,0.0,gene/protein
MIR200A,0.0,gene/protein
POMGNT1,0.0,gene/protein
E2F6,0.0,gene/protein
MIR409,0.0,gene/protein
response to iron(II) ion,0.0,biological_process
Interleukin-7 signaling,0.0,pathway
animal organ regeneration,0.0,biological_process
response to peptide hormone,0.0,biological_process
RPL19,0.0,gene/protein
KRTAP10-1,0.0,gene/protein
MTMR6,0.0,gene/protein
PASK,0.0,gene/protein
animal organ senescence,0.0,biological_process
PIGO,0.0,gene/protein
FKBP6,0.0,gene/protein
REEP6,0.0,gene/protein
RTP2,0.0,gene/protein
PCDHAC1,0.0,gene/protein
KCNU1,0.0,gene/protein
PCDHA4,0.0,gene/protein
TMEM187,0.0,gene/protein
SEC22A,0.0,gene/protein
CLDN10,0.0,gene/protein
MIR151A,0.0,gene/protein
CNTN1,0.0,gene/protein
positive regulation of protein targeting to membrane,0.0,biological_process
negative regulation of long-chain fatty acid import across plasma membrane,0.0,biological_process
RPS19BP1,0.0,gene/protein
MIR487B,0.0,gene/protein
MIR483,0.0,gene/protein
BTN2A2,0.0,gene/protein
STS,0.0,gene/protein
VKORC1L1,0.0,gene/protein
TTPA,0.0,gene/protein
KIR3DL2,0.0,gene/protein
RSRC1,0.0,gene/protein
TBCCD1,0.0,gene/protein
FSD1,0.0,gene/protein
COG4,0.0,gene/protein
positive regulation of vascular associated smooth muscle cell differentiation involved in phenotypic switching,0.0,biological_process
CST6,0.0,gene/protein
GPN3,0.0,gene/protein
ERG28,0.0,gene/protein
ATP5PB,0.0,gene/protein
GOLT1B,0.0,gene/protein
YIPF5,0.0,gene/protein
SLC3A2,0.0,gene/protein
TRIM13,0.0,gene/protein
SMAD1,0.0,gene/protein
positive regulation of vascular associated smooth muscle cell apoptotic process,0.0,biological_process
YIPF4,0.0,gene/protein
THAP4,0.0,gene/protein
SLC18A1,0.0,gene/protein
OCIAD1,0.0,gene/protein
MBOAT1,0.0,gene/protein
SEC22B,0.0,gene/protein
TUBA1C,0.0,gene/protein
SLC43A3,0.0,gene/protein
MIR144,0.0,gene/protein
SPCS2,0.0,gene/protein
TUBB,0.0,gene/protein
TXN,0.0,gene/protein
intracellular protein transmembrane transport,0.0,biological_process
TREML2,0.0,gene/protein
FNDC5,0.0,gene/protein
ENTPD4,0.0,gene/protein
PCDHB5,0.0,gene/protein
FRAT2,0.0,gene/protein
CHGB,0.0,gene/protein
ZFYVE27,0.0,gene/protein
JSRP1,0.0,gene/protein
PTPN9,0.0,gene/protein
GRM2,0.0,gene/protein
SLC30A3,0.0,gene/protein
SAR1A,0.0,gene/protein
APLNR,0.0,gene/protein
GAP43,0.0,gene/protein
ACVRL1,0.0,gene/protein
JAG2,0.0,gene/protein
SPAG4,0.0,gene/protein
TSPAN2,0.0,gene/protein
JAG1,0.0,gene/protein
NAPB,0.0,gene/protein
GRN,0.0,gene/protein
MSX2,0.0,gene/protein
SLC39A2,0.0,gene/protein
PIK3CG,0.0,gene/protein
DAB2,0.0,gene/protein
MARCKS,0.0,gene/protein
CHAT,0.0,gene/protein
H1-0,0.0,gene/protein
NCAM1,0.0,gene/protein
protein-containing complex assembly,0.0,biological_process
PEX1,0.0,gene/protein
PCDHA12,0.0,gene/protein
C2CD2L,0.0,gene/protein
GAST,0.0,gene/protein
PLPPR2,0.0,gene/protein
TMEM243,0.0,gene/protein
NSG1,0.0,gene/protein
TSPAN33,0.0,gene/protein
CHRNA9,0.0,gene/protein
CDIPT,0.0,gene/protein
TMCO1,0.0,gene/protein
TSPAN17,0.0,gene/protein
CNGA3,0.0,gene/protein
BTNL3,0.0,gene/protein
intrinsic apoptotic signaling pathway in response to endoplasmic reticulum stress,0.0,biological_process
calcium ion transport,0.0,biological_process
peptidyl-threonine phosphorylation,0.0,biological_process
CCDC116,0.0,gene/protein
ZNF292,0.0,gene/protein
MIR222,0.0,gene/protein
UNC45B,0.0,gene/protein
CDYL,0.0,gene/protein
KRIT1,0.0,gene/protein
U2AF2,0.0,gene/protein
RUFY1,0.0,gene/protein
TMEM139,0.0,gene/protein
PGRMC2,0.0,gene/protein
MIR192,0.0,gene/protein
CIAO3,0.0,gene/protein
PRDM2,0.0,gene/protein
MAGEA11,0.0,gene/protein
SCT,0.0,gene/protein
HLA-DRA,0.0,gene/protein
H3-3A,0.0,gene/protein
ATP2B1,0.0,gene/protein
HLA-DQB1,0.0,gene/protein
NDUFV2,0.0,gene/protein
MAN2B2,0.0,gene/protein
H3-3B,0.0,gene/protein
GCDH,0.0,gene/protein
EFEMP1,0.0,gene/protein
ELAVL3,0.0,gene/protein
GATA4,0.0,gene/protein
HLA-DRB1,0.0,gene/protein
KLF6,0.0,gene/protein
CAPNS1,0.0,gene/protein
ACTN2,0.0,gene/protein
ERG,0.0,gene/protein
BDKRB2,0.0,gene/protein
LAMP2,0.0,gene/protein
LYZ,0.0,gene/protein
ACP2,0.0,gene/protein
ATP2B4,0.0,gene/protein
ACOX1,0.0,gene/protein
GRK5,0.0,gene/protein
oxygen homeostasis,0.0,biological_process
SPOCK1,0.0,gene/protein
EGR4,0.0,gene/protein
LTB,0.0,gene/protein
GYS2,0.0,gene/protein
APOE,0.0,gene/protein
ZNF707,0.0,gene/protein
ovulation from ovarian follicle,0.0,biological_process
NPC1L1,0.0,gene/protein
BDH1,0.0,gene/protein
HLA-DQA1,0.0,gene/protein
ACAA1,0.0,gene/protein
ART3,0.0,gene/protein
AKR1C2,0.0,gene/protein
Reversal of alkylation damage by DNA dioxygenases,0.0,pathway
DNA demethylation,0.0,biological_process
anatomical structure morphogenesis,0.0,biological_process
positive regulation of glial cell differentiation,0.0,biological_process
RPS18,0.0,gene/protein
Focal sensory seizure,0.0,effect/phenotype
negative regulation of wound healing,0.0,biological_process
TCEAL5,0.0,gene/protein
cellular response to organic substance,0.0,biological_process
positive regulation of tight junction disassembly,0.0,biological_process
positive regulation of uterine smooth muscle relaxation,0.0,biological_process
negative regulation of neuroblast migration,0.0,biological_process
positive regulation of histone acetylation,0.0,biological_process
positive regulation of low-density lipoprotein receptor activity,0.0,biological_process
positive regulation of insulin secretion involved in cellular response to glucose stimulus,0.0,biological_process
response to chlorate,0.0,biological_process
response to leucine,0.0,biological_process
response to vitamin,0.0,biological_process
PCIF1,0.0,gene/protein
regulation of homocysteine metabolic process,0.0,biological_process
L-methionine salvage,0.0,biological_process
digestive tract development,0.0,biological_process
ACVR2A,0.0,gene/protein
BHMT2,0.0,gene/protein
sulfur amino acid metabolic process,0.0,biological_process
KNG1,0.0,gene/protein
LRRCC1,0.0,gene/protein
LRRK2,0.0,gene/protein
TRMO,0.0,gene/protein
AKAP12,0.0,gene/protein
WNT1,0.0,gene/protein
protein methylation,0.0,biological_process
SNORC,0.0,gene/protein
HHATL,0.0,gene/protein
MIR485,0.0,gene/protein
MIR17HG,0.0,gene/protein
HSPB2,0.0,gene/protein
VAMP4,0.0,gene/protein
MIR339,0.0,gene/protein
PFKP,0.0,gene/protein
renal glucose absorption,0.0,biological_process
choline catabolic process,0.0,biological_process
TFAP2A,0.0,gene/protein
stem cell differentiation,0.0,biological_process
smoothened signaling pathway,0.0,biological_process
IRS-related events triggered by IGF1R,0.0,pathway
PI3K/AKT activation,0.0,pathway
response to wounding,0.0,biological_process
animal organ morphogenesis,0.0,biological_process
Sulfur amino acid metabolism,0.0,pathway
LEPROTL1,0.0,gene/protein
LRP10,0.0,gene/protein
MIR432,0.0,gene/protein
LTBR,0.0,gene/protein
AQP10,0.0,gene/protein
SERPINA6,0.0,gene/protein
OTULINL,0.0,gene/protein
RBPJ,0.0,gene/protein
HEY2,0.0,gene/protein
regulation of white fat cell proliferation,0.0,biological_process
mRNA destabilization,0.0,biological_process
oxidative single-stranded RNA demethylation,0.0,biological_process
memory,0.0,biological_process
OR5F1,0.0,gene/protein
cellular response to starvation,0.0,biological_process
regulation of peroxisome proliferator activated receptor signaling pathway,0.0,biological_process
CWC15,0.0,gene/protein
regulation of respiratory system process,0.0,biological_process
PTPRS,0.0,gene/protein
PTPRZ1,0.0,gene/protein
HRG,0.0,gene/protein
FFAR2,0.0,gene/protein
TMPRSS2,0.0,gene/protein
BGN,0.0,gene/protein
IRF3,0.0,gene/protein
visual learning,0.0,biological_process
nitric oxide mediated signal transduction,0.0,biological_process
SAE1,0.0,gene/protein
NCDN,0.0,gene/protein
POLR3GL,0.0,gene/protein
KRTAP9-8,0.0,gene/protein
VCX2,0.0,gene/protein
MRPL53,0.0,gene/protein
response to selenium ion,0.0,biological_process
endothelial cell apoptotic process,0.0,biological_process
negative regulation of glial cell proliferation,0.0,biological_process
HTR3E,0.0,gene/protein
HNRNPA2B1,0.0,gene/protein
SYT12,0.0,gene/protein
EVA1C,0.0,gene/protein
transport across blood-brain barrier,0.0,biological_process
POLR2F,0.0,gene/protein
HSPA13,0.0,gene/protein
GLS,0.0,gene/protein
CLEC3B,0.0,gene/protein
FBXO25,0.0,gene/protein
ZNF669,0.0,gene/protein
MPHOSPH8,0.0,gene/protein
RAD54L2,0.0,gene/protein
oxidative single-stranded DNA demethylation,0.0,biological_process
B4GALT1,0.0,gene/protein
GK,0.0,gene/protein
NFATC4,0.0,gene/protein
STOM,0.0,gene/protein
STT3A,0.0,gene/protein
ACTN1,0.0,gene/protein
MIR92B,0.0,gene/protein
MIR1908,0.0,gene/protein
WASHC2C,0.0,gene/protein
INTS2,0.0,gene/protein
PHB2,0.0,gene/protein
SLC33A1,0.0,gene/protein
PKN2,0.0,gene/protein
RPS2,0.0,gene/protein
SLC7A5P2,0.0,gene/protein
SKP1,0.0,gene/protein
SRSF5,0.0,gene/protein
MIR744,0.0,gene/protein
MIR1307,0.0,gene/protein
MIR532,0.0,gene/protein
MIR33B,0.0,gene/protein
MIR1226,0.0,gene/protein
VTI1B,0.0,gene/protein
SF1,0.0,gene/protein
TCP1,0.0,gene/protein
PDIA3,0.0,gene/protein
CD274,0.0,gene/protein
positive regulation of bone resorption,0.0,biological_process
cell-cell adhesion,0.0,biological_process
ILK,0.0,gene/protein
ALG8,0.0,gene/protein
KIR3DL1,0.0,gene/protein
MIR1296,0.0,gene/protein
GALNT2,0.0,gene/protein
KLK7,0.0,gene/protein
NTRK1,0.0,gene/protein
IRF4,0.0,gene/protein
IGBP1,0.0,gene/protein
PSMA5,0.0,gene/protein
CDKL1,0.0,gene/protein
TMED2,0.0,gene/protein
SLC1A5,0.0,gene/protein
BAG4,0.0,gene/protein
KLF4,0.0,gene/protein
GLI2,0.0,gene/protein
LEF1,0.0,gene/protein
BECN2,0.0,gene/protein
BNIP2,0.0,gene/protein
regulation of calcium ion transport,0.0,biological_process
MIR1306,0.0,gene/protein
Neurodegeneration,0.0,effect/phenotype
Retinal degeneration,0.0,effect/phenotype
FUT3,0.0,gene/protein
PBX1,0.0,gene/protein
TRIAP1,0.0,gene/protein
NCOA5,0.0,gene/protein
SPPL3,0.0,gene/protein
RNASE4,0.0,gene/protein
response to endoplasmic reticulum stress,0.0,biological_process
MIR628,0.0,gene/protein
AFDN,0.0,gene/protein
PIK3C3,0.0,gene/protein
SHOC2,0.0,gene/protein
EFNB1,0.0,gene/protein
LAMTOR1,0.0,gene/protein
CEP162,0.0,gene/protein
Reduction of cytosolic Ca++ levels,0.0,pathway
USPL1,0.0,gene/protein
proton transmembrane transport,0.0,biological_process
positive regulation of endoplasmic reticulum calcium ion concentration,0.0,biological_process
DHCR24,0.0,gene/protein
ESYT2,0.0,gene/protein
SLN,0.0,gene/protein
MIR939,0.0,gene/protein
EPB41,0.0,gene/protein
CSNK2A2,0.0,gene/protein
Pre-NOTCH Processing in Golgi,0.0,pathway
CA14,0.0,gene/protein
VSIG2,0.0,gene/protein
LRPPRC,0.0,gene/protein
PRMT5,0.0,gene/protein
SH3BP4,0.0,gene/protein
MSL3,0.0,gene/protein
SULT1A1,0.0,gene/protein
LIMS1,0.0,gene/protein
SRSF4,0.0,gene/protein
SRP54,0.0,gene/protein
PIGU,0.0,gene/protein
TSN,0.0,gene/protein
NAA10,0.0,gene/protein
PSMC5,0.0,gene/protein
CDK2AP1,0.0,gene/protein
TRIM54,0.0,gene/protein
SEC62,0.0,gene/protein
FAHD1,0.0,gene/protein
MPDZ,0.0,gene/protein
gluconeogenesis,0.0,biological_process
TRMT61B,0.0,gene/protein
PPP2R3C,0.0,gene/protein
CLCN6,0.0,gene/protein
NEURL4,0.0,gene/protein
PIP4P1,0.0,gene/protein
ZNF212,0.0,gene/protein
CCKBR,0.0,gene/protein
UBAP2,0.0,gene/protein
EMC3,0.0,gene/protein
GMPR2,0.0,gene/protein
membrane organization,0.0,biological_process
NR5A1,0.0,gene/protein
TES,0.0,gene/protein
UBA2,0.0,gene/protein
SCN2B,0.0,gene/protein
IGSF21,0.0,gene/protein
DZANK1,0.0,gene/protein
ATF7,0.0,gene/protein
ABT1,0.0,gene/protein
C17orf75,0.0,gene/protein
METTL13,0.0,gene/protein
BATF3,0.0,gene/protein
CWC25,0.0,gene/protein
PPIL4,0.0,gene/protein
RPL26,0.0,gene/protein
SS18L1,0.0,gene/protein
MDP1,0.0,gene/protein
NR5A2,0.0,gene/protein
MED20,0.0,gene/protein
NRIP1,0.0,gene/protein
MED12,0.0,gene/protein
QARS1,0.0,gene/protein
PSAT1,0.0,gene/protein
RCBTB1,0.0,gene/protein
HCFC1,0.0,gene/protein
SRSF6,0.0,gene/protein
WASHC5,0.0,gene/protein
CHD1L,0.0,gene/protein
MBD4,0.0,gene/protein
PPP1R3E,0.0,gene/protein
endoplasmic reticulum unfolded protein response,0.0,biological_process
TRAPPC6B,0.0,gene/protein
TMEM33,0.0,gene/protein
Male infertility,0.0,effect/phenotype
negative regulation of autophagy,0.0,biological_process
actin filament organization,0.0,biological_process
CST7,0.0,gene/protein
PCDHGB4,0.0,gene/protein
KCNS3,0.0,gene/protein
ATP5F1B,0.0,gene/protein
PTDSS1,0.0,gene/protein
SLC4A8,0.0,gene/protein
ion transmembrane transport,0.0,biological_process
Ion transport by P-type ATPases,0.0,pathway
HIPK3,0.0,gene/protein
TUBB4A,0.0,gene/protein
CLCN7,0.0,gene/protein
retinal rod cell apoptotic process,0.0,biological_process
regulation of cell migration,0.0,biological_process
SPRR2A,0.0,gene/protein
FLOT2,0.0,gene/protein
carbohydrate transport,0.0,biological_process
apoptotic process,0.0,biological_process
KCNA4,0.0,gene/protein
RAPGEF5,0.0,gene/protein
CBX1,0.0,gene/protein
KAT7,0.0,gene/protein
RRP8,0.0,gene/protein
AKR1D1,0.0,gene/protein
apoptotic signaling pathway,0.0,biological_process
TBC1D7,0.0,gene/protein
S100A1,0.0,gene/protein
NSA2,0.0,gene/protein
TMEM120A,0.0,gene/protein
GET4,0.0,gene/protein
ZFP64,0.0,gene/protein
KLHL12,0.0,gene/protein
EIF2B1,0.0,gene/protein
GTF2I,0.0,gene/protein
BRINP1,0.0,gene/protein
CLOCK,0.0,gene/protein
TNNI2,0.0,gene/protein
HES1,0.0,gene/protein
PSMA6,0.0,gene/protein
PSMB5,0.0,gene/protein
KCNAB2,0.0,gene/protein
RECQL4,0.0,gene/protein
KYNU,0.0,gene/protein
peptidyl-tyrosine phosphorylation,0.0,biological_process
STAP2,0.0,gene/protein
MT-CO2,0.0,gene/protein
PLCG2,0.0,gene/protein
STYX,0.0,gene/protein
regulation of nitric-oxide synthase activity,0.0,biological_process
DOK5,0.0,gene/protein
Retinal atrophy,0.0,effect/phenotype
ATG7,0.0,gene/protein
PPP3CC,0.0,gene/protein
PPP1CB,0.0,gene/protein
response to radiation,0.0,biological_process
SATB1,0.0,gene/protein
GPR42,0.0,gene/protein
FAXDC2,0.0,gene/protein
CLDN6,0.0,gene/protein
ORMDL1,0.0,gene/protein
Memory impairment,0.0,effect/phenotype
FOXO4,0.0,gene/protein
ESRRB,0.0,gene/protein
MECOM,0.0,gene/protein
MRE11,0.0,gene/protein
ID3,0.0,gene/protein
CHRM5,0.0,gene/protein
ARMC3,0.0,gene/protein
HTRA2,0.0,gene/protein
cellular response to estradiol stimulus,0.0,biological_process
FSHR,0.0,gene/protein
positive regulation of mitochondrial membrane potential,0.0,biological_process
SETDB1,0.0,gene/protein
fat cell differentiation,0.0,biological_process
DNMT1,0.0,gene/protein
BRD2,0.0,gene/protein
SOS2,0.0,gene/protein
H1-10,0.0,gene/protein
KHSRP,0.0,gene/protein
NGDN,0.0,gene/protein
IRF9,0.0,gene/protein
CUTA,0.0,gene/protein
ZNF76,0.0,gene/protein
CEBPG,0.0,gene/protein
SNX16,0.0,gene/protein
ITFG1,0.0,gene/protein
NUBPL,0.0,gene/protein
cellular response to oxidative stress,0.0,biological_process
motor neuron apoptotic process,0.0,biological_process
POLK,0.0,gene/protein
DHCR7,0.0,gene/protein
KEL,0.0,gene/protein
HNRNPU,0.0,gene/protein
NFE2,0.0,gene/protein
NOP56,0.0,gene/protein
HOXC8,0.0,gene/protein
FBXO33,0.0,gene/protein
ITGB3,0.0,gene/protein
NTRK3,0.0,gene/protein
ATP6V0A1,0.0,gene/protein
FABP1,0.0,gene/protein
CEBPD,0.0,gene/protein
PLAGL1,0.0,gene/protein
RALA,0.0,gene/protein
CTBP2,0.0,gene/protein
MIR885,0.0,gene/protein
CIAO2B,0.0,gene/protein
DNM3,0.0,gene/protein
NR0B1,0.0,gene/protein
NPHS1,0.0,gene/protein
KLF5,0.0,gene/protein
ASS1,0.0,gene/protein
GPR21,0.0,gene/protein
LTK,0.0,gene/protein
RHOB,0.0,gene/protein
TUBA4A,0.0,gene/protein
ROR1,0.0,gene/protein
NDN,0.0,gene/protein
MCOLN3,0.0,gene/protein
epidermis development,0.0,biological_process
T-tubule organization,0.0,biological_process
KTN1,0.0,gene/protein
response to gamma radiation,0.0,biological_process
PRKCG,0.0,gene/protein
C1QA,0.0,gene/protein
MS4A3,0.0,gene/protein
PEX12,0.0,gene/protein
LRP8,0.0,gene/protein
ANK2,0.0,gene/protein
peripheral nervous system myelin maintenance,0.0,biological_process
cell adhesion,0.0,biological_process
calcium ion transmembrane transport,0.0,biological_process
NCSTN,0.0,gene/protein
CAPN1,0.0,gene/protein
LSP1,0.0,gene/protein
TMED10,0.0,gene/protein
LTA4H,0.0,gene/protein
WRN,0.0,gene/protein
SEC14L3,0.0,gene/protein
ATP5PO,0.0,gene/protein
IPO4,0.0,gene/protein
VAPA,0.0,gene/protein
UFL1,0.0,gene/protein
THOC5,0.0,gene/protein
DNMT3B,0.0,gene/protein
PPIF,0.0,gene/protein
SH3GL2,0.0,gene/protein
SH2D2A,0.0,gene/protein
DNAJA2,0.0,gene/protein
TNPO3,0.0,gene/protein
ERRFI1,0.0,gene/protein
AP1G2,0.0,gene/protein
Macroglossia,0.0,effect/phenotype
Enlarged polycystic ovaries,0.0,effect/phenotype
Maternal virilization in pregnancy,0.0,effect/phenotype
Eunuchoid habitus,0.0,effect/phenotype
post-embryonic animal organ morphogenesis,0.0,biological_process
Combined immunodeficiency,0.0,immune_effect/phenotype
Recurrent fever,0.0,effect/phenotype
Decreased proportion of CD3-positive T cells,0.0,immune_effect/phenotype
CYSTM1,0.0,gene/protein
Sinusitis,0.0,effect/phenotype
Coarse facial features,0.0,effect/phenotype
Female infertility,0.0,effect/phenotype
Confusion,0.0,effect/phenotype
Spastic paraplegia,0.0,effect/phenotype
Soft skin,0.0,effect/phenotype
Decreased lymphocyte proliferation in response to mitogen,0.0,immune_effect/phenotype
Delayed eruption of teeth,0.0,effect/phenotype
Post-vaccination measles,0.0,effect/phenotype
Abnormality of the sphenoid sinus,0.0,effect/phenotype
DGCR2,0.0,gene/protein
CDK20,0.0,gene/protein
CDK19,0.0,gene/protein
NUDCD1,0.0,gene/protein
Flat face,0.0,effect/phenotype
BCGosis,0.0,effect/phenotype
Decreased circulating IgG level,0.0,immune_effect/phenotype
Macrocephaly,0.0,effect/phenotype
Persistent EBV viremia,0.0,effect/phenotype
Decreased circulating IgE,0.0,immune_effect/phenotype
Decreased proportion of class-switched memory B cells,0.0,immune_effect/phenotype
Dysarthria,0.0,effect/phenotype
Delayed myelination,0.0,effect/phenotype
Broad forehead,0.0,effect/phenotype
Abnormal rib cage morphology,0.0,effect/phenotype
Gingival overgrowth,0.0,effect/phenotype
Leukopenia,0.0,immune_effect/phenotype
Abnormal cardiac septum morphology,0.0,effect/phenotype
Microretrognathia,0.0,effect/phenotype
Tapered finger,0.0,effect/phenotype
Dental crowding,0.0,effect/phenotype
Mandibular prognathia,0.0,effect/phenotype
Protruding ear,0.0,effect/phenotype
Recurrent fungal infections,0.0,effect/phenotype
Increased circulating IgM level,0.0,immune_effect/phenotype
Disseminated nontuberculous mycobacterial infection,0.0,effect/phenotype
Anti-thyroglobulin antibody positivity,0.0,immune_effect/phenotype
Cellular immunodeficiency,0.0,immune_effect/phenotype
Bronchiectasis,0.0,effect/phenotype
Anti-thyroid peroxidase antibody positivity,0.0,immune_effect/phenotype
Crohn's disease,0.0,effect/phenotype
Perinuclear antineutrophil antibody positivity,0.0,immune_effect/phenotype
Pulmonary fibrosis,0.0,effect/phenotype
FOXO-mediated transcription of cell death genes,0.0,pathway
Abnormal CD4:CD8 ratio,0.0,immune_effect/phenotype
Hypodontia,0.0,effect/phenotype
Myopathic facies,0.0,effect/phenotype
Decreased circulating IgA level,0.0,immune_effect/phenotype
Chronic diarrhea,0.0,effect/phenotype
X-linked inheritance,0.0,immune_effect/phenotype
Frequent Giardia lamblia infestation,0.0,effect/phenotype
Colon cancer,0.0,effect/phenotype
Agammaglobulinemia,0.0,immune_effect/phenotype
Moderate global developmental delay,0.0,effect/phenotype
Pulmonary infiltrates,0.0,effect/phenotype
Increased proportion of transitional B cells,0.0,immune_effect/phenotype
Rheumatoid factor positive,0.0,immune_effect/phenotype
Increased circulating IgG level,0.0,immune_effect/phenotype
NRAGE signals death through JNK,0.0,pathway
regulation of developmental pigmentation,0.0,biological_process
developmental pigmentation,0.0,biological_process
tube formation,0.0,biological_process
Follicular hyperplasia,0.0,effect/phenotype
Facial shape deformation,0.0,effect/phenotype
Asthenia,0.0,effect/phenotype
Synostosis of joints,0.0,effect/phenotype
Bowing of the long bones,0.0,effect/phenotype
Kyphosis,0.0,effect/phenotype
Impaired smooth pursuit,0.0,effect/phenotype
Avascular necrosis,0.0,effect/phenotype
Increased intracranial pressure,0.0,effect/phenotype
Arnold-Chiari malformation,0.0,effect/phenotype
Abnormality of the helix,0.0,effect/phenotype
Generalized abnormality of skin,0.0,effect/phenotype
Oligosacchariduria,0.0,effect/phenotype
Talipes valgus,0.0,effect/phenotype
Cortical thickening of long bone diaphyses,0.0,effect/phenotype
Infantile axial hypotonia,0.0,effect/phenotype
Bilateral coxa valga,0.0,effect/phenotype
Babinski sign,0.0,effect/phenotype
Open bite,0.0,effect/phenotype
Optic disc pallor,0.0,effect/phenotype
Joint laxity,0.0,effect/phenotype
Disproportionate tall stature,0.0,effect/phenotype
Bilateral talipes equinovarus,0.0,effect/phenotype
AKT-mediated inactivation of FOXO1A,0.0,pathway
response to UV,0.0,biological_process
adenylate cyclase-inhibiting dopamine receptor signaling pathway,0.0,biological_process
Recurrent gastroenteritis,0.0,effect/phenotype
Clumsiness,0.0,effect/phenotype
Variable expressivity,0.0,effect/phenotype
Anxiety,0.0,effect/phenotype
Abnormal pyramidal sign,0.0,effect/phenotype
Dysostosis multiplex,0.0,effect/phenotype
Cerebellar hypoplasia,0.0,effect/phenotype
Hip dysplasia,0.0,effect/phenotype
Craniofacial hyperostosis,0.0,effect/phenotype
Highly arched eyebrow,0.0,effect/phenotype
Defective T cell proliferation,0.0,immune_effect/phenotype
Hallucinations,0.0,effect/phenotype
Narrow palate,0.0,effect/phenotype
Hypoplastic inferior ilia,0.0,effect/phenotype
Depressed nasal ridge,0.0,effect/phenotype
Abnormal enzyme/coenzyme activity,0.0,effect/phenotype
Cerebral cortical atrophy,0.0,effect/phenotype
Osteolysis,0.0,effect/phenotype
Cranial hyperostosis,0.0,effect/phenotype
Subcortical cerebral atrophy,0.0,effect/phenotype
Female pseudohermaphroditism,0.0,effect/phenotype
Delayed epiphyseal ossification,0.0,effect/phenotype
Genu valgum,0.0,effect/phenotype
Primary amenorrhea,0.0,effect/phenotype
Thick eyebrow,0.0,effect/phenotype
Communicating hydrocephalus,0.0,effect/phenotype
Aortic regurgitation,0.0,effect/phenotype
Loss of speech,0.0,effect/phenotype
Hypergonadotropic hypogonadism,0.0,effect/phenotype
Short attention span,0.0,effect/phenotype
Mixed hearing impairment,0.0,effect/phenotype
Spasticity,0.0,effect/phenotype
Depressivity,0.0,effect/phenotype
Craniosynostosis,0.0,effect/phenotype
Increased vertebral height,0.0,effect/phenotype
Dental malocclusion,0.0,effect/phenotype
Progressive microcephaly,0.0,effect/phenotype
Cerebral atrophy,0.0,effect/phenotype
Widely spaced teeth,0.0,effect/phenotype
Joint stiffness,0.0,effect/phenotype
Flat occiput,0.0,effect/phenotype
Vacuolated lymphocytes,0.0,immune_effect/phenotype
Corneal opacity,0.0,effect/phenotype
Drowsiness,0.0,effect/phenotype
Abnormality of skeletal morphology,0.0,effect/phenotype
Facial hypotonia,0.0,effect/phenotype
Thickened calvaria,0.0,effect/phenotype
Cutaneous photosensitivity,0.0,effect/phenotype
Global developmental delay,0.0,effect/phenotype
Telangiectasia,0.0,effect/phenotype
Ventriculomegaly,0.0,effect/phenotype
Nasal speech,0.0,effect/phenotype
Pancytopenia,0.0,effect/phenotype
Myelodysplasia,0.0,effect/phenotype
Thrombocytopenia,0.0,effect/phenotype
ANKLE2,0.0,gene/protein
Delayed speech and language development,0.0,effect/phenotype
Intellectual disability,0.0,effect/phenotype
Growth delay,0.0,effect/phenotype
Biparietal narrowing,0.0,effect/phenotype
Vascular dilatation,0.0,effect/phenotype
Tracheal stenosis,0.0,effect/phenotype
Joint hyperflexibility,0.0,effect/phenotype
Abnormality of epiphysis morphology,0.0,effect/phenotype
Malabsorption,0.0,effect/phenotype
Low anterior hairline,0.0,effect/phenotype
Bird-like facies,0.0,effect/phenotype
Telecanthus,0.0,effect/phenotype
Cleft palate,0.0,effect/phenotype
Posteriorly rotated ears,0.0,effect/phenotype
Cone-shaped epiphyses of the phalanges of the hand,0.0,effect/phenotype
Thin long bone diaphyses,0.0,effect/phenotype
Prominent forehead,0.0,effect/phenotype
Micropenis,0.0,effect/phenotype
Motor delay,0.0,effect/phenotype
Relative macrocephaly,0.0,effect/phenotype
Congestive heart failure,0.0,effect/phenotype
Myalgia,0.0,effect/phenotype
Hyperkeratosis,0.0,effect/phenotype
Prolonged neonatal jaundice,0.0,effect/phenotype
Limb undergrowth,0.0,effect/phenotype
Abnormality of the skeletal system,0.0,effect/phenotype
Fine hair,0.0,effect/phenotype
Atrial septal defect,0.0,effect/phenotype
Prominent occiput,0.0,effect/phenotype
Pachygyria,0.0,effect/phenotype
Cleft vertebral arch,0.0,effect/phenotype
Low-set ears,0.0,effect/phenotype
Small hand,0.0,effect/phenotype
Thick upper lip vermilion,0.0,effect/phenotype
Oligodontia,0.0,effect/phenotype
Abnormality of the metaphysis,0.0,effect/phenotype
Hypoplastic pubic bone,0.0,effect/phenotype
Hypoplasia of the corpus callosum,0.0,effect/phenotype
Talipes,0.0,effect/phenotype
Minimal subcutaneous fat,0.0,effect/phenotype
Abnormal cerebral vascular morphology,0.0,effect/phenotype
Arterial stenosis,0.0,effect/phenotype
SPDYE4,0.0,gene/protein
GIT1,0.0,gene/protein
Kyphoscoliosis,0.0,effect/phenotype
Frontal bossing,0.0,effect/phenotype
Narrow palpebral fissure,0.0,effect/phenotype
Photophobia,0.0,effect/phenotype
Reduced number of teeth,0.0,effect/phenotype
Hypopigmented skin patches,0.0,immune_effect/phenotype
Laryngomalacia,0.0,effect/phenotype
Patent ductus arteriosus,0.0,effect/phenotype
Lymphadenopathy,0.0,immune_effect/phenotype
Absent knee epiphyses,0.0,effect/phenotype
Large beaked nose,0.0,effect/phenotype
Joint hypermobility,0.0,effect/phenotype
Ulnar deviation of finger,0.0,effect/phenotype
Feeding difficulties,0.0,effect/phenotype
Short foot,0.0,effect/phenotype
Anteverted nares,0.0,effect/phenotype
Generalized hypotonia,0.0,effect/phenotype
Hirsutism,0.0,effect/phenotype
Upslanted palpebral fissure,0.0,effect/phenotype
apoptotic process involved in embryonic digit morphogenesis,0.0,biological_process
thymocyte apoptotic process,0.0,biological_process
Camptodactyly,0.0,effect/phenotype
Dolichocephaly,0.0,effect/phenotype
Midface retrusion,0.0,effect/phenotype
Limb ataxia,0.0,effect/phenotype
Spinocerebellar tract disease in lower limbs,0.0,effect/phenotype
Gait ataxia,0.0,effect/phenotype
Brachycephaly,0.0,effect/phenotype
Thickened ribs,0.0,effect/phenotype
Osteopenia,0.0,effect/phenotype
Spondyloepiphyseal dysplasia,0.0,effect/phenotype
Psoriasiform dermatitis,0.0,effect/phenotype
Full cheeks,0.0,effect/phenotype
Underdeveloped nasal alae,0.0,effect/phenotype
Wide nasal bridge,0.0,effect/phenotype
Epicanthus,0.0,effect/phenotype
Mitral regurgitation,0.0,effect/phenotype
positive regulation of apoptotic process by virus,0.0,biological_process
mammary gland development,0.0,biological_process
positive regulation of fibroblast apoptotic process,0.0,biological_process
positive regulation of autophagy in response to ER overload,0.0,biological_process
X-linked recessive inheritance,0.0,immune_effect/phenotype
Decreased basophil count,0.0,immune_effect/phenotype
EIF4B,0.0,gene/protein
Activation of BIM and translocation to mitochondria ,0.0,pathway
ADAM32,0.0,gene/protein
Gastroesophageal reflux,0.0,effect/phenotype
Smooth philtrum,0.0,effect/phenotype
Thoracolumbar kyphosis,0.0,effect/phenotype
Narrow mouth,0.0,effect/phenotype
Long philtrum,0.0,effect/phenotype
Salmonella osteomyelitis,0.0,effect/phenotype
Night sweats,0.0,effect/phenotype
Abnormal bronchus physiology,0.0,effect/phenotype
meiosis I,0.0,biological_process
RFC1,0.0,gene/protein
Abdominal obesity,0.0,effect/phenotype
Clinodactyly,0.0,effect/phenotype
Lymphoma,0.0,immune_effect/phenotype
Micrognathia,0.0,effect/phenotype
Wide nose,0.0,effect/phenotype
Short philtrum,0.0,effect/phenotype
Hypothyroidism,0.0,effect/phenotype
Abnormality of bone marrow cell morphology,0.0,effect/phenotype
Leukocytosis,0.0,immune_effect/phenotype
Narrow forehead,0.0,effect/phenotype
Downslanted palpebral fissures,0.0,effect/phenotype
Hydrocephalus,0.0,effect/phenotype
Hypoplasia of penis,0.0,effect/phenotype
Erythema,0.0,effect/phenotype
Telangiectasia of the skin,0.0,effect/phenotype
Thin vermilion border,0.0,effect/phenotype
Hypotelorism,0.0,effect/phenotype
RUNX3 regulates BCL2L11 (BIM) transcription,0.0,pathway
UBE2V1,0.0,gene/protein
NUCB1,0.0,gene/protein
SNRPD3,0.0,gene/protein
ATAD2,0.0,gene/protein
protein insertion into mitochondrial membrane involved in apoptotic signaling pathway,0.0,biological_process
RHPN2,0.0,gene/protein
DYNLL2,0.0,gene/protein
TUBB8,0.0,gene/protein
Elevated erythrocyte sedimentation rate,0.0,effect/phenotype
Decreased testicular size,0.0,effect/phenotype
High palate,0.0,effect/phenotype
Hematuria,0.0,effect/phenotype
Menometrorrhagia,0.0,effect/phenotype
Arthralgia,0.0,effect/phenotype
Hepatic steatosis,0.0,effect/phenotype
positive regulation of release of cytochrome c from mitochondria,0.0,biological_process
KLHL10,0.0,gene/protein
Hypoplasia of the femoral head,0.0,effect/phenotype
RNF149,0.0,gene/protein
FZD5,0.0,gene/protein
CPPED1,0.0,gene/protein
EIF1AY,0.0,gene/protein
ITGAL,0.0,gene/protein
Anisocytosis,0.0,effect/phenotype
Congenital onset,0.0,effect/phenotype
Short palpebral fissure,0.0,effect/phenotype
Specific learning disability,0.0,effect/phenotype
PSME3,0.0,gene/protein
TP53 Regulates Metabolic Genes,0.0,pathway
response to sulfur dioxide,0.0,biological_process
regulation of leukocyte mediated cytotoxicity,0.0,biological_process
T cell activation via T cell receptor contact with antigen bound to MHC molecule on antigen presenting cell,0.0,biological_process
T cell extravasation,0.0,biological_process
RAB37,0.0,gene/protein
XYLT1,0.0,gene/protein
ACIN1,0.0,gene/protein
establishment of endothelial intestinal barrier,0.0,biological_process
positive regulation of GTPase activity,0.0,biological_process
SGK3,0.0,gene/protein
amyloid fibril formation,0.0,biological_process
acute-phase response,0.0,biological_process
negative regulation of NAD(P)H oxidase activity,0.0,biological_process
positive regulation of protein autophosphorylation,0.0,biological_process
KLK9,0.0,gene/protein
FAM99B,0.0,gene/protein
QDPR,0.0,gene/protein
SERPINB5,0.0,gene/protein
Chorioretinal coloboma,0.0,effect/phenotype
Decreased mean corpuscular volume,0.0,effect/phenotype
TAFA4,0.0,gene/protein
EIF3B,0.0,gene/protein
ZMYM5,0.0,gene/protein
SLC25A25,0.0,gene/protein
JMJD7-PLA2G4B,0.0,gene/protein
Strabismus,0.0,effect/phenotype
Decreased circulating IgG2 level,0.0,immune_effect/phenotype
Conical tooth,0.0,effect/phenotype
Mediastinal lymphadenopathy,0.0,immune_effect/phenotype
Increased proportion autoreactive unresponsive CD21-/low B cells,0.0,immune_effect/phenotype
Antinuclear antibody positivity,0.0,immune_effect/phenotype
Cervical lymphadenopathy,0.0,immune_effect/phenotype
PARG,0.0,gene/protein
NCS1,0.0,gene/protein
Cyclin E associated events during G1/S transition ,0.0,pathway
CBY1,0.0,gene/protein
Cyclin A:Cdk2-associated events at S phase entry,0.0,pathway
RAB GEFs exchange GTP for GDP on RABs,0.0,pathway
RUNX2 regulates genes involved in cell migration,0.0,pathway
FLT3 Signaling,0.0,pathway
Conjugated hyperbilirubinemia,0.0,effect/phenotype
Regulation of localization of FOXO transcription factors,0.0,pathway
Regulation of TP53 Degradation,0.0,pathway
MZT2B,0.0,gene/protein
Arthritis,0.0,effect/phenotype
PEA15,0.0,gene/protein
CD28 dependent PI3K/Akt signaling,0.0,pathway
Regulation of TP53 Activity through Acetylation,0.0,pathway
RNF7,0.0,gene/protein
SLC35A1,0.0,gene/protein
WNK3,0.0,gene/protein
Systemic autoinflammation,0.0,immune_effect/phenotype
Abnormal testis morphology,0.0,effect/phenotype
Conductive hearing impairment,0.0,effect/phenotype
Immune dysregulation,0.0,immune_effect/phenotype
Cerebellar atrophy,0.0,effect/phenotype
Increased reactive oxygen species production,0.0,effect/phenotype
anterograde synaptic vesicle transport,0.0,biological_process
AP3M2,0.0,gene/protein
Golgi to vacuole transport,0.0,biological_process
KCNA10,0.0,gene/protein
PRKG1,0.0,gene/protein
CBX4,0.0,gene/protein
TTC31,0.0,gene/protein
SLC2A9,0.0,gene/protein
ZNHIT3,0.0,gene/protein
MIA2,0.0,gene/protein
RBP5,0.0,gene/protein
SMAD protein signal transduction,0.0,biological_process
negative regulation of calcium ion transport,0.0,biological_process
CARHSP1,0.0,gene/protein
MIR1915HG,0.0,gene/protein
HPR,0.0,gene/protein
SULT2A1,0.0,gene/protein
TRAV12-3,0.0,gene/protein
establishment of endothelial barrier,0.0,biological_process
RTL8C,0.0,gene/protein
Interferon gamma signaling,0.0,pathway
TRIM47,0.0,gene/protein
BPIFB2,0.0,gene/protein
ACSL5,0.0,gene/protein
sex differentiation,0.0,biological_process
MST1,0.0,gene/protein
PANK1,0.0,gene/protein
learning,0.0,biological_process
amyloid-beta clearance,0.0,biological_process
positive regulation of developmental growth,0.0,biological_process
AGMAT,0.0,gene/protein
SH2B2,0.0,gene/protein
Insulin receptor recycling,0.0,pathway
Signaling by Insulin receptor,0.0,pathway
Insulin receptor signalling cascade,0.0,pathway
INHBE,0.0,gene/protein
SP5,0.0,gene/protein
ZFAND2B,0.0,gene/protein
HAAO,0.0,gene/protein
regulation of embryonic development,0.0,biological_process
C1GALT1,0.0,gene/protein
intracellular receptor signaling pathway,0.0,biological_process
regulation of gastrulation,0.0,biological_process
TATDN3,0.0,gene/protein
epithelial cell proliferation involved in salivary gland morphogenesis,0.0,biological_process
INSL5,0.0,gene/protein
DUSP18,0.0,gene/protein
SLC9A1,0.0,gene/protein
leukocyte cell-cell adhesion,0.0,biological_process
PAK5,0.0,gene/protein
UNC93A,0.0,gene/protein
BLOC1S5,0.0,gene/protein
SOAT2,0.0,gene/protein
PGAP3,0.0,gene/protein
T cell antigen processing and presentation,0.0,biological_process
receptor-mediated virion attachment to host cell,0.0,biological_process
negative regulation of cold-induced thermogenesis,0.0,biological_process
negative regulation of endothelial cell differentiation,0.0,biological_process
adhesion of symbiont to host,0.0,biological_process
XYLB,0.0,gene/protein
cysteine biosynthetic process via cystathionine,0.0,biological_process
NQO2,0.0,gene/protein
MTRNR2L8,0.0,gene/protein
HSD17B2,0.0,gene/protein
LTB4R2,0.0,gene/protein
TMEM37,0.0,gene/protein
NPPA,0.0,gene/protein
PECR,0.0,gene/protein
MST1P2,0.0,gene/protein
positive regulation of glycolytic process,0.0,biological_process
COPI-mediated anterograde transport,0.0,pathway
establishment of Sertoli cell barrier,0.0,biological_process
ZDHHC17,0.0,gene/protein
membrane to membrane docking,0.0,biological_process
response to gonadotropin,0.0,biological_process
PLGLB2,0.0,gene/protein
CASP4,0.0,gene/protein
SIK2,0.0,gene/protein
ATG16L1,0.0,gene/protein
Adenylate cyclase inhibitory pathway,0.0,pathway
Adenylate cyclase activating pathway,0.0,pathway
Stimulation of the cell death response by PAK-2p34,0.0,pathway
Apoptotic cleavage of cell adhesion  proteins,0.0,pathway
leukocyte apoptotic process,0.0,biological_process
Cutis laxa,0.0,effect/phenotype
PNPLA3,0.0,gene/protein
Inflammation of the large intestine,0.0,immune_effect/phenotype
Partial absence of specific antibody response to tetanus vaccine,0.0,immune_effect/phenotype
PTGES3,0.0,gene/protein
MTCP1,0.0,gene/protein
TCL1A,0.0,gene/protein
activation of GTPase activity,0.0,biological_process
"SMAC, XIAP-regulated apoptotic response",0.0,pathway
FAT3,0.0,gene/protein
AKT phosphorylates targets in the nucleus,0.0,pathway
Negative regulation of the PI3K/AKT network,0.0,pathway
AP4M1,0.0,gene/protein
C2CD5,0.0,gene/protein
ANKRD2,0.0,gene/protein
CMC4,0.0,gene/protein
cell fate commitment,0.0,biological_process
glial cell apoptotic process,0.0,biological_process
response to cobalt ion,0.0,biological_process
negative regulation of B cell proliferation,0.0,biological_process
THAP11,0.0,gene/protein
Caspase activation via Dependence Receptors in the absence of ligand,0.0,pathway
Hedgehog 'off' state,0.0,pathway
neuromuscular process controlling balance,0.0,biological_process
GZMB,0.0,gene/protein
striated muscle cell differentiation,0.0,biological_process
hippocampus development,0.0,biological_process
Pyroptosis,0.0,pathway
Delusions,0.0,effect/phenotype
Malar flattening,0.0,effect/phenotype
Behavioral abnormality,0.0,effect/phenotype
Prominent supraorbital ridges,0.0,effect/phenotype
Chronic otitis media,0.0,effect/phenotype
Skeletal dysplasia,0.0,effect/phenotype
WIPF1,0.0,gene/protein
STEAP4,0.0,gene/protein
apoptotic DNA fragmentation,0.0,biological_process
POFUT1,0.0,gene/protein
ATP7A,0.0,gene/protein
USP9Y,0.0,gene/protein
regulation of insulin secretion involved in cellular response to glucose stimulus,0.0,biological_process
neurotrophin TRK receptor signaling pathway,0.0,biological_process
adenylate cyclase-activating dopamine receptor signaling pathway,0.0,biological_process
G protein-coupled adenosine receptor signaling pathway,0.0,biological_process
Abnormal sella turcica morphology,0.0,effect/phenotype
TPM2,0.0,gene/protein
negative regulation of cyclin-dependent protein serine/threonine kinase activity,0.0,biological_process
response to X-ray,0.0,biological_process
cellular response to forskolin,0.0,biological_process
renal water homeostasis,0.0,biological_process
cAMP biosynthetic process,0.0,biological_process
activation of protein kinase A activity,0.0,biological_process
POLR1B,0.0,gene/protein
cellular protein modification process,0.0,biological_process
GZMM,0.0,gene/protein
platelet formation,0.0,biological_process
axonal fasciculation,0.0,biological_process
anterior neural tube closure,0.0,biological_process
hippo signaling,0.0,biological_process
luteolysis,0.0,biological_process
cellular response to staurosporine,0.0,biological_process
intrinsic apoptotic signaling pathway in response to osmotic stress,0.0,biological_process
NUCB2,0.0,gene/protein
GORASP1,0.0,gene/protein
RNF13,0.0,gene/protein
P4HA3,0.0,gene/protein
CHD3,0.0,gene/protein
Increased circulating IgA level,0.0,immune_effect/phenotype
Clubbing of fingers,0.0,effect/phenotype
Enlarged mesenteric lymph node,0.0,immune_effect/phenotype
Encephalitis,0.0,effect/phenotype
Herpes simplex encephalitis,0.0,effect/phenotype
AKT phosphorylates targets in the cytosol,0.0,pathway
Decreased specific pneumococcal antibody level,0.0,immune_effect/phenotype
Histiocytosis,0.0,immune_effect/phenotype
Spastic tetraplegia,0.0,effect/phenotype
Absent speech,0.0,effect/phenotype
glycogen biosynthetic process,0.0,biological_process
PKA activation in glucagon signalling,0.0,pathway
TCL1B,0.0,gene/protein
PIP5K1C,0.0,gene/protein
Recurrent viral infections,0.0,effect/phenotype
Erythroderma,0.0,effect/phenotype
Constitutive Signaling by AKT1 E17K in Cancer,0.0,pathway
Autoimmune hemolytic anemia,0.0,immune_effect/phenotype
Complete or near-complete absence of specific antibody response to tetanus vaccine,0.0,immune_effect/phenotype
Sideroblastic anemia,0.0,effect/phenotype
GLRX,0.0,gene/protein
LSM14B,0.0,gene/protein
HCLS1,0.0,gene/protein
odontogenesis of dentin-containing tooth,0.0,biological_process
Hypochromia,0.0,effect/phenotype
Hepatosplenomegaly,0.0,effect/phenotype
Severe generalized osteoporosis,0.0,effect/phenotype
Increased circulating IgE level,0.0,immune_effect/phenotype
Recurrent candida infections,0.0,effect/phenotype
Eosinophilia,0.0,immune_effect/phenotype
DYNLRB1,0.0,gene/protein
FEM1C,0.0,gene/protein
CTLA4 inhibitory signaling,0.0,pathway
Recurrent herpes,0.0,effect/phenotype
Refractory anemia with ringed sideroblasts,0.0,effect/phenotype
Wormian bones,0.0,effect/phenotype
Regulation of TP53 Activity through Association with Co-factors,0.0,pathway
PKA activation,0.0,pathway
NSMCE4A,0.0,gene/protein
PSMD9,0.0,gene/protein
DRC1,0.0,gene/protein
regulation of translation,0.0,biological_process
Sepsis,0.0,effect/phenotype
Chronic lymphatic leukemia,0.0,immune_effect/phenotype
Neurodevelopmental delay,0.0,effect/phenotype
Autoimmune thrombocytopenia,0.0,immune_effect/phenotype
Perianal abscess,0.0,effect/phenotype
Activation of AKT2,0.0,pathway
PDE3B signalling,0.0,pathway
Inhibition of TSC complex formation by PKB,0.0,pathway
Pulmonary artery stenosis,0.0,effect/phenotype
Downregulation of ERBB2:ERBB3 signaling,0.0,pathway
Abnormal erythrocyte morphology,0.0,effect/phenotype
Elevated hepatic iron concentration,0.0,effect/phenotype
Erythroid hyperplasia,0.0,effect/phenotype
Increased circulating ferritin concentration,0.0,effect/phenotype
Hypoplastic ischia,0.0,effect/phenotype
Optic atrophy,0.0,effect/phenotype
Severe short stature,0.0,effect/phenotype
Protracted diarrhea,0.0,effect/phenotype
Smooth muscle antibody positivity,0.0,immune_effect/phenotype
Dislocation of the femoral head,0.0,effect/phenotype
Reduced natural killer cell count,0.0,effect/phenotype
B-cell lymphoma,0.0,immune_effect/phenotype
T lymphocytopenia,0.0,immune_effect/phenotype
Chronic lung disease,0.0,effect/phenotype
ATN1,0.0,gene/protein
FCGR3A-mediated IL10 synthesis,0.0,pathway
Antimitochondrial antibody positivity,0.0,immune_effect/phenotype
Dysharmonic delayed bone age,0.0,effect/phenotype
PABPN1,0.0,gene/protein
FANK1,0.0,gene/protein
regulation of cardiac muscle cell membrane potential,0.0,biological_process
cardiac muscle hypertrophy in response to stress,0.0,biological_process
calcium ion import into sarcoplasmic reticulum,0.0,biological_process
autophagosome membrane docking,0.0,biological_process
organelle localization by membrane tethering,0.0,biological_process
regulation of calcium ion-dependent exocytosis of neurotransmitter,0.0,biological_process
Scavenging of heme from plasma,0.0,pathway
calcium ion transport from cytosol to endoplasmic reticulum,0.0,biological_process
negative regulation of receptor binding,0.0,biological_process
skeletal muscle contraction,0.0,biological_process
DEXI,0.0,gene/protein
AP4S1,0.0,gene/protein
regulation of transcription by RNA polymerase II,0.0,biological_process
SLC36A1,0.0,gene/protein
GZF1,0.0,gene/protein
ACAD9,0.0,gene/protein
Signaling by ERBB2 ECD mutants,0.0,pathway
Inhibition of Signaling by Overexpressed EGFR,0.0,pathway
Constitutive Signaling by EGFRvIII,0.0,pathway
GGCX,0.0,gene/protein
WFDC3,0.0,gene/protein
negative regulation of ERK1 and ERK2 cascade,0.0,biological_process
ATF4 activates genes in response to endoplasmic reticulum  stress,0.0,pathway
PLCG1 events in ERBB2 signaling,0.0,pathway
DHX35,0.0,gene/protein
cellular response to amino acid starvation,0.0,biological_process
regulation of transcription from RNA polymerase II promoter in response to arsenic-containing substance,0.0,biological_process
regulation of cardiac muscle cell action potential involved in regulation of contraction,0.0,biological_process
positive regulation of TRAIL-activated apoptotic signaling pathway,0.0,biological_process
VPS33A,0.0,gene/protein
ZBTB40,0.0,gene/protein
TSR3,0.0,gene/protein
GATC,0.0,gene/protein
PIP3 activates AKT signaling,0.0,pathway
CIR1,0.0,gene/protein
endoplasmic reticulum calcium ion homeostasis,0.0,biological_process
autophagosome assembly,0.0,biological_process
RPS6KB2,0.0,gene/protein
PDE4DIP,0.0,gene/protein
ULK3,0.0,gene/protein
PAQR6,0.0,gene/protein
TRAT1,0.0,gene/protein
PPIB,0.0,gene/protein
SPAG6,0.0,gene/protein
FIBCD1,0.0,gene/protein
response to fructose,0.0,biological_process
triglyceride homeostasis,0.0,biological_process
ZNF99,0.0,gene/protein
KRTAP10-3,0.0,gene/protein
STOML2,0.0,gene/protein
LINC00269,0.0,gene/protein
AKAP5,0.0,gene/protein
SAA1,0.0,gene/protein
PIGG,0.0,gene/protein
SYNGR3,0.0,gene/protein
Response of EIF2AK4 (GCN2) to amino acid deficiency,0.0,pathway
Response of EIF2AK1 (HRI) to heme deficiency,0.0,pathway
CUL3,0.0,gene/protein
TICAM1,0.0,gene/protein
SNX12,0.0,gene/protein
EIF5B,0.0,gene/protein
HPS5,0.0,gene/protein
CREB5,0.0,gene/protein
ZNF280A,0.0,gene/protein
LAMC3,0.0,gene/protein
RBM15B,0.0,gene/protein
DHRS1,0.0,gene/protein
CDK17,0.0,gene/protein
AP3M1,0.0,gene/protein
GNPTG,0.0,gene/protein
SMC1A,0.0,gene/protein
NR2C1,0.0,gene/protein
TBL1XR1,0.0,gene/protein
SH3RF1,0.0,gene/protein
SMURF2,0.0,gene/protein
TCERG1,0.0,gene/protein
LRRFIP2,0.0,gene/protein
CAPRIN2,0.0,gene/protein
Signaling by ERBB2 KD Mutants,0.0,pathway
transition between fast and slow fiber,0.0,biological_process
sarcoplasmic reticulum calcium ion transport,0.0,biological_process
TRIM14,0.0,gene/protein
relaxation of cardiac muscle,0.0,biological_process
MDC1,0.0,gene/protein
UBE2O,0.0,gene/protein
ATP6V1H,0.0,gene/protein
PRORP,0.0,gene/protein
HIPK1,0.0,gene/protein
C6orf47,0.0,gene/protein
epidermal growth factor receptor signaling pathway,0.0,biological_process
CDK11A,0.0,gene/protein
LRP6,0.0,gene/protein
CCNL2,0.0,gene/protein
CCNQ,0.0,gene/protein
RNU12-2P,0.0,gene/protein
TFG,0.0,gene/protein
positive regulation of gene expression,0.0,biological_process
LINC00476,0.0,gene/protein
PDGFRA,0.0,gene/protein
NFX1,0.0,gene/protein
ROCK1P1,0.0,gene/protein
GBA,0.0,gene/protein
NPTN,0.0,gene/protein
MATK,0.0,gene/protein
PIDD1,0.0,gene/protein
ROCK1,0.0,gene/protein
Constitutive Signaling by Ligand-Responsive EGFR Cancer Variants,0.0,pathway
positive regulation of transcription from RNA polymerase II promoter in response to endoplasmic reticulum stress,0.0,biological_process
AHNAK,0.0,gene/protein
TMEM230,0.0,gene/protein
mitochondrion-endoplasmic reticulum membrane tethering,0.0,biological_process
CACUL1,0.0,gene/protein
TRAPPC2L,0.0,gene/protein
NOC4L,0.0,gene/protein
FRK,0.0,gene/protein
PCNA-AS1,0.0,gene/protein
APPL2,0.0,gene/protein
ER-nucleus signaling pathway,0.0,biological_process
EGFR interacts with phospholipase C-gamma,0.0,pathway
PI3K events in ERBB2 signaling,0.0,pathway
GRB2 events in ERBB2 signaling,0.0,pathway
EGFR downregulation,0.0,pathway
Estrogen-dependent nuclear events downstream of ESR-membrane signaling,0.0,pathway
FAM174C,0.0,gene/protein
ATP6V0C,0.0,gene/protein
CRLS1,0.0,gene/protein
CTNNBL1,0.0,gene/protein
MRPL55,0.0,gene/protein
ORMDL3,0.0,gene/protein
LAMP1,0.0,gene/protein
RPIA,0.0,gene/protein
EXOC7,0.0,gene/protein
HCMV Early Events,0.0,pathway
Signaling by ERBB4,0.0,pathway
SHC1 events in ERBB2 signaling,0.0,pathway
skeletal muscle cell differentiation,0.0,biological_process
regulation of eIF2 alpha phosphorylation by heme,0.0,biological_process
GRB2 events in EGFR signaling,0.0,pathway
GAB1 signalosome,0.0,pathway
SHC1 events in EGFR signaling,0.0,pathway
Signaling by ERBB2 TMD/JMD mutants,0.0,pathway
Signaling by ERBB2,0.0,pathway
TMEM86A,0.0,gene/protein
Regulation of Glucokinase by Glucokinase Regulatory Protein,0.0,pathway
PCSK7,0.0,gene/protein
HYAL2,0.0,gene/protein
THSD7B,0.0,gene/protein
BET1,0.0,gene/protein
SFXN5,0.0,gene/protein
PPIL2,0.0,gene/protein
MAP2K2,0.0,gene/protein
NSMCE2,0.0,gene/protein
PHF23,0.0,gene/protein
TRAF3,0.0,gene/protein
AP5Z1,0.0,gene/protein
BUD31,0.0,gene/protein
STRN3,0.0,gene/protein
ATXN1L,0.0,gene/protein
GLYR1,0.0,gene/protein
CEBPE,0.0,gene/protein
protein insertion into ER membrane,0.0,biological_process
heme catabolic process,0.0,biological_process
positive regulation of blood vessel endothelial cell proliferation involved in sprouting angiogenesis,0.0,biological_process
LRP5,0.0,gene/protein
SCAF1,0.0,gene/protein
PPWD1,0.0,gene/protein
UBR5,0.0,gene/protein
IL1R2,0.0,gene/protein
C14orf180,0.0,gene/protein
TMEM50A,0.0,gene/protein
TMEM11,0.0,gene/protein
FCER1G,0.0,gene/protein
oxacephem,0.0,drug_class
bicyclomycin-like,0.0,drug_class
mupirocin-like,0.0,drug_class
salicylic acid,0.0,drug_class
CIB1,0.0,gene/protein
HMOX2,0.0,gene/protein
UBASH3A,0.0,gene/protein
NCKIPSD,0.0,gene/protein
PLEC,0.0,gene/protein
CLN6,0.0,gene/protein
SMIM1,0.0,gene/protein
FAM241B,0.0,gene/protein
SLC13A3,0.0,gene/protein
MIP,0.0,gene/protein
GTF2H1,0.0,gene/protein
KIR2DL3,0.0,gene/protein
NRG4,0.0,gene/protein
GALNT15,0.0,gene/protein
PLPP4,0.0,gene/protein
TLX3,0.0,gene/protein
ACTR5,0.0,gene/protein
ACTR6,0.0,gene/protein
LAPTM4A,0.0,gene/protein
GPR37L1,0.0,gene/protein
response to toxic substance,0.0,biological_process
TOMM20,0.0,gene/protein
ATG12,0.0,gene/protein
mesenchymal cell development,0.0,biological_process
SYT2,0.0,gene/protein
BMP10,0.0,gene/protein
MAP3K8,0.0,gene/protein
BSND,0.0,gene/protein
NEDD1,0.0,gene/protein
ARL8B,0.0,gene/protein
negative regulation of macroautophagy,0.0,biological_process
TM4SF19-DYNLT2B,0.0,gene/protein
TEX264,0.0,gene/protein
OGT,0.0,gene/protein
low-density lipoprotein particle clearance,0.0,biological_process
carbohydrate derivative metabolic process,0.0,biological_process
WDR36,0.0,gene/protein
PSCA,0.0,gene/protein
EML2,0.0,gene/protein
KRTAP10-7,0.0,gene/protein
SERP1,0.0,gene/protein
KRTAP10-11,0.0,gene/protein
SCGB2A1,0.0,gene/protein
NBPF19,0.0,gene/protein
ARFRP1,0.0,gene/protein
ACSF3,0.0,gene/protein
negative regulation of muscle cell apoptotic process,0.0,biological_process
VAMP1,0.0,gene/protein
NKG7,0.0,gene/protein
RUSF1,0.0,gene/protein
TMEM176B,0.0,gene/protein
SMN2,0.0,gene/protein
RPUSD4,0.0,gene/protein
FBF1,0.0,gene/protein
TRADD,0.0,gene/protein
MT-ND4L,0.0,gene/protein
PKD1,0.0,gene/protein
PRSS2,0.0,gene/protein
TM4SF4,0.0,gene/protein
ELOVL1,0.0,gene/protein
OST4,0.0,gene/protein
SVOP,0.0,gene/protein
OCIAD2,0.0,gene/protein
GPR37,0.0,gene/protein
CCNE2,0.0,gene/protein
KRTAP10-9,0.0,gene/protein
MYL6,0.0,gene/protein
excretion,0.0,biological_process
NOMO2,0.0,gene/protein
cell death,0.0,biological_process
positive regulation of chemokine production,0.0,biological_process
FLNB,0.0,gene/protein
CRTC2,0.0,gene/protein
APH1A,0.0,gene/protein
CRB3,0.0,gene/protein
PDZK1IP1,0.0,gene/protein
intracellular signal transduction,0.0,biological_process
TMEM52B,0.0,gene/protein
PGAP2,0.0,gene/protein
MORF4L2,0.0,gene/protein
pyrazine,0.0,drug_class
fusidane,0.0,drug_class
MAP1S,0.0,gene/protein
thioamide,0.0,drug_class
MYCL,0.0,gene/protein
TRRAP,0.0,gene/protein
HUNK,0.0,gene/protein
ARL6IP4,0.0,gene/protein
TAMALIN,0.0,gene/protein
VARS1,0.0,gene/protein
TAOK2,0.0,gene/protein
polyamine,0.0,drug_class
AP5S1,0.0,gene/protein
POLR3F,0.0,gene/protein
CNOT11,0.0,gene/protein
OSGEP,0.0,gene/protein
COMMD9,0.0,gene/protein
ANAPC2,0.0,gene/protein
melanin metabolic process,0.0,biological_process
B cell proliferation,0.0,biological_process
SEC11C,0.0,gene/protein
negative regulation of retinal cell programmed cell death,0.0,biological_process
axon regeneration,0.0,biological_process
EMC7,0.0,gene/protein
negative regulation of glucokinase activity,0.0,biological_process
urate metabolic process,0.0,biological_process
regulation of glycolytic process,0.0,biological_process
RGS10,0.0,gene/protein
Defective TPR may confer susceptibility towards thyroid papillary carcinoma (TPC),0.0,pathway
FAM209A,0.0,gene/protein
protein dephosphorylation,0.0,biological_process
Myopathy,0.0,effect/phenotype
Juvenile onset,0.0,effect/phenotype
Infantile muscular hypotonia,0.0,effect/phenotype
lipoatrophic diabetes,0.0,disease
Ketoacidosis,0.0,effect/phenotype
Multifactorial inheritance,0.0,effect/phenotype
Tympanosclerosis,0.0,effect/phenotype
Reduced visual acuity,0.0,effect/phenotype
PKDCC,0.0,gene/protein
Thin upper lip vermilion,0.0,effect/phenotype
Aplasia/Hypoplasia of the eyebrow,0.0,effect/phenotype
Premature ovarian insufficiency,0.0,effect/phenotype
Abnormal rapid eye movement sleep,0.0,effect/phenotype
Heterogeneous,0.0,effect/phenotype
Hypnagogic hallucinations,0.0,effect/phenotype
Hypnopompic hallucinations,0.0,effect/phenotype
Female hypogonadism,0.0,effect/phenotype
Hypotonia,0.0,effect/phenotype
Nasogastric tube feeding,0.0,effect/phenotype
Cardiomyopathy,0.0,effect/phenotype
Angina pectoris,0.0,effect/phenotype
Insulin-resistant diabetes mellitus,0.0,effect/phenotype
Chronic hepatitis,0.0,effect/phenotype
Hyperthyroidism,0.0,effect/phenotype
Keratoconjunctivitis,0.0,effect/phenotype
Beta-cell dysfunction,0.0,effect/phenotype
Elbow flexion contracture,0.0,effect/phenotype
Fatigue,0.0,effect/phenotype
Platyspondyly,0.0,effect/phenotype
Prominent nose,0.0,effect/phenotype
Autosomal recessive inheritance,0.0,effect/phenotype
Enlarged metaphyses,0.0,effect/phenotype
Generalized hirsutism,0.0,effect/phenotype
Small for gestational age,0.0,effect/phenotype
Recurrent otitis media,0.0,effect/phenotype
Internal hemorrhage,0.0,effect/phenotype
Abnormality of the hepatic vasculature,0.0,effect/phenotype
Anorexia,0.0,effect/phenotype
"diabetes mellitus, noninsulin-dependent",0.0,disease
Bifid uvula,0.0,effect/phenotype
Decreased circulating aldosterone level,0.0,effect/phenotype
Chronic active hepatitis,0.0,effect/phenotype
Vitiligo,0.0,effect/phenotype
Hepatocellular carcinoma,0.0,effect/phenotype
Exocrine pancreatic insufficiency,0.0,effect/phenotype
Perifoveal ring of hyperautofluorescence,0.0,effect/phenotype
Hypoparathyroidism,0.0,effect/phenotype
Chronic oral candidiasis,0.0,effect/phenotype
Asplenia,0.0,effect/phenotype
Childhood onset,0.0,effect/phenotype
Abnormality of metabolism/homeostasis,0.0,effect/phenotype
Metabolic alkalosis,0.0,effect/phenotype
Hyponatremia,0.0,effect/phenotype
Decreased circulating parathyroid hormone level,0.0,effect/phenotype
Type I diabetes mellitus,0.0,effect/phenotype
Pigmentary retinopathy,0.0,immune_effect/phenotype
Chronic atrophic gastritis,0.0,effect/phenotype
Band keratopathy,0.0,effect/phenotype
Cholelithiasis,0.0,effect/phenotype
Micronodular cirrhosis,0.0,effect/phenotype
Constitutional symptom,0.0,effect/phenotype
Ascites,0.0,effect/phenotype
Unicameral bone cyst,0.0,effect/phenotype
Pedal edema,0.0,effect/phenotype
Subacute progressive viral hepatitis,0.0,effect/phenotype
Somatic mutation,0.0,effect/phenotype
Alopecia,0.0,effect/phenotype
Tetany,0.0,effect/phenotype
Abnormality of the respiratory system,0.0,effect/phenotype
Cirrhosis,0.0,effect/phenotype
Hypoalbuminemia,0.0,effect/phenotype
Epigastric pain,0.0,immune_effect/phenotype
positive regulation of interferon-gamma-mediated signaling pathway,0.0,biological_process
Sloping forehead,0.0,effect/phenotype
Sparse and thin eyebrow,0.0,effect/phenotype
Disproportionate short stature,0.0,effect/phenotype
Agenesis of corpus callosum,0.0,effect/phenotype
Short femur,0.0,effect/phenotype
Sparse eyelashes,0.0,effect/phenotype
Short humerus,0.0,effect/phenotype
Postnatal growth retardation,0.0,effect/phenotype
negative regulation of mitochondrion organization,0.0,biological_process
Defective GCK causes maturity-onset diabetes of the young 2 (MODY2),0.0,pathway
Hyperbilirubinemia,0.0,effect/phenotype
Calf muscle pseudohypertrophy,0.0,effect/phenotype
Type IV atherosclerotic lesion,0.0,effect/phenotype
Pancreatitis,0.0,effect/phenotype
Feeding difficulties in infancy,0.0,effect/phenotype
Polyphagia,0.0,effect/phenotype
amylin receptor signaling pathway,0.0,biological_process
NUDT13,0.0,gene/protein
HEATR6,0.0,gene/protein
CLIC4,0.0,gene/protein
Flat sella turcica,0.0,effect/phenotype
Flexion contracture,0.0,effect/phenotype
Lipoatrophy,0.0,effect/phenotype
Oral ulcer,0.0,effect/phenotype
positive regulation of protein kinase A signaling,0.0,biological_process
zymogen activation,0.0,biological_process
cellular response to leptin stimulus,0.0,biological_process
NADP metabolic process,0.0,biological_process
glucose 6-phosphate metabolic process,0.0,biological_process
Glycolysis,0.0,pathway
regulation of potassium ion transport,0.0,biological_process
carbohydrate phosphorylation,0.0,biological_process
PFKFB2,0.0,gene/protein
PFKFB1,0.0,gene/protein
calcium ion import,0.0,biological_process
Progeroid facial appearance,0.0,effect/phenotype
Abnormal cardiovascular system physiology,0.0,effect/phenotype
Loss of subcutaneous adipose tissue from upper limbs,0.0,effect/phenotype
Loss of truncal subcutaneous adipose tissue,0.0,effect/phenotype
Sporadic,0.0,effect/phenotype
Polycystic ovaries,0.0,effect/phenotype
Progressive loss of facial adipose tissue,0.0,effect/phenotype
Abnormal circulating lipid concentration,0.0,effect/phenotype
TWF1,0.0,gene/protein
Microscopic hematuria,0.0,effect/phenotype
Accelerated skeletal maturation,0.0,effect/phenotype
Overweight,0.0,effect/phenotype
Pointed chin,0.0,effect/phenotype
Decreased response to growth hormone stimuation test,0.0,effect/phenotype
Recurrent hypoglycemia,0.0,effect/phenotype
Clinodactyly of the 5th finger,0.0,effect/phenotype
Few cafe-au-lait spots,0.0,effect/phenotype
Glomerulopathy,0.0,effect/phenotype
TTC28,0.0,gene/protein
heme metabolic process,0.0,biological_process
heme transport,0.0,biological_process
Gray matter heterotopia,0.0,effect/phenotype
Calcitonin-like ligand receptors,0.0,pathway
negative regulation of amyloid fibril formation,0.0,biological_process
positive regulation of immunoglobulin production,0.0,biological_process
GALNT12,0.0,gene/protein
Autoimmunity,0.0,effect/phenotype
Abnormality of complement system,0.0,immune_effect/phenotype
Long foot,0.0,effect/phenotype
Sparse scalp hair,0.0,effect/phenotype
Knee flexion contracture,0.0,effect/phenotype
Hip dislocation,0.0,effect/phenotype
Large hands,0.0,effect/phenotype
Failure to thrive,0.0,effect/phenotype
Abnormality of the pinna,0.0,effect/phenotype
Hypoplasia of the frontal lobes,0.0,effect/phenotype
negative regulation of protein-containing complex assembly,0.0,biological_process
Straight clavicles,0.0,effect/phenotype
Tibial bowing,0.0,effect/phenotype
Abnormality of female external genitalia,0.0,effect/phenotype
Moyamoya phenomenon,0.0,effect/phenotype
Hypoplastic scapulae,0.0,effect/phenotype
Cholestasis,0.0,effect/phenotype
Bilateral single transverse palmar creases,0.0,effect/phenotype
Areas of hypopigmentation and hyperpigmentation that do not follow Blaschko lines,0.0,immune_effect/phenotype
Abnormality of the coagulation cascade,0.0,effect/phenotype
Femoral bowing,0.0,effect/phenotype
Micromelia,0.0,effect/phenotype
Iris hypopigmentation,0.0,immune_effect/phenotype
Prolonged partial thromboplastin time,0.0,effect/phenotype
Portal hypertension,0.0,effect/phenotype
Increased serum bile acid concentration,0.0,effect/phenotype
Hypolipidemia,0.0,effect/phenotype
Slurred speech,0.0,effect/phenotype
Microdontia,0.0,effect/phenotype
Short distal phalanx of finger,0.0,effect/phenotype
Infantile onset,0.0,effect/phenotype
Encephalopathy,0.0,effect/phenotype
Ataxia,0.0,effect/phenotype
Abnormal bleeding,0.0,effect/phenotype
Jaundice,0.0,effect/phenotype
Giant cell hepatitis,0.0,immune_effect/phenotype
Hepatitis,0.0,effect/phenotype
Pseudoepiphyses of the metacarpals,0.0,effect/phenotype
Radial bowing,0.0,effect/phenotype
Large sella turcica,0.0,effect/phenotype
Cone-shaped epiphysis,0.0,effect/phenotype
Vertical supranuclear gaze palsy,0.0,effect/phenotype
Ivory epiphyses,0.0,effect/phenotype
Truncal obesity,0.0,effect/phenotype
Hypoplasia of dental enamel,0.0,effect/phenotype
Dilatation of the cerebral artery,0.0,effect/phenotype
Intrahepatic cholestasis,0.0,effect/phenotype
WRAP53,0.0,gene/protein
SMAD6,0.0,gene/protein
SIRPA,0.0,gene/protein
Hip contracture,0.0,effect/phenotype
Short metacarpal,0.0,effect/phenotype
Single transverse palmar crease,0.0,effect/phenotype
Neonatal cholestatic liver disease,0.0,effect/phenotype
Iron deficiency anemia,0.0,effect/phenotype
Osteoporosis,0.0,effect/phenotype
Small anterior fontanelle,0.0,effect/phenotype
Agenesis of cerebellar vermis,0.0,effect/phenotype
Bowed humerus,0.0,effect/phenotype
Progressive,0.0,effect/phenotype
DDAH2,0.0,gene/protein
WDR54,0.0,gene/protein
FRS3,0.0,gene/protein
CORO1C,0.0,gene/protein
11 pairs of ribs,0.0,effect/phenotype
Abnormality of coagulation,0.0,effect/phenotype
Pruritus,0.0,effect/phenotype
Chronic hepatic failure,0.0,effect/phenotype
Stillbirth,0.0,effect/phenotype
Aplasia/Hypoplasia of the thymus,0.0,effect/phenotype
Elevated alkaline phosphatase,0.0,effect/phenotype
Neonatal onset,0.0,effect/phenotype
Low levels of vitamin D,0.0,effect/phenotype
WDR18,0.0,gene/protein
Dysmetria,0.0,effect/phenotype
Portal fibrosis,0.0,effect/phenotype
Acholic stools,0.0,effect/phenotype
Retrognathia,0.0,effect/phenotype
Congenital hepatic fibrosis,0.0,effect/phenotype
Gastrointestinal hemorrhage,0.0,effect/phenotype
YES1,0.0,gene/protein
WDR82,0.0,gene/protein
"Intellectual disability, mild",0.0,effect/phenotype
Multiple cafe-au-lait spots,0.0,effect/phenotype
Pectus carinatum,0.0,effect/phenotype
Delayed cranial suture closure,0.0,effect/phenotype
Class II obesity,0.0,effect/phenotype
Class III obesity,0.0,effect/phenotype
Class I obesity,0.0,effect/phenotype
Abnormal rectum morphology,0.0,effect/phenotype
Attention deficit hyperactivity disorder,0.0,effect/phenotype
Microtia,0.0,effect/phenotype
Generalized hyperpigmentation,0.0,immune_effect/phenotype
Renal cyst,0.0,effect/phenotype
Biliary tract abnormality,0.0,effect/phenotype
Tetralogy of Fallot,0.0,effect/phenotype
Shoulder flexion contracture,0.0,effect/phenotype
Ulnar bowing,0.0,effect/phenotype
Hypoplastic iliac wing,0.0,effect/phenotype
Mood changes,0.0,effect/phenotype
Astrocytoma,0.0,effect/phenotype
Hypocholesterolemia,0.0,effect/phenotype
Hepatic necrosis,0.0,effect/phenotype
Hemobilia,0.0,effect/phenotype
Liver abscess,0.0,effect/phenotype
Old-aged sensorineural hearing impairment,0.0,effect/phenotype
Gingivitis,0.0,effect/phenotype
Gingival bleeding,0.0,effect/phenotype
Reduced catalase level,0.0,effect/phenotype
Dry skin,0.0,effect/phenotype
Poor appetite,0.0,effect/phenotype
Abnormality of the liver,0.0,effect/phenotype
Abdominal pain,0.0,effect/phenotype
Neoplasm of the larynx,0.0,effect/phenotype
Abdominal distention,0.0,effect/phenotype
Parkinsonism,0.0,effect/phenotype
Lymphocytosis,0.0,immune_effect/phenotype
Hepatic encephalopathy,0.0,effect/phenotype
Esophageal varix,0.0,effect/phenotype
Thin clavicles,0.0,effect/phenotype
Hypermetropia,0.0,effect/phenotype
Short neck,0.0,effect/phenotype
Coarctation of aorta,0.0,effect/phenotype
Hypoplastic ilia,0.0,effect/phenotype
Narrow chest,0.0,effect/phenotype
Elbow dislocation,0.0,effect/phenotype
Delayed skeletal maturation,0.0,effect/phenotype
Thrombocytosis,0.0,effect/phenotype
Prominent nasal bridge,0.0,effect/phenotype
execution phase of apoptosis,0.0,biological_process
Flared metaphysis,0.0,effect/phenotype
Short 1st metacarpal,0.0,effect/phenotype
Proximal femoral epiphysiolysis,0.0,effect/phenotype
Limited elbow extension,0.0,effect/phenotype
Narrow pelvis bone,0.0,effect/phenotype
Cafe-au-lait spot,0.0,effect/phenotype
Depressed nasal bridge,0.0,effect/phenotype
Hypoglycemia,0.0,effect/phenotype
Panniculitis,0.0,effect/phenotype
Dyspnea,0.0,effect/phenotype
Bone pain,0.0,effect/phenotype
Skeletal muscle hypertrophy,0.0,effect/phenotype
Severe periodontitis,0.0,effect/phenotype
Gangrene,0.0,effect/phenotype
Premature loss of permanent teeth,0.0,effect/phenotype
Hepatic fibrosis,0.0,effect/phenotype
Hypoplasia of the capital femoral epiphysis,0.0,effect/phenotype
Hypercholesterolemia,0.0,effect/phenotype
Nyctalopia,0.0,effect/phenotype
High pitched voice,0.0,effect/phenotype
Slender long bone,0.0,effect/phenotype
Long clavicles,0.0,effect/phenotype
Increased total iron binding capacity,0.0,effect/phenotype
Tremor,0.0,effect/phenotype
Short middle phalanx of finger,0.0,effect/phenotype
Aplasia/Hypoplasia of the earlobes,0.0,effect/phenotype
