node,degree_centrality,node_type
Increased antibiotic exposure,0.14242349659529083,effect/phenotype
ETS1,0.12519484781360243,gene/protein
 antibiotic inactivation,0.10304372795143162,resistance_mechanism
cephalosporin,0.08983509721880384,drug_class
carbapenem,0.06235130035277709,drug_class
EGFR,0.06194109442940356,gene/protein
Klebsiella pneumoniae,0.0550496349167282,bacteria
Pseudomonas aeruginosa,0.054311264254655836,bacteria
hepatocellular carcinoma,0.0538190171466076,disease
penam,0.05357289359258348,drug_class
X-linked intellectual disability,0.04569693986381163,disease
Acinetobacter baumannii,0.045204692755763394,bacteria
Escherichia coli,0.04200508655344983,bacteria
RELA,0.040118139305931576,gene/protein
NFKB1,0.036426285995569775,gene/protein
HNF4A,0.031914020838460906,gene/protein
monobactam,0.03109360899171384,drug_class
SOD1,0.02986299122159324,gene/protein
TNF,0.029370744113545,gene/protein
ATF3,0.029042579374846174,gene/protein
CASP8,0.02535072606448437,gene/protein
SIRT1,0.025022561325785543,gene/protein
TGFB1,0.02362786118631553,gene/protein
type 2 diabetes mellitus,0.02288949052424317,disease
PPARG,0.021822955123471984,gene/protein
BCL2,0.02116662564607433,gene/protein
diabetes mellitus (disease),0.019197637213881368,disease
retinitis pigmentosa,0.018623348921158422,disease
autosomal recessive spinocerebellar ataxia,0.018295184182459595,disease
CASP3,0.01813110181311018,gene/protein
obesity disorder,0.01739273115103782,effect/phenotype
PAX6,0.01698252522766429,gene/protein
PPARGC1A,0.01698252522766429,gene/protein
Immunodeficiency,0.016490278119616047,immune_effect/phenotype
TNFRSF1A,0.016490278119616047,gene/protein
 antibiotic target alteration,0.016080072196242513,resistance_mechanism
PTPN1,0.01599803101156781,gene/protein
BCL2L1,0.0159159898268931,gene/protein
INSR,0.01542374271884486,gene/protein
 antibiotic efflux,0.01542374271884486,resistance_mechanism
PRKCB,0.015341701534170154,gene/protein
AKT2,0.015013536795471327,gene/protein
PPARA,0.014767413241447206,gene/protein
HMGA1,0.014521289687423087,gene/protein
Staphylococcus aureus,0.014029042579374847,bacteria
PSMD6,0.01394700139470014,gene/protein
aminoglycoside,0.013618836656001313,drug_class
penem,0.013290671917302486,drug_class
INS,0.013126589547953073,gene/protein
BRAF,0.013044548363278365,gene/protein
fluoroquinolone,0.01296250717860366,drug_class
NOS3,0.012716383624579539,gene/protein
IRS1,0.012716383624579539,gene/protein
MTNR1B,0.012634342439904833,gene/protein
ADIPOQ,0.012634342439904833,gene/protein
cephamycin,0.012552301255230125,drug_class
microcephalic osteodysplastic primordial dwarfism,0.012224136516531299,disease
tetracycline,0.011485765854458938,drug_class
GLP1R,0.011321683485109525,gene/protein
HMOX1,0.011321683485109525,gene/protein
LEP,0.011157601115760111,gene/protein
alpha-mannosidosis,0.011075559931085405,disease
FAS,0.010911477561735992,gene/protein
EDN1,0.010665354007711871,gene/protein
ATP2A2,0.010583312823037165,gene/protein
NOTCH2,0.010583312823037165,gene/protein
Enterococcus faecalis,0.010255148084338337,bacteria
ICAM1,0.010091065714988924,gene/protein
BCL2L11,0.00992698334563951,gene/protein
HMG20A,0.009762900976290097,gene/protein
ID1,0.009352695052916565,gene/protein
NOS2,0.009188612683567151,gene/protein
SOD2,0.00894248912954303,gene/protein
macrolide,0.008860447944868325,drug_class
monosomy X,0.008778406760193617,disease
TCF7L2,0.00869636557551891,gene/protein
IRS2,0.008614324390844204,gene/protein
NEUROD1,0.008614324390844204,gene/protein
phenicol,0.00845024202149479,drug_class
mosaic monosomy X,0.008368200836820083,disease
CCND2,0.008368200836820083,gene/protein
C3,0.00795799491344655,gene/protein
SLC30A8,0.007875953728771843,gene/protein
INPPL1,0.00771187135942243,gene/protein
SMAD5,0.007629830174747723,gene/protein
peptide,0.007629830174747723,drug_class
UBE2E2,0.007547788990073016,gene/protein
VPS26A,0.007383706620723603,gene/protein
CISD2,0.00721962425137419,gene/protein
HNF1A,0.007137583066699483,gene/protein
CAT,0.006891459512675363,gene/protein
diaminopyrimidine,0.006645335958651243,drug_class
PROX1,0.006563294773976536,gene/protein
autoimmune polyendocrine,0.00648125358930183,disease
CYBA,0.00648125358930183,gene/protein
UBC,0.006317171219952416,gene/protein
Mycobacterium tuberculosis,0.006317171219952416,bacteria
EDNRB,0.006317171219952416,gene/protein
SLC2A1,0.006317171219952416,gene/protein
SNAP25,0.00623513003527771,gene/protein
GNB3,0.006153088850603003,gene/protein
KCNQ1,0.006071047665928296,gene/protein
neonatal diabetes mellitus,0.006071047665928296,disease
disinfecting agents and antiseptics,0.005906965296578882,drug_class
TNFRSF1B,0.005824924111904176,gene/protein
MAPK8IP1,0.005824924111904176,gene/protein
LEPR,0.005660841742554762,gene/protein
NFATC2,0.005496759373205349,gene/protein
Insulin resistance,0.005496759373205349,effect/phenotype
pneumonia,0.005496759373205349,disease
SHBG,0.005496759373205349,gene/protein
congenital bile acid synthesis defect,0.005414718188530642,disease
Streptococcus pneumoniae,0.005414718188530642,bacteria
HHEX,0.005332677003855936,gene/protein
CPT1A,0.005168594634506522,gene/protein
PDX1,0.005168594634506522,gene/protein
glycopeptide,0.005168594634506522,drug_class
lipodystrophy,0.005086553449831816,disease
ATP2A3,0.005004512265157109,gene/protein
RNF6,0.004840429895807696,gene/protein
WFS1,0.004840429895807696,gene/protein
GPX1,0.004758388711132989,gene/protein
ataxia telangiectasia,0.004676347526458282,disease
 antibiotic target replacement,0.004676347526458282,resistance_mechanism
CYP1A2,0.004594306341783576,gene/protein
 antibiotic target protection,0.004430223972434162,resistance_mechanism
KCNJ11,0.004430223972434162,gene/protein
ECE1,0.004430223972434162,gene/protein
diabetic ketoacidosis,0.004348182787759455,disease
FTO,0.004348182787759455,gene/protein
SFRP4,0.004266141603084748,gene/protein
PAM,0.004266141603084748,gene/protein
TIMP1,0.004020018049060628,gene/protein
gene silencing by miRNA,0.004020018049060628,biological_process
GCG,0.004020018049060628,gene/protein
HK1,0.004020018049060628,gene/protein
lincosamide,0.004020018049060628,drug_class
ITGA1,0.0039379768643859215,gene/protein
CBS,0.003855935679711215,gene/protein
THADA,0.003855935679711215,gene/protein
HP,0.003855935679711215,gene/protein
EDNRA,0.003855935679711215,gene/protein
myopathy and diabetes mellitus,0.003773894495036508,disease
rifamycin,0.003773894495036508,drug_class
motor developmental delay due to 14q32.2 paternally expressed gene defect,0.003773894495036508,disease
streptogramin,0.0036918533103618015,drug_class
UCP2,0.0036918533103618015,gene/protein
OGG1,0.003609812125687095,gene/protein
S100A6,0.003609812125687095,gene/protein
DNA ligase IV deficiency,0.003609812125687095,disease
MAEA,0.003527770941012388,gene/protein
MIRLET7D,0.003527770941012388,gene/protein
maturity-onset diabetes of the young,0.003527770941012388,disease
HBA1,0.003527770941012388,gene/protein
FGF21,0.0034457297563376815,gene/protein
craniopharyngioma,0.0034457297563376815,disease
HNF1B,0.0034457297563376815,gene/protein
MIR221,0.003281647386988268,gene/protein
ABCC8,0.003281647386988268,gene/protein
ADCY5,0.0031996062023135615,gene/protein
glycylcycline,0.003117565017638855,drug_class
NUS1,0.003117565017638855,gene/protein
phosphonic acid,0.003117565017638855,drug_class
SLC2A4,0.003035523832964148,gene/protein
Hyperglycemia,0.003035523832964148,effect/phenotype
USP48,0.003035523832964148,gene/protein
GRB14,0.003035523832964148,gene/protein
ENPP1,0.003035523832964148,gene/protein
GCK,0.002953482648289441,gene/protein
ZC3HC1,0.002953482648289441,gene/protein
SLC1A2,0.002953482648289441,gene/protein
JADE2,0.002953482648289441,gene/protein
aminocoumarin,0.0028714414636147345,drug_class
MOK,0.002789400278940028,gene/protein
CCDC92,0.002789400278940028,gene/protein
streptogramin A,0.002707359094265321,drug_class
KSR2,0.002707359094265321,gene/protein
maternally-inherited diabetes and deafness,0.002707359094265321,disease
NKX6-1,0.0026253179095906145,gene/protein
AR,0.0026253179095906145,gene/protein
ST6GAL1,0.0026253179095906145,gene/protein
PLEKHA1,0.002543276724915908,gene/protein
DGKD,0.002543276724915908,gene/protein
GATA2,0.002461235540241201,gene/protein
Kennedy disease,0.002461235540241201,disease
IAPP,0.002461235540241201,gene/protein
sideroblastic anemia,0.002461235540241201,disease
EP300,0.0023791943555664945,gene/protein
CDO1,0.002297153170891788,gene/protein
KL,0.002297153170891788,gene/protein
MIR222,0.002297153170891788,gene/protein
AUTS2,0.002297153170891788,gene/protein
CTNNB1,0.002297153170891788,gene/protein
regulation of transcription by RNA polymerase II,0.002215111986217081,biological_process
positive regulation of transcription by RNA polymerase II,0.002215111986217081,biological_process
narcolepsy,0.002215111986217081,disease
Peripheral neuropathy,0.002133070801542374,effect/phenotype
MRAS,0.0020510296168676674,gene/protein
HLA-DRB5,0.0020510296168676674,gene/protein
IGF2BP2,0.0020510296168676674,gene/protein
SLC22A3,0.0020510296168676674,gene/protein
streptogramin B,0.0020510296168676674,drug_class
LIPC,0.0020510296168676674,gene/protein
methanol poisoning,0.0020510296168676674,disease
MIR27A,0.0020510296168676674,gene/protein
PAX4,0.0019689884321929607,gene/protein
EGR1,0.0019689884321929607,gene/protein
SCTR,0.0019689884321929607,gene/protein
Burkholderia pseudomallei,0.0019689884321929607,bacteria
MIR126,0.0019689884321929607,gene/protein
aromatase deficiency,0.0019689884321929607,disease
negative regulation of transcription by RNA polymerase II,0.0019689884321929607,biological_process
KCNK16,0.0019689884321929607,gene/protein
GPD2,0.0019689884321929607,gene/protein
pleuromutilin,0.001886947247518254,drug_class
sulfonamide,0.001886947247518254,drug_class
negative regulation of apoptotic process,0.001886947247518254,biological_process
HPX,0.001886947247518254,gene/protein
Seizure,0.001886947247518254,effect/phenotype
RETN,0.0018049060628435474,gene/protein
EPC2,0.0018049060628435474,gene/protein
MIR195,0.0018049060628435474,gene/protein
MIR144,0.0018049060628435474,gene/protein
positive regulation of cell population proliferation,0.0018049060628435474,biological_process
STAT3,0.0017228648781688408,gene/protein
MIR98,0.0017228648781688408,gene/protein
"positive regulation of transcription, DNA-templated",0.0017228648781688408,biological_process
response to drug,0.0017228648781688408,biological_process
nucleoside,0.0017228648781688408,drug_class
GCGR,0.0017228648781688408,gene/protein
IL13RA1,0.0017228648781688408,gene/protein
MIR204,0.001640823693494134,gene/protein
MIR140,0.001640823693494134,gene/protein
glucose homeostasis,0.001640823693494134,biological_process
AKT1,0.001640823693494134,gene/protein
melioidosis,0.001640823693494134,disease
FOXP3,0.001640823693494134,gene/protein
SLC2A2,0.001640823693494134,gene/protein
MAT1A,0.001640823693494134,gene/protein
GSTM1,0.0015587825088194274,gene/protein
SP1,0.0015587825088194274,gene/protein
OprM,0.0015587825088194274,resistance_gene
JUN,0.0015587825088194274,gene/protein
MIR214,0.0015587825088194274,gene/protein
MIR125B1,0.0015587825088194274,gene/protein
CTNND1,0.0015587825088194274,gene/protein
BHMT,0.0015587825088194274,gene/protein
CDKAL1,0.0015587825088194274,gene/protein
Hepatomegaly,0.0015587825088194274,effect/phenotype
CNKSR2,0.0015587825088194274,gene/protein
GLIS3,0.0015587825088194274,gene/protein
signal transduction,0.0015587825088194274,biological_process
GCKR,0.0015587825088194274,gene/protein
TolC,0.0014767413241447206,resistance_gene
mexR,0.0014767413241447206,resistance_gene
Pseudomonas aeruginosa CpxR,0.0014767413241447206,resistance_gene
Escherichia coli soxS with mutation conferring antibiotic resistance,0.0014767413241447206,resistance_gene
Autosomal dominant inheritance,0.0014767413241447206,effect/phenotype
CAPN10,0.0014767413241447206,gene/protein
PRKCA,0.0014767413241447206,gene/protein
KPNA1,0.0014767413241447206,gene/protein
PCSK2,0.0014767413241447206,gene/protein
ADAMTS9,0.0014767413241447206,gene/protein
ARMC8,0.0014767413241447206,gene/protein
RAP1GDS1,0.0014767413241447206,gene/protein
PKP3,0.001394700139470014,gene/protein
ANKAR,0.001394700139470014,gene/protein
MexA,0.001394700139470014,resistance_gene
PKP4,0.001394700139470014,gene/protein
ARVCF,0.001394700139470014,gene/protein
positive regulation of gene expression,0.001394700139470014,biological_process
AP3S2,0.001394700139470014,gene/protein
ARMC1,0.001394700139470014,gene/protein
CTNND2,0.001394700139470014,gene/protein
ARMC3,0.001394700139470014,gene/protein
nalD,0.001394700139470014,resistance_gene
nalC,0.001394700139470014,resistance_gene
KPNA5,0.001394700139470014,gene/protein
SPAG6,0.001394700139470014,gene/protein
MAPK1,0.001394700139470014,gene/protein
KRT17,0.001394700139470014,gene/protein
ArmR,0.001394700139470014,resistance_gene
pituitary gigantism,0.001394700139470014,disease
KPNA6,0.001394700139470014,gene/protein
hyperinsulinism due to glucokinase deficiency,0.001394700139470014,disease
PKP2,0.001394700139470014,gene/protein
MexB,0.001394700139470014,resistance_gene
marA,0.001394700139470014,resistance_gene
ARMC6,0.001394700139470014,gene/protein
cytokine-mediated signaling pathway,0.0013126589547953072,biological_process
Elevated hepatic transaminase,0.0013126589547953072,effect/phenotype
ITLN1,0.0013126589547953072,gene/protein
MAPK8,0.0013126589547953072,gene/protein
autosomal recessive ataxia due to PEX10 deficiency,0.0013126589547953072,disease
negative regulation of cell population proliferation,0.0013126589547953072,biological_process
MYC,0.0013126589547953072,gene/protein
positive regulation of protein phosphorylation,0.0013126589547953072,biological_process
MIR181C,0.0013126589547953072,gene/protein
YBX1,0.0013126589547953072,gene/protein
ramA,0.0013126589547953072,resistance_gene
ParS,0.0013126589547953072,resistance_gene
acatalasia,0.0013126589547953072,disease
positive regulation of protein kinase B signaling,0.0013126589547953072,biological_process
STAT1,0.0013126589547953072,gene/protein
ARMC7,0.0013126589547953072,gene/protein
JAZF1,0.0013126589547953072,gene/protein
TCF4,0.0013126589547953072,gene/protein
ParR,0.0013126589547953072,resistance_gene
Recurrent respiratory infections,0.0013126589547953072,effect/phenotype
UBE2I,0.0012306177701206006,gene/protein
regulation of insulin secretion,0.0012306177701206006,biological_process
GRB2,0.0012306177701206006,gene/protein
TP53,0.0012306177701206006,gene/protein
G protein-coupled receptor signaling pathway,0.0012306177701206006,biological_process
ESR1,0.0012306177701206006,gene/protein
E2F1,0.0012306177701206006,gene/protein
positive regulation of apoptotic process,0.0012306177701206006,biological_process
periodontitis,0.0012306177701206006,disease
Autosomal recessive inheritance,0.0012306177701206006,effect/phenotype
PEPD,0.0012306177701206006,gene/protein
oxazolidinone,0.0012306177701206006,drug_class
MIR17HG,0.0012306177701206006,gene/protein
adeN,0.001148576585445894,resistance_gene
MIR142,0.001148576585445894,gene/protein
FOS,0.001148576585445894,gene/protein
CAV1,0.001148576585445894,gene/protein
Postprandial hyperglycemia,0.001148576585445894,effect/phenotype
TEM-116,0.001148576585445894,resistance_gene
negative regulation of inflammatory response,0.001148576585445894,biological_process
SUMO1,0.001148576585445894,gene/protein
ErmB,0.001148576585445894,resistance_gene
obesity due to CEP19 deficiency,0.001066535400771187,disease
negative regulation of gene expression,0.001066535400771187,biological_process
response to hypoxia,0.001066535400771187,biological_process
Mycobacterium tuberculosis 23S rRNA mutation conferring resistance to capreomycin,0.001066535400771187,resistance_gene
adeK,0.001066535400771187,resistance_gene
ErmC,0.001066535400771187,resistance_gene
GSK3B,0.001066535400771187,gene/protein
isoniazid-like,0.001066535400771187,drug_class
sulfone,0.001066535400771187,drug_class
YajC,0.001066535400771187,resistance_gene
cell differentiation,0.001066535400771187,biological_process
YWHAB,0.001066535400771187,gene/protein
PIK3R1,0.001066535400771187,gene/protein
MAPK14,0.001066535400771187,gene/protein
adeI,0.001066535400771187,resistance_gene
APP,0.001066535400771187,gene/protein
RXRA,0.001066535400771187,gene/protein
CDK1,0.001066535400771187,gene/protein
Escherichia coli marR mutant conferring antibiotic resistance,0.001066535400771187,resistance_gene
mexY,0.001066535400771187,resistance_gene
CMIP,0.001066535400771187,gene/protein
MexZ,0.001066535400771187,resistance_gene
adeJ,0.001066535400771187,resistance_gene
CREBBP,0.001066535400771187,gene/protein
Cardiomegaly,0.0009844942160964804,effect/phenotype
Pseudomonas aeruginosa soxR,0.0009844942160964804,resistance_gene
"negative regulation of transcription, DNA-templated",0.0009844942160964804,biological_process
OprJ,0.0009844942160964804,resistance_gene
positive regulation of ERK1 and ERK2 cascade,0.0009844942160964804,biological_process
MIR203A,0.0009844942160964804,gene/protein
cellular response to insulin stimulus,0.0009844942160964804,biological_process
MexD,0.0009844942160964804,resistance_gene
Klebsiella pneumoniae KpnE,0.0009844942160964804,resistance_gene
Klebsiella pneumoniae KpnH,0.0009844942160964804,resistance_gene
CEBPB,0.0009844942160964804,gene/protein
Staphylococcus aureus 23S rRNA with mutation conferring resistance to linezolid,0.0009844942160964804,resistance_gene
Escherichia coli 23S rRNA with mutation conferring resistance to oxazolidinone antibiotics,0.0009844942160964804,resistance_gene
miRNA mediated inhibition of translation,0.0009844942160964804,biological_process
REST,0.0009844942160964804,gene/protein
PARP1,0.0009844942160964804,gene/protein
AcrS,0.0009844942160964804,resistance_gene
Klebsiella pneumoniae acrR with mutation conferring multidrug antibiotic resistance,0.0009844942160964804,resistance_gene
Klebsiella pneumoniae ramR mutants,0.0009844942160964804,resistance_gene
IKBKB,0.0009844942160964804,gene/protein
ZFAND3,0.0009844942160964804,gene/protein
Escherichia coli acrR with mutation conferring multidrug antibiotic resistance,0.0009844942160964804,resistance_gene
Hearing impairment,0.0009844942160964804,effect/phenotype
CSNK2A1,0.0009844942160964804,gene/protein
SRC,0.0009844942160964804,gene/protein
HSP90AA1,0.0009844942160964804,gene/protein
response to insulin,0.0009844942160964804,biological_process
tuberculosis,0.0009844942160964804,disease
ABCB1,0.0009844942160964804,gene/protein
GATA1,0.0009844942160964804,gene/protein
nybomycin-like,0.0009844942160964804,drug_class
MAPK3,0.0009844942160964804,gene/protein
cfrA,0.0009844942160964804,resistance_gene
Escherichia coli soxR with mutation conferring antibiotic resistance,0.0009844942160964804,resistance_gene
MexC,0.0009844942160964804,resistance_gene
Clostridioides difficile 23S rRNA with mutation conferring resistance to erythromycin and clindamycin,0.0009844942160964804,resistance_gene
IMP-14,0.0009024530314217737,resistance_gene
clcD,0.0009024530314217737,resistance_gene
Type A NfxB,0.0009024530314217737,resistance_gene
regulation of blood pressure,0.0009024530314217737,biological_process
HSPA5,0.0009024530314217737,gene/protein
SMAD3,0.0009024530314217737,gene/protein
GP2,0.0009024530314217737,gene/protein
NR3C1,0.0009024530314217737,gene/protein
KPC-2,0.0009024530314217737,resistance_gene
RB1,0.0009024530314217737,gene/protein
"regulation of transcription, DNA-templated",0.0009024530314217737,biological_process
IMP-1,0.0009024530314217737,resistance_gene
inflammatory response,0.0009024530314217737,biological_process
ABL1,0.0009024530314217737,gene/protein
acrB,0.0009024530314217737,resistance_gene
NDM-9,0.0009024530314217737,resistance_gene
RAF1,0.0009024530314217737,gene/protein
Intellectual disability,0.0009024530314217737,effect/phenotype
glucose metabolic process,0.0009024530314217737,biological_process
SOCS3,0.0009024530314217737,gene/protein
ELAVL1,0.0009024530314217737,gene/protein
Escherichia coli 23S rRNA with mutation conferring resistance to erythromycin and telithromycin,0.0009024530314217737,resistance_gene
Klebsiella pneumoniae KpnG,0.0009024530314217737,resistance_gene
Klebsiella pneumoniae KpnF,0.0009024530314217737,resistance_gene
Escherichia coli 23S rRNA with mutation conferring resistance to clindamycin,0.0009024530314217737,resistance_gene
qacJ,0.0009024530314217737,resistance_gene
response to ethanol,0.0009024530314217737,biological_process
CHUK,0.0009024530314217737,gene/protein
Escherichia coli acrA,0.0009024530314217737,resistance_gene
Helicobacter pylori 23S rRNA with mutation conferring resistance to clarithromycin,0.0009024530314217737,resistance_gene
qacG,0.0009024530314217737,resistance_gene
mdeA,0.0009024530314217737,resistance_gene
TMEM18,0.0009024530314217737,gene/protein
APH(3')-Ia,0.0009024530314217737,resistance_gene
Decreased circulating antibody level,0.000820411846747067,immune_effect/phenotype
ACTB,0.000820411846747067,gene/protein
IMP-4,0.000820411846747067,resistance_gene
ErmT,0.000820411846747067,resistance_gene
Neurodegeneration,0.000820411846747067,effect/phenotype
IMP-6,0.000820411846747067,resistance_gene
H-NS,0.000820411846747067,resistance_gene
NDM-1,0.000820411846747067,resistance_gene
VIM-1,0.000820411846747067,resistance_gene
VIM-4,0.000820411846747067,resistance_gene
rsmA,0.000820411846747067,resistance_gene
Recurrent bacterial infections,0.000820411846747067,effect/phenotype
GATA3,0.000820411846747067,gene/protein
AURKA,0.000820411846747067,gene/protein
KPC-3,0.000820411846747067,resistance_gene
positive regulation of glucose import,0.000820411846747067,biological_process
MIR205,0.000820411846747067,gene/protein
MIR141,0.000820411846747067,gene/protein
positive regulation of blood vessel endothelial cell migration,0.000820411846747067,biological_process
PRKACA,0.000820411846747067,gene/protein
tet(C),0.000820411846747067,resistance_gene
Global developmental delay,0.000820411846747067,effect/phenotype
urinary tract infection (disease),0.000820411846747067,disease
response to hydrogen peroxide,0.000820411846747067,biological_process
MAPK9,0.000820411846747067,gene/protein
cellular response to hypoxia,0.000820411846747067,biological_process
Interleukin-4 and Interleukin-13 signaling,0.000820411846747067,pathway
TEM-2,0.000820411846747067,resistance_gene
SUZ12,0.000820411846747067,gene/protein
PPP1R3A,0.000820411846747067,gene/protein
NFKBIA,0.000820411846747067,gene/protein
GIM-1,0.000820411846747067,resistance_gene
HSP90AB1,0.000820411846747067,gene/protein
mgrA,0.000820411846747067,resistance_gene
  reduced permeability to antibiotic,0.000820411846747067,resistance_mechanism
response to estradiol,0.000820411846747067,biological_process
BRCA1,0.000820411846747067,gene/protein
response to lipopolysaccharide,0.000820411846747067,biological_process
HTT,0.000820411846747067,gene/protein
CYSRT1,0.000820411846747067,gene/protein
Regulation of gene expression in beta cells,0.000820411846747067,pathway
aging,0.000820411846747067,biological_process
VIM-2,0.000820411846747067,resistance_gene
IMP-26,0.000820411846747067,resistance_gene
TEM-1,0.000820411846747067,resistance_gene
Transcriptional regulation of white adipocyte differentiation,0.000820411846747067,pathway
Intrauterine growth retardation,0.000820411846747067,effect/phenotype
MAPK cascade,0.000820411846747067,biological_process
PER-1,0.000820411846747067,resistance_gene
TEM-171,0.000820411846747067,resistance_gene
Increased body weight,0.0007383706620723603,effect/phenotype
Pulmonary arterial hypertension,0.0007383706620723603,effect/phenotype
negative regulation of neuron apoptotic process,0.0007383706620723603,biological_process
cell surface receptor signaling pathway,0.0007383706620723603,biological_process
PML,0.0007383706620723603,gene/protein
Porphyromonas gingivalis,0.0007383706620723603,bacteria
MAPK6,0.0007383706620723603,gene/protein
SHV-12,0.0007383706620723603,resistance_gene
TEM-198,0.0007383706620723603,resistance_gene
OXA-232,0.0007383706620723603,resistance_gene
E2F4,0.0007383706620723603,gene/protein
IGF1R,0.0007383706620723603,gene/protein
ZNF263,0.0007383706620723603,gene/protein
cellular response to tumor necrosis factor,0.0007383706620723603,biological_process
IMP-8,0.0007383706620723603,resistance_gene
YWHAZ,0.0007383706620723603,gene/protein
YWHAG,0.0007383706620723603,gene/protein
nitrofuran,0.0007383706620723603,drug_class
MIR10B,0.0007383706620723603,gene/protein
Growth delay,0.0007383706620723603,effect/phenotype
Recurrent infections,0.0007383706620723603,effect/phenotype
IMP-38,0.0007383706620723603,resistance_gene
TEM-84,0.0007383706620723603,resistance_gene
DAXX,0.0007383706620723603,gene/protein
YWHAQ,0.0007383706620723603,gene/protein
heart development,0.0007383706620723603,biological_process
STUB1,0.0007383706620723603,gene/protein
PRKCD,0.0007383706620723603,gene/protein
tetR,0.0007383706620723603,resistance_gene
TEM-168,0.0007383706620723603,resistance_gene
osteomyelitis (disease),0.0007383706620723603,disease
Burkholderia pseudomallei Omp38,0.0007383706620723603,resistance_gene
Klebsiella pneumoniae OmpK37,0.0007383706620723603,resistance_gene
Focal-onset seizure,0.0007383706620723603,effect/phenotype
SMAD4,0.0007383706620723603,gene/protein
IMP-15,0.0007383706620723603,resistance_gene
vanW gene in vanG cluster,0.0007383706620723603,resistance_gene
OXA-10,0.0007383706620723603,resistance_gene
CALM3,0.0007383706620723603,gene/protein
HIF1A,0.0007383706620723603,gene/protein
NDM-6,0.0007383706620723603,resistance_gene
Escherichia coli ompF with mutation conferring resistance to beta-lactam antibiotics,0.0007383706620723603,resistance_gene
PRDM14,0.0007383706620723603,gene/protein
apoptotic process,0.0007383706620723603,biological_process
TEM-214,0.0007383706620723603,resistance_gene
STAT5A,0.0007383706620723603,gene/protein
positive regulation of angiogenesis,0.0007383706620723603,biological_process
SHV-5,0.0007383706620723603,resistance_gene
SCO-1,0.0007383706620723603,resistance_gene
KPC-12,0.0007383706620723603,resistance_gene
HNRNPD,0.0007383706620723603,gene/protein
ATF2,0.0007383706620723603,gene/protein
ACC-1,0.0007383706620723603,resistance_gene
GES-5,0.0007383706620723603,resistance_gene
tet(M),0.0007383706620723603,resistance_gene
PIN1,0.0007383706620723603,gene/protein
catA1,0.0007383706620723603,resistance_gene
TFAP2C,0.0007383706620723603,gene/protein
IMP-69,0.0007383706620723603,resistance_gene
OXA-1,0.0007383706620723603,resistance_gene
PER-7,0.0007383706620723603,resistance_gene
Mycobacterium tuberculosis 16S rRNA mutation conferring resistance to capreomycin,0.0007383706620723603,resistance_gene
OXA-9,0.0007383706620723603,resistance_gene
OXA-2,0.0007383706620723603,resistance_gene
Escherichia coli 16S rRNA (rrsC) mutation conferring resistance to kasugamicin,0.0007383706620723603,resistance_gene
PRKAA1,0.0007383706620723603,gene/protein
neutrophil degranulation,0.0007383706620723603,biological_process
TEM-181,0.0007383706620723603,resistance_gene
Mycobacterium tuberculosis 16S rRNA mutation conferring resistance to amikacin,0.0007383706620723603,resistance_gene
Mycobacterium tuberculosis 16S rRNA mutation conferring resistance to streptomycin,0.0007383706620723603,resistance_gene
Haemophilus influenzae PBP3 conferring resistance to beta-lactam antibiotics,0.0007383706620723603,resistance_gene
oqxB,0.0007383706620723603,resistance_gene
oqxA,0.0007383706620723603,resistance_gene
Neutrophil degranulation,0.0007383706620723603,pathway
Mycobacterium tuberculosis 16S rRNA mutation conferring resistance to viomycin,0.0007383706620723603,resistance_gene
Mycobacterium tuberculosis 16S rRNA mutation conferring resistance to kanamycin,0.0007383706620723603,resistance_gene
TEM-237,0.0007383706620723603,resistance_gene
NDM-4,0.0007383706620723603,resistance_gene
MMP9,0.0007383706620723603,gene/protein
VIM-24,0.0007383706620723603,resistance_gene
IKBKG,0.0007383706620723603,gene/protein
JUND,0.0007383706620723603,gene/protein
opmE,0.0007383706620723603,resistance_gene
mexQ,0.0007383706620723603,resistance_gene
mexP,0.0007383706620723603,resistance_gene
PTPN11,0.0007383706620723603,gene/protein
IMP-16,0.0007383706620723603,resistance_gene
ErmA,0.0007383706620723603,resistance_gene
adeF,0.0007383706620723603,resistance_gene
VIM-29,0.0007383706620723603,resistance_gene
positive regulation of phosphatidylinositol 3-kinase signaling,0.0006563294773976536,biological_process
PC1 beta-lactamase (blaZ),0.0006563294773976536,resistance_gene
TEM-163,0.0006563294773976536,resistance_gene
SHV-11,0.0006563294773976536,resistance_gene
VIM-20,0.0006563294773976536,resistance_gene
IMP-93,0.0006563294773976536,resistance_gene
TEM-26,0.0006563294773976536,resistance_gene
TEM-30,0.0006563294773976536,resistance_gene
Short stature,0.0006563294773976536,effect/phenotype
ErmG,0.0006563294773976536,resistance_gene
mecI,0.0006563294773976536,resistance_gene
IMP-11,0.0006563294773976536,resistance_gene
IMP-91,0.0006563294773976536,resistance_gene
BIRC2,0.0006563294773976536,gene/protein
cellular response to glucose stimulus,0.0006563294773976536,biological_process
Bacteremia,0.0006563294773976536,disease
MexV,0.0006563294773976536,resistance_gene
MexW,0.0006563294773976536,resistance_gene
GAPDH,0.0006563294773976536,gene/protein
PTEN,0.0006563294773976536,gene/protein
PRKAR1A,0.0006563294773976536,gene/protein
Strabismus,0.0006563294773976536,effect/phenotype
APH(3')-IIa,0.0006563294773976536,resistance_gene
VIM-36,0.0006563294773976536,resistance_gene
cfr(D),0.0006563294773976536,resistance_gene
sul1,0.0006563294773976536,resistance_gene
TEM-210,0.0006563294773976536,resistance_gene
TEM-243,0.0006563294773976536,resistance_gene
TEM-12,0.0006563294773976536,resistance_gene
IMP-18,0.0006563294773976536,resistance_gene
CTX-M-15,0.0006563294773976536,resistance_gene
Escherichia coli EF-Tu mutants conferring resistance to Pulvomycin,0.0006563294773976536,resistance_gene
mecR1,0.0006563294773976536,resistance_gene
AAC(6')-Ib-cr6,0.0006563294773976536,resistance_gene
IMP-27,0.0006563294773976536,resistance_gene
TEM-215,0.0006563294773976536,resistance_gene
negative regulation of DNA-binding transcription factor activity,0.0006563294773976536,biological_process
MDM2,0.0006563294773976536,gene/protein
MET,0.0006563294773976536,gene/protein
VIM-5,0.0006563294773976536,resistance_gene
TEM-10,0.0006563294773976536,resistance_gene
KPC-4,0.0006563294773976536,resistance_gene
VIM-11,0.0006563294773976536,resistance_gene
TEM-150,0.0006563294773976536,resistance_gene
TRAF1,0.0006563294773976536,gene/protein
Decreased liver function,0.0006563294773976536,effect/phenotype
AAC(6')-Ie-APH(2'')-Ia bifunctional protein,0.0006563294773976536,resistance_gene
IMP-10,0.0006563294773976536,resistance_gene
TEM-206,0.0006563294773976536,resistance_gene
TEM-169,0.0006563294773976536,resistance_gene
VIM-27,0.0006563294773976536,resistance_gene
VIM-19,0.0006563294773976536,resistance_gene
MIR192,0.0006563294773976536,gene/protein
FAM234A,0.0006563294773976536,gene/protein
VIM-33,0.0006563294773976536,resistance_gene
IMP-45,0.0006563294773976536,resistance_gene
APH(3')-IIIa,0.0006563294773976536,resistance_gene
IMP-7,0.0006563294773976536,resistance_gene
CTX-M-3,0.0006563294773976536,resistance_gene
SUMO2,0.0006563294773976536,gene/protein
mdtM,0.0006563294773976536,resistance_gene
VEB-1,0.0006563294773976536,resistance_gene
TEM-176,0.0006563294773976536,resistance_gene
VIM-47,0.0006563294773976536,resistance_gene
VIM-59,0.0006563294773976536,resistance_gene
VIM-63,0.0006563294773976536,resistance_gene
IMP-37,0.0006563294773976536,resistance_gene
NDM-5,0.0006563294773976536,resistance_gene
NDM-16a,0.0006563294773976536,resistance_gene
IMP-68,0.0006563294773976536,resistance_gene
ALB,0.0006563294773976536,gene/protein
PPP2CA,0.0006563294773976536,gene/protein
TEM-244,0.0006563294773976536,resistance_gene
IMP-9,0.0006563294773976536,resistance_gene
KPC-33,0.0006563294773976536,resistance_gene
SPI1,0.0006563294773976536,gene/protein
mecA,0.0006563294773976536,resistance_gene
elfamycin,0.0006563294773976536,drug_class
HDAC3,0.0006563294773976536,gene/protein
TEM-247,0.0006563294773976536,resistance_gene
SHV-1,0.0006563294773976536,resistance_gene
APH(6)-Id,0.0006563294773976536,resistance_gene
TEM-31,0.0006563294773976536,resistance_gene
IMP-56,0.0006563294773976536,resistance_gene
PER-9,0.0006563294773976536,resistance_gene
OXA-140,0.0006563294773976536,resistance_gene
catB11,0.0006563294773976536,resistance_gene
TEM-32,0.0006563294773976536,resistance_gene
Erm(37),0.0006563294773976536,resistance_gene
PLK1,0.0006563294773976536,gene/protein
ERBB2,0.0006563294773976536,gene/protein
VIM-28,0.0006563294773976536,resistance_gene
Splenomegaly,0.0006563294773976536,effect/phenotype
NCOR2,0.0006563294773976536,gene/protein
TEM-135,0.0006563294773976536,resistance_gene
ANT(2'')-Ia,0.0006563294773976536,resistance_gene
SMAD2,0.0006563294773976536,gene/protein
lsaA,0.0006563294773976536,resistance_gene
PDC-5,0.0006563294773976536,resistance_gene
MecC-type methicillin resistance repressor MecI,0.0006563294773976536,resistance_gene
VIM-72,0.0006563294773976536,resistance_gene
ANT(4')-Ia,0.0006563294773976536,resistance_gene
PRKCZ,0.0006563294773976536,gene/protein
response to glucose,0.0006563294773976536,biological_process
APH(3'')-Ib,0.0006563294773976536,resistance_gene
Streptococcus pneumoniae PBP1a conferring resistance to amoxicillin,0.0006563294773976536,resistance_gene
animal organ morphogenesis,0.0006563294773976536,biological_process
polyamine,0.0006563294773976536,drug_class
KPC-90,0.0006563294773976536,resistance_gene
TP63,0.0006563294773976536,gene/protein
Dysarthria,0.0006563294773976536,effect/phenotype
NDM-29,0.0006563294773976536,resistance_gene
response to activity,0.0006563294773976536,biological_process
IMP-23,0.0006563294773976536,resistance_gene
IMP-54,0.0006563294773976536,resistance_gene
IMP-62,0.0006563294773976536,resistance_gene
IMP-63,0.0006563294773976536,resistance_gene
IMP-74,0.0006563294773976536,resistance_gene
evgA,0.0006563294773976536,resistance_gene
CASP1,0.0006563294773976536,gene/protein
PER-10,0.0006563294773976536,resistance_gene
PER-13,0.0006563294773976536,resistance_gene
PER-8,0.0006563294773976536,resistance_gene
SREBF1,0.0006563294773976536,gene/protein
MIR487B,0.0006563294773976536,gene/protein
IMP-13,0.0006563294773976536,resistance_gene
SAT-4,0.0006563294773976536,resistance_gene
insulin receptor signaling pathway,0.0006563294773976536,biological_process
UBB,0.0006563294773976536,gene/protein
VCAM1,0.0006563294773976536,gene/protein
VIM-69,0.0006563294773976536,resistance_gene
lsaE,0.0006563294773976536,resistance_gene
A2M,0.0006563294773976536,gene/protein
PTPN6,0.0006563294773976536,gene/protein
intracellular signal transduction,0.0006563294773976536,biological_process
cellulitis (disease),0.0006563294773976536,disease
folliculitis,0.0006563294773976536,disease
Penetrating foot ulcers,0.0006563294773976536,disease
PER-3,0.0006563294773976536,resistance_gene
dfrA14,0.0006563294773976536,resistance_gene
TEM-40,0.0006563294773976536,resistance_gene
vanT gene in vanG cluster,0.0006563294773976536,resistance_gene
PIK3CA,0.0006563294773976536,gene/protein
JAK2,0.0006563294773976536,gene/protein
KPC-83,0.0006563294773976536,resistance_gene
TEM-52,0.0006563294773976536,resistance_gene
VIM-26,0.0006563294773976536,resistance_gene
OXA-4,0.0006563294773976536,resistance_gene
VIM-6,0.0006563294773976536,resistance_gene
cellular response to lipopolysaccharide,0.0006563294773976536,biological_process
IL6,0.0006563294773976536,gene/protein
TEM-33,0.0006563294773976536,resistance_gene
TEM-34,0.0006563294773976536,resistance_gene
positive regulation of cell migration,0.0006563294773976536,biological_process
PER-2,0.0006563294773976536,resistance_gene
SMARCA4,0.0006563294773976536,gene/protein
BIRC3,0.0006563294773976536,gene/protein
leukonychia totalis,0.0006563294773976536,disease
RIPK1,0.0006563294773976536,gene/protein
OprA,0.0006563294773976536,resistance_gene
NDM-3,0.0006563294773976536,resistance_gene
SHV-2A,0.0006563294773976536,resistance_gene
Generalized hypotonia,0.0006563294773976536,effect/phenotype
Failure to thrive,0.0006563294773976536,effect/phenotype
Hypotonia,0.0006563294773976536,effect/phenotype
mecC,0.0006563294773976536,resistance_gene
VIM-34,0.0006563294773976536,resistance_gene
PDC-3,0.0006563294773976536,resistance_gene
NDM-40,0.0006563294773976536,resistance_gene
lnuA,0.0006563294773976536,resistance_gene
QnrB10,0.0006563294773976536,resistance_gene
IMP-33,0.0006563294773976536,resistance_gene
msrE,0.0006563294773976536,resistance_gene
PER-4,0.0006563294773976536,resistance_gene
PIAS1,0.0006563294773976536,gene/protein
NCOA1,0.0006563294773976536,gene/protein
IMP-19,0.0006563294773976536,resistance_gene
NDM-7,0.0006563294773976536,resistance_gene
KPC-31,0.0006563294773976536,resistance_gene
KPC-100,0.0006563294773976536,resistance_gene
Staphylococcus aureus LmrS,0.0006563294773976536,resistance_gene
sul2,0.0006563294773976536,resistance_gene
IMP-34,0.0006563294773976536,resistance_gene
CMY-2,0.0006563294773976536,resistance_gene
GES-11,0.0006563294773976536,resistance_gene
TEM-110,0.000574288292722947,resistance_gene
response to nicotine,0.000574288292722947,biological_process
Erm(42),0.000574288292722947,resistance_gene
AAC(6')-IIc,0.000574288292722947,resistance_gene
NDM-37,0.000574288292722947,resistance_gene
NDM-36,0.000574288292722947,resistance_gene
vanY gene in vanB cluster,0.000574288292722947,resistance_gene
OXA-163,0.000574288292722947,resistance_gene
vgaALC,0.000574288292722947,resistance_gene
catB3,0.000574288292722947,resistance_gene
cAMP-RP,0.000574288292722947,resistance_gene
APH(3')-Ib,0.000574288292722947,resistance_gene
TEM-68,0.000574288292722947,resistance_gene
negative regulation of angiogenesis,0.000574288292722947,biological_process
positive regulation of NF-kappaB transcription factor activity,0.000574288292722947,biological_process
positive regulation of canonical Wnt signaling pathway,0.000574288292722947,biological_process
OXA-392,0.000574288292722947,resistance_gene
mphA,0.000574288292722947,resistance_gene
AAC(6')-I33,0.000574288292722947,resistance_gene
arr-3,0.000574288292722947,resistance_gene
Klebsiella pneumoniae mutant PhoQ conferring resistance to colistin,0.000574288292722947,resistance_gene
KPC-30,0.000574288292722947,resistance_gene
KPC-65,0.000574288292722947,resistance_gene
KPC-66,0.000574288292722947,resistance_gene
KPC-71,0.000574288292722947,resistance_gene
KPC-74,0.000574288292722947,resistance_gene
KPC-56,0.000574288292722947,resistance_gene
Proteinuria,0.000574288292722947,effect/phenotype
MIR30A,0.000574288292722947,gene/protein
JAK1,0.000574288292722947,gene/protein
AAC(6')-Ib-cr5,0.000574288292722947,resistance_gene
Type I diabetes mellitus,0.000574288292722947,effect/phenotype
Infantile onset,0.000574288292722947,effect/phenotype
Ataxia,0.000574288292722947,effect/phenotype
COPS5,0.000574288292722947,gene/protein
PSEN1,0.000574288292722947,gene/protein
AcrF,0.000574288292722947,resistance_gene
tet(K),0.000574288292722947,resistance_gene
KPC-93,0.000574288292722947,resistance_gene
blaC,0.000574288292722947,resistance_gene
aadA3,0.000574288292722947,resistance_gene
Impaired T cell function,0.000574288292722947,immune_effect/phenotype
negative regulation of fat cell differentiation,0.000574288292722947,biological_process
MuxA,0.000574288292722947,resistance_gene
OpmB,0.000574288292722947,resistance_gene
VEB-9,0.000574288292722947,resistance_gene
MIR483,0.000574288292722947,gene/protein
MIR339,0.000574288292722947,gene/protein
TBP,0.000574288292722947,gene/protein
vgaE,0.000574288292722947,resistance_gene
dfrA5,0.000574288292722947,resistance_gene
AAC(6')-IIa,0.000574288292722947,resistance_gene
GES-24,0.000574288292722947,resistance_gene
Pseudomonas mutant PhoP conferring resistance to colistin,0.000574288292722947,resistance_gene
CTX-M-2,0.000574288292722947,resistance_gene
HSPA8,0.000574288292722947,gene/protein
NCOR1,0.000574288292722947,gene/protein
TAF1,0.000574288292722947,gene/protein
lnuG,0.000574288292722947,resistance_gene
ANT(3'')-IIa,0.000574288292722947,resistance_gene
mphE,0.000574288292722947,resistance_gene
CTX-M-27,0.000574288292722947,resistance_gene
PRKDC,0.000574288292722947,gene/protein
YWHAE,0.000574288292722947,gene/protein
Maternal diabetes,0.000574288292722947,effect/phenotype
transport across blood-brain barrier,0.000574288292722947,biological_process
TFAP2A,0.000574288292722947,gene/protein
MuxC,0.000574288292722947,resistance_gene
MuxB,0.000574288292722947,resistance_gene
RNF2,0.000574288292722947,gene/protein
tet(D),0.000574288292722947,resistance_gene
dfrA12,0.000574288292722947,resistance_gene
dfrA10,0.000574288292722947,resistance_gene
OXA-244,0.000574288292722947,resistance_gene
23S rRNA (adenine(2058)-N(6))-methyltransferase Erm(A),0.000574288292722947,resistance_gene
Epicanthus,0.000574288292722947,effect/phenotype
Micrognathia,0.000574288292722947,effect/phenotype
Mycobacterium tuberculosis Rv1258c mutations confer resistance to ethambutol and capreomycin,0.000574288292722947,resistance_gene
"Mycobacterium tuberculosis Rv1258c mutations confer resistance to pyrazinamide, isoniazid and streptomycin",0.000574288292722947,resistance_gene
TEM-115,0.000574288292722947,resistance_gene
AAC(3)-IIc,0.000574288292722947,resistance_gene
KCNU1,0.000574288292722947,gene/protein
rmtB,0.000574288292722947,resistance_gene
catII,0.000574288292722947,resistance_gene
GES-19,0.000574288292722947,resistance_gene
TEM-156,0.000574288292722947,resistance_gene
TEM-166,0.000574288292722947,resistance_gene
PDC-454,0.000574288292722947,resistance_gene
Pseudomonas mutant PhoQ conferring resistance to colistin,0.000574288292722947,resistance_gene
aadA15,0.000574288292722947,resistance_gene
TEM-6,0.000574288292722947,resistance_gene
TEM-54,0.000574288292722947,resistance_gene
cmlA9,0.000574288292722947,resistance_gene
KPC-58,0.000574288292722947,resistance_gene
NDM-16b,0.000574288292722947,resistance_gene
KPC-94,0.000574288292722947,resistance_gene
Mrx,0.000574288292722947,resistance_gene
dfrA7,0.000574288292722947,resistance_gene
KPC-51,0.000574288292722947,resistance_gene
KPC-32,0.000574288292722947,resistance_gene
KPC-34,0.000574288292722947,resistance_gene
KPC-35,0.000574288292722947,resistance_gene
KPC-39,0.000574288292722947,resistance_gene
KPC-40,0.000574288292722947,resistance_gene
KPC-49,0.000574288292722947,resistance_gene
KPC-46,0.000574288292722947,resistance_gene
aadA5,0.000574288292722947,resistance_gene
TEM-93,0.000574288292722947,resistance_gene
intrinsic apoptotic signaling pathway in response to DNA damage,0.000574288292722947,biological_process
BRP(MBL),0.000574288292722947,resistance_gene
TEM-122,0.000574288292722947,resistance_gene
cellular response to oxidative stress,0.000574288292722947,biological_process
LptD,0.000574288292722947,resistance_gene
LAP-1,0.000574288292722947,resistance_gene
LAP-2,0.000574288292722947,resistance_gene
TEM-104,0.000574288292722947,resistance_gene
KPC-6,0.000574288292722947,resistance_gene
SAT-2,0.000574288292722947,resistance_gene
dfrC,0.000574288292722947,resistance_gene
armA,0.000574288292722947,resistance_gene
KPC-52,0.000574288292722947,resistance_gene
TEM-196,0.000574288292722947,resistance_gene
SHV-7,0.000574288292722947,resistance_gene
TEM-208,0.000574288292722947,resistance_gene
KPC-78,0.000574288292722947,resistance_gene
APH(3')-VIa,0.000574288292722947,resistance_gene
TEM-20,0.000574288292722947,resistance_gene
AAC(6')-Ib9,0.000574288292722947,resistance_gene
evgS,0.000574288292722947,resistance_gene
Klebsiella mutant PhoP conferring antibiotic resistance to colistin,0.000574288292722947,resistance_gene
STMN1,0.000574288292722947,gene/protein
CTCF,0.000574288292722947,gene/protein
TEM-190,0.000574288292722947,resistance_gene
AAC(6')-Ib10,0.000574288292722947,resistance_gene
TEM-15,0.000574288292722947,resistance_gene
proteolysis,0.000574288292722947,biological_process
OXA-48,0.000574288292722947,resistance_gene
OXA-58,0.000574288292722947,resistance_gene
arr-2,0.000574288292722947,resistance_gene
OXA-181,0.000574288292722947,resistance_gene
cmlA5,0.000574288292722947,resistance_gene
KPC-79,0.000574288292722947,resistance_gene
TEM-39,0.000574288292722947,resistance_gene
TEM-229,0.000574288292722947,resistance_gene
TEM-234,0.000574288292722947,resistance_gene
TEM-238,0.000574288292722947,resistance_gene
TEM-57,0.000574288292722947,resistance_gene
NDM-14,0.000574288292722947,resistance_gene
aadA16,0.000574288292722947,resistance_gene
NDM-2,0.000574288292722947,resistance_gene
NDM-19,0.000574288292722947,resistance_gene
NDM-20,0.000574288292722947,resistance_gene
NDM-23,0.000574288292722947,resistance_gene
NDM-25,0.000574288292722947,resistance_gene
OXA-21,0.000574288292722947,resistance_gene
qacE,0.000574288292722947,resistance_gene
AAC(6')-Ib3,0.000574288292722947,resistance_gene
OXA-51,0.000574288292722947,resistance_gene
NDM-13,0.000574288292722947,resistance_gene
positive regulation of cold-induced thermogenesis,0.000574288292722947,biological_process
protein phosphorylation,0.000574288292722947,biological_process
AAC(6')-Ib7,0.000574288292722947,resistance_gene
tet(A),0.000574288292722947,resistance_gene
TEM-19,0.000574288292722947,resistance_gene
CARB-3,0.000574288292722947,resistance_gene
KPC-7,0.000574288292722947,resistance_gene
VIM,0.000574288292722947,gene/protein
OXA-72,0.000574288292722947,resistance_gene
SHV-66,0.000574288292722947,resistance_gene
qacEdelta1,0.000574288292722947,resistance_gene
APH(3')-VIb,0.000574288292722947,resistance_gene
multicellular organism development,0.000574288292722947,biological_process
FOXA1,0.000574288292722947,gene/protein
TEM-24,0.000574288292722947,resistance_gene
TEM-36,0.000574288292722947,resistance_gene
TEM-37,0.000574288292722947,resistance_gene
KPC-23,0.000574288292722947,resistance_gene
KPC-27,0.000574288292722947,resistance_gene
angiogenesis,0.000574288292722947,biological_process
HSPA1B,0.000574288292722947,gene/protein
MIR939,0.000574288292722947,gene/protein
vgaC,0.000574288292722947,resistance_gene
OXA-796,0.000574288292722947,resistance_gene
MTOR,0.000574288292722947,gene/protein
aadA,0.000574288292722947,resistance_gene
KPC-14,0.000574288292722947,resistance_gene
OXA-204,0.000574288292722947,resistance_gene
catB8,0.000574288292722947,resistance_gene
dfrG,0.000574288292722947,resistance_gene
TEM-9,0.000574288292722947,resistance_gene
poxtA,0.000574288292722947,resistance_gene
AAC(3)-IIe,0.000574288292722947,resistance_gene
cfr(B),0.000574288292722947,resistance_gene
catII from Escherichia coli K-12,0.000574288292722947,resistance_gene
KPC-44,0.000574288292722947,resistance_gene
KPC-61,0.000574288292722947,resistance_gene
KPC-62,0.000574288292722947,resistance_gene
KAT5,0.000574288292722947,gene/protein
MIR33B,0.000574288292722947,gene/protein
Escherichia coli rpoB mutants conferring resistance to rifampicin,0.000574288292722947,resistance_gene
negative regulation of extrinsic apoptotic signaling pathway via death domain receptors,0.000574288292722947,biological_process
Fever,0.000574288292722947,effect/phenotype
AAC(3)-IVa,0.000574288292722947,resistance_gene
AAC(3)-IId,0.000574288292722947,resistance_gene
dfrA1,0.000574288292722947,resistance_gene
dfrB1,0.000574288292722947,resistance_gene
FosA8,0.000574288292722947,resistance_gene
tet(45),0.000574288292722947,resistance_gene
VEB-3,0.000574288292722947,resistance_gene
KPC-76,0.000574288292722947,resistance_gene
AAC(6')-Ib4,0.000574288292722947,resistance_gene
TEM-29,0.000574288292722947,resistance_gene
KPC-5,0.000574288292722947,resistance_gene
vga(E) Staphylococcus cohnii,0.000574288292722947,resistance_gene
APOB,0.000574288292722947,gene/protein
EEF1A1,0.000574288292722947,gene/protein
KPC-29,0.000574288292722947,resistance_gene
ANXA2,0.000574288292722947,gene/protein
KPC-98,0.000574288292722947,resistance_gene
negative regulation of vascular associated smooth muscle cell proliferation,0.000574288292722947,biological_process
TEM-35,0.000574288292722947,resistance_gene
APH(4)-Ia,0.000574288292722947,resistance_gene
floR,0.000574288292722947,resistance_gene
KAT2A,0.000574288292722947,gene/protein
AAC(3)-Ia,0.000574288292722947,resistance_gene
GES-7,0.000574288292722947,resistance_gene
TEM-191,0.000574288292722947,resistance_gene
TRAF2,0.000574288292722947,gene/protein
CFLAR,0.000574288292722947,gene/protein
NEDD4,0.000574288292722947,gene/protein
CALM1,0.000574288292722947,gene/protein
SHV-2,0.000574288292722947,resistance_gene
OXA-23,0.000574288292722947,resistance_gene
aadA2,0.000574288292722947,resistance_gene
AAC(6')-Ib',0.000574288292722947,resistance_gene
TEM-213,0.000574288292722947,resistance_gene
catB2,0.000574288292722947,resistance_gene
Weight loss,0.000574288292722947,effect/phenotype
KPC-8,0.000574288292722947,resistance_gene
TEM-47,0.000574288292722947,resistance_gene
fosA5,0.000574288292722947,resistance_gene
VEB-5,0.000574288292722947,resistance_gene
cellular response to mechanical stimulus,0.000574288292722947,biological_process
KPC-95,0.000574288292722947,resistance_gene
KPC-97,0.000574288292722947,resistance_gene
NDM-44,0.000574288292722947,resistance_gene
dfrA27,0.000574288292722947,resistance_gene
dfrA23,0.000574288292722947,resistance_gene
Premature birth,0.000574288292722947,effect/phenotype
TEM-245,0.000574288292722947,resistance_gene
KPC-86,0.000574288292722947,resistance_gene
CCND1,0.000574288292722947,gene/protein
CALM2,0.000574288292722947,gene/protein
TAL1,0.000574288292722947,gene/protein
BID,0.000574288292722947,gene/protein
MIR130B,0.000574288292722947,gene/protein
OXA-17,0.000574288292722947,resistance_gene
AcrE,0.000574288292722947,resistance_gene
cmlA6,0.000574288292722947,resistance_gene
OXA-24,0.000574288292722947,resistance_gene
nitroimidazole,0.000574288292722947,drug_class
Delayed speech and language development,0.000574288292722947,effect/phenotype
Cirrhosis,0.000574288292722947,effect/phenotype
PIM1,0.000574288292722947,gene/protein
baeR,0.000574288292722947,resistance_gene
positive regulation of I-kappaB kinase/NF-kappaB signaling,0.000574288292722947,biological_process
OXA-544,0.000574288292722947,resistance_gene
positive regulation of neuron apoptotic process,0.000574288292722947,biological_process
response to glucocorticoid,0.000574288292722947,biological_process
OXA-64,0.0004922471080482402,resistance_gene
Visual impairment,0.0004922471080482402,effect/phenotype
Delayed puberty,0.0004922471080482402,effect/phenotype
BTRC,0.0004922471080482402,gene/protein
Immune dysregulation,0.0004922471080482402,immune_effect/phenotype
TYK2,0.0004922471080482402,gene/protein
positive regulation of G1/S transition of mitotic cell cycle,0.0004922471080482402,biological_process
FosA3,0.0004922471080482402,resistance_gene
PDC-38,0.0004922471080482402,resistance_gene
PDC-382,0.0004922471080482402,resistance_gene
PDC-361,0.0004922471080482402,resistance_gene
SHV-14,0.0004922471080482402,resistance_gene
OXA-5,0.0004922471080482402,resistance_gene
OXA-100,0.0004922471080482402,resistance_gene
positive regulation of cytosolic calcium ion concentration,0.0004922471080482402,biological_process
FosI,0.0004922471080482402,resistance_gene
Recurrent gram-negative bacterial infections,0.0004922471080482402,effect/phenotype
positive regulation of DNA-binding transcription factor activity,0.0004922471080482402,biological_process
OXA-242,0.0004922471080482402,resistance_gene
OXA-314,0.0004922471080482402,resistance_gene
OXA-381,0.0004922471080482402,resistance_gene
OXA-401,0.0004922471080482402,resistance_gene
OXA-344,0.0004922471080482402,resistance_gene
OXA-343,0.0004922471080482402,resistance_gene
OXA-342,0.0004922471080482402,resistance_gene
vanR gene in vanA cluster,0.0004922471080482402,resistance_gene
OXA-28,0.0004922471080482402,resistance_gene
dfrA16,0.0004922471080482402,resistance_gene
vanY gene in vanA cluster,0.0004922471080482402,resistance_gene
OXA-35,0.0004922471080482402,resistance_gene
SHV-42,0.0004922471080482402,resistance_gene
OXA-426,0.0004922471080482402,resistance_gene
HDAC1,0.0004922471080482402,gene/protein
QnrB19,0.0004922471080482402,resistance_gene
OXA-96,0.0004922471080482402,resistance_gene
AAC(3)-Ib,0.0004922471080482402,resistance_gene
AAC(6')-Ia,0.0004922471080482402,resistance_gene
GES-22,0.0004922471080482402,resistance_gene
OXA-120,0.0004922471080482402,resistance_gene
Morganella morganii gyrB conferring resistance to fluoroquinolones,0.0004922471080482402,resistance_gene
SHV-37,0.0004922471080482402,resistance_gene
dfrA21,0.0004922471080482402,resistance_gene
AAC(6')-Iaf,0.0004922471080482402,resistance_gene
gadX,0.0004922471080482402,resistance_gene
Staphylococcus aureus rpoB mutants conferring resistance to rifampicin,0.0004922471080482402,resistance_gene
PDC-176,0.0004922471080482402,resistance_gene
PDC-174,0.0004922471080482402,resistance_gene
PDC-172,0.0004922471080482402,resistance_gene
PDC-197,0.0004922471080482402,resistance_gene
PDC-221,0.0004922471080482402,resistance_gene
PDC-114,0.0004922471080482402,resistance_gene
PDC-112,0.0004922471080482402,resistance_gene
PDC-185,0.0004922471080482402,resistance_gene
OXA-819,0.0004922471080482402,resistance_gene
PDC-208,0.0004922471080482402,resistance_gene
OXA-376,0.0004922471080482402,resistance_gene
dfrA8,0.0004922471080482402,resistance_gene
OXA-217,0.0004922471080482402,resistance_gene
OXA-385,0.0004922471080482402,resistance_gene
OXA-710,0.0004922471080482402,resistance_gene
OXA-707,0.0004922471080482402,resistance_gene
OXA-694,0.0004922471080482402,resistance_gene
OXA-688,0.0004922471080482402,resistance_gene
OXA-685,0.0004922471080482402,resistance_gene
negative regulation of cell migration,0.0004922471080482402,biological_process
RAD21,0.0004922471080482402,gene/protein
OprN,0.0004922471080482402,resistance_gene
AAC(6')-Ib,0.0004922471080482402,resistance_gene
SHV-41,0.0004922471080482402,resistance_gene
OXA-391,0.0004922471080482402,resistance_gene
GES-12,0.0004922471080482402,resistance_gene
mdtF,0.0004922471080482402,resistance_gene
aadA4,0.0004922471080482402,resistance_gene
PDC-8,0.0004922471080482402,resistance_gene
PPARD,0.0004922471080482402,gene/protein
SHV-61,0.0004922471080482402,resistance_gene
GES-14,0.0004922471080482402,resistance_gene
vanH gene in vanA cluster,0.0004922471080482402,resistance_gene
MED1,0.0004922471080482402,gene/protein
BECN1,0.0004922471080482402,gene/protein
CAMK2A,0.0004922471080482402,gene/protein
CSNK1A1,0.0004922471080482402,gene/protein
CDK9,0.0004922471080482402,gene/protein
CSF2,0.0004922471080482402,gene/protein
CREB1,0.0004922471080482402,gene/protein
ANXA1,0.0004922471080482402,gene/protein
XIAP,0.0004922471080482402,gene/protein
SHV-100,0.0004922471080482402,resistance_gene
OXA-519,0.0004922471080482402,resistance_gene
OXA-532,0.0004922471080482402,resistance_gene
OXA-715,0.0004922471080482402,resistance_gene
OXA-542,0.0004922471080482402,resistance_gene
OXA-534,0.0004922471080482402,resistance_gene
OXA-657,0.0004922471080482402,resistance_gene
OXA-117,0.0004922471080482402,resistance_gene
ACC-4,0.0004922471080482402,resistance_gene
OXA-202,0.0004922471080482402,resistance_gene
IFNG,0.0004922471080482402,gene/protein
MIR92B,0.0004922471080482402,gene/protein
MIR1908,0.0004922471080482402,gene/protein
PDIA3,0.0004922471080482402,gene/protein
ABCB11,0.0004922471080482402,gene/protein
OXA-164,0.0004922471080482402,resistance_gene
OXA-386,0.0004922471080482402,resistance_gene
OXA-256,0.0004922471080482402,resistance_gene
SHV-24,0.0004922471080482402,resistance_gene
OXA-69,0.0004922471080482402,resistance_gene
SHV-30,0.0004922471080482402,resistance_gene
CMY-42,0.0004922471080482402,resistance_gene
OXA-106,0.0004922471080482402,resistance_gene
SHV-108,0.0004922471080482402,resistance_gene
aadA17,0.0004922471080482402,resistance_gene
OXA-144,0.0004922471080482402,resistance_gene
NFE2L2,0.0004922471080482402,gene/protein
SQSTM1,0.0004922471080482402,gene/protein
FBXW11,0.0004922471080482402,gene/protein
OXA-507,0.0004922471080482402,resistance_gene
OXA-654,0.0004922471080482402,resistance_gene
OXA-562,0.0004922471080482402,resistance_gene
OXA-558,0.0004922471080482402,resistance_gene
OXA-556,0.0004922471080482402,resistance_gene
OXA-555,0.0004922471080482402,resistance_gene
OXA-545,0.0004922471080482402,resistance_gene
GLI1,0.0004922471080482402,gene/protein
FGFR1,0.0004922471080482402,gene/protein
SHV-49,0.0004922471080482402,resistance_gene
PRKN,0.0004922471080482402,gene/protein
OXA-497,0.0004922471080482402,resistance_gene
PDC-322,0.0004922471080482402,resistance_gene
GNAS,0.0004922471080482402,gene/protein
PDC-1,0.0004922471080482402,resistance_gene
OXA-371,0.0004922471080482402,resistance_gene
SHV-52,0.0004922471080482402,resistance_gene
OXA-90,0.0004922471080482402,resistance_gene
OXA-857,0.0004922471080482402,resistance_gene
OXA-873,0.0004922471080482402,resistance_gene
PDC-200,0.0004922471080482402,resistance_gene
GES-9,0.0004922471080482402,resistance_gene
AAC(3)-IIa,0.0004922471080482402,resistance_gene
regulation of gene expression,0.0004922471080482402,biological_process
response to interleukin-1,0.0004922471080482402,biological_process
PDC-20,0.0004922471080482402,resistance_gene
PDC-170,0.0004922471080482402,resistance_gene
PDC-199,0.0004922471080482402,resistance_gene
PDC-196,0.0004922471080482402,resistance_gene
PDC-195,0.0004922471080482402,resistance_gene
PDC-192,0.0004922471080482402,resistance_gene
PDC-191,0.0004922471080482402,resistance_gene
PDC-189,0.0004922471080482402,resistance_gene
OXA-863,0.0004922471080482402,resistance_gene
PDC-187,0.0004922471080482402,resistance_gene
PDC-184,0.0004922471080482402,resistance_gene
OXA-848,0.0004922471080482402,resistance_gene
OXA-847,0.0004922471080482402,resistance_gene
HSPA4,0.0004922471080482402,gene/protein
positive regulation of insulin secretion,0.0004922471080482402,biological_process
OXA-68,0.0004922471080482402,resistance_gene
PDC-10,0.0004922471080482402,resistance_gene
OXA-15,0.0004922471080482402,resistance_gene
TSC2,0.0004922471080482402,gene/protein
CSNK2A2,0.0004922471080482402,gene/protein
NR1H4,0.0004922471080482402,gene/protein
PDC-7,0.0004922471080482402,resistance_gene
OXA-355,0.0004922471080482402,resistance_gene
PSEN2,0.0004922471080482402,gene/protein
Cerebral hemorrhage,0.0004922471080482402,effect/phenotype
OXA-684,0.0004922471080482402,resistance_gene
OXA-677,0.0004922471080482402,resistance_gene
OXA-675,0.0004922471080482402,resistance_gene
OXA-565,0.0004922471080482402,resistance_gene
OXA-517,0.0004922471080482402,resistance_gene
QnrVC4,0.0004922471080482402,resistance_gene
SHV-133,0.0004922471080482402,resistance_gene
QnrB6,0.0004922471080482402,resistance_gene
SHV-36,0.0004922471080482402,resistance_gene
OXA-320,0.0004922471080482402,resistance_gene
AP2M1,0.0004922471080482402,gene/protein
OXA-834,0.0004922471080482402,resistance_gene
OXA-833,0.0004922471080482402,resistance_gene
OXA-879,0.0004922471080482402,resistance_gene
OXA-856,0.0004922471080482402,resistance_gene
OXA-829,0.0004922471080482402,resistance_gene
OXA-805,0.0004922471080482402,resistance_gene
OXA-798,0.0004922471080482402,resistance_gene
OXA-770,0.0004922471080482402,resistance_gene
OXA-769,0.0004922471080482402,resistance_gene
OXA-762,0.0004922471080482402,resistance_gene
SHV-142,0.0004922471080482402,resistance_gene
OXA-219,0.0004922471080482402,resistance_gene
MexL,0.0004922471080482402,resistance_gene
OXA-761,0.0004922471080482402,resistance_gene
OXA-756,0.0004922471080482402,resistance_gene
OXA-755,0.0004922471080482402,resistance_gene
PDC-158,0.0004922471080482402,resistance_gene
PDC-151,0.0004922471080482402,resistance_gene
PDC-15,0.0004922471080482402,resistance_gene
PDC-147,0.0004922471080482402,resistance_gene
PDC-143,0.0004922471080482402,resistance_gene
PDC-142,0.0004922471080482402,resistance_gene
PDC-141,0.0004922471080482402,resistance_gene
PDC-140,0.0004922471080482402,resistance_gene
SHV-38,0.0004922471080482402,resistance_gene
tet(B),0.0004922471080482402,resistance_gene
OXA-338,0.0004922471080482402,resistance_gene
SHV-28,0.0004922471080482402,resistance_gene
OXA-56,0.0004922471080482402,resistance_gene
RARA,0.0004922471080482402,gene/protein
OXA-70,0.0004922471080482402,resistance_gene
DfrA37,0.0004922471080482402,resistance_gene
OXA-109,0.0004922471080482402,resistance_gene
OXA-387,0.0004922471080482402,resistance_gene
QnrB20,0.0004922471080482402,resistance_gene
MexF,0.0004922471080482402,resistance_gene
TRAF6,0.0004922471080482402,gene/protein
OpmD,0.0004922471080482402,resistance_gene
OXA-14,0.0004922471080482402,resistance_gene
OXA-107,0.0004922471080482402,resistance_gene
SHV-120,0.0004922471080482402,resistance_gene
GES-26,0.0004922471080482402,resistance_gene
PDC-303,0.0004922471080482402,resistance_gene
PDC-302,0.0004922471080482402,resistance_gene
PDC-301,0.0004922471080482402,resistance_gene
PDC-335,0.0004922471080482402,resistance_gene
PDC-338,0.0004922471080482402,resistance_gene
PDC-161,0.0004922471080482402,resistance_gene
PDC-331,0.0004922471080482402,resistance_gene
PDC-209,0.0004922471080482402,resistance_gene
vanS gene in vanA cluster,0.0004922471080482402,resistance_gene
mdtE,0.0004922471080482402,resistance_gene
AAC(6')-Ib8,0.0004922471080482402,resistance_gene
OXA-424,0.0004922471080482402,resistance_gene
QnrA1,0.0004922471080482402,resistance_gene
PDC-339,0.0004922471080482402,resistance_gene
PDC-431,0.0004922471080482402,resistance_gene
PDC-423,0.0004922471080482402,resistance_gene
MIR200A,0.0004922471080482402,gene/protein
PPP1CA,0.0004922471080482402,gene/protein
OXA-66,0.0004922471080482402,resistance_gene
QnrVC1,0.0004922471080482402,resistance_gene
OXA-111,0.0004922471080482402,resistance_gene
SHV-65,0.0004922471080482402,resistance_gene
MAPT,0.0004922471080482402,gene/protein
ITGB2,0.0004922471080482402,gene/protein
FOXO3,0.0004922471080482402,gene/protein
vgaB,0.0004922471080482402,resistance_gene
OXA-254,0.0004922471080482402,resistance_gene
OXA-510,0.0004922471080482402,resistance_gene
PDC-314,0.0004922471080482402,resistance_gene
PDC-31,0.0004922471080482402,resistance_gene
PDC-309,0.0004922471080482402,resistance_gene
PDC-308,0.0004922471080482402,resistance_gene
CMY-6,0.0004922471080482402,resistance_gene
OXA-121,0.0004922471080482402,resistance_gene
aadA22,0.0004922471080482402,resistance_gene
OXA-233,0.0004922471080482402,resistance_gene
OXA-99,0.0004922471080482402,resistance_gene
OXA-223,0.0004922471080482402,resistance_gene
gadW,0.0004922471080482402,resistance_gene
PDC-204,0.0004922471080482402,resistance_gene
OXA-855,0.0004922471080482402,resistance_gene
OXA-854,0.0004922471080482402,resistance_gene
OXA-853,0.0004922471080482402,resistance_gene
OXA-851,0.0004922471080482402,resistance_gene
PDC-137,0.0004922471080482402,resistance_gene
PDC-211,0.0004922471080482402,resistance_gene
PDC-133,0.0004922471080482402,resistance_gene
PDC-168,0.0004922471080482402,resistance_gene
PDC-56,0.0004922471080482402,resistance_gene
vanA,0.0004922471080482402,resistance_gene
SHV-44,0.0004922471080482402,resistance_gene
SHV-189,0.0004922471080482402,resistance_gene
ANT(9)-Ib,0.0004922471080482402,resistance_gene
ZNF257,0.0004922471080482402,gene/protein
OXA-494,0.0004922471080482402,resistance_gene
OXA-396,0.0004922471080482402,resistance_gene
OXA-395,0.0004922471080482402,resistance_gene
GES-41,0.0004922471080482402,resistance_gene
GES-35,0.0004922471080482402,resistance_gene
GES-32,0.0004922471080482402,resistance_gene
GES-29,0.0004922471080482402,resistance_gene
MOX-12,0.0004922471080482402,resistance_gene
OXA-172,0.0004922471080482402,resistance_gene
OXA-19,0.0004922471080482402,resistance_gene
PDC-42,0.0004922471080482402,resistance_gene
PDC-418,0.0004922471080482402,resistance_gene
female pregnancy,0.0004922471080482402,biological_process
positive regulation of inflammatory response,0.0004922471080482402,biological_process
in utero embryonic development,0.0004922471080482402,biological_process
C2CD4A,0.0004922471080482402,gene/protein
KLF14,0.0004922471080482402,gene/protein
CDC37,0.0004922471080482402,gene/protein
OXA-65,0.0004922471080482402,resistance_gene
TRAF3,0.0004922471080482402,gene/protein
HMGB1,0.0004922471080482402,gene/protein
dfrA15,0.0004922471080482402,resistance_gene
OXA-57,0.0004922471080482402,resistance_gene
PDC-240,0.0004922471080482402,resistance_gene
PDC-44,0.0004922471080482402,resistance_gene
PDC-52,0.0004922471080482402,resistance_gene
PDC-138,0.0004922471080482402,resistance_gene
PDC-162,0.0004922471080482402,resistance_gene
PDC-16,0.0004922471080482402,resistance_gene
PDC-123,0.0004922471080482402,resistance_gene
PDC-122,0.0004922471080482402,resistance_gene
PDC-51,0.0004922471080482402,resistance_gene
PDC-47,0.0004922471080482402,resistance_gene
PDC-14,0.0004922471080482402,resistance_gene
PDC-66,0.0004922471080482402,resistance_gene
PDC-57,0.0004922471080482402,resistance_gene
PDC-61,0.0004922471080482402,resistance_gene
SHV-144,0.0004922471080482402,resistance_gene
OXA-50,0.0004922471080482402,resistance_gene
SHV-40,0.0004922471080482402,resistance_gene
aadA24,0.0004922471080482402,resistance_gene
MIR375,0.0004922471080482402,gene/protein
OXA-235,0.0004922471080482402,resistance_gene
OXA-42,0.0004922471080482402,resistance_gene
OXA-398,0.0004922471080482402,resistance_gene
vanY gene in vanM cluster,0.0004922471080482402,resistance_gene
Salmonella serovars gyrB conferring resistance to fluoroquinolones,0.0004922471080482402,resistance_gene
OXA-82,0.0004922471080482402,resistance_gene
OXA-92,0.0004922471080482402,resistance_gene
AAC(6')-Ib-cr1,0.0004922471080482402,resistance_gene
rmtF,0.0004922471080482402,resistance_gene
OXA-20,0.0004922471080482402,resistance_gene
dfrA19,0.0004922471080482402,resistance_gene
OXA-94,0.0004922471080482402,resistance_gene
OXA-415,0.0004922471080482402,resistance_gene
SHV-111,0.0004922471080482402,resistance_gene
OXA-317,0.0004922471080482402,resistance_gene
PDC-167,0.0004922471080482402,resistance_gene
PCNA,0.0004922471080482402,gene/protein
negative regulation of inflammatory response to antigenic stimulus,0.0004922471080482402,biological_process
QnrS2,0.0004922471080482402,resistance_gene
SHV-27,0.0004922471080482402,resistance_gene
OXA-779,0.0004922471080482402,resistance_gene
PDC-63,0.0004922471080482402,resistance_gene
cellular response to drug,0.0004922471080482402,biological_process
OXA-732,0.0004922471080482402,resistance_gene
OXA-520,0.0004922471080482402,resistance_gene
OXA-670,0.0004922471080482402,resistance_gene
PDC-257,0.0004922471080482402,resistance_gene
PDC-104,0.0004922471080482402,resistance_gene
PDC-117,0.0004922471080482402,resistance_gene
PDC-67,0.0004922471080482402,resistance_gene
OXA-312,0.0004922471080482402,resistance_gene
MexI,0.0004922471080482402,resistance_gene
PDC-43,0.0004922471080482402,resistance_gene
PDC-49,0.0004922471080482402,resistance_gene
PDC-62,0.0004922471080482402,resistance_gene
OXA-846,0.0004922471080482402,resistance_gene
PDC-41,0.0004922471080482402,resistance_gene
PDC-28,0.0004922471080482402,resistance_gene
PDC-23,0.0004922471080482402,resistance_gene
PDC-69,0.0004922471080482402,resistance_gene
PDC-45,0.0004922471080482402,resistance_gene
SHV-223,0.0004922471080482402,resistance_gene
SHV-207,0.0004922471080482402,resistance_gene
APH(6)-Ic,0.0004922471080482402,resistance_gene
SHV-33,0.0004922471080482402,resistance_gene
RASSF1,0.0004922471080482402,gene/protein
insulin secretion,0.0004922471080482402,biological_process
MAP3K7,0.0004922471080482402,gene/protein
OXA-926,0.0004922471080482402,resistance_gene
TNFAIP3,0.0004922471080482402,gene/protein
EZH2,0.0004922471080482402,gene/protein
OXA-201,0.0004922471080482402,resistance_gene
OXA-374,0.0004922471080482402,resistance_gene
SHV-45,0.0004922471080482402,resistance_gene
APH(2'')-IIa,0.0004922471080482402,resistance_gene
OXA-74,0.0004922471080482402,resistance_gene
MexT,0.0004922471080482402,resistance_gene
GES-6,0.0004922471080482402,resistance_gene
OXA-128,0.0004922471080482402,resistance_gene
OXA-383,0.0004922471080482402,resistance_gene
OXA-850,0.0004922471080482402,resistance_gene
PDC-59,0.0004922471080482402,resistance_gene
OXA-906,0.0004922471080482402,resistance_gene
PDC-54,0.0004922471080482402,resistance_gene
"Intellectual disability, mild",0.0004922471080482402,effect/phenotype
Delayed skeletal maturation,0.0004922471080482402,effect/phenotype
OXA-825,0.0004922471080482402,resistance_gene
OXA-499,0.0004922471080482402,resistance_gene
OXA-897,0.0004922471080482402,resistance_gene
PDC-285,0.0004922471080482402,resistance_gene
OXA-543,0.0004922471080482402,resistance_gene
OXA-838,0.0004922471080482402,resistance_gene
MexK,0.0004922471080482402,resistance_gene
MexJ,0.0004922471080482402,resistance_gene
AAC(6')-Im,0.0004922471080482402,resistance_gene
PDC-207,0.0004922471080482402,resistance_gene
PDC-255,0.0004922471080482402,resistance_gene
PDC-19a,0.0004922471080482402,resistance_gene
PDC-461,0.0004922471080482402,resistance_gene
PDC-19b,0.0004922471080482402,resistance_gene
PDC-70,0.0004922471080482402,resistance_gene
PDC-68,0.0004922471080482402,resistance_gene
PDC-121,0.0004922471080482402,resistance_gene
PDC-120,0.0004922471080482402,resistance_gene
PDC-12,0.0004922471080482402,resistance_gene
PDC-129,0.0004922471080482402,resistance_gene
PDC-116,0.0004922471080482402,resistance_gene
PDC-115,0.0004922471080482402,resistance_gene
PDC-169,0.0004922471080482402,resistance_gene
PDC-171,0.0004922471080482402,resistance_gene
PDC-22,0.0004922471080482402,resistance_gene
PDC-21b,0.0004922471080482402,resistance_gene
PDC-218,0.0004922471080482402,resistance_gene
SHV-210,0.0004922471080482402,resistance_gene
SHV-220,0.0004922471080482402,resistance_gene
OXA-101,0.0004922471080482402,resistance_gene
OXA-500,0.0004922471080482402,resistance_gene
OXA-508,0.0004922471080482402,resistance_gene
OXA-716,0.0004922471080482402,resistance_gene
PDC-36,0.0004922471080482402,resistance_gene
PDC-359,0.0004922471080482402,resistance_gene
PDC-353,0.0004922471080482402,resistance_gene
PDC-35,0.0004922471080482402,resistance_gene
PDC-348,0.0004922471080482402,resistance_gene
sensory perception of sound,0.0004922471080482402,biological_process
PAK1,0.0004922471080482402,gene/protein
PIK3R3,0.0004922471080482402,gene/protein
SOCS1,0.0004922471080482402,gene/protein
Postnatal growth retardation,0.0004922471080482402,effect/phenotype
Autoimmunity,0.0004922471080482402,effect/phenotype
cellular response to DNA damage stimulus,0.0004922471080482402,biological_process
PDC-119,0.0004922471080482402,resistance_gene
AHR,0.0004922471080482402,gene/protein
RPS6KA3,0.0004922471080482402,gene/protein
IDE,0.0004922471080482402,gene/protein
PTK2B,0.0004922471080482402,gene/protein
SHV-204,0.0004922471080482402,resistance_gene
PDC-72,0.0004922471080482402,resistance_gene
PDC-53,0.0004922471080482402,resistance_gene
Escherichia coli fabI mutations conferring resistance to isoniazid and triclosan,0.0004922471080482402,resistance_gene
PDC-11,0.0004922471080482402,resistance_gene
SHV-214,0.0004922471080482402,resistance_gene
PDC-50,0.0004922471080482402,resistance_gene
SHV-219,0.0004922471080482402,resistance_gene
SHV-211,0.0004922471080482402,resistance_gene
SHV-206,0.0004922471080482402,resistance_gene
OXA-735,0.0004922471080482402,resistance_gene
OXA-717,0.0004922471080482402,resistance_gene
SHV-60,0.0004922471080482402,resistance_gene
ATM,0.0004922471080482402,gene/protein
Frontal bossing,0.0004922471080482402,effect/phenotype
Motor delay,0.0004922471080482402,effect/phenotype
CCL2,0.0004922471080482402,gene/protein
PTGS2,0.0004922471080482402,gene/protein
BCL10,0.0004922471080482402,gene/protein
potassium ion transmembrane transport,0.0004922471080482402,biological_process
ADORA2B mediated anti-inflammatory cytokines production,0.0004922471080482402,pathway
PDC-340,0.0004922471080482402,resistance_gene
PDC-34,0.0004922471080482402,resistance_gene
OXA-738,0.0004922471080482402,resistance_gene
Regulation of insulin secretion,0.0004922471080482402,pathway
PDC-30,0.0004922471080482402,resistance_gene
PDC-37,0.0004922471080482402,resistance_gene
PDC-334,0.0004922471080482402,resistance_gene
BMPR1A,0.0004922471080482402,gene/protein
SHV-201,0.0004922471080482402,resistance_gene
SHV-195,0.0004922471080482402,resistance_gene
SHV-205,0.0004922471080482402,resistance_gene
PDC-48,0.0004922471080482402,resistance_gene
SHV-194,0.0004922471080482402,resistance_gene
SHV-165,0.0004922471080482402,resistance_gene
tet(O),0.0004922471080482402,resistance_gene
OXA-370,0.0004922471080482402,resistance_gene
PDC-216,0.0004922471080482402,resistance_gene
PDC-214,0.0004922471080482402,resistance_gene
PDC-213,0.0004922471080482402,resistance_gene
PDC-442,0.0004922471080482402,resistance_gene
CBL,0.0004922471080482402,gene/protein
DCN,0.0004922471080482402,gene/protein
GES-15,0.0004922471080482402,resistance_gene
response to nutrient levels,0.0004922471080482402,biological_process
PDC-126,0.0004922471080482402,resistance_gene
OXA-425,0.0004922471080482402,resistance_gene
SHV-94,0.0004922471080482402,resistance_gene
Defective B cell differentiation,0.0004922471080482402,immune_effect/phenotype
tet(S),0.0004922471080482402,resistance_gene
CTX-M-103,0.0004922471080482402,resistance_gene
SHV-80,0.0004922471080482402,resistance_gene
SHV-187,0.0004922471080482402,resistance_gene
OXA-91,0.0004922471080482402,resistance_gene
SHV-110,0.0004922471080482402,resistance_gene
OXA-205,0.0004922471080482402,resistance_gene
MexH,0.0004922471080482402,resistance_gene
TSC1,0.0004922471080482402,gene/protein
Impaired neutrophil bactericidal activity,0.0004922471080482402,immune_effect/phenotype
Neutropenia,0.0004922471080482402,immune_effect/phenotype
rmtC,0.0004922471080482402,resistance_gene
GES-2,0.0004922471080482402,resistance_gene
OXA-421,0.0004922471080482402,resistance_gene
EreA2,0.0004922471080482402,resistance_gene
OXA-67,0.0004922471080482402,resistance_gene
IGF1,0.0004922471080482402,gene/protein
SIM-2,0.0004922471080482402,resistance_gene
PDC-443,0.0004922471080482402,resistance_gene
OXA-827,0.0004922471080482402,resistance_gene
OXA-739,0.0004922471080482402,resistance_gene
TMB-1,0.0004922471080482402,resistance_gene
MOX-2,0.0004922471080482402,resistance_gene
OXA-162,0.0004922471080482402,resistance_gene
OXA-239,0.0004922471080482402,resistance_gene
OXA-753,0.0004922471080482402,resistance_gene
PDC-127,0.0004922471080482402,resistance_gene
PDC-288,0.0004922471080482402,resistance_gene
PDC-286,0.0004922471080482402,resistance_gene
PDC-278,0.0004922471080482402,resistance_gene
PDC-271,0.0004922471080482402,resistance_gene
PDC-266,0.0004922471080482402,resistance_gene
PDC-256,0.0004922471080482402,resistance_gene
PDC-250,0.0004922471080482402,resistance_gene
PDC-245,0.0004922471080482402,resistance_gene
PDC-298,0.0004922471080482402,resistance_gene
LGALS3,0.0004922471080482402,gene/protein
SHC1,0.0004922471080482402,gene/protein
positive regulation of glycogen biosynthetic process,0.0004922471080482402,biological_process
OXA-59,0.0004922471080482402,resistance_gene
Recurrent Staphylococcus aureus infections,0.0004922471080482402,effect/phenotype
OXA-78,0.0004922471080482402,resistance_gene
Escherichia coli gyrA conferring resistance to fluoroquinolones,0.0004922471080482402,resistance_gene
PDC-60,0.0004922471080482402,resistance_gene
PDC-58,0.0004922471080482402,resistance_gene
PDC-46,0.0004922471080482402,resistance_gene
PDC-457,0.0004922471080482402,resistance_gene
PmpM,0.0004922471080482402,resistance_gene
PDC-125,0.0004922471080482402,resistance_gene
PDC-124,0.0004922471080482402,resistance_gene
PDC-113,0.0004922471080482402,resistance_gene
cholesterol homeostasis,0.0004922471080482402,biological_process
regulation of cell cycle,0.0004922471080482402,biological_process
PDC-33,0.0004922471080482402,resistance_gene
PDC-432,0.0004922471080482402,resistance_gene
ZBTB7A,0.0004922471080482402,gene/protein
NR0B2,0.0004922471080482402,gene/protein
SHV-63,0.0004922471080482402,resistance_gene
PDC-295,0.0004922471080482402,resistance_gene
Hepatic steatosis,0.0004922471080482402,effect/phenotype
Osteopenia,0.0004922471080482402,effect/phenotype
OXA-488,0.0004922471080482402,resistance_gene
OXA-486,0.0004922471080482402,resistance_gene
OXA-485,0.0004922471080482402,resistance_gene
CMY-136,0.0004922471080482402,resistance_gene
OXA-441,0.0004922471080482402,resistance_gene
DfrB9,0.0004922471080482402,resistance_gene
DHA-1,0.0004922471080482402,resistance_gene
SHV-107,0.0004922471080482402,resistance_gene
dfrA17,0.0004922471080482402,resistance_gene
OXA-169,0.0004922471080482402,resistance_gene
PSMD2,0.0004922471080482402,gene/protein
SHV-26,0.0004922471080482402,resistance_gene
PDC-6,0.0004922471080482402,resistance_gene
response to amino acid,0.0004922471080482402,biological_process
GES-13,0.0004922471080482402,resistance_gene
OXA-46,0.0004922471080482402,resistance_gene
QnrS1,0.0004922471080482402,resistance_gene
OXA-148,0.0004922471080482402,resistance_gene
PDC-455,0.0004922471080482402,resistance_gene
PDC-452,0.0004922471080482402,resistance_gene
PDC-447,0.0004922471080482402,resistance_gene
PDC-446,0.0004922471080482402,resistance_gene
PDC-444,0.0004922471080482402,resistance_gene
PDC-71,0.0004922471080482402,resistance_gene
sdrM,0.0004922471080482402,resistance_gene
OXA-143,0.0004922471080482402,resistance_gene
"FOXO-mediated transcription of oxidative stress, metabolic and neuronal genes",0.0004922471080482402,pathway
vanG,0.0004922471080482402,resistance_gene
SHV-135,0.0004922471080482402,resistance_gene
High palate,0.0004922471080482402,effect/phenotype
OXA-225,0.0004922471080482402,resistance_gene
OXA-208,0.0004922471080482402,resistance_gene
SHV-32,0.0004922471080482402,resistance_gene
OXA-150,0.0004922471080482402,resistance_gene
SHV-164,0.0004922471080482402,resistance_gene
OXA-83,0.0004922471080482402,resistance_gene
OXA-130,0.0004922471080482402,resistance_gene
OXA-422,0.0004922471080482402,resistance_gene
vanX gene in vanA cluster,0.0004922471080482402,resistance_gene
SHV-121,0.0004922471080482402,resistance_gene
OXA-484,0.0004922471080482402,resistance_gene
PDC-55,0.0004922471080482402,resistance_gene
PDC-65,0.0004922471080482402,resistance_gene
AAC(6')-Ib-cr3,0.0004922471080482402,resistance_gene
OXA-433,0.0004922471080482402,resistance_gene
CTX-M-55,0.0004922471080482402,resistance_gene
negative regulation of insulin receptor signaling pathway,0.0004922471080482402,biological_process
pancreas development,0.0004922471080482402,biological_process
NR4A1,0.0004922471080482402,gene/protein
PDC-244,0.0004922471080482402,resistance_gene
PDC-319,0.0004922471080482402,resistance_gene
HSPA1A,0.0004922471080482402,gene/protein
APPL1,0.0004922471080482402,gene/protein
Retinal degeneration,0.0004922471080482402,effect/phenotype
PDC-367,0.0004922471080482402,resistance_gene
OXA-88,0.0004922471080482402,resistance_gene
OXA-141,0.0004922471080482402,resistance_gene
SHV-119,0.0004922471080482402,resistance_gene
SIM-1,0.0004922471080482402,resistance_gene
GES-16,0.0004922471080482402,resistance_gene
ArnT,0.0004922471080482402,resistance_gene
qacL,0.0004922471080482402,resistance_gene
BLMT,0.0004922471080482402,resistance_gene
AAC(3)-VIa,0.0004922471080482402,resistance_gene
OXA-245,0.0004922471080482402,resistance_gene
PDC-437,0.0004922471080482402,resistance_gene
PDC-433,0.0004922471080482402,resistance_gene
OXA-940,0.0004922471080482402,resistance_gene
OXA-939,0.0004922471080482402,resistance_gene
OXA-901,0.0004922471080482402,resistance_gene
OXA-938,0.0004922471080482402,resistance_gene
OXA-113,0.0004922471080482402,resistance_gene
PDC-86,0.0004922471080482402,resistance_gene
PDC-80,0.0004922471080482402,resistance_gene
PDC-74,0.0004922471080482402,resistance_gene
sul3,0.0004922471080482402,resistance_gene
AAC(6')-31,0.0004922471080482402,resistance_gene
SHV-55,0.0004922471080482402,resistance_gene
SHV-103,0.0004922471080482402,resistance_gene
OXA-80,0.0004922471080482402,resistance_gene
OXA-253,0.0004922471080482402,resistance_gene
OXA-935,0.0004922471080482402,resistance_gene
OXA-932,0.0004922471080482402,resistance_gene
OXA-927,0.0004922471080482402,resistance_gene
OXA-914,0.0004922471080482402,resistance_gene
SHV-171,0.0004922471080482402,resistance_gene
PDC-95,0.0004922471080482402,resistance_gene
PDC-64,0.0004922471080482402,resistance_gene
AAC(2')-IIa,0.0004922471080482402,resistance_gene
Erm(49),0.0004922471080482402,resistance_gene
Erm(52),0.0004922471080482402,resistance_gene
OXA-908,0.0004922471080482402,resistance_gene
OXA-909,0.0004922471080482402,resistance_gene
OXA-910,0.0004922471080482402,resistance_gene
PDC-107,0.0004922471080482402,resistance_gene
"PI5P, PP2A and IER3 Regulate PI3K/AKT Signaling",0.0004922471080482402,pathway
tet(X4),0.0004922471080482402,resistance_gene
OXA-297,0.0004922471080482402,resistance_gene
AAC(6')-Il,0.0004922471080482402,resistance_gene
OXA-95,0.0004922471080482402,resistance_gene
EreA,0.0004922471080482402,resistance_gene
msrA,0.0004922471080482402,resistance_gene
OXA-210,0.0004922471080482402,resistance_gene
SHV-168,0.0004922471080482402,resistance_gene
OXA-71,0.0004922471080482402,resistance_gene
OXA-420,0.0004922471080482402,resistance_gene
OXA-180,0.0004922471080482402,resistance_gene
OXA-429,0.0004922471080482402,resistance_gene
MexE,0.0004922471080482402,resistance_gene
SHV-71,0.0004922471080482402,resistance_gene
PDC-346,0.0004922471080482402,resistance_gene
PDC-337,0.0004922471080482402,resistance_gene
OXA-246,0.0004922471080482402,resistance_gene
OXA-913,0.0004922471080482402,resistance_gene
OXA-893,0.0004922471080482402,resistance_gene
OXA-902,0.0004922471080482402,resistance_gene
KRTAP10-8,0.0004922471080482402,gene/protein
positive regulation of vascular associated smooth muscle cell proliferation,0.0004922471080482402,biological_process
FOXA2,0.0004922471080482402,gene/protein
XRCC6,0.0004922471080482402,gene/protein
Edema,0.0004922471080482402,effect/phenotype
Anasarca,0.0004922471080482402,effect/phenotype
G alpha (s) signalling events,0.0004922471080482402,pathway
PDC-111,0.0004922471080482402,resistance_gene
PDC-109,0.0004922471080482402,resistance_gene
PDC-108,0.0004922471080482402,resistance_gene
OXA-126,0.0004922471080482402,resistance_gene
OXA-125,0.0004922471080482402,resistance_gene
tumor necrosis factor-mediated signaling pathway,0.0004922471080482402,biological_process
OXA-123,0.0004922471080482402,resistance_gene
AAC(6')-Ib-cr4,0.0004922471080482402,resistance_gene
PDC-106,0.0004922471080482402,resistance_gene
PDC-103,0.0004922471080482402,resistance_gene
OXA-132,0.0004922471080482402,resistance_gene
Streptococcus suis chloramphenicol acetyltransferase,0.0004922471080482402,resistance_gene
efrA,0.0004922471080482402,resistance_gene
PDC-101,0.0004922471080482402,resistance_gene
PDC-96,0.0004922471080482402,resistance_gene
PDC-105,0.0004922471080482402,resistance_gene
PDC-225,0.0004922471080482402,resistance_gene
PDC-258,0.0004922471080482402,resistance_gene
SHV-193,0.0004922471080482402,resistance_gene
Enterococcus faecalis chloramphenicol acetyltransferase,0.0004922471080482402,resistance_gene
OXA-260,0.0004922471080482402,resistance_gene
OXA-259,0.0004922471080482402,resistance_gene
OXA-234,0.0004922471080482402,resistance_gene
SHV-202,0.0004922471080482402,resistance_gene
SHV-217,0.0004922471080482402,resistance_gene
SHV-200,0.0004922471080482402,resistance_gene
SHV-215,0.0004922471080482402,resistance_gene
SHV-209,0.0004922471080482402,resistance_gene
SHV-31,0.0004922471080482402,resistance_gene
OXA-119,0.0004922471080482402,resistance_gene
cmlA1,0.0004922471080482402,resistance_gene
vanZ gene in vanA cluster,0.0004922471080482402,resistance_gene
dfr22,0.0004922471080482402,resistance_gene
SHV-225,0.0004922471080482402,resistance_gene
PDC-264,0.0004922471080482402,resistance_gene
SHV-224,0.0004922471080482402,resistance_gene
aphA15,0.0004922471080482402,resistance_gene
OXA-261,0.0004922471080482402,resistance_gene
catA8,0.0004922471080482402,resistance_gene
OXA-402,0.0004922471080482402,resistance_gene
PDC-100,0.0004922471080482402,resistance_gene
OXA-945,0.0004922471080482402,resistance_gene
OXA-903,0.0004922471080482402,resistance_gene
OXA-937,0.0004922471080482402,resistance_gene
PDC-226,0.0004922471080482402,resistance_gene
PDC-227,0.0004922471080482402,resistance_gene
PDC-235,0.0004922471080482402,resistance_gene
SHV-146,0.0004922471080482402,resistance_gene
SHV-116,0.0004922471080482402,resistance_gene
SHV-115,0.0004922471080482402,resistance_gene
OXA-663,0.0004922471080482402,resistance_gene
OXA-412,0.0004922471080482402,resistance_gene
OXA-408,0.0004922471080482402,resistance_gene
OXA-407,0.0004922471080482402,resistance_gene
OXA-340,0.0004922471080482402,resistance_gene
OXA-337,0.0004922471080482402,resistance_gene
OXA-302,0.0004922471080482402,resistance_gene
OXA-298,0.0004922471080482402,resistance_gene
OXA-263,0.0004922471080482402,resistance_gene
OXA-262,0.0004922471080482402,resistance_gene
dfrA15b,0.0004922471080482402,resistance_gene
SHV-25,0.0004922471080482402,resistance_gene
BEL-1,0.0004922471080482402,resistance_gene
SHV-134,0.0004922471080482402,resistance_gene
MexS,0.0004922471080482402,resistance_gene
SHV-76,0.0004922471080482402,resistance_gene
FOX-5,0.0004922471080482402,resistance_gene
OXA-427,0.0004922471080482402,resistance_gene
Allergy,0.0004922471080482402,effect/phenotype
PDC-411,0.0004922471080482402,resistance_gene
PDC-408,0.0004922471080482402,resistance_gene
PDC-407,0.0004922471080482402,resistance_gene
PDC-402,0.0004922471080482402,resistance_gene
Staphylococcus intermedius chloramphenicol acetyltransferase,0.0004922471080482402,resistance_gene
negative regulation of cytokine production involved in inflammatory response,0.0004922471080482402,biological_process
negative regulation of tumor necrosis factor production,0.0004922471080482402,biological_process
PDC-98,0.0004922471080482402,resistance_gene
PDC-97,0.0004922471080482402,resistance_gene
leuO,0.0004922471080482402,resistance_gene
OXA-907,0.0004922471080482402,resistance_gene
OXA-905,0.0004922471080482402,resistance_gene
OXA-904,0.0004922471080482402,resistance_gene
CDK4,0.0004922471080482402,gene/protein
PDC-40,0.0004922471080482402,resistance_gene
PDC-397,0.0004922471080482402,resistance_gene
PDC-392,0.0004922471080482402,resistance_gene
PDC-39,0.0004922471080482402,resistance_gene
AAC(6')-Ian,0.0004922471080482402,resistance_gene
BLK,0.0004922471080482402,gene/protein
ARNT,0.0004922471080482402,gene/protein
AQP6,0.0004922471080482402,gene/protein
positive regulation of smooth muscle cell proliferation,0.0004922471080482402,biological_process
AIM-1,0.0004922471080482402,resistance_gene
Mycobacterium tuberculosis rpoB mutants conferring resistance to rifampicin,0.0004922471080482402,resistance_gene
OXA-231,0.0004922471080482402,resistance_gene
SHV-62,0.0004922471080482402,resistance_gene
SHV-77,0.0004922471080482402,resistance_gene
OXA-241,0.0004922471080482402,resistance_gene
OXA-431,0.0004922471080482402,resistance_gene
PDC-364,0.0004922471080482402,resistance_gene
KEAP1,0.0004922471080482402,gene/protein
lnuB,0.0004922471080482402,resistance_gene
APH(7'')-Ia,0.0004922471080482402,resistance_gene
PDC-374,0.0004922471080482402,resistance_gene
PDC-371,0.0004922471080482402,resistance_gene
PDC-297,0.0004922471080482402,resistance_gene
OXA-237,0.0004922471080482402,resistance_gene
OXA-198,0.0004922471080482402,resistance_gene
SHV-157,0.0004922471080482402,resistance_gene
SHV-106,0.0004922471080482402,resistance_gene
MexG,0.0004922471080482402,resistance_gene
QnrD1,0.0004922471080482402,resistance_gene
circadian rhythm,0.0004922471080482402,biological_process
EstT,0.0004922471080482402,resistance_gene
OXA-129,0.0004922471080482402,resistance_gene
aadA12,0.0004922471080482402,resistance_gene
OXA-98,0.0004922471080482402,resistance_gene
SHV-75,0.0004922471080482402,resistance_gene
PDC-182,0.0004922471080482402,resistance_gene
PDC-238,0.0004922471080482402,resistance_gene
PDC-24,0.0004922471080482402,resistance_gene
GES-20,0.0004922471080482402,resistance_gene
QnrB1,0.0004922471080482402,resistance_gene
OXA-378,0.0004922471080482402,resistance_gene
positive regulation of peptidyl-serine phosphorylation,0.0004922471080482402,biological_process
cmlA4,0.0004922471080482402,resistance_gene
SHV-186,0.0004922471080482402,resistance_gene
OXA-207,0.0004922471080482402,resistance_gene
fexA,0.0004922471080482402,resistance_gene
OXA-104,0.0004922471080482402,resistance_gene
GES-1,0.0004922471080482402,resistance_gene
SREBF2,0.0004102059233735335,gene/protein
circadian regulation of gene expression,0.0004102059233735335,biological_process
Behavioral abnormality,0.0004102059233735335,effect/phenotype
Optic atrophy,0.0004102059233735335,effect/phenotype
Hepatosplenomegaly,0.0004102059233735335,effect/phenotype
MCL1,0.0004102059233735335,gene/protein
SH3KBP1,0.0004102059233735335,gene/protein
Increased inflammatory response,0.0004102059233735335,immune_effect/phenotype
ITGAM,0.0004102059233735335,gene/protein
Hypogonadism,0.0004102059233735335,effect/phenotype
ANT(6)-Ia,0.0004102059233735335,resistance_gene
baeS,0.0004102059233735335,resistance_gene
VEB-8,0.0004102059233735335,resistance_gene
mepR,0.0004102059233735335,resistance_gene
CYP2C8,0.0004102059233735335,gene/protein
cellular glucose homeostasis,0.0004102059233735335,biological_process
IL2RA,0.0004102059233735335,gene/protein
Wide nasal bridge,0.0004102059233735335,effect/phenotype
Polyphagia,0.0004102059233735335,effect/phenotype
Flexion contracture,0.0004102059233735335,effect/phenotype
Atrial septal defect,0.0004102059233735335,effect/phenotype
Malabsorption,0.0004102059233735335,effect/phenotype
Short neck,0.0004102059233735335,effect/phenotype
CTX-M-33,0.0004102059233735335,resistance_gene
CTX-M-14,0.0004102059233735335,resistance_gene
CTX-M-8,0.0004102059233735335,resistance_gene
Muscle weakness,0.0004102059233735335,effect/phenotype
Attention deficit hyperactivity disorder,0.0004102059233735335,effect/phenotype
lipoatrophic diabetes,0.0004102059233735335,disease
Heterogeneous,0.0004102059233735335,effect/phenotype
Osteoporosis,0.0004102059233735335,effect/phenotype
PKM,0.0004102059233735335,gene/protein
PARK7,0.0004102059233735335,gene/protein
Tremor,0.0004102059233735335,effect/phenotype
IL7R,0.0004102059233735335,gene/protein
FADD,0.0004102059233735335,gene/protein
wound healing,0.0004102059233735335,biological_process
AAC(3)-IIb,0.0004102059233735335,resistance_gene
aadA6/aadA10,0.0004102059233735335,resistance_gene
tet(32),0.0004102059233735335,resistance_gene
mel,0.0004102059233735335,resistance_gene
CMY-30,0.0004102059233735335,resistance_gene
CTX-M-64,0.0004102059233735335,resistance_gene
TRADD,0.0004102059233735335,gene/protein
IL4,0.0004102059233735335,gene/protein
HSPA9,0.0004102059233735335,gene/protein
IL2,0.0004102059233735335,gene/protein
KPNB1,0.0004102059233735335,gene/protein
TRIM37,0.0004102059233735335,gene/protein
ATP6V0D1,0.0004102059233735335,gene/protein
CLU,0.0004102059233735335,gene/protein
AAC(3)-Ic,0.0004102059233735335,resistance_gene
MCR-9.1,0.0004102059233735335,resistance_gene
rmtE2,0.0004102059233735335,resistance_gene
rmtE,0.0004102059233735335,resistance_gene
aadA8b,0.0004102059233735335,resistance_gene
tet(X3),0.0004102059233735335,resistance_gene
KPNA2,0.0004102059233735335,gene/protein
SNAI1,0.0004102059233735335,gene/protein
VASN,0.0004102059233735335,gene/protein
Male infertility,0.0004102059233735335,effect/phenotype
RELB,0.0004102059233735335,gene/protein
CDK2,0.0004102059233735335,gene/protein
protein ubiquitination,0.0004102059233735335,biological_process
FYN,0.0004102059233735335,gene/protein
HRAS,0.0004102059233735335,gene/protein
MAP3K5,0.0004102059233735335,gene/protein
CRP,0.0004102059233735335,gene/protein
FosB4,0.0004102059233735335,resistance_gene
adeG,0.0004102059233735335,resistance_gene
RAC1,0.0004102059233735335,gene/protein
positive regulation of fatty acid beta-oxidation,0.0004102059233735335,biological_process
AP1M1,0.0004102059233735335,gene/protein
TBK1,0.0004102059233735335,gene/protein
Heme signaling,0.0004102059233735335,pathway
cellular response to glucagon stimulus,0.0004102059233735335,biological_process
MAFF,0.0004102059233735335,gene/protein
positive regulation of cell migration involved in sprouting angiogenesis,0.0004102059233735335,biological_process
RACK1,0.0004102059233735335,gene/protein
HDAC6,0.0004102059233735335,gene/protein
RPTOR,0.0004102059233735335,gene/protein
TAB1,0.0004102059233735335,gene/protein
response to wounding,0.0004102059233735335,biological_process
IER3,0.0004102059233735335,gene/protein
vanW gene in vanB cluster,0.0004102059233735335,resistance_gene
activation of cysteine-type endopeptidase activity involved in apoptotic process,0.0004102059233735335,biological_process
extrinsic apoptotic signaling pathway,0.0004102059233735335,biological_process
CTX-M-123,0.0004102059233735335,resistance_gene
UBQLN1,0.0004102059233735335,gene/protein
MAP3K14,0.0004102059233735335,gene/protein
NCOA3,0.0004102059233735335,gene/protein
FAF1,0.0004102059233735335,gene/protein
MAP3K8,0.0004102059233735335,gene/protein
TRIB3,0.0004102059233735335,gene/protein
extrinsic apoptotic signaling pathway in absence of ligand,0.0004102059233735335,biological_process
Glucose intolerance,0.0004102059233735335,effect/phenotype
Fasting hypoglycemia,0.0004102059233735335,effect/phenotype
cholesterol metabolic process,0.0004102059233735335,biological_process
positive regulation of interleukin-6 production,0.0004102059233735335,biological_process
CTX-M-206,0.0004102059233735335,resistance_gene
cellular response to cadmium ion,0.0004102059233735335,biological_process
adenylate cyclase-activating G protein-coupled receptor signaling pathway,0.0004102059233735335,biological_process
FOX-8,0.0004102059233735335,resistance_gene
MCR-3.4,0.0004102059233735335,resistance_gene
LpsB,0.0004102059233735335,resistance_gene
mef(B),0.0004102059233735335,resistance_gene
cellular response to organic cyclic compound,0.0004102059233735335,biological_process
vasodilation,0.0004102059233735335,biological_process
Peptide ligand-binding receptors,0.0004102059233735335,pathway
G alpha (q) signalling events,0.0004102059233735335,pathway
PLA2G4A,0.0004102059233735335,gene/protein
TERF1,0.0004102059233735335,gene/protein
YWHAH,0.0004102059233735335,gene/protein
transcription initiation from RNA polymerase II promoter,0.0004102059233735335,biological_process
CTX-M-199,0.0004102059233735335,resistance_gene
KRTAP1-3,0.0004102059233735335,gene/protein
ANKRD30BL,0.0004102059233735335,gene/protein
CTX-M-186,0.0004102059233735335,resistance_gene
vatB,0.0004102059233735335,resistance_gene
tet(Q),0.0004102059233735335,resistance_gene
Staphylococcus aureus gyrA conferring resistance to fluoroquinolones,0.0004102059233735335,resistance_gene
msrF,0.0004102059233735335,resistance_gene
FONA-6,0.0004102059233735335,resistance_gene
FIM-1,0.0004102059233735335,resistance_gene
cprS,0.0004102059233735335,resistance_gene
cprR,0.0004102059233735335,resistance_gene
tet(X6),0.0004102059233735335,resistance_gene
SIRT2,0.0004102059233735335,gene/protein
carbohydrate metabolic process,0.0004102059233735335,biological_process
CARB-53,0.0004102059233735335,resistance_gene
Skeletal muscle atrophy,0.0004102059233735335,effect/phenotype
negative regulation of cell growth,0.0004102059233735335,biological_process
"Synthesis, secretion, and inactivation of Glucagon-like Peptide-1 (GLP-1)",0.0004102059233735335,pathway
DHA-25,0.0004102059233735335,resistance_gene
positive regulation of interleukin-8 production,0.0004102059233735335,biological_process
aadA7,0.0004102059233735335,resistance_gene
CMY-132,0.0004102059233735335,resistance_gene
AAC(3)-IIg,0.0004102059233735335,resistance_gene
Mycobacterium tuberculosis ethA mutations conferring resistance to isoniazid,0.0004102059233735335,resistance_gene
OmpA,0.0004102059233735335,resistance_gene
cellular response to interleukin-6,0.0004102059233735335,biological_process
HDAC2,0.0004102059233735335,gene/protein
positive regulation of tyrosine phosphorylation of STAT protein,0.0004102059233735335,biological_process
positive regulation of MAPK cascade,0.0004102059233735335,biological_process
FosXCC,0.0004102059233735335,resistance_gene
HGS,0.0004102059233735335,gene/protein
CREB3,0.0004102059233735335,gene/protein
HSP90B1,0.0004102059233735335,gene/protein
MCR-3.20,0.0004102059233735335,resistance_gene
KRT18,0.0004102059233735335,gene/protein
ADAM17,0.0004102059233735335,gene/protein
FosB3,0.0004102059233735335,resistance_gene
amrA,0.0004102059233735335,resistance_gene
spermatogenesis,0.0004102059233735335,biological_process
response to cytokine,0.0004102059233735335,biological_process
dfrA32,0.0004102059233735335,resistance_gene
MCR-2.3,0.0004102059233735335,resistance_gene
CD79A,0.0004102059233735335,gene/protein
APEX1,0.0004102059233735335,gene/protein
CRK,0.0004102059233735335,gene/protein
CDKN1A,0.0004102059233735335,gene/protein
CRKL,0.0004102059233735335,gene/protein
MCR-1.32,0.0004102059233735335,resistance_gene
MCR-3.39,0.0004102059233735335,resistance_gene
IRF1,0.0004102059233735335,gene/protein
HIPK2,0.0004102059233735335,gene/protein
STK11,0.0004102059233735335,gene/protein
mdtN,0.0004102059233735335,resistance_gene
Mycobacterium tuberculosis inhA mutations conferring resistance to isoniazid,0.0004102059233735335,resistance_gene
CTX-M-63,0.0004102059233735335,resistance_gene
QnrB76,0.0004102059233735335,resistance_gene
cellular response to amyloid-beta,0.0004102059233735335,biological_process
BMX,0.0004102059233735335,gene/protein
ADC-30,0.0004102059233735335,resistance_gene
ADRB2,0.0004102059233735335,gene/protein
negative regulation of neuron death,0.0004102059233735335,biological_process
Interleukin-10 signaling,0.0004102059233735335,pathway
Acinetobacter baumannii AmvA,0.0004102059233735335,resistance_gene
Acinetobacter baumannii AbaQ,0.0004102059233735335,resistance_gene
apmA,0.0004102059233735335,resistance_gene
MCR-3.1,0.0004102059233735335,resistance_gene
Enterococcus faecium chloramphenicol acetyltransferase,0.0004102059233735335,resistance_gene
GOLGA2,0.0004102059233735335,gene/protein
Escherichia coli parC conferring resistance to fluoroquinolones,0.0004102059233735335,resistance_gene
BAG1,0.0004102059233735335,gene/protein
CMY-16,0.0004102059233735335,resistance_gene
ARRB2,0.0004102059233735335,gene/protein
aadA6,0.0004102059233735335,resistance_gene
SFO-1,0.0004102059233735335,resistance_gene
Escherichia coli UhpT with mutation conferring resistance to fosfomycin,0.0004102059233735335,resistance_gene
VEB-11,0.0004102059233735335,resistance_gene
dfrB4,0.0004102059233735335,resistance_gene
MCR-5.1,0.0004102059233735335,resistance_gene
Escherichia coli ampC beta-lactamase,0.0004102059233735335,resistance_gene
msbA,0.0004102059233735335,resistance_gene
Salmonella enterica gyrA conferring resistance to fluoroquinolones,0.0004102059233735335,resistance_gene
Decreased proportion of memory B cells,0.0004102059233735335,immune_effect/phenotype
Decreased proportion of CD4-positive T cells,0.0004102059233735335,immune_effect/phenotype
vgbA,0.0004102059233735335,resistance_gene
otitis externa,0.0004102059233735335,disease
Focal sensory seizure,0.0004102059233735335,effect/phenotype
aad(6),0.0004102059233735335,resistance_gene
vatE,0.0004102059233735335,resistance_gene
negative regulation of interleukin-6 production,0.0004102059233735335,biological_process
MCR-1.2,0.0004102059233735335,resistance_gene
dfrA6,0.0004102059233735335,resistance_gene
transforming growth factor beta receptor signaling pathway,0.0004102059233735335,biological_process
NPS-1,0.0004102059233735335,resistance_gene
basS,0.0004102059233735335,resistance_gene
fexB,0.0004102059233735335,resistance_gene
VEB-25,0.0004102059233735335,resistance_gene
VEB-21,0.0004102059233735335,resistance_gene
rmtD,0.0004102059233735335,resistance_gene
CMY-59,0.0004102059233735335,resistance_gene
vanH gene in vanD cluster,0.0004102059233735335,resistance_gene
positive regulation of blood vessel endothelial cell proliferation involved in sprouting angiogenesis,0.0004102059233735335,biological_process
VEB-17,0.0004102059233735335,resistance_gene
MCR-3.5,0.0004102059233735335,resistance_gene
QepA4,0.0004102059233735335,resistance_gene
PAU-1,0.0004102059233735335,resistance_gene
PRC-1,0.0004102059233735335,resistance_gene
norC,0.0004102059233735335,resistance_gene
QnrB2,0.0004102059233735335,resistance_gene
adeC,0.0004102059233735335,resistance_gene
brain development,0.0004102059233735335,biological_process
CTX-M-88,0.0004102059233735335,resistance_gene
lnuC,0.0004102059233735335,resistance_gene
mepA,0.0004102059233735335,resistance_gene
HSPB1,0.0004102059233735335,gene/protein
NFKB2,0.0004102059233735335,gene/protein
vatA,0.0004102059233735335,resistance_gene
DIM-1,0.0004102059233735335,resistance_gene
LCR-1,0.0004102059233735335,resistance_gene
MYOC,0.0004102059233735335,gene/protein
FAM209A,0.0004102059233735335,gene/protein
REL,0.0004102059233735335,gene/protein
LYN,0.0004102059233735335,gene/protein
efmA,0.0004102059233735335,resistance_gene
efpA,0.0004102059233735335,resistance_gene
CMY-4,0.0004102059233735335,resistance_gene
FosA7,0.0004102059233735335,resistance_gene
FosA6,0.0004102059233735335,resistance_gene
VEB-7,0.0004102059233735335,resistance_gene
mphB,0.0004102059233735335,resistance_gene
ANT(9)-Ia,0.0004102059233735335,resistance_gene
tet(36),0.0004102059233735335,resistance_gene
CMY-166,0.0004102059233735335,resistance_gene
VEB-14,0.0004102059233735335,resistance_gene
mcr-10.1,0.0004102059233735335,resistance_gene
QepA2,0.0004102059233735335,resistance_gene
adeL,0.0004102059233735335,resistance_gene
vatD,0.0004102059233735335,resistance_gene
CTX-M-125,0.0004102059233735335,resistance_gene
Detoxification of Reactive Oxygen Species,0.0004102059233735335,pathway
AAC(6')-Ib-cr9,0.0004102059233735335,resistance_gene
defense response to bacterium,0.0004102059233735335,biological_process
CMY-165,0.0004102059233735335,resistance_gene
AAC(6')-Ib-cr7,0.0004102059233735335,resistance_gene
dfrK,0.0004102059233735335,resistance_gene
FosA4,0.0004102059233735335,resistance_gene
SOCS6,0.0004102059233735335,gene/protein
PPM1A,0.0004102059233735335,gene/protein
AAC(6')-Iq,0.0004102059233735335,resistance_gene
arlR,0.0004102059233735335,resistance_gene
adeB,0.0004102059233735335,resistance_gene
C2CD4B,0.0004102059233735335,gene/protein
QnrB4,0.0004102059233735335,resistance_gene
Mycobacterium tuberculosis gyrA conferring resistance to fluoroquinolones,0.0004102059233735335,resistance_gene
EreB,0.0004102059233735335,resistance_gene
CTX-M-104,0.0004102059233735335,resistance_gene
MCR-1.1,0.0004102059233735335,resistance_gene
aadA13,0.0004102059233735335,resistance_gene
VEB-1b,0.0004102059233735335,resistance_gene
kdpE,0.0004102059233735335,resistance_gene
Mycobacterium tuberculosis kasA mutant conferring resistance to isoniazid,0.0004102059233735335,resistance_gene
CTX-M-136,0.0004102059233735335,resistance_gene
Pseudomonas aeruginosa gyrA conferring resistance to fluoroquinolones,0.0004102059233735335,resistance_gene
mdtO,0.0004102059233735335,resistance_gene
RlmA(II),0.0004102059233735335,resistance_gene
emrR,0.0004102059233735335,resistance_gene
ANT(4')-IIb,0.0004102059233735335,resistance_gene
ILF3,0.0004102059233735335,gene/protein
linG,0.0004102059233735335,resistance_gene
adeA,0.0004102059233735335,resistance_gene
optrA,0.0004102059233735335,resistance_gene
Acinetobacter baumannii gyrA conferring resistance to fluoroquinolones,0.0004102059233735335,resistance_gene
CTX-M-62,0.0004102059233735335,resistance_gene
Acinetobacter baumannii ampC beta-lactamase,0.0004102059233735335,resistance_gene
Mycobacterium tuberculosis gyrB mutant conferring resistance to fluoroquinolones,0.0004102059233735335,resistance_gene
Enterococcus faecalis liaS mutant conferring daptomycin resistance,0.0004102059233735335,resistance_gene
EPHA2,0.0004102059233735335,gene/protein
LMNA,0.0004102059233735335,gene/protein
KAT2B,0.0004102059233735335,gene/protein
PIP3 activates AKT signaling,0.0004102059233735335,pathway
SUV39H1,0.0004102059233735335,gene/protein
abeM,0.0004102059233735335,resistance_gene
cmx,0.0004102059233735335,resistance_gene
dfrF,0.0004102059233735335,resistance_gene
GRB10,0.0004102059233735335,gene/protein
negative regulation of sprouting angiogenesis,0.0004102059233735335,biological_process
DISC1,0.0004102059233735335,gene/protein
ACTA2,0.0004102059233735335,gene/protein
tet(Y),0.0004102059233735335,resistance_gene
DHA-15,0.0004102059233735335,resistance_gene
Escherichia coli folP with mutation conferring resistance to sulfonamides,0.0004102059233735335,resistance_gene
CCNB1,0.0004102059233735335,gene/protein
DVL2,0.0004102059233735335,gene/protein
CHEK1,0.0004102059233735335,gene/protein
FLNA,0.0004102059233735335,gene/protein
UBE3A,0.0004102059233735335,gene/protein
CTX-M-115,0.0004102059233735335,resistance_gene
aadA11,0.0004102059233735335,resistance_gene
rmtG,0.0004102059233735335,resistance_gene
AAC(6')-32,0.0004102059233735335,resistance_gene
catIII,0.0004102059233735335,resistance_gene
H3C7,0.0004102059233735335,gene/protein
STK4,0.0004102059233735335,gene/protein
TLE1,0.0004102059233735335,gene/protein
BIK,0.0004102059233735335,gene/protein
BCL2L13,0.0004102059233735335,gene/protein
TRIM27,0.0004102059233735335,gene/protein
PSTPIP1,0.0004102059233735335,gene/protein
OKP-B-6,0.0004102059233735335,resistance_gene
vanXY gene in vanE cluster,0.0004102059233735335,resistance_gene
adeH,0.0004102059233735335,resistance_gene
abeS,0.0004102059233735335,resistance_gene
cpxA,0.0004102059233735335,resistance_gene
PSMD10,0.0004102059233735335,gene/protein
CCL20,0.0004102059233735335,gene/protein
LRP2,0.0004102059233735335,gene/protein
negative regulation of gluconeogenesis,0.0004102059233735335,biological_process
AAC(6')-Ib11,0.0004102059233735335,resistance_gene
VEB-2,0.0004102059233735335,resistance_gene
CTX-M-12,0.0004102059233735335,resistance_gene
AAC(6')-29b,0.0004102059233735335,resistance_gene
adeR,0.0004102059233735335,resistance_gene
vanH gene in vanB cluster,0.0004102059233735335,resistance_gene
NR1H2,0.0004102059233735335,gene/protein
Mycobacterium tuberculosis ethA with mutation conferring resistance to ethionamide,0.0004102059233735335,resistance_gene
arr-8,0.0004102059233735335,resistance_gene
positive regulation of pri-miRNA transcription by RNA polymerase II,0.0004102059233735335,biological_process
PSMD4,0.0004102059233735335,gene/protein
TP53BP2,0.0004102059233735335,gene/protein
adeS,0.0004102059233735335,resistance_gene
arlS,0.0004102059233735335,resistance_gene
IL1B,0.0004102059233735335,gene/protein
mdtP,0.0004102059233735335,resistance_gene
basR,0.0004102059233735335,resistance_gene
CTX-M-1,0.0004102059233735335,resistance_gene
ROCK1P1,0.0004102059233735335,gene/protein
YES1,0.0004102059233735335,gene/protein
HSPE1,0.0004102059233735335,gene/protein
aadA23,0.0004102059233735335,resistance_gene
CARB-4,0.0004102059233735335,resistance_gene
IQGAP1,0.0004102059233735335,gene/protein
SMURF2,0.0004102059233735335,gene/protein
cmlB,0.0004102059233735335,resistance_gene
QnrB17,0.0004102059233735335,resistance_gene
amrB,0.0004102059233735335,resistance_gene
Escherichia coli mdfA,0.0004102059233735335,resistance_gene
FosA2,0.0004102059233735335,resistance_gene
CTX-M-65,0.0004102059233735335,resistance_gene
HSPD1,0.0004102059233735335,gene/protein
PICK1,0.0004102059233735335,gene/protein
CTX-M-24,0.0004102059233735335,resistance_gene
arr-4,0.0004102059233735335,resistance_gene
dfrA25,0.0004102059233735335,resistance_gene
CTX-M-9,0.0004102059233735335,resistance_gene
Mycobacterium tuberculosis iniC mutant conferring resistance to ethambutol,0.0004102059233735335,resistance_gene
CEBPD,0.0004102059233735335,gene/protein
PTK2,0.0004102059233735335,gene/protein
regulation of circadian rhythm,0.0004102059233735335,biological_process
Decreased body weight,0.0004102059233735335,effect/phenotype
TGM2,0.0004102059233735335,gene/protein
Female infertility,0.0004102059233735335,effect/phenotype
Genu valgum,0.0004102059233735335,effect/phenotype
KHDRBS1,0.0004102059233735335,gene/protein
USP2,0.0004102059233735335,gene/protein
obesity due to melanocortin 4 receptor deficiency,0.0004102059233735335,disease
Spasticity,0.0004102059233735335,effect/phenotype
Depressivity,0.0004102059233735335,effect/phenotype
VDAC1,0.0004102059233735335,gene/protein
ZFP36,0.0003281647386988268,gene/protein
PPARGC1B,0.0003281647386988268,gene/protein
MAFK,0.0003281647386988268,gene/protein
Kyphosis,0.0003281647386988268,effect/phenotype
Hip dysplasia,0.0003281647386988268,effect/phenotype
Babinski sign,0.0003281647386988268,effect/phenotype
UCHL1,0.0003281647386988268,gene/protein
CMY-23,0.0003281647386988268,resistance_gene
arr-7,0.0003281647386988268,resistance_gene
APH(3')-IIb,0.0003281647386988268,resistance_gene
CMY-69,0.0003281647386988268,resistance_gene
Limb ataxia,0.0003281647386988268,effect/phenotype
X-linked recessive inheritance,0.0003281647386988268,immune_effect/phenotype
Coarse facial features,0.0003281647386988268,effect/phenotype
CAVIN1,0.0003281647386988268,gene/protein
CCL14,0.0003281647386988268,gene/protein
STAT2,0.0003281647386988268,gene/protein
HMGA2,0.0003281647386988268,gene/protein
KRAS,0.0003281647386988268,gene/protein
cellular response to leukemia inhibitory factor,0.0003281647386988268,biological_process
CYCS,0.0003281647386988268,gene/protein
SH2B1,0.0003281647386988268,gene/protein
Lymphoma,0.0003281647386988268,immune_effect/phenotype
AAC(3)-IIIb,0.0003281647386988268,resistance_gene
CDH13,0.0003281647386988268,gene/protein
IRF4,0.0003281647386988268,gene/protein
H2BC21,0.0003281647386988268,gene/protein
POU6F2,0.0003281647386988268,gene/protein
Mycobacterium tuberculosis gidB mutation conferring resistance to streptomycin,0.0003281647386988268,resistance_gene
dfrD,0.0003281647386988268,resistance_gene
mphF,0.0003281647386988268,resistance_gene
Cellular hexose transport,0.0003281647386988268,pathway
Streptococcus pneumoniae parC conferring resistance to fluoroquinolones,0.0003281647386988268,resistance_gene
PITX3,0.0003281647386988268,gene/protein
NR1I3,0.0003281647386988268,gene/protein
NRIP1,0.0003281647386988268,gene/protein
PSMD11,0.0003281647386988268,gene/protein
eptA,0.0003281647386988268,resistance_gene
CMY-13,0.0003281647386988268,resistance_gene
aadA25,0.0003281647386988268,resistance_gene
catB10,0.0003281647386988268,resistance_gene
dfrA26,0.0003281647386988268,resistance_gene
UBE2O,0.0003281647386988268,gene/protein
PSMA3,0.0003281647386988268,gene/protein
MAPK10,0.0003281647386988268,gene/protein
ITGB1,0.0003281647386988268,gene/protein
RBM39,0.0003281647386988268,gene/protein
HCFC1,0.0003281647386988268,gene/protein
MAX,0.0003281647386988268,gene/protein
epidermal growth factor receptor signaling pathway,0.0003281647386988268,biological_process
Mycobacterium tuberculosis embB mutant conferring resistance to ethambutol,0.0003281647386988268,resistance_gene
AHCYL1,0.0003281647386988268,gene/protein
MED14,0.0003281647386988268,gene/protein
SFPQ,0.0003281647386988268,gene/protein
vanS gene in vanB cluster,0.0003281647386988268,resistance_gene
CTX-M-30,0.0003281647386988268,resistance_gene
NEDD8,0.0003281647386988268,gene/protein
KMT2A,0.0003281647386988268,gene/protein
PSMC1,0.0003281647386988268,gene/protein
PSMD8,0.0003281647386988268,gene/protein
CYP7A1,0.0003281647386988268,gene/protein
USF1,0.0003281647386988268,gene/protein
response to organic substance,0.0003281647386988268,biological_process
PSMD1,0.0003281647386988268,gene/protein
PSMC2,0.0003281647386988268,gene/protein
RAB7A,0.0003281647386988268,gene/protein
CTX-M-58,0.0003281647386988268,resistance_gene
PHB,0.0003281647386988268,gene/protein
MIR885,0.0003281647386988268,gene/protein
AAC(3)-IIIc,0.0003281647386988268,resistance_gene
rmtH,0.0003281647386988268,resistance_gene
DfrA38,0.0003281647386988268,resistance_gene
Staphylococcus aureus gyrB conferring resistance to aminocoumarin,0.0003281647386988268,resistance_gene
dfrA22,0.0003281647386988268,resistance_gene
HDAC4,0.0003281647386988268,gene/protein
negative regulation of ERK1 and ERK2 cascade,0.0003281647386988268,biological_process
UCHL5,0.0003281647386988268,gene/protein
arr-5,0.0003281647386988268,resistance_gene
emrY,0.0003281647386988268,resistance_gene
vanV gene in vanB cluster,0.0003281647386988268,resistance_gene
emrK,0.0003281647386988268,resistance_gene
generation of precursor metabolites and energy,0.0003281647386988268,biological_process
NR1I2,0.0003281647386988268,gene/protein
VRK2,0.0003281647386988268,gene/protein
AAC(6')-Ib-Suzhou,0.0003281647386988268,resistance_gene
QnrB5,0.0003281647386988268,resistance_gene
CARB-16,0.0003281647386988268,resistance_gene
CDK3,0.0003281647386988268,gene/protein
ARAF,0.0003281647386988268,gene/protein
CLK2,0.0003281647386988268,gene/protein
GNAI2,0.0003281647386988268,gene/protein
response to zinc ion,0.0003281647386988268,biological_process
Signaling by BRAF and RAF fusions,0.0003281647386988268,pathway
vanR gene in vanB cluster,0.0003281647386988268,resistance_gene
mdtG,0.0003281647386988268,resistance_gene
dfrA20,0.0003281647386988268,resistance_gene
AAC(6')-IIb,0.0003281647386988268,resistance_gene
APC,0.0003281647386988268,gene/protein
AGT,0.0003281647386988268,gene/protein
CSNK2B,0.0003281647386988268,gene/protein
CLK1,0.0003281647386988268,gene/protein
TRAF4,0.0003281647386988268,gene/protein
ADRM1,0.0003281647386988268,gene/protein
DDIT3,0.0003281647386988268,gene/protein
CDK6,0.0003281647386988268,gene/protein
APLNR,0.0003281647386988268,gene/protein
EBP,0.0003281647386988268,gene/protein
MUC1,0.0003281647386988268,gene/protein
CTX-M-134,0.0003281647386988268,resistance_gene
emrA,0.0003281647386988268,resistance_gene
bacA,0.0003281647386988268,resistance_gene
SKI,0.0003281647386988268,gene/protein
TNIK,0.0003281647386988268,gene/protein
USF2,0.0003281647386988268,gene/protein
CARB-1,0.0003281647386988268,resistance_gene
ESR2,0.0003281647386988268,gene/protein
GNAI3,0.0003281647386988268,gene/protein
fusB,0.0003281647386988268,resistance_gene
CTX-M-130,0.0003281647386988268,resistance_gene
Escherichia coli EF-Tu mutants conferring resistance to Enacyloxin IIa,0.0003281647386988268,resistance_gene
aadA8,0.0003281647386988268,resistance_gene
TriA,0.0003281647386988268,resistance_gene
negative regulation of protein kinase B signaling,0.0003281647386988268,biological_process
mphG,0.0003281647386988268,resistance_gene
Planobispora rosea EF-Tu mutants conferring resistance to inhibitor GE2270A,0.0003281647386988268,resistance_gene
Staphylococcus aureus fusA with mutation conferring resistance to fusidic acid,0.0003281647386988268,resistance_gene
fusC,0.0003281647386988268,resistance_gene
vanW gene in vanI cluster,0.0003281647386988268,resistance_gene
DfrA36,0.0003281647386988268,resistance_gene
CTX-M-25,0.0003281647386988268,resistance_gene
aadA9,0.0003281647386988268,resistance_gene
Staphylococcus aureus walK with mutation conferring resistance to daptomycin,0.0003281647386988268,resistance_gene
SPM-1,0.0003281647386988268,resistance_gene
Staphylococcus aureus ileS with mutation conferring resistance to mupirocin,0.0003281647386988268,resistance_gene
Mycobacterium tuberculosis intrinsic murA conferring resistance to fosfomycin,0.0003281647386988268,resistance_gene
GADD45G,0.0003281647386988268,gene/protein
AAC(3)-IIIa,0.0003281647386988268,resistance_gene
Pseudomonas aeruginosa catB6,0.0003281647386988268,resistance_gene
mdtC,0.0003281647386988268,resistance_gene
vanT gene in vanE cluster,0.0003281647386988268,resistance_gene
Staphylococcus aureus cls conferring resistance to daptomycin,0.0003281647386988268,resistance_gene
MAP2K1,0.0003281647386988268,gene/protein
TP73,0.0003281647386988268,gene/protein
RPS6KB2,0.0003281647386988268,gene/protein
Staphylococcus aureus mupA conferring resistance to mupirocin,0.0003281647386988268,resistance_gene
Escherichia coli nfsA mutations conferring resistance to nitrofurantoin,0.0003281647386988268,resistance_gene
lnuE,0.0003281647386988268,resistance_gene
patA,0.0003281647386988268,resistance_gene
bcr-1,0.0003281647386988268,resistance_gene
Enterococcus faecalis gshF with mutation conferring daptomycin resistance,0.0003281647386988268,resistance_gene
TriB,0.0003281647386988268,resistance_gene
DfrA34,0.0003281647386988268,resistance_gene
Trimethoprim-resistant dihydrofolate reductase DfrA42,0.0003281647386988268,resistance_gene
Pseudomonas aeruginosa parE conferring resistance to fluoroquinolones,0.0003281647386988268,resistance_gene
mexN,0.0003281647386988268,resistance_gene
Acinetobacter baumannii parC conferring resistance to fluoroquinolones,0.0003281647386988268,resistance_gene
patB,0.0003281647386988268,resistance_gene
ADC-1,0.0003281647386988268,resistance_gene
 resistance by absence,0.0003281647386988268,resistance_mechanism
mphC,0.0003281647386988268,resistance_gene
FosC2,0.0003281647386988268,resistance_gene
TriC,0.0003281647386988268,resistance_gene
mexM,0.0003281647386988268,resistance_gene
Staphylococcus aureus murA with mutation conferring resistance to fosfomycin,0.0003281647386988268,resistance_gene
Enterococcus faecalis cls with mutation conferring resistance to daptomycin,0.0003281647386988268,resistance_gene
Mycobacterium tuberculosis embA mutant conferring resistance to ethambutol,0.0003281647386988268,resistance_gene
GRN,0.0003281647386988268,gene/protein
spd,0.0003281647386988268,resistance_gene
MIR409,0.0003281647386988268,gene/protein
MIR377,0.0003281647386988268,gene/protein
PDPK1,0.0003281647386988268,gene/protein
SPP1,0.0003281647386988268,gene/protein
Salmonella serovars parE conferring resistance to fluoroquinolones,0.0003281647386988268,resistance_gene
mef(E),0.0003281647386988268,resistance_gene
kidney development,0.0003281647386988268,biological_process
CTX-M-132,0.0003281647386988268,resistance_gene
PAG1,0.0003281647386988268,gene/protein
dfrB2,0.0003281647386988268,resistance_gene
kdpD,0.0003281647386988268,resistance_gene
response to tumor necrosis factor,0.0003281647386988268,biological_process
vanM,0.0003281647386988268,resistance_gene
CTX-M-10,0.0003281647386988268,resistance_gene
FosA7.5,0.0003281647386988268,resistance_gene
Escherichia coli emrE,0.0003281647386988268,resistance_gene
Pseudomonas aeruginosa emrE,0.0003281647386988268,resistance_gene
vanY gene in vanF cluster,0.0003281647386988268,resistance_gene
AAC(6')-29a,0.0003281647386988268,resistance_gene
positive regulation of gluconeogenesis,0.0003281647386988268,biological_process
negative regulation of necroptotic process,0.0003281647386988268,biological_process
negative regulation of transforming growth factor beta receptor signaling pathway,0.0003281647386988268,biological_process
CMY-140,0.0003281647386988268,resistance_gene
CMY-148,0.0003281647386988268,resistance_gene
ADC-73,0.0003281647386988268,resistance_gene
dfrA35,0.0003281647386988268,resistance_gene
ADC-67,0.0003281647386988268,resistance_gene
OpmH,0.0003281647386988268,resistance_gene
CMY-146,0.0003281647386988268,resistance_gene
PAC-1,0.0003281647386988268,resistance_gene
negative regulation of oxidative stress-induced intrinsic apoptotic signaling pathway,0.0003281647386988268,biological_process
CMY-145,0.0003281647386988268,resistance_gene
CMY-141,0.0003281647386988268,resistance_gene
regulation of lipid metabolic process,0.0003281647386988268,biological_process
Mycobacterium tuberculosis tlyA mutations conferring resistance to aminoglycosides,0.0003281647386988268,resistance_gene
CTX-M-99,0.0003281647386988268,resistance_gene
CTX-M-93,0.0003281647386988268,resistance_gene
AAC(6')-Ir,0.0003281647386988268,resistance_gene
vanX gene in vanB cluster,0.0003281647386988268,resistance_gene
QnrA6,0.0003281647386988268,resistance_gene
CTX-M-26,0.0003281647386988268,resistance_gene
CTX-M-79,0.0003281647386988268,resistance_gene
CTX-M-90,0.0003281647386988268,resistance_gene
catQ,0.0003281647386988268,resistance_gene
emrB,0.0003281647386988268,resistance_gene
NBPF19,0.0003281647386988268,gene/protein
tet(O/W/32/O),0.0003281647386988268,resistance_gene
MCR-1.33,0.0003281647386988268,resistance_gene
RBM4,0.0003281647386988268,gene/protein
FN1,0.0003281647386988268,gene/protein
MIR485,0.0003281647386988268,gene/protein
MIR335,0.0003281647386988268,gene/protein
CTX-M-131,0.0003281647386988268,resistance_gene
QnrB9,0.0003281647386988268,resistance_gene
vanH gene in vanM cluster,0.0003281647386988268,resistance_gene
ADC-18,0.0003281647386988268,resistance_gene
ADC-7,0.0003281647386988268,resistance_gene
ADC-81,0.0003281647386988268,resistance_gene
cellular oxidant detoxification,0.0003281647386988268,biological_process
ANT(3'')-IIc,0.0003281647386988268,resistance_gene
ANT(3'')-IIb,0.0003281647386988268,resistance_gene
HMB-1,0.0003281647386988268,resistance_gene
CMY-8,0.0003281647386988268,resistance_gene
ADC-41,0.0003281647386988268,resistance_gene
ADC-56,0.0003281647386988268,resistance_gene
tet(W/N/W),0.0003281647386988268,resistance_gene
Abnormality of chromosome stability,0.0003281647386988268,effect/phenotype
mef(H),0.0003281647386988268,resistance_gene
LATS2,0.0003281647386988268,gene/protein
dfrA24,0.0003281647386988268,resistance_gene
TNIP2,0.0003281647386988268,gene/protein
positive regulation of tumor necrosis factor production,0.0003281647386988268,biological_process
sepA,0.0003281647386988268,resistance_gene
FosY,0.0003281647386988268,resistance_gene
mdtA,0.0003281647386988268,resistance_gene
qacA,0.0003281647386988268,resistance_gene
Staphylococcus aureus parE conferring resistance to fluoroquinolones,0.0003281647386988268,resistance_gene
ADC-25,0.0003281647386988268,resistance_gene
cell redox homeostasis,0.0003281647386988268,biological_process
mdtH,0.0003281647386988268,resistance_gene
CTX-M-59,0.0003281647386988268,resistance_gene
tet(38),0.0003281647386988268,resistance_gene
vanE,0.0003281647386988268,resistance_gene
AAC(6')-Iai,0.0003281647386988268,resistance_gene
arnA,0.0003281647386988268,resistance_gene
CMY-111,0.0003281647386988268,resistance_gene
AAC(6')-Ip,0.0003281647386988268,resistance_gene
CTX-M-32,0.0003281647386988268,resistance_gene
QnrVC6,0.0003281647386988268,resistance_gene
CTX-M-71,0.0003281647386988268,resistance_gene
BAX,0.0003281647386988268,gene/protein
APC2,0.0003281647386988268,gene/protein
superoxide metabolic process,0.0003281647386988268,biological_process
CTX-M-101,0.0003281647386988268,resistance_gene
ADC-31,0.0003281647386988268,resistance_gene
Coma,0.0003281647386988268,effect/phenotype
HLA-A,0.0003281647386988268,gene/protein
CDK5,0.0003281647386988268,gene/protein
HLA-DRB1,0.0003281647386988268,gene/protein
IRF5,0.0003281647386988268,gene/protein
Recurrent bacterial skin infections,0.0003281647386988268,effect/phenotype
Recurrent streptococcus pneumoniae infections,0.0003281647386988268,effect/phenotype
GRK2,0.0003281647386988268,gene/protein
Mycobacterium tuberculosis embR mutant conferring resistance to ethambutol,0.0003281647386988268,resistance_gene
CASP10,0.0003281647386988268,gene/protein
fatty acid metabolic process,0.0003281647386988268,biological_process
tet(59),0.0003281647386988268,resistance_gene
Mycobacterium tuberculosis folC with mutation conferring resistance to para-aminosalicylic acid,0.0003281647386988268,resistance_gene
MCR-3.2,0.0003281647386988268,resistance_gene
QnrS11,0.0003281647386988268,resistance_gene
Staphylococcus aureus parC conferring resistance to fluoroquinolones,0.0003281647386988268,resistance_gene
ADC-76,0.0003281647386988268,resistance_gene
ADC-75,0.0003281647386988268,resistance_gene
ADC-74,0.0003281647386988268,resistance_gene
ADC-61,0.0003281647386988268,resistance_gene
pmrA,0.0003281647386988268,resistance_gene
vanX gene in vanM cluster,0.0003281647386988268,resistance_gene
ADC-2,0.0003281647386988268,resistance_gene
ADC-6,0.0003281647386988268,resistance_gene
MCR-3.11,0.0003281647386988268,resistance_gene
Escherichia coli gyrA with mutation conferring resistance to triclosan,0.0003281647386988268,resistance_gene
Salmonella enterica gyrA with mutation conferring resistance to triclosan,0.0003281647386988268,resistance_gene
ADC-5,0.0003281647386988268,resistance_gene
CTX-M-36,0.0003281647386988268,resistance_gene
QnrS10,0.0003281647386988268,resistance_gene
Tachycardia,0.0003281647386988268,effect/phenotype
Hypothermia,0.0003281647386988268,effect/phenotype
MIR215,0.0003281647386988268,gene/protein
SH2B3,0.0003281647386988268,gene/protein
VAV3,0.0003281647386988268,gene/protein
KLF6,0.0003281647386988268,gene/protein
APAF1,0.0003281647386988268,gene/protein
CYB5A,0.0003281647386988268,gene/protein
BAD,0.0003281647386988268,gene/protein
CSK,0.0003281647386988268,gene/protein
CISH,0.0003281647386988268,gene/protein
POU2F1,0.0003281647386988268,gene/protein
PmrF,0.0003281647386988268,resistance_gene
PME-1,0.0003281647386988268,resistance_gene
YojI,0.0003281647386988268,resistance_gene
ADC-82,0.0003281647386988268,resistance_gene
ADC-79,0.0003281647386988268,resistance_gene
ADC-78,0.0003281647386988268,resistance_gene
ADC-60,0.0003281647386988268,resistance_gene
ADC-58,0.0003281647386988268,resistance_gene
ADC-10,0.0003281647386988268,resistance_gene
ADC-11,0.0003281647386988268,resistance_gene
ADC-68,0.0003281647386988268,resistance_gene
negative regulation of interleukin-21 production,0.0003281647386988268,biological_process
negative regulation of I-kappaB kinase/NF-kappaB signaling,0.0003281647386988268,biological_process
negative regulation of cholesterol efflux,0.0003281647386988268,biological_process
MCR-8.1,0.0003281647386988268,resistance_gene
Mycobacterium tuberculosis thyA with mutation conferring resistance to para-aminosalicylic acid,0.0003281647386988268,resistance_gene
Acinetobacter baumannii AbaF,0.0003281647386988268,resistance_gene
Staphylococcus aureus UhpT with mutation conferring resistance to fosfomycin,0.0003281647386988268,resistance_gene
Staphylococcus aureus GlpT with mutation conferring resistance to fosfomycin,0.0003281647386988268,resistance_gene
pgpB,0.0003281647386988268,resistance_gene
Campylobacter coli chloramphenicol acetyltransferase,0.0003281647386988268,resistance_gene
acrD,0.0003281647386988268,resistance_gene
almF,0.0003281647386988268,resistance_gene
SGTA,0.0003281647386988268,gene/protein
FASLG,0.0003281647386988268,gene/protein
PKN1,0.0003281647386988268,gene/protein
RbpA,0.0003281647386988268,resistance_gene
Mycobacterium tuberculosis embC mutant conferring resistance to ethambutol,0.0003281647386988268,resistance_gene
vanX gene in vanD cluster,0.0003281647386988268,resistance_gene
QnrB16,0.0003281647386988268,resistance_gene
Respiratory tract infection,0.0003281647386988268,effect/phenotype
lnuF,0.0003281647386988268,resistance_gene
CTX-M-44,0.0003281647386988268,resistance_gene
BUB1,0.0003281647386988268,gene/protein
ABL2,0.0003281647386988268,gene/protein
dfrB5,0.0003281647386988268,resistance_gene
response to hormone,0.0003281647386988268,biological_process
cellular response to transforming growth factor beta stimulus,0.0003281647386988268,biological_process
dfrA18,0.0003281647386988268,resistance_gene
dfrA30,0.0003281647386988268,resistance_gene
MCR-3.40,0.0003281647386988268,resistance_gene
positive regulation of interleukin-1 beta production,0.0003281647386988268,biological_process
MCR-3.23,0.0003281647386988268,resistance_gene
ATP6V0B,0.0003281647386988268,gene/protein
CAMK4,0.0003281647386988268,gene/protein
RNF31,0.0003281647386988268,gene/protein
DDX58,0.0003281647386988268,gene/protein
HLA-C,0.0003281647386988268,gene/protein
MCR-5.3,0.0003281647386988268,resistance_gene
MCR-1.26,0.0003281647386988268,resistance_gene
MCR-3.19,0.0003281647386988268,resistance_gene
MCR-3.28,0.0003281647386988268,resistance_gene
Escherichia coli CyaA with mutation conferring resistance to fosfomycin,0.0003281647386988268,resistance_gene
Escherichia coli GlpT with mutation conferring resistance to fosfomycin,0.0003281647386988268,resistance_gene
fat cell differentiation,0.0003281647386988268,biological_process
Mycobacterium tuberculosis katG mutations conferring resistance to isoniazid,0.0003281647386988268,resistance_gene
FANCD2,0.0003281647386988268,gene/protein
CYLD,0.0003281647386988268,gene/protein
ATP5F1A,0.0003281647386988268,gene/protein
SLC3A2,0.0003281647386988268,gene/protein
vanY gene in vanD cluster,0.0003281647386988268,resistance_gene
Recurrent Klebsiella infections,0.0003281647386988268,effect/phenotype
dfrE,0.0003281647386988268,resistance_gene
cell adhesion,0.0003281647386988268,biological_process
mecC-type BlaZ,0.0003281647386988268,resistance_gene
mef(D),0.0003281647386988268,resistance_gene
cell-cell signaling,0.0003281647386988268,biological_process
cellular calcium ion homeostasis,0.0003281647386988268,biological_process
BLID,0.0003281647386988268,gene/protein
regulation of mitochondrial membrane potential,0.0003281647386988268,biological_process
ALDOA,0.0003281647386988268,gene/protein
MCR-1.27,0.0003281647386988268,resistance_gene
MCR-3.26,0.0003281647386988268,resistance_gene
CPE,0.0003281647386988268,gene/protein
FosG,0.0003281647386988268,resistance_gene
negative regulation of extrinsic apoptotic signaling pathway in absence of ligand,0.0003281647386988268,biological_process
BMF,0.0003281647386988268,gene/protein
COPS6,0.0003281647386988268,gene/protein
IKZF3,0.0003281647386988268,gene/protein
Recurrent ear infections,0.0003281647386988268,effect/phenotype
Recurrent mycobacterial infections,0.0003281647386988268,effect/phenotype
positive regulation of nitric oxide biosynthetic process,0.0003281647386988268,biological_process
MCR-3.22,0.0003281647386988268,resistance_gene
MCR-8.2,0.0003281647386988268,resistance_gene
MCR-3.24,0.0003281647386988268,resistance_gene
OPTN,0.0003281647386988268,gene/protein
positive regulation of MAP kinase activity,0.0003281647386988268,biological_process
CDH1,0.0003281647386988268,gene/protein
CTX-M-219,0.0003281647386988268,resistance_gene
CARB-50,0.0003281647386988268,resistance_gene
MCR-8.3,0.0003281647386988268,resistance_gene
KBL-1,0.0003281647386988268,resistance_gene
MCR-3.21,0.0003281647386988268,resistance_gene
MCR-1.18,0.0003281647386988268,resistance_gene
FosBx1,0.0003281647386988268,resistance_gene
negative regulation of blood pressure,0.0003281647386988268,biological_process
Allodynia,0.0003281647386988268,effect/phenotype
negative regulation of NF-kappaB transcription factor activity,0.0003281647386988268,biological_process
PTCH1,0.0003281647386988268,gene/protein
positive regulation of NIK/NF-kappaB signaling,0.0003281647386988268,biological_process
innate immune response,0.0003281647386988268,biological_process
negative regulation of blood vessel endothelial cell migration,0.0003281647386988268,biological_process
ESRRA,0.0003281647386988268,gene/protein
CMY-94,0.0003281647386988268,resistance_gene
regulation of cell migration,0.0003281647386988268,biological_process
BKC-1,0.0003281647386988268,resistance_gene
CTX-M-163,0.0003281647386988268,resistance_gene
ADC-159,0.0003281647386988268,resistance_gene
Decreased serum complement C3,0.0003281647386988268,immune_effect/phenotype
eptB,0.0003281647386988268,resistance_gene
vanB,0.0003281647386988268,resistance_gene
lipid metabolic process,0.0003281647386988268,biological_process
NIK/NF-kappaB signaling,0.0003281647386988268,biological_process
XPO1,0.0003281647386988268,gene/protein
KHNYN,0.0003281647386988268,gene/protein
cellular response to interleukin-1,0.0003281647386988268,biological_process
NCOA2,0.0003281647386988268,gene/protein
ovarian follicle development,0.0003281647386988268,biological_process
EC-16,0.0003281647386988268,resistance_gene
EC-15,0.0003281647386988268,resistance_gene
EC-14,0.0003281647386988268,resistance_gene
Albuminuria,0.0003281647386988268,effect/phenotype
Pulmonary edema,0.0003281647386988268,effect/phenotype
lipid homeostasis,0.0003281647386988268,biological_process
Glucagon-type ligand receptors,0.0003281647386988268,pathway
NR2F2,0.0003281647386988268,gene/protein
G alpha (i) signalling events,0.0003281647386988268,pathway
VCP,0.0003281647386988268,gene/protein
EC-13,0.0003281647386988268,resistance_gene
CTX-M-238,0.0003281647386988268,resistance_gene
MCR-1.34,0.0003281647386988268,resistance_gene
CANX,0.0003281647386988268,gene/protein
tet(X5),0.0003281647386988268,resistance_gene
INPP5D,0.0003281647386988268,gene/protein
HERA-3,0.0003281647386988268,resistance_gene
FosL1,0.0003281647386988268,resistance_gene
CTX-M-166,0.0003281647386988268,resistance_gene
Constitutive Signaling by Aberrant PI3K in Cancer,0.0003281647386988268,pathway
Activation of NF-kappaB in B cells,0.0003281647386988268,pathway
negative regulation of vascular endothelial cell proliferation,0.0003281647386988268,biological_process
CTX-M-169,0.0003281647386988268,resistance_gene
ADC-29,0.0003281647386988268,resistance_gene
CTX-M-216,0.0003281647386988268,resistance_gene
CTX-M-220,0.0003281647386988268,resistance_gene
ADC-251,0.0003281647386988268,resistance_gene
ADC-250,0.0003281647386988268,resistance_gene
ADC-249,0.0003281647386988268,resistance_gene
ADC-248,0.0003281647386988268,resistance_gene
ADC-247,0.0003281647386988268,resistance_gene
ADC-246,0.0003281647386988268,resistance_gene
ADC-32,0.0003281647386988268,resistance_gene
ADC-244,0.0003281647386988268,resistance_gene
ADC-52,0.0003281647386988268,resistance_gene
CARB-49,0.0003281647386988268,resistance_gene
CTX-M-202,0.0003281647386988268,resistance_gene
CTX-M-197,0.0003281647386988268,resistance_gene
positive regulation of endothelial cell migration,0.0003281647386988268,biological_process
nervous system development,0.0003281647386988268,biological_process
regulation of glucose transmembrane transport,0.0003281647386988268,biological_process
CTX-M-195,0.0003281647386988268,resistance_gene
CTX-M-194,0.0003281647386988268,resistance_gene
CTX-M-190,0.0003281647386988268,resistance_gene
CTX-M-236,0.0003281647386988268,resistance_gene
CTX-M-229,0.0003281647386988268,resistance_gene
CTX-M-224,0.0003281647386988268,resistance_gene
QnrB12,0.0003281647386988268,resistance_gene
SNX2,0.0003281647386988268,gene/protein
PLEKHO1,0.0003281647386988268,gene/protein
AFM-2,0.0003281647386988268,resistance_gene
ADC-53,0.0003281647386988268,resistance_gene
CTX-M-174,0.0003281647386988268,resistance_gene
CTX-M-215,0.0003281647386988268,resistance_gene
CTX-M-173,0.0003281647386988268,resistance_gene
CTX-M-167,0.0003281647386988268,resistance_gene
CTX-M-154,0.0003281647386988268,resistance_gene
CMY-174,0.0003281647386988268,resistance_gene
PTPRF,0.0003281647386988268,gene/protein
MAP2K6,0.0003281647386988268,gene/protein
negative regulation of endoplasmic reticulum stress-induced intrinsic apoptotic signaling pathway,0.0003281647386988268,biological_process
HDAC7,0.0003281647386988268,gene/protein
IRS activation,0.0003281647386988268,pathway
Signal attenuation,0.0003281647386988268,pathway
AAC(6')-Ii,0.0003281647386988268,resistance_gene
mfpA,0.0003281647386988268,resistance_gene
Mycobacterium tuberculosis ndh with mutation conferring resistance to isoniazid,0.0003281647386988268,resistance_gene
Mycobacterium tuberculosis rpsL mutations conferring resistance to Streptomycin,0.0003281647386988268,resistance_gene
MCR-4.3,0.0003281647386988268,resistance_gene
CTX-M-141,0.0003281647386988268,resistance_gene
tet(39),0.0003281647386988268,resistance_gene
endoplasmic reticulum unfolded protein response,0.0003281647386988268,biological_process
CrcB,0.0003281647386988268,resistance_gene
ADC-181,0.0003281647386988268,resistance_gene
dfrB3,0.0003281647386988268,resistance_gene
SOX10,0.0003281647386988268,gene/protein
positive regulation of superoxide anion generation,0.0003281647386988268,biological_process
THRA,0.0003281647386988268,gene/protein
SNX1,0.0003281647386988268,gene/protein
MAP2K3,0.0003281647386988268,gene/protein
ADC-80,0.0003281647386988268,resistance_gene
ADC-57,0.0003281647386988268,resistance_gene
ADC-38,0.0003281647386988268,resistance_gene
ADC-95,0.0003281647386988268,resistance_gene
ADC-33,0.0003281647386988268,resistance_gene
B cell receptor signaling pathway,0.0003281647386988268,biological_process
PPARA activates gene expression,0.0003281647386988268,pathway
post-embryonic development,0.0003281647386988268,biological_process
hydrogen peroxide biosynthetic process,0.0003281647386988268,biological_process
protein localization to plasma membrane,0.0003281647386988268,biological_process
RAD9A,0.0003281647386988268,gene/protein
MAPKAPK3,0.0003281647386988268,gene/protein
EC-5,0.0003281647386988268,resistance_gene
EC-19,0.0003281647386988268,resistance_gene
EC-18,0.0003281647386988268,resistance_gene
ADC-254,0.0003281647386988268,resistance_gene
MAVS,0.0003281647386988268,gene/protein
BANP,0.0003281647386988268,gene/protein
PPP5C,0.0003281647386988268,gene/protein
pyrazine,0.0003281647386988268,drug_class
AFM-1,0.0003281647386988268,resistance_gene
ADC-99,0.0003281647386988268,resistance_gene
ADC-98,0.0003281647386988268,resistance_gene
ADC-97,0.0003281647386988268,resistance_gene
ADC-96,0.0003281647386988268,resistance_gene
ADC-92,0.0003281647386988268,resistance_gene
ADC-91,0.0003281647386988268,resistance_gene
ADC-88,0.0003281647386988268,resistance_gene
neuron apoptotic process,0.0003281647386988268,biological_process
endocytosis,0.0003281647386988268,biological_process
response to antibiotic,0.0003281647386988268,biological_process
ADC-87,0.0003281647386988268,resistance_gene
EHHADH,0.0003281647386988268,gene/protein
cmlB1,0.0003281647386988268,resistance_gene
tet(H),0.0003281647386988268,resistance_gene
DfrA39,0.0003281647386988268,resistance_gene
MCR-1.7,0.0003281647386988268,resistance_gene
immune response,0.0003281647386988268,biological_process
AJUBA,0.0003281647386988268,gene/protein
positive regulation of cell growth,0.0003281647386988268,biological_process
RAF/MAP kinase cascade,0.0003281647386988268,pathway
Staphylococcus aureus norA,0.0003281647386988268,resistance_gene
qnrE1,0.0003281647386988268,resistance_gene
qnrE2,0.0003281647386988268,resistance_gene
XRCC5,0.0003281647386988268,gene/protein
T cell receptor signaling pathway,0.0003281647386988268,biological_process
STAT5B,0.0003281647386988268,gene/protein
WWP2,0.0003281647386988268,gene/protein
ADC-173,0.0003281647386988268,resistance_gene
ADC-191,0.0003281647386988268,resistance_gene
ADC-188,0.0003281647386988268,resistance_gene
fusidane,0.0003281647386988268,drug_class
Glucagon-like Peptide-1 (GLP1) regulates insulin secretion,0.0003281647386988268,pathway
USP7,0.0003281647386988268,gene/protein
RPS6KA5,0.0003281647386988268,gene/protein
RIPK2,0.0003281647386988268,gene/protein
NLE1,0.0003281647386988268,gene/protein
UBE2D1,0.0003281647386988268,gene/protein
PAK2,0.0003281647386988268,gene/protein
ACTR2,0.0003281647386988268,gene/protein
TNFRSF10B,0.0003281647386988268,gene/protein
nitric oxide mediated signal transduction,0.0003281647386988268,biological_process
FAM9B,0.0003281647386988268,gene/protein
CLNK,0.0003281647386988268,gene/protein
ADC-238,0.0003281647386988268,resistance_gene
ADC-237,0.0003281647386988268,resistance_gene
ADC-236,0.0003281647386988268,resistance_gene
ADC-235,0.0003281647386988268,resistance_gene
ADC-157,0.0003281647386988268,resistance_gene
ADC-233,0.0003281647386988268,resistance_gene
ADC-195,0.0003281647386988268,resistance_gene
RUVBL1,0.0003281647386988268,gene/protein
ELOVL4,0.0003281647386988268,gene/protein
adenylate cyclase-modulating G protein-coupled receptor signaling pathway,0.0003281647386988268,biological_process
SLC9A3R1,0.0003281647386988268,gene/protein
TCF12,0.0003281647386988268,gene/protein
negative regulation of insulin secretion,0.0003281647386988268,biological_process
post-translational protein modification,0.0003281647386988268,biological_process
Signaling by Leptin,0.0003281647386988268,pathway
LRRK2,0.0003281647386988268,gene/protein
Purinergic signaling in leishmaniasis infection,0.0003281647386988268,pathway
liver regeneration,0.0003281647386988268,biological_process
NOTCH2NLA,0.0003281647386988268,gene/protein
ADC-170,0.0003281647386988268,resistance_gene
ADC-169,0.0003281647386988268,resistance_gene
ADC-167,0.0003281647386988268,resistance_gene
ADC-166,0.0003281647386988268,resistance_gene
ADC-187,0.0003281647386988268,resistance_gene
ADC-186,0.0003281647386988268,resistance_gene
ADC-185,0.0003281647386988268,resistance_gene
ADC-184,0.0003281647386988268,resistance_gene
ADC-179,0.0003281647386988268,resistance_gene
ADC-176,0.0003281647386988268,resistance_gene
ADC-175,0.0003281647386988268,resistance_gene
ADC-192,0.0003281647386988268,resistance_gene
TXN,0.0003281647386988268,gene/protein
ADC-158,0.0003281647386988268,resistance_gene
ADC-156,0.0003281647386988268,resistance_gene
ADC-171,0.0003281647386988268,resistance_gene
Fc-epsilon receptor signaling pathway,0.0003281647386988268,biological_process
liver development,0.0003281647386988268,biological_process
FAF2,0.0003281647386988268,gene/protein
negative regulation of type B pancreatic cell apoptotic process,0.0003281647386988268,biological_process
PTPRK,0.0003281647386988268,gene/protein
ADC-174,0.0003281647386988268,resistance_gene
transcription by RNA polymerase II,0.0003281647386988268,biological_process
DDIT4L,0.0003281647386988268,gene/protein
activation of MAPK activity,0.0003281647386988268,biological_process
cellular response to nicotine,0.0003281647386988268,biological_process
extracellular matrix organization,0.0003281647386988268,biological_process
transmembrane transport,0.0003281647386988268,biological_process
response to ischemia,0.0003281647386988268,biological_process
ADC-199,0.0003281647386988268,resistance_gene
NCK1,0.0003281647386988268,gene/protein
DCAF11,0.0003281647386988268,gene/protein
ACTR3,0.0003281647386988268,gene/protein
PTPN2,0.0003281647386988268,gene/protein
Gliosis,0.0003281647386988268,effect/phenotype
positive regulation of insulin receptor signaling pathway,0.0003281647386988268,biological_process
GATA6,0.0003281647386988268,gene/protein
PRDX1,0.0003281647386988268,gene/protein
RAP1A,0.0003281647386988268,gene/protein
ADC-165,0.0003281647386988268,resistance_gene
ADC-164,0.0003281647386988268,resistance_gene
ADC-163,0.0003281647386988268,resistance_gene
ADC-162,0.0003281647386988268,resistance_gene
ADC-160,0.0003281647386988268,resistance_gene
ADC-172,0.0003281647386988268,resistance_gene
ADC-155,0.0003281647386988268,resistance_gene
MCR-1.5,0.0003281647386988268,resistance_gene
APH(2'')-IIIa,0.0003281647386988268,resistance_gene
vanR gene in vanD cluster,0.0003281647386988268,resistance_gene
CTX-M-96,0.0003281647386988268,resistance_gene
FosD,0.0003281647386988268,resistance_gene
FosB6,0.0003281647386988268,resistance_gene
aadA10,0.0003281647386988268,resistance_gene
cmlA8,0.0003281647386988268,resistance_gene
Staphylococcus aureus FosB,0.0003281647386988268,resistance_gene
EPN1,0.0003281647386988268,gene/protein
ADC-183,0.0003281647386988268,resistance_gene
ADC-182,0.0003281647386988268,resistance_gene
FosA,0.0003281647386988268,resistance_gene
EZR,0.0003281647386988268,gene/protein
ADC-196,0.0003281647386988268,resistance_gene
MAPK7,0.0003281647386988268,gene/protein
FOXO1,0.0003281647386988268,gene/protein
PSME2,0.0003281647386988268,gene/protein
Retinal atrophy,0.0003281647386988268,effect/phenotype
Memory impairment,0.0003281647386988268,effect/phenotype
APOA1,0.0003281647386988268,gene/protein
IGF2,0.0003281647386988268,gene/protein
RHEB,0.0003281647386988268,gene/protein
CD40,0.0003281647386988268,gene/protein
IRF7,0.0003281647386988268,gene/protein
HMGB2,0.0003281647386988268,gene/protein
GH1,0.0003281647386988268,gene/protein
ABCD3,0.0003281647386988268,gene/protein
GTF2B,0.0003281647386988268,gene/protein
central nervous system development,0.0003281647386988268,biological_process
positive regulation of cell death,0.0003281647386988268,biological_process
ADC-123,0.0003281647386988268,resistance_gene
ADC-241,0.0003281647386988268,resistance_gene
USHBP1,0.0003281647386988268,gene/protein
FBXW7,0.0003281647386988268,gene/protein
PXK,0.0003281647386988268,gene/protein
RANBP9,0.0003281647386988268,gene/protein
CTTN,0.0003281647386988268,gene/protein
GPANK1,0.0003281647386988268,gene/protein
PRKCE,0.0003281647386988268,gene/protein
ADC-234,0.0003281647386988268,resistance_gene
EFEMP2,0.0003281647386988268,gene/protein
YY1,0.0003281647386988268,gene/protein
FZR1,0.0003281647386988268,gene/protein
H4C14,0.0003281647386988268,gene/protein
CHEK2,0.0003281647386988268,gene/protein
CIITA,0.0003281647386988268,gene/protein
PCBD1,0.0003281647386988268,gene/protein
ADC-115,0.0003281647386988268,resistance_gene
AAC(2')-Ic,0.0003281647386988268,resistance_gene
PON2,0.0003281647386988268,gene/protein
aadA27,0.0003281647386988268,resistance_gene
negative regulation of protein catabolic process,0.0003281647386988268,biological_process
dfrA3b,0.0003281647386988268,resistance_gene
AAC(6')-I-43,0.0003281647386988268,resistance_gene
FosB1,0.0003281647386988268,resistance_gene
CTX-M-40,0.0003281647386988268,resistance_gene
vanR gene in vanM cluster,0.0003281647386988268,resistance_gene
QnrA3,0.0003281647386988268,resistance_gene
ADC-114,0.0003281647386988268,resistance_gene
ADC-107,0.0003281647386988268,resistance_gene
ADC-105,0.0003281647386988268,resistance_gene
ADC-103,0.0003281647386988268,resistance_gene
PTPN12,0.0003281647386988268,gene/protein
ADC-242,0.0003281647386988268,resistance_gene
ADC-243,0.0003281647386988268,resistance_gene
TINF2,0.0003281647386988268,gene/protein
ADC-106,0.0003281647386988268,resistance_gene
EC-8,0.0003281647386988268,resistance_gene
ADC-232,0.0003281647386988268,resistance_gene
ADC-229,0.0003281647386988268,resistance_gene
ADC-125,0.0003281647386988268,resistance_gene
ADC-122,0.0003281647386988268,resistance_gene
ADC-121,0.0003281647386988268,resistance_gene
ADC-120,0.0003281647386988268,resistance_gene
ADC-119,0.0003281647386988268,resistance_gene
ADC-117,0.0003281647386988268,resistance_gene
ADC-116,0.0003281647386988268,resistance_gene
UBA1,0.0003281647386988268,gene/protein
ADC-203,0.0003281647386988268,resistance_gene
ADC-201,0.0003281647386988268,resistance_gene
ADC-220,0.0003281647386988268,resistance_gene
ADC-240,0.0003281647386988268,resistance_gene
ADC-215,0.0003281647386988268,resistance_gene
ADC-131,0.0003281647386988268,resistance_gene
NFATC1,0.0003281647386988268,gene/protein
IRF2,0.0003281647386988268,gene/protein
ITPR3,0.0003281647386988268,gene/protein
IL10,0.0003281647386988268,gene/protein
GLUL,0.0003281647386988268,gene/protein
MMP3,0.0003281647386988268,gene/protein
RUVBL2,0.0003281647386988268,gene/protein
MMP2,0.0003281647386988268,gene/protein
SERPINA1,0.0003281647386988268,gene/protein
TLE5,0.0003281647386988268,gene/protein
ADC-226,0.0003281647386988268,resistance_gene
ADC-224,0.0003281647386988268,resistance_gene
ADC-223,0.0003281647386988268,resistance_gene
ADC-198,0.0003281647386988268,resistance_gene
ADC-222,0.0003281647386988268,resistance_gene
ADC-219,0.0003281647386988268,resistance_gene
KLUC-2,0.0003281647386988268,resistance_gene
ADC-218,0.0003281647386988268,resistance_gene
ADC-217,0.0003281647386988268,resistance_gene
ADC-133,0.0003281647386988268,resistance_gene
ADC-216,0.0003281647386988268,resistance_gene
ADC-214,0.0003281647386988268,resistance_gene
ADC-213,0.0003281647386988268,resistance_gene
ADC-212,0.0003281647386988268,resistance_gene
ADC-206,0.0003281647386988268,resistance_gene
ADC-204,0.0003281647386988268,resistance_gene
ADC-141,0.0003281647386988268,resistance_gene
vanH gene in vanO cluster,0.0003281647386988268,resistance_gene
QnrB7,0.0003281647386988268,resistance_gene
CMY-24,0.0003281647386988268,resistance_gene
QnrB32,0.0003281647386988268,resistance_gene
AAC(3)-Id,0.0003281647386988268,resistance_gene
dfrB6,0.0003281647386988268,resistance_gene
Pseudomonas aeruginosa catB7,0.0003281647386988268,resistance_gene
CMY-58,0.0003281647386988268,resistance_gene
Mycobacterium tuberculosis pncA mutations conferring resistance to pyrazinamide,0.0003281647386988268,resistance_gene
ADC-140,0.0003281647386988268,resistance_gene
ADC-139,0.0003281647386988268,resistance_gene
ADC-134,0.0003281647386988268,resistance_gene
ADC-150,0.0003281647386988268,resistance_gene
ADC-154,0.0003281647386988268,resistance_gene
ADC-228,0.0003281647386988268,resistance_gene
MEOX2,0.0003281647386988268,gene/protein
CDKN2A,0.0003281647386988268,gene/protein
JUP,0.0003281647386988268,gene/protein
MAPK11,0.0003281647386988268,gene/protein
IGFBP3,0.0003281647386988268,gene/protein
HNF4G,0.0003281647386988268,gene/protein
MEN1,0.0003281647386988268,gene/protein
STAT6,0.0003281647386988268,gene/protein
PPP2R1A,0.0003281647386988268,gene/protein
CRYAB,0.0003281647386988268,gene/protein
LDHA,0.0003281647386988268,gene/protein
ADC-152,0.0003281647386988268,resistance_gene
ADC-101,0.0003281647386988268,resistance_gene
ADC-147,0.0003281647386988268,resistance_gene
ADC-130,0.0003281647386988268,resistance_gene
ADC-143,0.0003281647386988268,resistance_gene
JAK3,0.0003281647386988268,gene/protein
PLCG1,0.0003281647386988268,gene/protein
SFN,0.0003281647386988268,gene/protein
MECP2,0.0003281647386988268,gene/protein
ADC-146,0.0003281647386988268,resistance_gene
ADC-145,0.0003281647386988268,resistance_gene
ADC-144,0.0003281647386988268,resistance_gene
extrinsic apoptotic signaling pathway via death domain receptors,0.0003281647386988268,biological_process
Neonatal onset,0.0003281647386988268,effect/phenotype
Abnormality of the dentition,0.0003281647386988268,effect/phenotype
CCL11,0.0003281647386988268,gene/protein
ERP29,0.0003281647386988268,gene/protein
cellular response to hydrogen peroxide,0.0003281647386988268,biological_process
Retrognathia,0.0003281647386988268,effect/phenotype
Depressed nasal bridge,0.0003281647386988268,effect/phenotype
Hepatic fibrosis,0.0003281647386988268,effect/phenotype
CTX-M-68,0.0003281647386988268,resistance_gene
CMY-10,0.0003281647386988268,resistance_gene
ugd,0.0003281647386988268,resistance_gene
CMY-44,0.0003281647386988268,resistance_gene
vanR gene in vanE cluster,0.0003281647386988268,resistance_gene
AAC(6')-Ij,0.0003281647386988268,resistance_gene
CTX-M-98,0.0003281647386988268,resistance_gene
negative regulation of mitotic cell cycle,0.0003281647386988268,biological_process
Hyporeflexia,0.0003281647386988268,effect/phenotype
Delayed social development,0.0003281647386988268,effect/phenotype
Vitiligo,0.0003281647386988268,effect/phenotype
humoral immune response,0.0003281647386988268,biological_process
Alopecia,0.0003281647386988268,effect/phenotype
PPP4C,0.0003281647386988268,gene/protein
PIK3R2,0.0003281647386988268,gene/protein
H2BC9,0.0003281647386988268,gene/protein
Fatigue,0.0003281647386988268,effect/phenotype
Recurrent otitis media,0.0003281647386988268,effect/phenotype
Clinodactyly of the 5th finger,0.0003281647386988268,effect/phenotype
Insulin-resistant diabetes mellitus,0.0003281647386988268,effect/phenotype
Low-set ears,0.0003281647386988268,effect/phenotype
Photophobia,0.0003281647386988268,effect/phenotype
Upslanted palpebral fissure,0.0003281647386988268,effect/phenotype
Anteverted nares,0.0003281647386988268,effect/phenotype
Prominent forehead,0.0003281647386988268,effect/phenotype
Micropenis,0.0003281647386988268,effect/phenotype
Hypothyroidism,0.0003281647386988268,effect/phenotype
B cell homeostasis,0.0003281647386988268,biological_process
Hypermetropia,0.0003281647386988268,effect/phenotype
Pectus carinatum,0.0003281647386988268,effect/phenotype
vanD,0.0003281647386988268,resistance_gene
mdtB,0.0003281647386988268,resistance_gene
negative regulation of signaling receptor activity,0.0003281647386988268,biological_process
TOP2A,0.0003281647386988268,gene/protein
AXIN2,0.0003281647386988268,gene/protein
Neurodevelopmental delay,0.0003281647386988268,effect/phenotype
Cerebellar atrophy,0.0003281647386988268,effect/phenotype
cell aging,0.0003281647386988268,biological_process
DYNLL1,0.0003281647386988268,gene/protein
Infertility,0.0003281647386988268,effect/phenotype
Pes planus,0.0003281647386988268,effect/phenotype
response to cold,0.0003281647386988268,biological_process
CEBPA,0.0003281647386988268,gene/protein
CD163,0.0003281647386988268,gene/protein
Gait disturbance,0.0003281647386988268,effect/phenotype
Celiac disease,0.0003281647386988268,effect/phenotype
Abnormal fingernail morphology,0.0003281647386988268,effect/phenotype
CTX-M-102,0.0003281647386988268,resistance_gene
QnrS4,0.0003281647386988268,resistance_gene
HUWE1,0.0003281647386988268,gene/protein
FLOT1,0.0003281647386988268,gene/protein
TLR4,0.0003281647386988268,gene/protein
YAP1,0.0003281647386988268,gene/protein
TERT,0.0003281647386988268,gene/protein
Downstream TCR signaling,0.0003281647386988268,pathway
receptor-mediated endocytosis,0.0003281647386988268,biological_process
positive regulation of leukocyte adhesion to vascular endothelial cell,0.0003281647386988268,biological_process
SNX27,0.0003281647386988268,gene/protein
GDPD1,0.0003281647386988268,gene/protein
Unsteady gait,0.0003281647386988268,effect/phenotype
Specific learning disability,0.0003281647386988268,effect/phenotype
Optic disc pallor,0.0003281647386988268,effect/phenotype
Anxiety,0.0003281647386988268,effect/phenotype
Macroglossia,0.0003281647386988268,effect/phenotype
RET,0.0002461235540241201,gene/protein
LAT,0.0002461235540241201,gene/protein
SPOP,0.0002461235540241201,gene/protein
TDP2,0.0002461235540241201,gene/protein
MIR744,0.0002461235540241201,gene/protein
PI4KA,0.0002461235540241201,gene/protein
UTP15,0.0002461235540241201,gene/protein
MIR1307,0.0002461235540241201,gene/protein
MIR532,0.0002461235540241201,gene/protein
MIR1226,0.0002461235540241201,gene/protein
MIR1306,0.0002461235540241201,gene/protein
Progressive cerebellar ataxia,0.0002461235540241201,effect/phenotype
MIR628,0.0002461235540241201,gene/protein
MIR1296,0.0002461235540241201,gene/protein
NLK,0.0002461235540241201,gene/protein
NFYB,0.0002461235540241201,gene/protein
BFAR,0.0002461235540241201,gene/protein
POR,0.0002461235540241201,gene/protein
PDGFRB,0.0002461235540241201,gene/protein
SELENOP,0.0002461235540241201,gene/protein
KLF5,0.0002461235540241201,gene/protein
NTRK2,0.0002461235540241201,gene/protein
PEBP1,0.0002461235540241201,gene/protein
SOCS5,0.0002461235540241201,gene/protein
SRP72,0.0002461235540241201,gene/protein
POU1F1,0.0002461235540241201,gene/protein
positive regulation of nitric-oxide synthase activity,0.0002461235540241201,biological_process
positive regulation of cysteine-type endopeptidase activity involved in apoptotic process,0.0002461235540241201,biological_process
leukocyte migration,0.0002461235540241201,biological_process
PCK2,0.0002461235540241201,gene/protein
RASA1,0.0002461235540241201,gene/protein
NTRK1,0.0002461235540241201,gene/protein
EFNB1,0.0002461235540241201,gene/protein
WRAP53,0.0002461235540241201,gene/protein
PDGFRA,0.0002461235540241201,gene/protein
ACTBL2,0.0002461235540241201,gene/protein
FHL2,0.0002461235540241201,gene/protein
ESRRG,0.0002461235540241201,gene/protein
SNIP1,0.0002461235540241201,gene/protein
SMURF1,0.0002461235540241201,gene/protein
SEC23A,0.0002461235540241201,gene/protein
ARNTL,0.0002461235540241201,gene/protein
LAMTOR3,0.0002461235540241201,gene/protein
WDR74,0.0002461235540241201,gene/protein
PSMC6,0.0002461235540241201,gene/protein
CARD11,0.0002461235540241201,gene/protein
RANBP3,0.0002461235540241201,gene/protein
PSMD14,0.0002461235540241201,gene/protein
UBE2V2,0.0002461235540241201,gene/protein
ABI1,0.0002461235540241201,gene/protein
ZBTB33,0.0002461235540241201,gene/protein
HLA-B,0.0002461235540241201,gene/protein
NR1D1,0.0002461235540241201,gene/protein
RNF111,0.0002461235540241201,gene/protein
SIN3A,0.0002461235540241201,gene/protein
DHRS2,0.0002461235540241201,gene/protein
MTNR1A,0.0002461235540241201,gene/protein
LRPPRC,0.0002461235540241201,gene/protein
CTU2,0.0002461235540241201,gene/protein
PSMC5,0.0002461235540241201,gene/protein
NR5A2,0.0002461235540241201,gene/protein
CD83,0.0002461235540241201,gene/protein
ACTR1A,0.0002461235540241201,gene/protein
PSME1,0.0002461235540241201,gene/protein
MAP4K1,0.0002461235540241201,gene/protein
PEX5,0.0002461235540241201,gene/protein
UBXN7,0.0002461235540241201,gene/protein
superoxide anion generation,0.0002461235540241201,biological_process
cellular response to angiotensin,0.0002461235540241201,biological_process
sensory perception of pain,0.0002461235540241201,biological_process
TRIM28,0.0002461235540241201,gene/protein
BCAP31,0.0002461235540241201,gene/protein
ZYX,0.0002461235540241201,gene/protein
NCF1,0.0002461235540241201,gene/protein
SET,0.0002461235540241201,gene/protein
TNIP1,0.0002461235540241201,gene/protein
PSMA7,0.0002461235540241201,gene/protein
SOX2,0.0002461235540241201,gene/protein
IGF2R,0.0002461235540241201,gene/protein
NR1H3,0.0002461235540241201,gene/protein
CREB3L1,0.0002461235540241201,gene/protein
ATF6,0.0002461235540241201,gene/protein
FABP1,0.0002461235540241201,gene/protein
response to muscle stretch,0.0002461235540241201,biological_process
RIPK3,0.0002461235540241201,gene/protein
LMNB1,0.0002461235540241201,gene/protein
MSX2,0.0002461235540241201,gene/protein
regulation of systemic arterial blood pressure by endothelin,0.0002461235540241201,biological_process
ERGIC3,0.0002461235540241201,gene/protein
response to organic cyclic compound,0.0002461235540241201,biological_process
REEP4,0.0002461235540241201,gene/protein
cellular response to amino acid starvation,0.0002461235540241201,biological_process
CCL4,0.0002461235540241201,gene/protein
XRCC1,0.0002461235540241201,gene/protein
NPM1,0.0002461235540241201,gene/protein
MYCN,0.0002461235540241201,gene/protein
PRDX3,0.0002461235540241201,gene/protein
RUBCN,0.0002461235540241201,gene/protein
PKMYT1,0.0002461235540241201,gene/protein
CD55,0.0002461235540241201,gene/protein
calcium-mediated signaling,0.0002461235540241201,biological_process
CTBP2,0.0002461235540241201,gene/protein
WASL,0.0002461235540241201,gene/protein
SH2D1A,0.0002461235540241201,gene/protein
PAX5,0.0002461235540241201,gene/protein
IFNGR2,0.0002461235540241201,gene/protein
PPP1CC,0.0002461235540241201,gene/protein
HOXC8,0.0002461235540241201,gene/protein
MAP3K10,0.0002461235540241201,gene/protein
BATF,0.0002461235540241201,gene/protein
LSP1,0.0002461235540241201,gene/protein
Adult onset,0.0002461235540241201,effect/phenotype
lung development,0.0002461235540241201,biological_process
Cerebral edema,0.0002461235540241201,effect/phenotype
RALBP1,0.0002461235540241201,gene/protein
TNFR1-induced proapoptotic signaling,0.0002461235540241201,pathway
BH3-only proteins associate with and inactivate anti-apoptotic BCL-2 members,0.0002461235540241201,pathway
FKBP8,0.0002461235540241201,gene/protein
MAP3K11,0.0002461235540241201,gene/protein
BNIP3L,0.0002461235540241201,gene/protein
LRP1,0.0002461235540241201,gene/protein
PSMD5,0.0002461235540241201,gene/protein
RTN4,0.0002461235540241201,gene/protein
SNX4,0.0002461235540241201,gene/protein
ARFGEF2,0.0002461235540241201,gene/protein
Regulation of TNFR1 signaling,0.0002461235540241201,pathway
SYNCRIP,0.0002461235540241201,gene/protein
ATG5,0.0002461235540241201,gene/protein
PSMA4,0.0002461235540241201,gene/protein
regulation of tumor necrosis factor-mediated signaling pathway,0.0002461235540241201,biological_process
death-inducing signaling complex assembly,0.0002461235540241201,biological_process
Estrogen-dependent nuclear events downstream of ESR-membrane signaling,0.0002461235540241201,pathway
SLC25A3,0.0002461235540241201,gene/protein
Cachexia,0.0002461235540241201,effect/phenotype
Diabetic ketoacidosis,0.0002461235540241201,effect/phenotype
HAX1,0.0002461235540241201,gene/protein
LGALS8,0.0002461235540241201,gene/protein
TGFBR2,0.0002461235540241201,gene/protein
negative regulation of leukocyte adhesion to vascular endothelial cell,0.0002461235540241201,biological_process
KSR1,0.0002461235540241201,gene/protein
ROS and RNS production in phagocytes,0.0002461235540241201,pathway
PRCC,0.0002461235540241201,gene/protein
lipoprotein transport,0.0002461235540241201,biological_process
Failure to thrive in infancy,0.0002461235540241201,effect/phenotype
IRS4,0.0002461235540241201,gene/protein
MTRNR2L1,0.0002461235540241201,gene/protein
negative regulation of vascular endothelial growth factor production,0.0002461235540241201,biological_process
ARF6,0.0002461235540241201,gene/protein
NCK2,0.0002461235540241201,gene/protein
PRKAG1,0.0002461235540241201,gene/protein
Blindness,0.0002461235540241201,effect/phenotype
Cerebral calcification,0.0002461235540241201,effect/phenotype
Short palpebral fissure,0.0002461235540241201,effect/phenotype
IKBKE,0.0002461235540241201,gene/protein
protein processing,0.0002461235540241201,biological_process
NCL,0.0002461235540241201,gene/protein
regulation of lipid storage,0.0002461235540241201,biological_process
BRCA2,0.0002461235540241201,gene/protein
positive regulation of glucose metabolic process,0.0002461235540241201,biological_process
ACTR1B,0.0002461235540241201,gene/protein
positive regulation of phagocytosis,0.0002461235540241201,biological_process
ear development,0.0002461235540241201,biological_process
SHARPIN,0.0002461235540241201,gene/protein
NOP9,0.0002461235540241201,gene/protein
PDIK1L,0.0002461235540241201,gene/protein
IRF2BP2,0.0002461235540241201,gene/protein
Low posterior hairline,0.0002461235540241201,effect/phenotype
PPM1B,0.0002461235540241201,gene/protein
FEN1,0.0002461235540241201,gene/protein
MIF,0.0002461235540241201,gene/protein
Frequent falls,0.0002461235540241201,effect/phenotype
Biliary cirrhosis,0.0002461235540241201,effect/phenotype
BCL3,0.0002461235540241201,gene/protein
negative regulation of vascular associated smooth muscle cell migration,0.0002461235540241201,biological_process
Hyporeflexia of upper limbs,0.0002461235540241201,effect/phenotype
MAT2A,0.0002461235540241201,gene/protein
MDFI,0.0002461235540241201,gene/protein
SLC37A4,0.0002461235540241201,gene/protein
STXBP1,0.0002461235540241201,gene/protein
IL12A,0.0002461235540241201,gene/protein
ACTG2,0.0002461235540241201,gene/protein
CXCL8,0.0002461235540241201,gene/protein
KPNA3,0.0002461235540241201,gene/protein
IL2RG,0.0002461235540241201,gene/protein
RBBP6,0.0002461235540241201,gene/protein
PLS3,0.0002461235540241201,gene/protein
ACTA1,0.0002461235540241201,gene/protein
Antigen processing: Ubiquitination & Proteasome degradation,0.0002461235540241201,pathway
GSTP1,0.0002461235540241201,gene/protein
CDC20,0.0002461235540241201,gene/protein
AK2,0.0002461235540241201,gene/protein
Pes cavus,0.0002461235540241201,effect/phenotype
Absent speech,0.0002461235540241201,effect/phenotype
Hashimoto thyroiditis,0.0002461235540241201,effect/phenotype
ATR,0.0002461235540241201,gene/protein
PSMB6,0.0002461235540241201,gene/protein
EPOR,0.0002461235540241201,gene/protein
CBLB,0.0002461235540241201,gene/protein
ACTL6A,0.0002461235540241201,gene/protein
ACTG1,0.0002461235540241201,gene/protein
Constriction of peripheral visual field,0.0002461235540241201,effect/phenotype
EIF3A,0.0002461235540241201,gene/protein
RAD51,0.0002461235540241201,gene/protein
cellular iron ion homeostasis,0.0002461235540241201,biological_process
regulation of cardiac conduction,0.0002461235540241201,biological_process
positive regulation of protein localization to plasma membrane,0.0002461235540241201,biological_process
JMJD7-PLA2G4B,0.0002461235540241201,gene/protein
regulation of brown fat cell differentiation,0.0002461235540241201,biological_process
Dysphagia,0.0002461235540241201,effect/phenotype
SRSF11,0.0002461235540241201,gene/protein
CPLX4,0.0002461235540241201,gene/protein
EMC9,0.0002461235540241201,gene/protein
Cytoprotection by HMOX1,0.0002461235540241201,pathway
TTYH3,0.0002461235540241201,gene/protein
TIA1,0.0002461235540241201,gene/protein
MAP2K and MAPK activation,0.0002461235540241201,pathway
"Synthesis, secretion, and deacylation of Ghrelin",0.0002461235540241201,pathway
Interleukin-1 signaling,0.0002461235540241201,pathway
TAB2,0.0002461235540241201,gene/protein
ACTR10,0.0002461235540241201,gene/protein
SMAD protein signal transduction,0.0002461235540241201,biological_process
PIAS2,0.0002461235540241201,gene/protein
NF2,0.0002461235540241201,gene/protein
SPTBN1,0.0002461235540241201,gene/protein
RNF166,0.0002461235540241201,gene/protein
PPP2R5A,0.0002461235540241201,gene/protein
LTB4R2,0.0002461235540241201,gene/protein
H2BC1,0.0002461235540241201,gene/protein
TBL1X,0.0002461235540241201,gene/protein
UCKL1,0.0002461235540241201,gene/protein
CTF1,0.0002461235540241201,gene/protein
RPS6KA2,0.0002461235540241201,gene/protein
LPXN,0.0002461235540241201,gene/protein
RPS6KA4,0.0002461235540241201,gene/protein
SMAD7,0.0002461235540241201,gene/protein
Insulin processing,0.0002461235540241201,pathway
negative regulation of endopeptidase activity,0.0002461235540241201,biological_process
PI3K Cascade,0.0002461235540241201,pathway
Ion homeostasis,0.0002461235540241201,pathway
regulation of ion transmembrane transport,0.0002461235540241201,biological_process
Muscular hypotonia of the trunk,0.0002461235540241201,immune_effect/phenotype
Aplasia/Hypoplasia of the cerebellum,0.0002461235540241201,effect/phenotype
leptin-mediated signaling pathway,0.0002461235540241201,biological_process
PPP3CA,0.0002461235540241201,gene/protein
positive regulation of endothelial cell proliferation,0.0002461235540241201,biological_process
eating behavior,0.0002461235540241201,biological_process
NISCH,0.0002461235540241201,gene/protein
Regulation of gene expression in early pancreatic precursor cells,0.0002461235540241201,pathway
detection of glucose,0.0002461235540241201,biological_process
positive regulation of cardiac muscle cell proliferation,0.0002461235540241201,biological_process
FCERI mediated NF-kB activation,0.0002461235540241201,pathway
Inability to walk,0.0002461235540241201,effect/phenotype
The NLRP3 inflammasome,0.0002461235540241201,pathway
Extra-nuclear estrogen signaling,0.0002461235540241201,pathway
Glucagon signaling in metabolic regulation,0.0002461235540241201,pathway
KRTAP6-1,0.0002461235540241201,gene/protein
Signaling by RAF1 mutants,0.0002461235540241201,pathway
Abnormal facial shape,0.0002461235540241201,effect/phenotype
Signaling by moderate kinase activity BRAF mutants,0.0002461235540241201,pathway
Ectopic kidney,0.0002461235540241201,effect/phenotype
Paradoxical activation of RAF signaling by kinase inactive BRAF,0.0002461235540241201,pathway
Signaling downstream of RAS mutants,0.0002461235540241201,pathway
AKAP9,0.0002461235540241201,gene/protein
gene expression,0.0002461235540241201,biological_process
response to oxidative stress,0.0002461235540241201,biological_process
VTN,0.0002461235540241201,gene/protein
"Intellectual disability, moderate",0.0002461235540241201,effect/phenotype
Increased circulating gonadotropin level,0.0002461235540241201,effect/phenotype
Signaling by high-kinase activity BRAF mutants,0.0002461235540241201,pathway
SRF,0.0002461235540241201,gene/protein
FTL,0.0002461235540241201,gene/protein
EPO,0.0002461235540241201,gene/protein
UNC5CL,0.0002461235540241201,gene/protein
CDC34,0.0002461235540241201,gene/protein
TPP1,0.0002461235540241201,gene/protein
CDC42,0.0002461235540241201,gene/protein
CD7,0.0002461235540241201,gene/protein
EPHA4,0.0002461235540241201,gene/protein
DDR1,0.0002461235540241201,gene/protein
BCR,0.0002461235540241201,gene/protein
AP2A1,0.0002461235540241201,gene/protein
PCDHB11,0.0002461235540241201,gene/protein
CAMK2D,0.0002461235540241201,gene/protein
RCC1,0.0002461235540241201,gene/protein
melanocyte differentiation,0.0002461235540241201,biological_process
positive regulation of peptidyl-tyrosine phosphorylation,0.0002461235540241201,biological_process
Platelet degranulation ,0.0002461235540241201,pathway
ERP44,0.0002461235540241201,gene/protein
neuron differentiation,0.0002461235540241201,biological_process
neuron migration,0.0002461235540241201,biological_process
positive regulation of glial cell proliferation,0.0002461235540241201,biological_process
positive regulation of epithelial cell proliferation,0.0002461235540241201,biological_process
BMPR2,0.0002461235540241201,gene/protein
EPRS1,0.0002461235540241201,gene/protein
cellular protein metabolic process,0.0002461235540241201,biological_process
chemical synaptic transmission,0.0002461235540241201,biological_process
ARHGEF7,0.0002461235540241201,gene/protein
PDLIM2,0.0002461235540241201,gene/protein
stimulatory C-type lectin receptor signaling pathway,0.0002461235540241201,biological_process
NUMB,0.0002461235540241201,gene/protein
positive regulation of cyclin-dependent protein serine/threonine kinase activity,0.0002461235540241201,biological_process
CLTC,0.0002461235540241201,gene/protein
MIR1249,0.0002461235540241201,gene/protein
DPF2,0.0002461235540241201,gene/protein
EIF3I,0.0002461235540241201,gene/protein
DDX31,0.0002461235540241201,gene/protein
Regulation of Insulin-like Growth Factor (IGF) transport and uptake by Insulin-like Growth Factor Binding Proteins (IGFBPs),0.0002461235540241201,pathway
TGFBR1,0.0002461235540241201,gene/protein
ACTL9,0.0002461235540241201,gene/protein
learning or memory,0.0002461235540241201,biological_process
RUNX1,0.0002461235540241201,gene/protein
NBPF1,0.0002461235540241201,gene/protein
SOS1,0.0002461235540241201,gene/protein
AHSG,0.0002461235540241201,gene/protein
glucose transmembrane transport,0.0002461235540241201,biological_process
Transcriptional Regulation by VENTX,0.0002461235540241201,pathway
LTA,0.0002461235540241201,gene/protein
UBE2M,0.0002461235540241201,gene/protein
GLI3,0.0002461235540241201,gene/protein
ASGR2,0.0002461235540241201,gene/protein
COMT,0.0002461235540241201,gene/protein
CCNE1,0.0002461235540241201,gene/protein
DDX19B,0.0002461235540241201,gene/protein
UBE2N,0.0002461235540241201,gene/protein
KRTAP1-1,0.0002461235540241201,gene/protein
Atypical scarring of skin,0.0002461235540241201,effect/phenotype
BTK,0.0002461235540241201,gene/protein
regulation of angiogenesis,0.0002461235540241201,biological_process
negative regulation of smooth muscle cell proliferation,0.0002461235540241201,biological_process
GNA12,0.0002461235540241201,gene/protein
KASH5,0.0002461235540241201,gene/protein
ATP7B,0.0002461235540241201,gene/protein
ANXA4,0.0002461235540241201,gene/protein
interleukin-1-mediated signaling pathway,0.0002461235540241201,biological_process
GHR,0.0002461235540241201,gene/protein
NUP214,0.0002461235540241201,gene/protein
NUFIP1,0.0002461235540241201,gene/protein
ACTR8,0.0002461235540241201,gene/protein
UBQLN2,0.0002461235540241201,gene/protein
TYW3,0.0002461235540241201,gene/protein
PPIL4,0.0002461235540241201,gene/protein
neurotransmitter transport,0.0002461235540241201,biological_process
ion transmembrane transport,0.0002461235540241201,biological_process
PDIA6,0.0002461235540241201,gene/protein
TUBB4A,0.0002461235540241201,gene/protein
ITGB3BP,0.0002461235540241201,gene/protein
IPO4,0.0002461235540241201,gene/protein
IRF9,0.0002461235540241201,gene/protein
CD44,0.0002461235540241201,gene/protein
AP1B1,0.0002461235540241201,gene/protein
CASP7,0.0002461235540241201,gene/protein
anatomical structure development,0.0002461235540241201,biological_process
positive regulation of vascular associated smooth muscle cell apoptotic process,0.0002461235540241201,biological_process
CTNNA1,0.0002461235540241201,gene/protein
BAK1,0.0002461235540241201,gene/protein
CCDC57,0.0002461235540241201,gene/protein
ARRB1,0.0002461235540241201,gene/protein
EEF1G,0.0002461235540241201,gene/protein
ACTN4,0.0002461235540241201,gene/protein
placenta development,0.0002461235540241201,biological_process
apoptotic signaling pathway,0.0002461235540241201,biological_process
DOK1,0.0002461235540241201,gene/protein
UNC45B,0.0002461235540241201,gene/protein
protein-containing complex assembly,0.0002461235540241201,biological_process
Recurrent lower respiratory tract infections,0.0002461235540241201,effect/phenotype
Humoral immunodeficiency,0.0002461235540241201,immune_effect/phenotype
Cytokine storm,0.0002461235540241201,immune_effect/phenotype
Recurrent sinopulmonary infections,0.0002461235540241201,effect/phenotype
cellular response to starvation,0.0002461235540241201,biological_process
regulation of apoptotic process,0.0002461235540241201,biological_process
cell migration,0.0002461235540241201,biological_process
KRT31,0.0002461235540241201,gene/protein
BIRC5,0.0002461235540241201,gene/protein
AGR3,0.0002461235540241201,gene/protein
POTEI,0.0002461235540241201,gene/protein
RRAS2,0.0002461235540241201,gene/protein
locomotory behavior,0.0002461235540241201,biological_process
RFX5,0.0002461235540241201,gene/protein
ACTRT2,0.0002461235540241201,gene/protein
CHMP4A,0.0002461235540241201,gene/protein
KRTAP6-3,0.0002461235540241201,gene/protein
TNS4,0.0002461235540241201,gene/protein
Truncal ataxia,0.0002461235540241201,effect/phenotype
RSF1,0.0002461235540241201,gene/protein
response to superoxide,0.0002461235540241201,biological_process
peptidyl-serine phosphorylation,0.0002461235540241201,biological_process
glutathione metabolic process,0.0002461235540241201,biological_process
TMED2,0.0002461235540241201,gene/protein
PKN2,0.0002461235540241201,gene/protein
RNF14,0.0002461235540241201,gene/protein
proton transmembrane transport,0.0002461235540241201,biological_process
Pre-NOTCH Processing in Golgi,0.0002461235540241201,pathway
SORBS1,0.0002461235540241201,gene/protein
TRIP4,0.0002461235540241201,gene/protein
negative regulation of macrophage derived foam cell differentiation,0.0002461235540241201,biological_process
response to nutrient,0.0002461235540241201,biological_process
LRIF1,0.0002461235540241201,gene/protein
BABAM2,0.0002461235540241201,gene/protein
FOSL1,0.0002461235540241201,gene/protein
NSD1,0.0002461235540241201,gene/protein
GMPR2,0.0002461235540241201,gene/protein
Post-translational protein phosphorylation,0.0002461235540241201,pathway
hormone-mediated signaling pathway,0.0002461235540241201,biological_process
PACC1,0.0002461235540241201,gene/protein
vasoconstriction,0.0002461235540241201,biological_process
positive regulation of heart rate,0.0002461235540241201,biological_process
TMEM63A,0.0002461235540241201,gene/protein
CYBC1,0.0002461235540241201,gene/protein
positive regulation of epithelial to mesenchymal transition,0.0002461235540241201,biological_process
MIR423,0.0002461235540241201,gene/protein
negative regulation of viral genome replication,0.0002461235540241201,biological_process
FMR1,0.0002461235540241201,gene/protein
SMAD1,0.0002461235540241201,gene/protein
GRAP2,0.0002461235540241201,gene/protein
male gonad development,0.0002461235540241201,biological_process
PRKAB2,0.0002461235540241201,gene/protein
CLEC7A/inflammasome pathway,0.0002461235540241201,pathway
negative regulation of interleukin-8 production,0.0002461235540241201,biological_process
PVR,0.0002461235540241201,gene/protein
STX12,0.0002461235540241201,gene/protein
BAG6,0.0002461235540241201,gene/protein
STS,0.0002461235540241201,gene/protein
PLN,0.0002461235540241201,gene/protein
RNF8,0.0002461235540241201,gene/protein
energy reserve metabolic process,0.0002461235540241201,biological_process
CASP9,0.0002461235540241201,gene/protein
positive regulation of erythrocyte differentiation,0.0002461235540241201,biological_process
COMMD1,0.0002461235540241201,gene/protein
UBQLN4,0.0002461235540241201,gene/protein
triglyceride homeostasis,0.0002461235540241201,biological_process
TLN1,0.0002461235540241201,gene/protein
VAV1,0.0002461235540241201,gene/protein
endoplasmic reticulum calcium ion homeostasis,0.0002461235540241201,biological_process
MEF2D,0.0002461235540241201,gene/protein
HEMGN,0.0002461235540241201,gene/protein
MOAP1,0.0002461235540241201,gene/protein
GSK3A,0.0002461235540241201,gene/protein
cellular response to fatty acid,0.0002461235540241201,biological_process
endothelin receptor signaling pathway,0.0002461235540241201,biological_process
Nuclear Receptor transcription pathway,0.0002461235540241201,pathway
EIF6,0.0002461235540241201,gene/protein
G alpha (z) signalling events,0.0002461235540241201,pathway
negative regulation of endothelial cell apoptotic process,0.0002461235540241201,biological_process
cartilage development,0.0002461235540241201,biological_process
BLVRA,0.0002461235540241201,gene/protein
PTK6,0.0002461235540241201,gene/protein
SPNS1,0.0002461235540241201,gene/protein
KCNC4,0.0002461235540241201,gene/protein
activation of adenylate cyclase activity,0.0002461235540241201,biological_process
SSMEM1,0.0002461235540241201,gene/protein
RPGRIP1,0.0002461235540241201,gene/protein
multicellular organism aging,0.0002461235540241201,biological_process
FUS,0.0002461235540241201,gene/protein
response to leptin,0.0002461235540241201,biological_process
PIK3CG,0.0002461235540241201,gene/protein
ITPR1,0.0002461235540241201,gene/protein
Preeclampsia,0.0002461235540241201,effect/phenotype
Toxemia of pregnancy,0.0002461235540241201,effect/phenotype
CHFR,0.0002461235540241201,gene/protein
H1-5,0.0002461235540241201,gene/protein
negative regulation of receptor binding,0.0002461235540241201,biological_process
hepatocyte differentiation,0.0002461235540241201,biological_process
signal transduction involved in regulation of gene expression,0.0002461235540241201,biological_process
DHRS1,0.0002461235540241201,gene/protein
regulation of glucose metabolic process,0.0002461235540241201,biological_process
CUL3,0.0002461235540241201,gene/protein
KCNA5,0.0002461235540241201,gene/protein
positive regulation of lipid storage,0.0002461235540241201,biological_process
positive regulation of receptor signaling pathway via JAK-STAT,0.0002461235540241201,biological_process
FANK1,0.0002461235540241201,gene/protein
MARCKSL1,0.0002461235540241201,gene/protein
positive regulation of protein-containing complex assembly,0.0002461235540241201,biological_process
regulation of transcription initiation from RNA polymerase II promoter,0.0002461235540241201,biological_process
negative regulation of glucose import,0.0002461235540241201,biological_process
DEDD,0.0002461235540241201,gene/protein
MAP3K3,0.0002461235540241201,gene/protein
positive regulation of amyloid-beta formation,0.0002461235540241201,biological_process
MIR151A,0.0002461235540241201,gene/protein
GATA4,0.0002461235540241201,gene/protein
NKRF,0.0002461235540241201,gene/protein
hydrogen peroxide catabolic process,0.0002461235540241201,biological_process
HLA-DQB1,0.0002461235540241201,gene/protein
TRAC,0.0002461235540241201,gene/protein
FOSL2,0.0002461235540241201,gene/protein
response to copper ion,0.0002461235540241201,biological_process
Degradation of the extracellular matrix,0.0002461235540241201,pathway
ACOX1,0.0002461235540241201,gene/protein
UBASH3A,0.0002461235540241201,gene/protein
THOC1,0.0002461235540241201,gene/protein
membrane protein intracellular domain proteolysis,0.0002461235540241201,biological_process
platelet degranulation,0.0002461235540241201,biological_process
ACTR6,0.0002461235540241201,gene/protein
negative regulation of canonical Wnt signaling pathway,0.0002461235540241201,biological_process
MIR127,0.0002461235540241201,gene/protein
BCAS3,0.0002461235540241201,gene/protein
SNRNP70,0.0002461235540241201,gene/protein
FRS2,0.0002461235540241201,gene/protein
PRKAA2,0.0002461235540241201,gene/protein
SIX5,0.0002461235540241201,gene/protein
SP3,0.0002461235540241201,gene/protein
response to bacterium,0.0002461235540241201,biological_process
regulation of cytokine production involved in inflammatory response,0.0002461235540241201,biological_process
regulation of cell population proliferation,0.0002461235540241201,biological_process
IL24,0.0002461235540241201,gene/protein
TCF3,0.0002461235540241201,gene/protein
MIR432,0.0002461235540241201,gene/protein
release of cytochrome c from mitochondria,0.0002461235540241201,biological_process
negative regulation of cellular protein metabolic process,0.0002461235540241201,biological_process
I-kappaB kinase/NF-kappaB signaling,0.0002461235540241201,biological_process
defense response to virus,0.0002461235540241201,biological_process
adenylate cyclase-inhibiting G protein-coupled receptor signaling pathway,0.0002461235540241201,biological_process
APOE,0.0002461235540241201,gene/protein
RTL10,0.0002461235540241201,gene/protein
Pain,0.0002461235540241201,effect/phenotype
MAPKAPK2,0.0002461235540241201,gene/protein
negative regulation of intrinsic apoptotic signaling pathway,0.0002461235540241201,biological_process
positive regulation of intrinsic apoptotic signaling pathway,0.0002461235540241201,biological_process
GRK6,0.0002461235540241201,gene/protein
KCNH2,0.0002461235540241201,gene/protein
phosphatidylinositol 3-kinase signaling,0.0002461235540241201,biological_process
BCL2L2,0.0002461235540241201,gene/protein
TANK,0.0002461235540241201,gene/protein
MTPN,0.0002461235540241201,gene/protein
SLC39A4,0.0002461235540241201,gene/protein
SBK1,0.0002461235540241201,gene/protein
TRAP1,0.0002461235540241201,gene/protein
positive regulation of cytokine production,0.0002461235540241201,biological_process
KRTAP10-3,0.0002461235540241201,gene/protein
SMC3,0.0002461235540241201,gene/protein
TNFR2 non-canonical NF-kB pathway,0.0002461235540241201,pathway
CLIP3,0.0002461235540241201,gene/protein
removal of superoxide radicals,0.0002461235540241201,biological_process
SYK,0.0002461235540241201,gene/protein
HNRNPA1,0.0002461235540241201,gene/protein
STOM,0.0002461235540241201,gene/protein
positive regulation of mitotic nuclear division,0.0002461235540241201,biological_process
IL13RA2,0.0002461235540241201,gene/protein
KRTAP10-7,0.0002461235540241201,gene/protein
Webbed neck,0.0002461235540241201,effect/phenotype
response to fatty acid,0.0002461235540241201,biological_process
Hypoplasia of penis,0.0002461235540241201,effect/phenotype
Hydrocephalus,0.0002461235540241201,effect/phenotype
SLC22A1,0.0002461235540241201,gene/protein
LAMTOR5,0.0002461235540241201,gene/protein
Pancytopenia,0.0002461235540241201,effect/phenotype
TRPV1,0.0002461235540241201,gene/protein
HSD17B11,0.0002461235540241201,gene/protein
triglyceride metabolic process,0.0002461235540241201,biological_process
RANBP1,0.0002461235540241201,gene/protein
Pigmentary retinopathy,0.0002461235540241201,immune_effect/phenotype
NRG1,0.0002461235540241201,gene/protein
oxacephem,0.0002461235540241201,drug_class
IL13,0.0002461235540241201,gene/protein
LGALS1,0.0002461235540241201,gene/protein
CD69,0.0002461235540241201,gene/protein
mupirocin-like,0.0002461235540241201,drug_class
salicylic acid,0.0002461235540241201,drug_class
PRKCQ,0.0002461235540241201,gene/protein
PCDHAC2,0.0002461235540241201,gene/protein
Prolonged neonatal jaundice,0.0002461235540241201,effect/phenotype
ANGPTL4,0.0002461235540241201,gene/protein
HMGB3,0.0002461235540241201,gene/protein
FLNC,0.0002461235540241201,gene/protein
NFYC,0.0002461235540241201,gene/protein
Short philtrum,0.0002461235540241201,effect/phenotype
Neurological speech impairment,0.0002461235540241201,effect/phenotype
Clinodactyly,0.0002461235540241201,effect/phenotype
"diabetes mellitus, noninsulin-dependent",0.0002461235540241201,disease
ENO1,0.0002461235540241201,gene/protein
ABCC2,0.0002461235540241201,gene/protein
Abdominal pain,0.0002461235540241201,effect/phenotype
NRAS,0.0002461235540241201,gene/protein
Multiple cafe-au-lait spots,0.0002461235540241201,effect/phenotype
negative regulation of pri-miRNA transcription by RNA polymerase II,0.0002461235540241201,biological_process
ITK,0.0002461235540241201,gene/protein
smoothened signaling pathway,0.0002461235540241201,biological_process
positive regulation of fatty acid metabolic process,0.0002461235540241201,biological_process
Brachycephaly,0.0002461235540241201,effect/phenotype
BIRC6,0.0002461235540241201,gene/protein
Broad neck,0.0002461235540241201,effect/phenotype
CD82,0.0002461235540241201,gene/protein
IFNGR1,0.0002461235540241201,gene/protein
B2M,0.0002461235540241201,gene/protein
Cerebral atrophy,0.0002461235540241201,effect/phenotype
Generalized hirsutism,0.0002461235540241201,effect/phenotype
Abnormal pyramidal sign,0.0002461235540241201,effect/phenotype
H3C1,0.0002461235540241201,gene/protein
Prominent nose,0.0002461235540241201,effect/phenotype
Hirsutism,0.0002461235540241201,effect/phenotype
Feeding difficulties,0.0002461235540241201,effect/phenotype
RYBP,0.0002461235540241201,gene/protein
BAG3,0.0002461235540241201,gene/protein
Patent ductus arteriosus,0.0002461235540241201,effect/phenotype
VPS35,0.0002461235540241201,gene/protein
NAMPT,0.0002461235540241201,gene/protein
"High, narrow palate",0.0002461235540241201,effect/phenotype
HNRNPC,0.0002461235540241201,gene/protein
UBAC1,0.0002461235540241201,gene/protein
UMPS,0.0002461235540241201,gene/protein
LRRTM1,0.0002461235540241201,gene/protein
cell fate determination,0.0002461235540241201,biological_process
Long foot,0.0002461235540241201,effect/phenotype
Growth hormone receptor signaling,0.0002461235540241201,pathway
PSMB1,0.0002461235540241201,gene/protein
protein polyubiquitination,0.0002461235540241201,biological_process
IGFBP1,0.0002461235540241201,gene/protein
CCDC88A,0.0002461235540241201,gene/protein
GHRL,0.0002461235540241201,gene/protein
Premature ovarian insufficiency,0.0002461235540241201,effect/phenotype
adaptive thermogenesis,0.0002461235540241201,biological_process
positive regulation of cholesterol efflux,0.0002461235540241201,biological_process
Impaired smooth pursuit,0.0002461235540241201,effect/phenotype
MORF4L1,0.0002461235540241201,gene/protein
Infantile muscular hypotonia,0.0002461235540241201,effect/phenotype
Tall stature,0.0002461235540241201,effect/phenotype
Lower limb hyperreflexia,0.0002461235540241201,effect/phenotype
Cerebral cortical atrophy,0.0002461235540241201,effect/phenotype
ZBTB3,0.0002461235540241201,gene/protein
Small for gestational age,0.0002461235540241201,effect/phenotype
Congestive heart failure,0.0002461235540241201,effect/phenotype
SCGB1D1,0.0002461235540241201,gene/protein
CCR4,0.0002461235540241201,gene/protein
Relative macrocephaly,0.0002461235540241201,effect/phenotype
CLEC7A (Dectin-1) signaling,0.0002461235540241201,pathway
Thickened calvaria,0.0002461235540241201,effect/phenotype
Cubitus valgus,0.0002461235540241201,effect/phenotype
C5AR2,0.0002461235540241201,gene/protein
COL5A1,0.0002461235540241201,gene/protein
External ophthalmoplegia,0.0002461235540241201,effect/phenotype
DHDDS,0.0002461235540241201,gene/protein
Myalgia,0.0002461235540241201,effect/phenotype
NCSTN,0.0002461235540241201,gene/protein
KLF4,0.0002461235540241201,gene/protein
DTL,0.0002461235540241201,gene/protein
Dysmetria,0.0002461235540241201,effect/phenotype
CEP55,0.0002461235540241201,gene/protein
LEF1,0.0002461235540241201,gene/protein
response to endoplasmic reticulum stress,0.0002461235540241201,biological_process
TRAIP,0.0002461235540241201,gene/protein
negative regulation of autophagy,0.0002461235540241201,biological_process
NMT2,0.0002461235540241201,gene/protein
Coarctation of aorta,0.0002461235540241201,effect/phenotype
Gait ataxia,0.0002461235540241201,effect/phenotype
RFC1,0.0002461235540241201,gene/protein
ISG15,0.0002461235540241201,gene/protein
Posteriorly rotated ears,0.0002461235540241201,effect/phenotype
CX3CL1,0.0002461235540241201,gene/protein
X-linked inheritance,0.0002461235540241201,immune_effect/phenotype
Delayed eruption of teeth,0.0002461235540241201,effect/phenotype
PRDX6,0.0002461235540241201,gene/protein
NFKBIB,0.0002461235540241201,gene/protein
CCL19,0.0002461235540241201,gene/protein
CCR2,0.0002461235540241201,gene/protein
UHMK1,0.0002461235540241201,gene/protein
BRD4,0.0002461235540241201,gene/protein
FBP1,0.0002461235540241201,gene/protein
positive regulation of B cell proliferation,0.0002461235540241201,biological_process
MPO,0.0002461235540241201,gene/protein
CCN3,0.0002461235540241201,gene/protein
FAM118B,0.0002461235540241201,gene/protein
H1-3,0.0002461235540241201,gene/protein
ATF7,0.0002461235540241201,gene/protein
MAP3K12,0.0002461235540241201,gene/protein
NAT2,0.0002461235540241201,gene/protein
TIMM13,0.0002461235540241201,gene/protein
SHH,0.0002461235540241201,gene/protein
NOTCH1,0.0002461235540241201,gene/protein
NEK2,0.0002461235540241201,gene/protein
RACGAP1,0.0002461235540241201,gene/protein
cell division,0.0002461235540241201,biological_process
GNAZ,0.0002461235540241201,gene/protein
vesicle-mediated transport,0.0002461235540241201,biological_process
proteasome-mediated ubiquitin-dependent protein catabolic process,0.0002461235540241201,biological_process
PLK3,0.0002461235540241201,gene/protein
Mandibular prognathia,0.0002461235540241201,effect/phenotype
DFFA,0.0002461235540241201,gene/protein
Slurred speech,0.0002461235540241201,effect/phenotype
STRN3,0.0002461235540241201,gene/protein
Abnormality of eye movement,0.0002461235540241201,effect/phenotype
cellular response to estradiol stimulus,0.0002461235540241201,biological_process
chromatin organization,0.0002461235540241201,biological_process
CRX,0.0002461235540241201,gene/protein
GNB1,0.0002461235540241201,gene/protein
PMF1,0.0002461235540241201,gene/protein
CDX2,0.0002461235540241201,gene/protein
Bicuspid aortic valve,0.0002461235540241201,effect/phenotype
Abnormal dermatoglyphics,0.0002461235540241201,effect/phenotype
Wide intermamillary distance,0.0002461235540241201,effect/phenotype
PRMT1,0.0002461235540241201,gene/protein
T cell homeostasis,0.0002461235540241201,biological_process
thioamide,0.0002461235540241201,drug_class
FASN,0.0002461235540241201,gene/protein
NR2C2,0.0002461235540241201,gene/protein
GNB2,0.0002461235540241201,gene/protein
ELF1,0.0002461235540241201,gene/protein
MEAF6,0.0002461235540241201,gene/protein
IFNB1,0.0002461235540241201,gene/protein
GNAI1,0.0002461235540241201,gene/protein
YEATS4,0.0002461235540241201,gene/protein
response to peptide hormone,0.0002461235540241201,biological_process
HSD11B1,0.0002461235540241201,gene/protein
USP27X,0.0002461235540241201,gene/protein
Transcriptional activation of mitochondrial biogenesis,0.0002461235540241201,pathway
regulation of nitric-oxide synthase activity,0.0002461235540241201,biological_process
MID2,0.0002461235540241201,gene/protein
CCL5,0.0002461235540241201,gene/protein
IL33,0.0002461235540241201,gene/protein
response to radiation,0.0002461235540241201,biological_process
GMNN,0.0002461235540241201,gene/protein
AURKB,0.0002461235540241201,gene/protein
P4HB,0.0002461235540241201,gene/protein
ST14,0.0002461235540241201,gene/protein
TUBB,0.0002461235540241201,gene/protein
ERRFI1,0.0002461235540241201,gene/protein
CFTR,0.0002461235540241201,gene/protein
RUNX3,0.0002461235540241201,gene/protein
PDGFRL,0.0002461235540241201,gene/protein
Truncal obesity,0.0002461235540241201,effect/phenotype
Hepatitis,0.0002461235540241201,effect/phenotype
Hypergonadotropic hypogonadism,0.0002461235540241201,effect/phenotype
Jaundice,0.0002461235540241201,effect/phenotype
Primary amenorrhea,0.0002461235540241201,effect/phenotype
Narrow forehead,0.0002461235540241201,effect/phenotype
Circadian Clock,0.0002461235540241201,pathway
TNPO3,0.0002461235540241201,gene/protein
AGRP,0.0002461235540241201,gene/protein
IL27,0.0002461235540241201,gene/protein
PSMC3IP,0.0002461235540241201,gene/protein
MC4R,0.0002461235540241201,gene/protein
AREG,0.0002461235540241201,gene/protein
CLN3,0.0002461235540241201,gene/protein
ATP6V1C1,0.0002461235540241201,gene/protein
CLIC1,0.0002461235540241201,gene/protein
Juvenile onset,0.0002461235540241201,effect/phenotype
TNK2,0.0002461235540241201,gene/protein
Abnormal circulating lipid concentration,0.0002461235540241201,effect/phenotype
LCK,0.0002461235540241201,gene/protein
RBX1,0.0002461235540241201,gene/protein
DIRAS3,0.0002461235540241201,gene/protein
RRAS,0.0002461235540241201,gene/protein
multicellular organism growth,0.0002461235540241201,biological_process
TNFSF10,0.0002461235540241201,gene/protein
FNDC9,0.0002461235540241201,gene/protein
TTK,0.0002461235540241201,gene/protein
TRIM24,0.0002461235540241201,gene/protein
UGDH,0.0002461235540241201,gene/protein
axon guidance,0.0002461235540241201,biological_process
Kyphoscoliosis,0.0002461235540241201,effect/phenotype
thymus development,0.0002461235540241201,biological_process
VDR,0.0002461235540241201,gene/protein
F2RL1,0.0002461235540241201,gene/protein
negative regulation of protein phosphorylation,0.0002461235540241201,biological_process
KLK5,0.0002461235540241201,gene/protein
brown fat cell differentiation,0.0002461235540241201,biological_process
IL16,0.0002461235540241201,gene/protein
NFYA,0.0002461235540241201,gene/protein
XPC,0.0002461235540241201,gene/protein
Progressive,0.0002461235540241201,effect/phenotype
PMAIP1,0.0002461235540241201,gene/protein
temperature homeostasis,0.0002461235540241201,biological_process
GNG4,0.0002461235540241201,gene/protein
GAB1,0.0002461235540241201,gene/protein
negative regulation of interleukin-1 beta production,0.0002461235540241201,biological_process
GPX3,0.0002461235540241201,gene/protein
STX1A,0.0002461235540241201,gene/protein
EEF1B2,0.0002461235540241201,gene/protein
BCL2L10,0.0002461235540241201,gene/protein
Inflammation of the large intestine,0.0002461235540241201,immune_effect/phenotype
Agenesis of corpus callosum,0.0002461235540241201,effect/phenotype
PIK3CD,0.0002461235540241201,gene/protein
Scavenging of heme from plasma,0.0002461235540241201,pathway
actin cytoskeleton reorganization,0.0002461235540241201,biological_process
BBS2,0.0002461235540241201,gene/protein
Pancreatitis,0.0002461235540241201,effect/phenotype
PCK1,0.0002461235540241201,gene/protein
SPEN,0.0002461235540241201,gene/protein
adipose tissue development,0.0002461235540241201,biological_process
CD247,0.0002461235540241201,gene/protein
SOCS2,0.0002461235540241201,gene/protein
TGFA,0.0002461235540241201,gene/protein
LIG4,0.0002461235540241201,gene/protein
GDF15,0.0002461235540241201,gene/protein
TSLP,0.0002461235540241201,gene/protein
CIDEA,0.0002461235540241201,gene/protein
MIR130A,0.0002461235540241201,gene/protein
NEK6,0.0002461235540241201,gene/protein
EBF1,0.0002461235540241201,gene/protein
BBS1,0.0002461235540241201,gene/protein
ACVR2B,0.0002461235540241201,gene/protein
Difficulty standing,0.0002461235540241201,effect/phenotype
ACACB,0.0002461235540241201,gene/protein
CUL1,0.0002461235540241201,gene/protein
CYP2E1,0.0002461235540241201,gene/protein
Pointed chin,0.0002461235540241201,effect/phenotype
Abnormal cerebral white matter morphology,0.0002461235540241201,effect/phenotype
NDUFS1,0.0002461235540241201,gene/protein
Hypoplasia of the corpus callosum,0.0002461235540241201,effect/phenotype
RHOA,0.0002461235540241201,gene/protein
SOCS7,0.0002461235540241201,gene/protein
SLC11A1,0.0002461235540241201,gene/protein
Large hands,0.0002461235540241201,effect/phenotype
PTPN22,0.0002461235540241201,gene/protein
TFRC,0.0002461235540241201,gene/protein
fatty acid beta-oxidation,0.0002461235540241201,biological_process
BDH1,0.0001640823693494134,gene/protein
GET4,0.0001640823693494134,gene/protein
CUTA,0.0001640823693494134,gene/protein
Limited elbow extension,0.0001640823693494134,effect/phenotype
execution phase of apoptosis,0.0001640823693494134,biological_process
MBP,0.0001640823693494134,gene/protein
ARL6,0.0001640823693494134,gene/protein
Prominent nasal bridge,0.0001640823693494134,effect/phenotype
IRF3,0.0001640823693494134,gene/protein
HSPB2,0.0001640823693494134,gene/protein
positive regulation of nitric oxide mediated signal transduction,0.0001640823693494134,biological_process
SLC7A5P2,0.0001640823693494134,gene/protein
ZFP64,0.0001640823693494134,gene/protein
Narrow chest,0.0001640823693494134,effect/phenotype
CASR,0.0001640823693494134,gene/protein
Hypoplasia of dental enamel,0.0001640823693494134,effect/phenotype
Progeroid facial appearance,0.0001640823693494134,effect/phenotype
LTBR,0.0001640823693494134,gene/protein
sequestering of triglyceride,0.0001640823693494134,biological_process
GIT1,0.0001640823693494134,gene/protein
MAST1,0.0001640823693494134,gene/protein
FBXO6,0.0001640823693494134,gene/protein
heart contraction,0.0001640823693494134,biological_process
RBPJ,0.0001640823693494134,gene/protein
Cleft palate,0.0001640823693494134,effect/phenotype
NFATC3,0.0001640823693494134,gene/protein
Abnormality of the pinna,0.0001640823693494134,effect/phenotype
IFNAR2,0.0001640823693494134,gene/protein
Short distal phalanx of finger,0.0001640823693494134,effect/phenotype
STRN,0.0001640823693494134,gene/protein
Microtia,0.0001640823693494134,effect/phenotype
ST13,0.0001640823693494134,gene/protein
TMPRSS2,0.0001640823693494134,gene/protein
BGN,0.0001640823693494134,gene/protein
Abnormal cerebral vascular morphology,0.0001640823693494134,effect/phenotype
ACTL7B,0.0001640823693494134,gene/protein
POTEF,0.0001640823693494134,gene/protein
Cafe-au-lait spot,0.0001640823693494134,effect/phenotype
Telecanthus,0.0001640823693494134,effect/phenotype
TNFAIP2,0.0001640823693494134,gene/protein
ACTL7A,0.0001640823693494134,gene/protein
SLC22A2,0.0001640823693494134,gene/protein
hair follicle development,0.0001640823693494134,biological_process
AAK1,0.0001640823693494134,gene/protein
HLA-DQA1,0.0001640823693494134,gene/protein
transmembrane receptor protein tyrosine kinase signaling pathway,0.0001640823693494134,biological_process
BLM,0.0001640823693494134,gene/protein
AKR1C2,0.0001640823693494134,gene/protein
Hypopigmented skin patches,0.0001640823693494134,immune_effect/phenotype
Cardiomyopathy,0.0001640823693494134,effect/phenotype
GAA,0.0001640823693494134,gene/protein
HLA-DRA,0.0001640823693494134,gene/protein
PHAF1,0.0001640823693494134,gene/protein
SRPK2,0.0001640823693494134,gene/protein
Dry skin,0.0001640823693494134,effect/phenotype
CASP2,0.0001640823693494134,gene/protein
H3-3B,0.0001640823693494134,gene/protein
Parkinsonism,0.0001640823693494134,effect/phenotype
CCL3,0.0001640823693494134,gene/protein
CHD1L,0.0001640823693494134,gene/protein
MAGEA11,0.0001640823693494134,gene/protein
calcium ion transmembrane transport,0.0001640823693494134,biological_process
EGR4,0.0001640823693494134,gene/protein
peripheral nervous system myelin maintenance,0.0001640823693494134,biological_process
positive regulation of humoral immune response mediated by circulating immunoglobulin,0.0001640823693494134,biological_process
MAPK8IP2,0.0001640823693494134,gene/protein
Narrow palpebral fissure,0.0001640823693494134,effect/phenotype
regulation of JNK cascade,0.0001640823693494134,biological_process
SPTAN1,0.0001640823693494134,gene/protein
LTB,0.0001640823693494134,gene/protein
GYS2,0.0001640823693494134,gene/protein
CCL22,0.0001640823693494134,gene/protein
Ion transport by P-type ATPases,0.0001640823693494134,pathway
PFKFB3,0.0001640823693494134,gene/protein
regulation of glycolytic process,0.0001640823693494134,biological_process
Defective TPR may confer susceptibility towards thyroid papillary carcinoma (TPC),0.0001640823693494134,pathway
SEC11C,0.0001640823693494134,gene/protein
NFKBID,0.0001640823693494134,gene/protein
INTS3,0.0001640823693494134,gene/protein
SMN1,0.0001640823693494134,gene/protein
POC1B,0.0001640823693494134,gene/protein
NFKBIZ,0.0001640823693494134,gene/protein
HIPK3,0.0001640823693494134,gene/protein
NOL3,0.0001640823693494134,gene/protein
CDC25A,0.0001640823693494134,gene/protein
EIF2B2,0.0001640823693494134,gene/protein
AGTR1,0.0001640823693494134,gene/protein
BUD31,0.0001640823693494134,gene/protein
STX11,0.0001640823693494134,gene/protein
Glycolysis,0.0001640823693494134,pathway
ARHGAP32,0.0001640823693494134,gene/protein
Nasogastric tube feeding,0.0001640823693494134,effect/phenotype
CD209 (DC-SIGN) signaling,0.0001640823693494134,pathway
PEX19,0.0001640823693494134,gene/protein
PPIL2,0.0001640823693494134,gene/protein
RIP-mediated NFkB activation via ZBP1,0.0001640823693494134,pathway
Regulated proteolysis of p75NTR,0.0001640823693494134,pathway
TRAF6 mediated NF-kB activation,0.0001640823693494134,pathway
CASP8AP2,0.0001640823693494134,gene/protein
memory,0.0001640823693494134,biological_process
NF-kB is activated and signals survival,0.0001640823693494134,pathway
FBXO25,0.0001640823693494134,gene/protein
SFXN5,0.0001640823693494134,gene/protein
Senescence-Associated Secretory Phenotype (SASP),0.0001640823693494134,pathway
DEx/H-box helicases activate type I IFN and inflammatory cytokines production ,0.0001640823693494134,pathway
IkBA variant leads to EDA-ID,0.0001640823693494134,pathway
Iron deficiency anemia,0.0001640823693494134,effect/phenotype
TAPBP,0.0001640823693494134,gene/protein
positive regulation of type I interferon production,0.0001640823693494134,biological_process
positive regulation of vascular associated smooth muscle cell differentiation involved in phenotypic switching,0.0001640823693494134,biological_process
IFNL1,0.0001640823693494134,gene/protein
Single transverse palmar crease,0.0001640823693494134,effect/phenotype
positive regulation of protein kinase A signaling,0.0001640823693494134,biological_process
Interleukin-1 processing,0.0001640823693494134,pathway
CCDC88C,0.0001640823693494134,gene/protein
cellular response to leptin stimulus,0.0001640823693494134,biological_process
DOK4,0.0001640823693494134,gene/protein
RUFY1,0.0001640823693494134,gene/protein
EMD,0.0001640823693494134,gene/protein
Hip contracture,0.0001640823693494134,effect/phenotype
CBLN3,0.0001640823693494134,gene/protein
PDE4DIP,0.0001640823693494134,gene/protein
FIBCD1,0.0001640823693494134,gene/protein
Recurrent upper respiratory tract infections,0.0001640823693494134,effect/phenotype
PTPRR,0.0001640823693494134,gene/protein
glucose 6-phosphate metabolic process,0.0001640823693494134,biological_process
TCAP,0.0001640823693494134,gene/protein
NME1-NME2,0.0001640823693494134,gene/protein
negative regulation of long-chain fatty acid import across plasma membrane,0.0001640823693494134,biological_process
IFNL3,0.0001640823693494134,gene/protein
response to UV-B,0.0001640823693494134,biological_process
CDYL,0.0001640823693494134,gene/protein
NEK8,0.0001640823693494134,gene/protein
cellular response to glucose starvation,0.0001640823693494134,biological_process
STIM2,0.0001640823693494134,gene/protein
Activation of BAD and translocation to mitochondria ,0.0001640823693494134,pathway
AIG1,0.0001640823693494134,gene/protein
MAP2K2,0.0001640823693494134,gene/protein
TM4SF4,0.0001640823693494134,gene/protein
REEP6,0.0001640823693494134,gene/protein
CIAO3,0.0001640823693494134,gene/protein
APH1A,0.0001640823693494134,gene/protein
AP3M1,0.0001640823693494134,gene/protein
CCDC116,0.0001640823693494134,gene/protein
Midface retrusion,0.0001640823693494134,effect/phenotype
PEX1,0.0001640823693494134,gene/protein
negative regulation of myeloid cell apoptotic process,0.0001640823693494134,biological_process
Decreased testicular size,0.0001640823693494134,effect/phenotype
Recurrent hypoglycemia,0.0001640823693494134,effect/phenotype
LRSAM1,0.0001640823693494134,gene/protein
PTPN23,0.0001640823693494134,gene/protein
mammary gland development,0.0001640823693494134,biological_process
TMEM43,0.0001640823693494134,gene/protein
STT3A,0.0001640823693494134,gene/protein
endothelial cell apoptotic process,0.0001640823693494134,biological_process
PDCD6IP,0.0001640823693494134,gene/protein
RIF1,0.0001640823693494134,gene/protein
Salmonella osteomyelitis,0.0001640823693494134,effect/phenotype
UBE2V1,0.0001640823693494134,gene/protein
Underdeveloped nasal alae,0.0001640823693494134,effect/phenotype
CLCN7,0.0001640823693494134,gene/protein
Full cheeks,0.0001640823693494134,effect/phenotype
SETDB1,0.0001640823693494134,gene/protein
ACTRT1,0.0001640823693494134,gene/protein
Femoral bowing,0.0001640823693494134,effect/phenotype
negative regulation of lipid storage,0.0001640823693494134,biological_process
KHSRP,0.0001640823693494134,gene/protein
PKMTs methylate histone lysines,0.0001640823693494134,pathway
Microdontia,0.0001640823693494134,effect/phenotype
RRAD,0.0001640823693494134,gene/protein
HTRA2,0.0001640823693494134,gene/protein
TAK1 activates NFkB by phosphorylation and activation of IKKs complex,0.0001640823693494134,pathway
protein dephosphorylation,0.0001640823693494134,biological_process
regulation of protein stability,0.0001640823693494134,biological_process
U2AF2,0.0001640823693494134,gene/protein
Portal hypertension,0.0001640823693494134,effect/phenotype
Other interleukin signaling,0.0001640823693494134,pathway
ACTRT3,0.0001640823693494134,gene/protein
SUMO3,0.0001640823693494134,gene/protein
Regulation by c-FLIP,0.0001640823693494134,pathway
necroptotic signaling pathway,0.0001640823693494134,biological_process
PIK3C2B,0.0001640823693494134,gene/protein
Caspase activation via Death Receptors in the presence of ligand,0.0001640823693494134,pathway
PSPC1,0.0001640823693494134,gene/protein
HIP1,0.0001640823693494134,gene/protein
EXOC6,0.0001640823693494134,gene/protein
GRK5,0.0001640823693494134,gene/protein
ossification,0.0001640823693494134,biological_process
negative regulation of apoptotic signaling pathway,0.0001640823693494134,biological_process
negative regulation of intrinsic apoptotic signaling pathway in response to DNA damage by p53 class mediator,0.0001640823693494134,biological_process
Leukocytosis,0.0001640823693494134,immune_effect/phenotype
Hypotelorism,0.0001640823693494134,effect/phenotype
AGO2,0.0001640823693494134,gene/protein
Dimerization of procaspase-8,0.0001640823693494134,pathway
Exocrine pancreatic insufficiency,0.0001640823693494134,effect/phenotype
Female hypogonadism,0.0001640823693494134,effect/phenotype
CFI,0.0001640823693494134,gene/protein
STAM2,0.0001640823693494134,gene/protein
WNT7A,0.0001640823693494134,gene/protein
Glutamate Neurotransmitter Release Cycle,0.0001640823693494134,pathway
Nasal speech,0.0001640823693494134,effect/phenotype
NAPA,0.0001640823693494134,gene/protein
TLR2,0.0001640823693494134,gene/protein
EIF2S2,0.0001640823693494134,gene/protein
SLC39A8,0.0001640823693494134,gene/protein
SRPRB,0.0001640823693494134,gene/protein
Oligodontia,0.0001640823693494134,effect/phenotype
DUSP22,0.0001640823693494134,gene/protein
CHMP3,0.0001640823693494134,gene/protein
UBE2Q1,0.0001640823693494134,gene/protein
Childhood onset,0.0001640823693494134,effect/phenotype
Perifoveal ring of hyperautofluorescence,0.0001640823693494134,effect/phenotype
IGSF21,0.0001640823693494134,gene/protein
gluconeogenesis,0.0001640823693494134,biological_process
NUP153,0.0001640823693494134,gene/protein
CRADD,0.0001640823693494134,gene/protein
CTSA,0.0001640823693494134,gene/protein
Accelerated skeletal maturation,0.0001640823693494134,effect/phenotype
UBE2H,0.0001640823693494134,gene/protein
TSPOAP1,0.0001640823693494134,gene/protein
TLK1,0.0001640823693494134,gene/protein
intrinsic apoptotic signaling pathway in response to oxidative stress,0.0001640823693494134,biological_process
AKT3,0.0001640823693494134,gene/protein
SORBS2,0.0001640823693494134,gene/protein
HCK,0.0001640823693494134,gene/protein
BCLAF1,0.0001640823693494134,gene/protein
WAS,0.0001640823693494134,gene/protein
POTEE,0.0001640823693494134,gene/protein
reactive oxygen species metabolic process,0.0001640823693494134,biological_process
CD2AP,0.0001640823693494134,gene/protein
positive regulation of glucose transmembrane transport,0.0001640823693494134,biological_process
cellular response to heat,0.0001640823693494134,biological_process
UQCRC1,0.0001640823693494134,gene/protein
ROS1,0.0001640823693494134,gene/protein
DUSP19,0.0001640823693494134,gene/protein
positive regulation of DNA binding,0.0001640823693494134,biological_process
Cone-shaped epiphyses of the phalanges of the hand,0.0001640823693494134,effect/phenotype
positive regulation of kinase activity,0.0001640823693494134,biological_process
TLE3,0.0001640823693494134,gene/protein
RBM25,0.0001640823693494134,gene/protein
Joint hyperflexibility,0.0001640823693494134,effect/phenotype
SEC13,0.0001640823693494134,gene/protein
FER,0.0001640823693494134,gene/protein
PPP3CB,0.0001640823693494134,gene/protein
negative regulation of DNA binding,0.0001640823693494134,biological_process
CASP8 activity is inhibited,0.0001640823693494134,pathway
FasL/ CD95L signaling,0.0001640823693494134,pathway
GPR152,0.0001640823693494134,gene/protein
PTMA,0.0001640823693494134,gene/protein
RIPK1-mediated regulated necrosis,0.0001640823693494134,pathway
cellular response to dexamethasone stimulus,0.0001640823693494134,biological_process
Elbow flexion contracture,0.0001640823693494134,effect/phenotype
MMS19,0.0001640823693494134,gene/protein
Thin upper lip vermilion,0.0001640823693494134,effect/phenotype
GSN,0.0001640823693494134,gene/protein
Reduced visual acuity,0.0001640823693494134,effect/phenotype
Multifactorial inheritance,0.0001640823693494134,effect/phenotype
astrocyte activation,0.0001640823693494134,biological_process
Ketoacidosis,0.0001640823693494134,effect/phenotype
activation of MAPKK activity,0.0001640823693494134,biological_process
negative regulation of transcription by transcription factor localization,0.0001640823693494134,biological_process
NUP93,0.0001640823693494134,gene/protein
positive regulation of vasoconstriction,0.0001640823693494134,biological_process
viral entry into host cell,0.0001640823693494134,biological_process
SNCA,0.0001640823693494134,gene/protein
Micronodular cirrhosis,0.0001640823693494134,effect/phenotype
Myopathy,0.0001640823693494134,effect/phenotype
CAPNS1,0.0001640823693494134,gene/protein
LNPEP,0.0001640823693494134,gene/protein
Joint hypermobility,0.0001640823693494134,effect/phenotype
Nyctalopia,0.0001640823693494134,effect/phenotype
PHB2,0.0001640823693494134,gene/protein
INTS2,0.0001640823693494134,gene/protein
WASHC2C,0.0001640823693494134,gene/protein
Hypercholesterolemia,0.0001640823693494134,effect/phenotype
positive regulation of DNA repair,0.0001640823693494134,biological_process
Brain atrophy,0.0001640823693494134,effect/phenotype
CD244,0.0001640823693494134,gene/protein
Abdominal obesity,0.0001640823693494134,effect/phenotype
STK24,0.0001640823693494134,gene/protein
Bifid uvula,0.0001640823693494134,effect/phenotype
response to cobalamin,0.0001640823693494134,biological_process
Anorexia,0.0001640823693494134,effect/phenotype
SAT1,0.0001640823693494134,gene/protein
positive regulation of chemokine production,0.0001640823693494134,biological_process
Regulation of Glucokinase by Glucokinase Regulatory Protein,0.0001640823693494134,pathway
Hypoalbuminemia,0.0001640823693494134,effect/phenotype
KIF21B,0.0001640823693494134,gene/protein
ACVR1B,0.0001640823693494134,gene/protein
APBA3,0.0001640823693494134,gene/protein
ATP2B4,0.0001640823693494134,gene/protein
SPARCL1,0.0001640823693494134,gene/protein
positive regulation of production of miRNAs involved in gene silencing by miRNA,0.0001640823693494134,biological_process
WASHC5,0.0001640823693494134,gene/protein
MKRN3,0.0001640823693494134,gene/protein
ILK,0.0001640823693494134,gene/protein
TRIB1,0.0001640823693494134,gene/protein
Severe periodontitis,0.0001640823693494134,effect/phenotype
Bone pain,0.0001640823693494134,effect/phenotype
Lymphadenopathy,0.0001640823693494134,immune_effect/phenotype
Renal cyst,0.0001640823693494134,effect/phenotype
ZNF510,0.0001640823693494134,gene/protein
Thrombocytosis,0.0001640823693494134,effect/phenotype
cell-cell adhesion,0.0001640823693494134,biological_process
Tetralogy of Fallot,0.0001640823693494134,effect/phenotype
protein autophosphorylation,0.0001640823693494134,biological_process
TRIB2,0.0001640823693494134,gene/protein
WIPI2,0.0001640823693494134,gene/protein
DRD3,0.0001640823693494134,gene/protein
VHL,0.0001640823693494134,gene/protein
MIB1,0.0001640823693494134,gene/protein
C4orf3,0.0001640823693494134,gene/protein
GAB2,0.0001640823693494134,gene/protein
Small hand,0.0001640823693494134,effect/phenotype
Thin vermilion border,0.0001640823693494134,effect/phenotype
Telangiectasia of the skin,0.0001640823693494134,effect/phenotype
TUBB3,0.0001640823693494134,gene/protein
YPEL1,0.0001640823693494134,gene/protein
KRT8,0.0001640823693494134,gene/protein
regulation of extrinsic apoptotic signaling pathway via death domain receptors,0.0001640823693494134,biological_process
Ventriculomegaly,0.0001640823693494134,effect/phenotype
DPH1,0.0001640823693494134,gene/protein
DAG1,0.0001640823693494134,gene/protein
CSNK1E,0.0001640823693494134,gene/protein
RAB5A,0.0001640823693494134,gene/protein
CDC6,0.0001640823693494134,gene/protein
glycolytic process,0.0001640823693494134,biological_process
Downslanted palpebral fissures,0.0001640823693494134,effect/phenotype
Biparietal narrowing,0.0001640823693494134,effect/phenotype
UBASH3B,0.0001640823693494134,gene/protein
Thrombocytopenia,0.0001640823693494134,effect/phenotype
PTBP1,0.0001640823693494134,gene/protein
TLR3,0.0001640823693494134,gene/protein
Thick upper lip vermilion,0.0001640823693494134,effect/phenotype
Platyspondyly,0.0001640823693494134,effect/phenotype
NEO1,0.0001640823693494134,gene/protein
CDKN2B,0.0001640823693494134,gene/protein
Reduction of cytosolic Ca++ levels,0.0001640823693494134,pathway
Esophageal varix,0.0001640823693494134,effect/phenotype
UBR5,0.0001640823693494134,gene/protein
Liver abscess,0.0001640823693494134,effect/phenotype
Abnormality of metabolism/homeostasis,0.0001640823693494134,effect/phenotype
LAPTM4A,0.0001640823693494134,gene/protein
canonical glycolysis,0.0001640823693494134,biological_process
Low anterior hairline,0.0001640823693494134,effect/phenotype
DSTN,0.0001640823693494134,gene/protein
DTX4,0.0001640823693494134,gene/protein
low-density lipoprotein particle clearance,0.0001640823693494134,biological_process
NEDD1,0.0001640823693494134,gene/protein
Overweight,0.0001640823693494134,effect/phenotype
DNAJC8,0.0001640823693494134,gene/protein
Short foot,0.0001640823693494134,effect/phenotype
MAFB,0.0001640823693494134,gene/protein
Glomerulopathy,0.0001640823693494134,effect/phenotype
FGR,0.0001640823693494134,gene/protein
dehydroascorbic acid transport,0.0001640823693494134,biological_process
erythrocyte differentiation,0.0001640823693494134,biological_process
positive regulation of catalytic activity,0.0001640823693494134,biological_process
OGT,0.0001640823693494134,gene/protein
long-chain fatty acid metabolic process,0.0001640823693494134,biological_process
positive regulation of protein insertion into mitochondrial membrane involved in apoptotic signaling pathway,0.0001640823693494134,biological_process
RPS3,0.0001640823693494134,gene/protein
Reduced tendon reflexes,0.0001640823693494134,effect/phenotype
pulmonary valve morphogenesis,0.0001640823693494134,biological_process
CFHR5,0.0001640823693494134,gene/protein
Ras protein signal transduction,0.0001640823693494134,biological_process
TNFRSF10A,0.0001640823693494134,gene/protein
STK36,0.0001640823693494134,gene/protein
THSD7B,0.0001640823693494134,gene/protein
YIPF6,0.0001640823693494134,gene/protein
ITGAL,0.0001640823693494134,gene/protein
negative regulation of cold-induced thermogenesis,0.0001640823693494134,biological_process
CHGB,0.0001640823693494134,gene/protein
TBL3,0.0001640823693494134,gene/protein
PLEKHA5,0.0001640823693494134,gene/protein
MTA1,0.0001640823693494134,gene/protein
RIN1,0.0001640823693494134,gene/protein
TMPRSS3,0.0001640823693494134,gene/protein
positive regulation of protein kinase activity,0.0001640823693494134,biological_process
Arthritis,0.0001640823693494134,effect/phenotype
KLK9,0.0001640823693494134,gene/protein
Chorioretinal coloboma,0.0001640823693494134,effect/phenotype
ZDHHC17,0.0001640823693494134,gene/protein
Chronic otitis media,0.0001640823693494134,effect/phenotype
Prominent supraorbital ridges,0.0001640823693494134,effect/phenotype
intracellular receptor signaling pathway,0.0001640823693494134,biological_process
TGIF1,0.0001640823693494134,gene/protein
"antigen processing and presentation of exogenous peptide antigen via MHC class I, TAP-dependent",0.0001640823693494134,biological_process
CBY1,0.0001640823693494134,gene/protein
DLL1,0.0001640823693494134,gene/protein
positive regulation of peptidyl-threonine phosphorylation,0.0001640823693494134,biological_process
positive regulation of osteoclast differentiation,0.0001640823693494134,biological_process
positive regulation of protein binding,0.0001640823693494134,biological_process
STAMBP,0.0001640823693494134,gene/protein
"regulation of synaptic transmission, glutamatergic",0.0001640823693494134,biological_process
GPR37L1,0.0001640823693494134,gene/protein
PNKP,0.0001640823693494134,gene/protein
negative regulation of bicellular tight junction assembly,0.0001640823693494134,biological_process
ASIC4,0.0001640823693494134,gene/protein
MIRLET7C,0.0001640823693494134,gene/protein
PDHA1,0.0001640823693494134,gene/protein
negative regulation of interleukin-1 alpha production,0.0001640823693494134,biological_process
positive regulation of neuroinflammatory response,0.0001640823693494134,biological_process
IRS-mediated signalling,0.0001640823693494134,pathway
NPDC1,0.0001640823693494134,gene/protein
negative regulation of blood vessel endothelial cell proliferation involved in sprouting angiogenesis,0.0001640823693494134,biological_process
PCBP1,0.0001640823693494134,gene/protein
ventricular septum morphogenesis,0.0001640823693494134,biological_process
WDR5,0.0001640823693494134,gene/protein
TAFA4,0.0001640823693494134,gene/protein
RNF149,0.0001640823693494134,gene/protein
RORA activates gene expression,0.0001640823693494134,pathway
regulation of cell adhesion,0.0001640823693494134,biological_process
positive regulation of acute inflammatory response,0.0001640823693494134,biological_process
regulation of vascular permeability involved in acute inflammatory response,0.0001640823693494134,biological_process
autophagy of mitochondrion,0.0001640823693494134,biological_process
positive regulation of glycolytic process,0.0001640823693494134,biological_process
ZNHIT3,0.0001640823693494134,gene/protein
ERG28,0.0001640823693494134,gene/protein
FGB,0.0001640823693494134,gene/protein
VPS4B,0.0001640823693494134,gene/protein
Abnormal enzyme/coenzyme activity,0.0001640823693494134,effect/phenotype
USP14,0.0001640823693494134,gene/protein
NCOA4,0.0001640823693494134,gene/protein
EIF3D,0.0001640823693494134,gene/protein
SRA1,0.0001640823693494134,gene/protein
SLC27A4,0.0001640823693494134,gene/protein
Abnormal sella turcica morphology,0.0001640823693494134,effect/phenotype
ZPR1,0.0001640823693494134,gene/protein
Malar flattening,0.0001640823693494134,effect/phenotype
PSMD3,0.0001640823693494134,gene/protein
Open bite,0.0001640823693494134,effect/phenotype
Increased intracranial pressure,0.0001640823693494134,effect/phenotype
CCNK,0.0001640823693494134,gene/protein
SERPINB4,0.0001640823693494134,gene/protein
amyloid-beta clearance,0.0001640823693494134,biological_process
positive regulation of developmental growth,0.0001640823693494134,biological_process
Clumsiness,0.0001640823693494134,effect/phenotype
SH2B2,0.0001640823693494134,gene/protein
Insulin receptor recycling,0.0001640823693494134,pathway
NUBP2,0.0001640823693494134,gene/protein
NHLH2,0.0001640823693494134,gene/protein
Widely spaced teeth,0.0001640823693494134,effect/phenotype
Oligosacchariduria,0.0001640823693494134,effect/phenotype
KIF20B,0.0001640823693494134,gene/protein
NUTF2,0.0001640823693494134,gene/protein
Cerebellar hypoplasia,0.0001640823693494134,effect/phenotype
CSNK1G1,0.0001640823693494134,gene/protein
Variable expressivity,0.0001640823693494134,effect/phenotype
Recurrent gastroenteritis,0.0001640823693494134,effect/phenotype
TRMT2A,0.0001640823693494134,gene/protein
AIF1L,0.0001640823693494134,gene/protein
PTPRA,0.0001640823693494134,gene/protein
TBX21,0.0001640823693494134,gene/protein
PSMC3,0.0001640823693494134,gene/protein
ADD1,0.0001640823693494134,gene/protein
Bilateral talipes equinovarus,0.0001640823693494134,effect/phenotype
acute-phase response,0.0001640823693494134,biological_process
PSMD12,0.0001640823693494134,gene/protein
SLC9A1,0.0001640823693494134,gene/protein
Interferon gamma signaling,0.0001640823693494134,pathway
Joint laxity,0.0001640823693494134,effect/phenotype
CCT7,0.0001640823693494134,gene/protein
OTX1,0.0001640823693494134,gene/protein
SNTA1,0.0001640823693494134,gene/protein
PSMD13,0.0001640823693494134,gene/protein
PSMC4,0.0001640823693494134,gene/protein
Craniosynostosis,0.0001640823693494134,effect/phenotype
PAWR,0.0001640823693494134,gene/protein
Talipes valgus,0.0001640823693494134,effect/phenotype
CCDC6,0.0001640823693494134,gene/protein
amyloid fibril formation,0.0001640823693494134,biological_process
Disproportionate tall stature,0.0001640823693494134,effect/phenotype
positive regulation of cardiac muscle cell differentiation,0.0001640823693494134,biological_process
B cell activation,0.0001640823693494134,biological_process
positive regulation of vascular endothelial growth factor receptor signaling pathway,0.0001640823693494134,biological_process
negative regulation of cyclin-dependent protein serine/threonine kinase activity,0.0001640823693494134,biological_process
positive regulation of connective tissue replacement,0.0001640823693494134,biological_process
DUSP3,0.0001640823693494134,gene/protein
BCL6,0.0001640823693494134,gene/protein
EGF,0.0001640823693494134,gene/protein
DYNC1H1,0.0001640823693494134,gene/protein
CDC5L,0.0001640823693494134,gene/protein
DLG4,0.0001640823693494134,gene/protein
AP2B1,0.0001640823693494134,gene/protein
ADAM10,0.0001640823693494134,gene/protein
NOX1,0.0001640823693494134,gene/protein
DNM1,0.0001640823693494134,gene/protein
arginine catabolic process,0.0001640823693494134,biological_process
BARD1,0.0001640823693494134,gene/protein
negative regulation of TRAIL-activated apoptotic signaling pathway,0.0001640823693494134,biological_process
negative regulation of G2/M transition of mitotic cell cycle,0.0001640823693494134,biological_process
Spastic tetraplegia,0.0001640823693494134,effect/phenotype
Nitric oxide stimulates guanylate cyclase,0.0001640823693494134,pathway
Peroxisomal protein import,0.0001640823693494134,pathway
APBB2,0.0001640823693494134,gene/protein
CDC25C,0.0001640823693494134,gene/protein
CBR1,0.0001640823693494134,gene/protein
DBP,0.0001640823693494134,gene/protein
CDKN1C,0.0001640823693494134,gene/protein
HBEGF,0.0001640823693494134,gene/protein
platelet activation,0.0001640823693494134,biological_process
adaptive immune response,0.0001640823693494134,biological_process
TRPV6,0.0001640823693494134,gene/protein
negative regulation of activated T cell proliferation,0.0001640823693494134,biological_process
UBR2,0.0001640823693494134,gene/protein
PHLPP1,0.0001640823693494134,gene/protein
GZMB,0.0001640823693494134,gene/protein
RBCK1,0.0001640823693494134,gene/protein
response to cobalt ion,0.0001640823693494134,biological_process
CDK7,0.0001640823693494134,gene/protein
CHN2,0.0001640823693494134,gene/protein
negative regulation of fibroblast growth factor production,0.0001640823693494134,biological_process
positive regulation of high-density lipoprotein particle clearance,0.0001640823693494134,biological_process
ALCAM,0.0001640823693494134,gene/protein
CAMLG,0.0001640823693494134,gene/protein
DAD1,0.0001640823693494134,gene/protein
FDFT1,0.0001640823693494134,gene/protein
negative regulation of neuroinflammatory response,0.0001640823693494134,biological_process
GJB1,0.0001640823693494134,gene/protein
CSTF1,0.0001640823693494134,gene/protein
cardiac muscle hypertrophy,0.0001640823693494134,biological_process
negative regulation of prostaglandin biosynthetic process,0.0001640823693494134,biological_process
negative regulation of T cell activation,0.0001640823693494134,biological_process
negative regulation by host of viral genome replication,0.0001640823693494134,biological_process
RGS2,0.0001640823693494134,gene/protein
AP4M1,0.0001640823693494134,gene/protein
T lymphocytopenia,0.0001640823693494134,immune_effect/phenotype
ATN1,0.0001640823693494134,gene/protein
ZMYND8,0.0001640823693494134,gene/protein
UPF2,0.0001640823693494134,gene/protein
positive regulation of histone H3-K4 methylation,0.0001640823693494134,biological_process
CACYBP,0.0001640823693494134,gene/protein
RBPMS,0.0001640823693494134,gene/protein
lactation,0.0001640823693494134,biological_process
response to cAMP,0.0001640823693494134,biological_process
TOPBP1,0.0001640823693494134,gene/protein
positive regulation of BMP signaling pathway,0.0001640823693494134,biological_process
AKAP8,0.0001640823693494134,gene/protein
MIRLET7A3,0.0001640823693494134,gene/protein
Decreased circulating IgG2 level,0.0001640823693494134,immune_effect/phenotype
NAALADL2,0.0001640823693494134,gene/protein
renal water homeostasis,0.0001640823693494134,biological_process
Autoimmune thrombocytopenia,0.0001640823693494134,immune_effect/phenotype
Increased reactive oxygen species production,0.0001640823693494134,effect/phenotype
AP3M2,0.0001640823693494134,gene/protein
Systemic autoinflammation,0.0001640823693494134,immune_effect/phenotype
Congenital onset,0.0001640823693494134,effect/phenotype
SOS-mediated signalling,0.0001640823693494134,pathway
homeostasis of number of cells within a tissue,0.0001640823693494134,biological_process
regulation of transmembrane transporter activity,0.0001640823693494134,biological_process
positive regulation of Ras protein signal transduction,0.0001640823693494134,biological_process
hepatocyte proliferation,0.0001640823693494134,biological_process
negative regulation of B cell apoptotic process,0.0001640823693494134,biological_process
acute inflammatory response,0.0001640823693494134,biological_process
negative regulation of cell migration involved in sprouting angiogenesis,0.0001640823693494134,biological_process
MIRLET7E,0.0001640823693494134,gene/protein
MTA3,0.0001640823693494134,gene/protein
POFUT1,0.0001640823693494134,gene/protein
Sepsis,0.0001640823693494134,effect/phenotype
BUB1B,0.0001640823693494134,gene/protein
AP2S1,0.0001640823693494134,gene/protein
Pulmonary artery stenosis,0.0001640823693494134,effect/phenotype
ATG16L1,0.0001640823693494134,gene/protein
Increased circulating ferritin concentration,0.0001640823693494134,effect/phenotype
SIK2,0.0001640823693494134,gene/protein
NUCB2,0.0001640823693494134,gene/protein
KIF1A,0.0001640823693494134,gene/protein
ATP1A1,0.0001640823693494134,gene/protein
epithelial cell differentiation,0.0001640823693494134,biological_process
negative regulation of hematopoietic stem cell proliferation,0.0001640823693494134,biological_process
BBS4,0.0001640823693494134,gene/protein
L-cysteine catabolic process,0.0001640823693494134,biological_process
long-term memory,0.0001640823693494134,biological_process
DEFA1,0.0001640823693494134,gene/protein
EPSTI1,0.0001640823693494134,gene/protein
microglial cell activation,0.0001640823693494134,biological_process
negative regulation of cell-matrix adhesion,0.0001640823693494134,biological_process
HIF1AN,0.0001640823693494134,gene/protein
ASNS,0.0001640823693494134,gene/protein
CSE1L,0.0001640823693494134,gene/protein
positive regulation of mitochondrion organization,0.0001640823693494134,biological_process
cell fate commitment,0.0001640823693494134,biological_process
positive regulation of Schwann cell proliferation involved in axon regeneration,0.0001640823693494134,biological_process
FLT3 Signaling,0.0001640823693494134,pathway
TMEM31,0.0001640823693494134,gene/protein
Abnormal testis morphology,0.0001640823693494134,effect/phenotype
RHO GTPases Activate NADPH Oxidases,0.0001640823693494134,pathway
PTPN13,0.0001640823693494134,gene/protein
RTN3,0.0001640823693494134,gene/protein
PPIF,0.0001640823693494134,gene/protein
JAG2,0.0001640823693494134,gene/protein
TPM1,0.0001640823693494134,gene/protein
DOK5,0.0001640823693494134,gene/protein
STYX,0.0001640823693494134,gene/protein
RBL2,0.0001640823693494134,gene/protein
PLCG2,0.0001640823693494134,gene/protein
FKBP5,0.0001640823693494134,gene/protein
GOLM1,0.0001640823693494134,gene/protein
Delayed myelination,0.0001640823693494134,effect/phenotype
GPR42,0.0001640823693494134,gene/protein
CLDN14,0.0001640823693494134,gene/protein
Decreased circulating IgG level,0.0001640823693494134,immune_effect/phenotype
protein K48-linked ubiquitination,0.0001640823693494134,biological_process
SYNE2,0.0001640823693494134,gene/protein
PABPN1,0.0001640823693494134,gene/protein
PGPEP1,0.0001640823693494134,gene/protein
GAP43,0.0001640823693494134,gene/protein
RMDN3,0.0001640823693494134,gene/protein
Decreased circulating IgA level,0.0001640823693494134,immune_effect/phenotype
Bronchiectasis,0.0001640823693494134,effect/phenotype
SLC18A1,0.0001640823693494134,gene/protein
Cellular immunodeficiency,0.0001640823693494134,immune_effect/phenotype
VAMP2,0.0001640823693494134,gene/protein
TMEM237,0.0001640823693494134,gene/protein
Leukopenia,0.0001640823693494134,immune_effect/phenotype
peptidyl-tyrosine phosphorylation,0.0001640823693494134,biological_process
UFL1,0.0001640823693494134,gene/protein
USP22,0.0001640823693494134,gene/protein
H1-10,0.0001640823693494134,gene/protein
BRD2,0.0001640823693494134,gene/protein
PSMB9,0.0001640823693494134,gene/protein
calcium ion transport,0.0001640823693494134,biological_process
PSMB3,0.0001640823693494134,gene/protein
S100A9,0.0001640823693494134,gene/protein
TMEM208,0.0001640823693494134,gene/protein
RUSF1,0.0001640823693494134,gene/protein
CMTM7,0.0001640823693494134,gene/protein
Thick eyebrow,0.0001640823693494134,effect/phenotype
SH2D2A,0.0001640823693494134,gene/protein
PRKCG,0.0001640823693494134,gene/protein
interferon-gamma-mediated signaling pathway,0.0001640823693494134,biological_process
SMARCB1,0.0001640823693494134,gene/protein
RPS2,0.0001640823693494134,gene/protein
TUBA4A,0.0001640823693494134,gene/protein
FOXO4,0.0001640823693494134,gene/protein
VAPA,0.0001640823693494134,gene/protein
SMARCD2,0.0001640823693494134,gene/protein
RALGDS,0.0001640823693494134,gene/protein
ZBTB5,0.0001640823693494134,gene/protein
AKR1D1,0.0001640823693494134,gene/protein
ATG7,0.0001640823693494134,gene/protein
HES1,0.0001640823693494134,gene/protein
PSMA6,0.0001640823693494134,gene/protein
TIAM1,0.0001640823693494134,gene/protein
SLC35B4,0.0001640823693494134,gene/protein
CHRNA9,0.0001640823693494134,gene/protein
PCGF2,0.0001640823693494134,gene/protein
LCP1,0.0001640823693494134,gene/protein
CSF2RB,0.0001640823693494134,gene/protein
RNF25,0.0001640823693494134,gene/protein
positive regulation of miRNA metabolic process,0.0001640823693494134,biological_process
HDAC5,0.0001640823693494134,gene/protein
HDAC10,0.0001640823693494134,gene/protein
KRT40,0.0001640823693494134,gene/protein
PIAS3,0.0001640823693494134,gene/protein
HID1,0.0001640823693494134,gene/protein
STX7,0.0001640823693494134,gene/protein
epidermis development,0.0001640823693494134,biological_process
MIRLET7F2,0.0001640823693494134,gene/protein
IL17RB,0.0001640823693494134,gene/protein
TTPA,0.0001640823693494134,gene/protein
POMGNT1,0.0001640823693494134,gene/protein
E2F6,0.0001640823693494134,gene/protein
NEURL2,0.0001640823693494134,gene/protein
SCN3B,0.0001640823693494134,gene/protein
THTPA,0.0001640823693494134,gene/protein
USP15,0.0001640823693494134,gene/protein
HOOK2,0.0001640823693494134,gene/protein
Camptodactyly,0.0001640823693494134,effect/phenotype
CST6,0.0001640823693494134,gene/protein
spleen development,0.0001640823693494134,biological_process
axonogenesis,0.0001640823693494134,biological_process
MIRLET7B,0.0001640823693494134,gene/protein
actin filament organization,0.0001640823693494134,biological_process
FAM210B,0.0001640823693494134,gene/protein
DLC1,0.0001640823693494134,gene/protein
positive regulation of receptor internalization,0.0001640823693494134,biological_process
TAP1,0.0001640823693494134,gene/protein
SELENOK,0.0001640823693494134,gene/protein
DERL1,0.0001640823693494134,gene/protein
DAB2,0.0001640823693494134,gene/protein
TRAPPC6B,0.0001640823693494134,gene/protein
H1-1,0.0001640823693494134,gene/protein
H1-0,0.0001640823693494134,gene/protein
NCAM1,0.0001640823693494134,gene/protein
TMEM14B,0.0001640823693494134,gene/protein
PDCD6,0.0001640823693494134,gene/protein
SYS1,0.0001640823693494134,gene/protein
NDUFV1,0.0001640823693494134,gene/protein
BAG4,0.0001640823693494134,gene/protein
response to gamma radiation,0.0001640823693494134,biological_process
intrinsic apoptotic signaling pathway in response to endoplasmic reticulum stress,0.0001640823693494134,biological_process
calcium ion transport from cytosol to endoplasmic reticulum,0.0001640823693494134,biological_process
NDN,0.0001640823693494134,gene/protein
Dental crowding,0.0001640823693494134,effect/phenotype
MARCHF6,0.0001640823693494134,gene/protein
PTPA,0.0001640823693494134,gene/protein
Long philtrum,0.0001640823693494134,effect/phenotype
TICAM1,0.0001640823693494134,gene/protein
TNFSF13,0.0001640823693494134,gene/protein
LAMC3,0.0001640823693494134,gene/protein
CGRRF1,0.0001640823693494134,gene/protein
BSND,0.0001640823693494134,gene/protein
CD99L2,0.0001640823693494134,gene/protein
ZC4H2,0.0001640823693494134,gene/protein
SUGT1,0.0001640823693494134,gene/protein
PNN,0.0001640823693494134,gene/protein
KRTAP10-5,0.0001640823693494134,gene/protein
Signaling by Insulin receptor,0.0001640823693494134,pathway
Insulin receptor signalling cascade,0.0001640823693494134,pathway
positive regulation of respiratory burst,0.0001640823693494134,biological_process
sulfur amino acid metabolic process,0.0001640823693494134,biological_process
EDA2R,0.0001640823693494134,gene/protein
BHMT2,0.0001640823693494134,gene/protein
MAFA,0.0001640823693494134,gene/protein
STAP2,0.0001640823693494134,gene/protein
CDKL1,0.0001640823693494134,gene/protein
ACTN1,0.0001640823693494134,gene/protein
PIDD1,0.0001640823693494134,gene/protein
SH3RF1,0.0001640823693494134,gene/protein
FRS3,0.0001640823693494134,gene/protein
ILVBL,0.0001640823693494134,gene/protein
SF1,0.0001640823693494134,gene/protein
SEC24A,0.0001640823693494134,gene/protein
CD274,0.0001640823693494134,gene/protein
ZNRD2,0.0001640823693494134,gene/protein
negative regulation of reactive oxygen species biosynthetic process,0.0001640823693494134,biological_process
ELOC,0.0001640823693494134,gene/protein
SKP1,0.0001640823693494134,gene/protein
PSMA5,0.0001640823693494134,gene/protein
EWSR1,0.0001640823693494134,gene/protein
PCIF1,0.0001640823693494134,gene/protein
response to leucine,0.0001640823693494134,biological_process
MED16,0.0001640823693494134,gene/protein
positive regulation of insulin secretion involved in cellular response to glucose stimulus,0.0001640823693494134,biological_process
APOL2,0.0001640823693494134,gene/protein
PSMD7,0.0001640823693494134,gene/protein
SUFU,0.0001640823693494134,gene/protein
ERCC4,0.0001640823693494134,gene/protein
MST1P2,0.0001640823693494134,gene/protein
ZFAND2B,0.0001640823693494134,gene/protein
NRBF2,0.0001640823693494134,gene/protein
ROCK1,0.0001640823693494134,gene/protein
ATP13A1,0.0001640823693494134,gene/protein
PRMT5,0.0001640823693494134,gene/protein
WDR45B,0.0001640823693494134,gene/protein
PPP1R15A,0.0001640823693494134,gene/protein
bicyclomycin-like,0.0001640823693494134,drug_class
H2AC12,0.0001640823693494134,gene/protein
MAP4K4,0.0001640823693494134,gene/protein
NR5A1,0.0001640823693494134,gene/protein
FCER1G,0.0001640823693494134,gene/protein
MED12,0.0001640823693494134,gene/protein
SORBS3,0.0001640823693494134,gene/protein
lipopolysaccharide-mediated signaling pathway,0.0001640823693494134,biological_process
protein kinase B signaling,0.0001640823693494134,biological_process
NAA10,0.0001640823693494134,gene/protein
BRAP,0.0001640823693494134,gene/protein
SMAD6,0.0001640823693494134,gene/protein
LTK,0.0001640823693494134,gene/protein
EPB41,0.0001640823693494134,gene/protein
RNASE4,0.0001640823693494134,gene/protein
FANCC,0.0001640823693494134,gene/protein
PKLR,0.0001640823693494134,gene/protein
ITGB3,0.0001640823693494134,gene/protein
NTRK3,0.0001640823693494134,gene/protein
CAPN2,0.0001640823693494134,gene/protein
Interleukin-7 signaling,0.0001640823693494134,pathway
MDC1,0.0001640823693494134,gene/protein
ATP6V1H,0.0001640823693494134,gene/protein
ORMDL3,0.0001640823693494134,gene/protein
TRRAP,0.0001640823693494134,gene/protein
PI3K/AKT activation,0.0001640823693494134,pathway
TRIM2,0.0001640823693494134,gene/protein
MYCL,0.0001640823693494134,gene/protein
MAP3K13,0.0001640823693494134,gene/protein
HCMV Early Events,0.0001640823693494134,pathway
TMEM230,0.0001640823693494134,gene/protein
MSN,0.0001640823693494134,gene/protein
Flat occiput,0.0001640823693494134,effect/phenotype
HNRNPU,0.0001640823693494134,gene/protein
NR3C2,0.0001640823693494134,gene/protein
Joint stiffness,0.0001640823693494134,effect/phenotype
Confusion,0.0001640823693494134,effect/phenotype
RHOB,0.0001640823693494134,gene/protein
Sinusitis,0.0001640823693494134,effect/phenotype
blood vessel endothelial cell migration,0.0001640823693494134,biological_process
Immunoregulatory interactions between a Lymphoid and a non-Lymphoid cell,0.0001640823693494134,pathway
IRS-related events triggered by IGF1R,0.0001640823693494134,pathway
Sulfur amino acid metabolism,0.0001640823693494134,pathway
TRMO,0.0001640823693494134,gene/protein
TRIP6,0.0001640823693494134,gene/protein
KLK7,0.0001640823693494134,gene/protein
MORF4L2,0.0001640823693494134,gene/protein
Facial hypotonia,0.0001640823693494134,effect/phenotype
IGBP1,0.0001640823693494134,gene/protein
Abnormality of skeletal morphology,0.0001640823693494134,effect/phenotype
HMOX2,0.0001640823693494134,gene/protein
STAM,0.0001640823693494134,gene/protein
Amyloid fiber formation,0.0001640823693494134,pathway
IL1R2,0.0001640823693494134,gene/protein
KRTAP10-1,0.0001640823693494134,gene/protein
response to amphetamine,0.0001640823693494134,biological_process
negative regulation of protein binding,0.0001640823693494134,biological_process
Oncogene Induced Senescence,0.0001640823693494134,pathway
C14orf180,0.0001640823693494134,gene/protein
LAMP1,0.0001640823693494134,gene/protein
PLAGL1,0.0001640823693494134,gene/protein
Macrocephaly,0.0001640823693494134,effect/phenotype
RLF,0.0001640823693494134,gene/protein
MYO9A,0.0001640823693494134,gene/protein
Broad forehead,0.0001640823693494134,effect/phenotype
MTMR6,0.0001640823693494134,gene/protein
PLXNB1,0.0001640823693494134,gene/protein
negative regulation of osteoblast differentiation,0.0001640823693494134,biological_process
response to virus,0.0001640823693494134,biological_process
regulation of immune response,0.0001640823693494134,biological_process
CFB,0.0001640823693494134,gene/protein
GRB7,0.0001640823693494134,gene/protein
PSMA2,0.0001640823693494134,gene/protein
RAF activation,0.0001640823693494134,pathway
GORASP2,0.0001640823693494134,gene/protein
negative regulation of amyloid-beta clearance,0.0001640823693494134,biological_process
positive regulation of cell cycle,0.0001640823693494134,biological_process
ITGB4,0.0001640823693494134,gene/protein
Short sternum,0.0001640823693494134,effect/phenotype
PTPRJ,0.0001640823693494134,gene/protein
AGER,0.0001640823693494134,gene/protein
ALOX5,0.0001640823693494134,gene/protein
POLR2A,0.0001640823693494134,gene/protein
CCR6,0.0001640823693494134,gene/protein
SIGLEC6,0.0001640823693494134,gene/protein
NCF2,0.0001640823693494134,gene/protein
PCMT1,0.0001640823693494134,gene/protein
CXCL10,0.0001640823693494134,gene/protein
SLC11A2,0.0001640823693494134,gene/protein
HEBP2,0.0001640823693494134,gene/protein
ZSCAN22,0.0001640823693494134,gene/protein
NOD1,0.0001640823693494134,gene/protein
XRCC4,0.0001640823693494134,gene/protein
CLEC4G,0.0001640823693494134,gene/protein
MIR2116,0.0001640823693494134,gene/protein
KLF11,0.0001640823693494134,gene/protein
CES1,0.0001640823693494134,gene/protein
MIR1260A,0.0001640823693494134,gene/protein
ventricular cardiac muscle tissue morphogenesis,0.0001640823693494134,biological_process
dentate gyrus development,0.0001640823693494134,biological_process
lens development in camera-type eye,0.0001640823693494134,biological_process
RXRB,0.0001640823693494134,gene/protein
ACTC1,0.0001640823693494134,gene/protein
NAT1,0.0001640823693494134,gene/protein
ERBB3,0.0001640823693494134,gene/protein
MIR1301,0.0001640823693494134,gene/protein
HNRNPAB,0.0001640823693494134,gene/protein
Abnormality of the musculature,0.0001640823693494134,effect/phenotype
Retinopathy,0.0001640823693494134,effect/phenotype
Elevated hemoglobin A1c,0.0001640823693494134,effect/phenotype
Hypoinsulinemia,0.0001640823693494134,effect/phenotype
Abnormal C-peptide level,0.0001640823693494134,effect/phenotype
DES,0.0001640823693494134,gene/protein
HOXA13,0.0001640823693494134,gene/protein
NOP14,0.0001640823693494134,gene/protein
HBA2,0.0001640823693494134,gene/protein
HBG2,0.0001640823693494134,gene/protein
NME1,0.0001640823693494134,gene/protein
KIF5B,0.0001640823693494134,gene/protein
ITSN1,0.0001640823693494134,gene/protein
Glycosuria,0.0001640823693494134,effect/phenotype
UBE2D2,0.0001640823693494134,gene/protein
JUNB,0.0001640823693494134,gene/protein
HBB,0.0001640823693494134,gene/protein
BCL2A1,0.0001640823693494134,gene/protein
FCGRT,0.0001640823693494134,gene/protein
LCN2,0.0001640823693494134,gene/protein
IL12RB1,0.0001640823693494134,gene/protein
HNRNPH3,0.0001640823693494134,gene/protein
MDH2,0.0001640823693494134,gene/protein
CEBPZ,0.0001640823693494134,gene/protein
DMD,0.0001640823693494134,gene/protein
HAGH,0.0001640823693494134,gene/protein
ACP1,0.0001640823693494134,gene/protein
ELF3,0.0001640823693494134,gene/protein
Hyporeflexia of lower limbs,0.0001640823693494134,effect/phenotype
Left ventricular hypertrophy,0.0001640823693494134,effect/phenotype
PRKCSH,0.0001640823693494134,gene/protein
MCM4,0.0001640823693494134,gene/protein
ACO2,0.0001640823693494134,gene/protein
EEF1D,0.0001640823693494134,gene/protein
SERPINH1,0.0001640823693494134,gene/protein
Nail dystrophy,0.0001640823693494134,effect/phenotype
TNS2,0.0001640823693494134,gene/protein
SUOX,0.0001640823693494134,gene/protein
GTF2A1,0.0001640823693494134,gene/protein
SHC3,0.0001640823693494134,gene/protein
C1orf109,0.0001640823693494134,gene/protein
ZNF496,0.0001640823693494134,gene/protein
GAS2L2,0.0001640823693494134,gene/protein
RNF123,0.0001640823693494134,gene/protein
BAP1,0.0001640823693494134,gene/protein
H3C4,0.0001640823693494134,gene/protein
Macrotia,0.0001640823693494134,effect/phenotype
HMMR,0.0001640823693494134,gene/protein
Paralysis,0.0001640823693494134,effect/phenotype
regulation of signal transduction,0.0001640823693494134,biological_process
MAFG,0.0001640823693494134,gene/protein
EPHA1,0.0001640823693494134,gene/protein
HOXB5,0.0001640823693494134,gene/protein
EMC8,0.0001640823693494134,gene/protein
tRNA modification in the nucleus and cytosol,0.0001640823693494134,pathway
positive regulation of cellular senescence,0.0001640823693494134,biological_process
H2BC11,0.0001640823693494134,gene/protein
RING1,0.0001640823693494134,gene/protein
PRPF4B,0.0001640823693494134,gene/protein
PFDN5,0.0001640823693494134,gene/protein
SPINT2,0.0001640823693494134,gene/protein
DCAF7,0.0001640823693494134,gene/protein
H3C11,0.0001640823693494134,gene/protein
ZNF232,0.0001640823693494134,gene/protein
H3C12,0.0001640823693494134,gene/protein
EFNB2,0.0001640823693494134,gene/protein
ZFR,0.0001640823693494134,gene/protein
PCDHA3,0.0001640823693494134,gene/protein
PHF14,0.0001640823693494134,gene/protein
KRT1,0.0001640823693494134,gene/protein
TCTN2,0.0001640823693494134,gene/protein
Speech apraxia,0.0001640823693494134,effect/phenotype
CHAF1B,0.0001640823693494134,gene/protein
TFPI2,0.0001640823693494134,gene/protein
EIF3H,0.0001640823693494134,gene/protein
MIR3173,0.0001640823693494134,gene/protein
IL12B,0.0001640823693494134,gene/protein
CPT1B,0.0001640823693494134,gene/protein
Signaling by MRAS-complex mutants,0.0001640823693494134,pathway
HSD3B7,0.0001640823693494134,gene/protein
HSF1,0.0001640823693494134,gene/protein
WDR17,0.0001640823693494134,gene/protein
MIR1228,0.0001640823693494134,gene/protein
IL19,0.0001640823693494134,gene/protein
BACH2,0.0001640823693494134,gene/protein
IQGAP3,0.0001640823693494134,gene/protein
SERPINE1,0.0001640823693494134,gene/protein
TOP1,0.0001640823693494134,gene/protein
SIX3,0.0001640823693494134,gene/protein
MBTPS1,0.0001640823693494134,gene/protein
SNW1,0.0001640823693494134,gene/protein
ALG9,0.0001640823693494134,gene/protein
TMUB1,0.0001640823693494134,gene/protein
Neonatal hypotonia,0.0001640823693494134,effect/phenotype
TPR,0.0001640823693494134,gene/protein
GNG13,0.0001640823693494134,gene/protein
MPZL1,0.0001640823693494134,gene/protein
CIAO1,0.0001640823693494134,gene/protein
CDC45,0.0001640823693494134,gene/protein
GPX7,0.0001640823693494134,gene/protein
IGF2BP1,0.0001640823693494134,gene/protein
TNFSF11,0.0001640823693494134,gene/protein
XPA,0.0001640823693494134,gene/protein
MAD2L2,0.0001640823693494134,gene/protein
TNPO2,0.0001640823693494134,gene/protein
NUDCD3,0.0001640823693494134,gene/protein
IFT88,0.0001640823693494134,gene/protein
TAGLN2,0.0001640823693494134,gene/protein
ANKRD11,0.0001640823693494134,gene/protein
WDTC1,0.0001640823693494134,gene/protein
SRCIN1,0.0001640823693494134,gene/protein
NCOA6,0.0001640823693494134,gene/protein
UBR4,0.0001640823693494134,gene/protein
MECR,0.0001640823693494134,gene/protein
TXNDC11,0.0001640823693494134,gene/protein
RAB5C,0.0001640823693494134,gene/protein
DHRS7,0.0001640823693494134,gene/protein
Excessive daytime somnolence,0.0001640823693494134,effect/phenotype
Polyneuropathy,0.0001640823693494134,effect/phenotype
BCL11A,0.0001640823693494134,gene/protein
heart valve morphogenesis,0.0001640823693494134,biological_process
PCDHB16,0.0001640823693494134,gene/protein
IL17RC,0.0001640823693494134,gene/protein
GDPD5,0.0001640823693494134,gene/protein
cellular response to cAMP,0.0001640823693494134,biological_process
intestinal absorption,0.0001640823693494134,biological_process
Regulation of RUNX3 expression and activity,0.0001640823693494134,pathway
neuron projection morphogenesis,0.0001640823693494134,biological_process
inorganic cation transmembrane transport,0.0001640823693494134,biological_process
Male hypogonadism,0.0001640823693494134,effect/phenotype
Dilated fourth ventricle,0.0001640823693494134,effect/phenotype
Apraxia,0.0001640823693494134,effect/phenotype
Bilateral tonic-clonic seizure,0.0001640823693494134,effect/phenotype
Arachnodactyly,0.0001640823693494134,effect/phenotype
Synophrys,0.0001640823693494134,effect/phenotype
cardiac muscle contraction,0.0001640823693494134,biological_process
RTRAF,0.0001640823693494134,gene/protein
KRTAP5-9,0.0001640823693494134,gene/protein
GNG7,0.0001640823693494134,gene/protein
Ca2+ pathway,0.0001640823693494134,pathway
"Adrenaline,noradrenaline inhibits insulin secretion",0.0001640823693494134,pathway
regulation of fat cell differentiation,0.0001640823693494134,biological_process
Ub-specific processing proteases,0.0001640823693494134,pathway
cellular response to epinephrine stimulus,0.0001640823693494134,biological_process
TMBIM6,0.0001640823693494134,gene/protein
RAB11A,0.0001640823693494134,gene/protein
MAPKAPK5,0.0001640823693494134,gene/protein
MACF1,0.0001640823693494134,gene/protein
QRFP,0.0001640823693494134,gene/protein
Apoptotic cleavage of cellular proteins,0.0001640823693494134,pathway
Caspase-mediated cleavage of cytoskeletal proteins,0.0001640823693494134,pathway
Abnormality of movement,0.0001640823693494134,effect/phenotype
RAN,0.0001640823693494134,gene/protein
inner ear development,0.0001640823693494134,biological_process
RASSF5,0.0001640823693494134,gene/protein
PPP4R3A,0.0001640823693494134,gene/protein
RPL23A,0.0001640823693494134,gene/protein
ARPC1A,0.0001640823693494134,gene/protein
GLMN,0.0001640823693494134,gene/protein
C12orf57,0.0001640823693494134,gene/protein
GIPC1,0.0001640823693494134,gene/protein
PRAME,0.0001640823693494134,gene/protein
H2AC17,0.0001640823693494134,gene/protein
potassium ion import across plasma membrane,0.0001640823693494134,biological_process
ATG4D,0.0001640823693494134,gene/protein
PDK1,0.0001640823693494134,gene/protein
ARHGAP39,0.0001640823693494134,gene/protein
MAML2,0.0001640823693494134,gene/protein
PRKCI,0.0001640823693494134,gene/protein
CAMK1D,0.0001640823693494134,gene/protein
CDC73,0.0001640823693494134,gene/protein
HASPIN,0.0001640823693494134,gene/protein
YDJC,0.0001640823693494134,gene/protein
CHMP4B,0.0001640823693494134,gene/protein
UFD1,0.0001640823693494134,gene/protein
TOB1,0.0001640823693494134,gene/protein
Fasciculations,0.0001640823693494134,effect/phenotype
UBE2B,0.0001640823693494134,gene/protein
LYSMD1,0.0001640823693494134,gene/protein
GLIS2,0.0001640823693494134,gene/protein
PIK3R4,0.0001640823693494134,gene/protein
SNAP29,0.0001640823693494134,gene/protein
CDC20B,0.0001640823693494134,gene/protein
PRKAR2A,0.0001640823693494134,gene/protein
POT1,0.0001640823693494134,gene/protein
GPRC5C,0.0001640823693494134,gene/protein
COQ9,0.0001640823693494134,gene/protein
TBC1D22B,0.0001640823693494134,gene/protein
Autistic behavior,0.0001640823693494134,effect/phenotype
Testicular atrophy,0.0001640823693494134,effect/phenotype
smooth muscle hyperplasia,0.0001640823693494134,biological_process
BHLHE41,0.0001640823693494134,gene/protein
DYNC1LI1,0.0001640823693494134,gene/protein
MFF,0.0001640823693494134,gene/protein
protein deubiquitination,0.0001640823693494134,biological_process
Regulation of PTEN stability and activity,0.0001640823693494134,pathway
interleukin-7-mediated signaling pathway,0.0001640823693494134,biological_process
positive regulation of phosphatidylinositol 3-kinase activity,0.0001640823693494134,biological_process
LAMTOR2,0.0001640823693494134,gene/protein
ITCH,0.0001640823693494134,gene/protein
Abnormality of the kidney,0.0001640823693494134,effect/phenotype
PGK1,0.0001640823693494134,gene/protein
EIF2S1,0.0001640823693494134,gene/protein
ACVR1,0.0001640823693494134,gene/protein
EIF3E,0.0001640823693494134,gene/protein
P3H1,0.0001640823693494134,gene/protein
Blurred vision,0.0001640823693494134,effect/phenotype
Astrocytosis,0.0001640823693494134,effect/phenotype
CDK15,0.0001640823693494134,gene/protein
LCP2,0.0001640823693494134,gene/protein
QRICH1,0.0001640823693494134,gene/protein
VRK1,0.0001640823693494134,gene/protein
PELI1,0.0001640823693494134,gene/protein
Integrin cell surface interactions,0.0001640823693494134,pathway
CD36,0.0001640823693494134,gene/protein
CAMK1,0.0001640823693494134,gene/protein
TIAL1,0.0001640823693494134,gene/protein
phosphatidylinositol-mediated signaling,0.0001640823693494134,biological_process
Severe global developmental delay,0.0001640823693494134,effect/phenotype
Rigidity,0.0001640823693494134,effect/phenotype
Macular degeneration,0.0001640823693494134,effect/phenotype
Cutaneous abscess,0.0001640823693494134,effect/phenotype
nervous system process,0.0001640823693494134,biological_process
ABC-family proteins mediated transport,0.0001640823693494134,pathway
ATP sensitive Potassium channels,0.0001640823693494134,pathway
Defective ABCC8 can cause hypo- and hyper-glycemias,0.0001640823693494134,pathway
PIK3CB,0.0001640823693494134,gene/protein
CLEC10A,0.0001640823693494134,gene/protein
Esotropia,0.0001640823693494134,effect/phenotype
Severely reduced visual acuity,0.0001640823693494134,effect/phenotype
positive regulation of macroautophagy,0.0001640823693494134,biological_process
Intention tremor,0.0001640823693494134,effect/phenotype
Deep philtrum,0.0001640823693494134,effect/phenotype
CEND1,0.0001640823693494134,gene/protein
regulation of hormone metabolic process,0.0001640823693494134,biological_process
response to alkaloid,0.0001640823693494134,biological_process
Palpebral edema,0.0001640823693494134,effect/phenotype
Sleep disturbance,0.0001640823693494134,effect/phenotype
RBBP5,0.0001640823693494134,gene/protein
MAP4K5,0.0001640823693494134,gene/protein
H4C9,0.0001640823693494134,gene/protein
APBB3,0.0001640823693494134,gene/protein
SSR4,0.0001640823693494134,gene/protein
peptide hormone processing,0.0001640823693494134,biological_process
Psychomotor retardation,0.0001640823693494134,effect/phenotype
PTPRD,0.0001640823693494134,gene/protein
Cerebellar vermis atrophy,0.0001640823693494134,effect/phenotype
Hypoplasia of the pons,0.0001640823693494134,effect/phenotype
MAPK8IP3,0.0001640823693494134,gene/protein
LIMK1,0.0001640823693494134,gene/protein
type B pancreatic cell differentiation,0.0001640823693494134,biological_process
cell-matrix adhesion,0.0001640823693494134,biological_process
negative regulation of epidermal growth factor receptor signaling pathway,0.0001640823693494134,biological_process
MAGED1,0.0001640823693494134,gene/protein
FBXW8,0.0001640823693494134,gene/protein
RAPGEF3,0.0001640823693494134,gene/protein
UQCRC2,0.0001640823693494134,gene/protein
PRKCH,0.0001640823693494134,gene/protein
Wnt signaling pathway,0.0001640823693494134,biological_process
RBM26,0.0001640823693494134,gene/protein
MUL1,0.0001640823693494134,gene/protein
LNX1,0.0001640823693494134,gene/protein
UCH proteinases,0.0001640823693494134,pathway
FAM25C,0.0001640823693494134,gene/protein
Choreoathetosis,0.0001640823693494134,effect/phenotype
CD68,0.0001640823693494134,gene/protein
PRDX4,0.0001640823693494134,gene/protein
ZBTB7B,0.0001640823693494134,gene/protein
TF,0.0001640823693494134,gene/protein
IGFBP2,0.0001640823693494134,gene/protein
SIM1,0.0001640823693494134,gene/protein
NQO1,0.0001640823693494134,gene/protein
regulation of macroautophagy,0.0001640823693494134,biological_process
Hyperhidrosis,0.0001640823693494134,effect/phenotype
Delayed gross motor development,0.0001640823693494134,effect/phenotype
Thick vermilion border,0.0001640823693494134,effect/phenotype
ADRA2A,0.0001640823693494134,gene/protein
AFF4,0.0001640823693494134,gene/protein
MRC1,0.0001640823693494134,gene/protein
ME1,0.0001640823693494134,gene/protein
STAC3,0.0001640823693494134,gene/protein
TBC1D1,0.0001640823693494134,gene/protein
AKAP1,0.0001640823693494134,gene/protein
ZMPSTE24,0.0001640823693494134,gene/protein
CP,0.0001640823693494134,gene/protein
CEP95,0.0001640823693494134,gene/protein
CCAR2,0.0001640823693494134,gene/protein
Facial palsy,0.0001640823693494134,effect/phenotype
MTCH2,0.0001640823693494134,gene/protein
HK2,0.0001640823693494134,gene/protein
ACLY,0.0001640823693494134,gene/protein
muscle organ development,0.0001640823693494134,biological_process
Small forehead,0.0001640823693494134,effect/phenotype
positive regulation of endoplasmic reticulum stress-induced intrinsic apoptotic signaling pathway,0.0001640823693494134,biological_process
Regulation of RUNX2 expression and activity,0.0001640823693494134,pathway
positive regulation of fatty acid oxidation,0.0001640823693494134,biological_process
CYP2B6,0.0001640823693494134,gene/protein
CYP17A1,0.0001640823693494134,gene/protein
Inflammatory abnormality of the skin,0.0001640823693494134,immune_effect/phenotype
MRAP2,0.0001640823693494134,gene/protein
UBE2A,0.0001640823693494134,gene/protein
PHF8,0.0001640823693494134,gene/protein
RECQL5,0.0001640823693494134,gene/protein
RAD23B,0.0001640823693494134,gene/protein
ATP6AP1,0.0001640823693494134,gene/protein
NUF2,0.0001640823693494134,gene/protein
NCAPG,0.0001640823693494134,gene/protein
KMT2C,0.0001640823693494134,gene/protein
IRAK1,0.0001640823693494134,gene/protein
RAI1,0.0001640823693494134,gene/protein
SLC16A7,0.0001640823693494134,gene/protein
TTC8,0.0001640823693494134,gene/protein
RAB21,0.0001640823693494134,gene/protein
Furuncle,0.0001640823693494134,effect/phenotype
ATP6AP2,0.0001640823693494134,gene/protein
CASK,0.0001640823693494134,gene/protein
CDKN2C,0.0001640823693494134,gene/protein
AKIP1,0.0001640823693494134,gene/protein
Downturned corners of mouth,0.0001640823693494134,effect/phenotype
IL1RN,0.0001640823693494134,gene/protein
IL1RAP,0.0001640823693494134,gene/protein
FCGR3B,0.0001640823693494134,gene/protein
SCD,0.0001640823693494134,gene/protein
Areflexia,0.0001640823693494134,effect/phenotype
High myopia,0.0001640823693494134,effect/phenotype
Broad face,0.0001640823693494134,effect/phenotype
CTSD,0.0001640823693494134,gene/protein
IGFALS,0.0001640823693494134,gene/protein
energy homeostasis,0.0001640823693494134,biological_process
CELF1,0.0001640823693494134,gene/protein
AXIN1,0.0001640823693494134,gene/protein
CCNB2,0.0001640823693494134,gene/protein
NEIL3,0.0001640823693494134,gene/protein
TK1,0.0001640823693494134,gene/protein
Abnormality of immune system physiology,0.0001640823693494134,immune_effect/phenotype
AP3D1,0.0001640823693494134,gene/protein
Hypsarrhythmia,0.0001640823693494134,effect/phenotype
RNU4ATAC,0.0001640823693494134,gene/protein
PBK,0.0001640823693494134,gene/protein
POMC,0.0001640823693494134,gene/protein
Generalized-onset seizure,0.0001640823693494134,effect/phenotype
Talipes equinovarus,0.0001640823693494134,effect/phenotype
Myoclonus,0.0001640823693494134,effect/phenotype
Distal muscle weakness,0.0001640823693494134,effect/phenotype
RRM2,0.0001640823693494134,gene/protein
PCNT,0.0001640823693494134,gene/protein
CUL2,0.0001640823693494134,gene/protein
MTHFR,0.0001640823693494134,gene/protein
response to starvation,0.0001640823693494134,biological_process
Knee flexion contracture,0.0001640823693494134,effect/phenotype
response to methionine,0.0001640823693494134,biological_process
response to dietary excess,0.0001640823693494134,biological_process
negative regulation of glycolytic process,0.0001640823693494134,biological_process
cerebellum development,0.0001640823693494134,biological_process
positive regulation of ATP biosynthetic process,0.0001640823693494134,biological_process
NEIL1,0.0001640823693494134,gene/protein
PCSK1,0.0001640823693494134,gene/protein
RNF34,0.0001640823693494134,gene/protein
Sloping forehead,0.0001640823693494134,effect/phenotype
carbohydrate phosphorylation,0.0001640823693494134,biological_process
Hyperbilirubinemia,0.0001640823693494134,effect/phenotype
Polycystic ovaries,0.0001640823693494134,effect/phenotype
Sporadic,0.0001640823693494134,effect/phenotype
fatty acid oxidation,0.0001640823693494134,biological_process
TMEM155,0.0001640823693494134,gene/protein
CLEC16A,0.0001640823693494134,gene/protein
CTSH,0.0001640823693494134,gene/protein
AIFM1,0.0001640823693494134,gene/protein
MIR7704,0.0001640823693494134,gene/protein
"Intellectual disability, severe",0.0001640823693494134,effect/phenotype
Delayed ability to walk,0.0001640823693494134,effect/phenotype
Distal lower limb amyotrophy,0.0001640823693494134,effect/phenotype
ROBO1,0.0001640823693494134,gene/protein
Foot osteomyelitis,0.0001640823693494134,effect/phenotype
UHRF1BP1,0.0001640823693494134,gene/protein
ING4,0.0001640823693494134,gene/protein
ING3,0.0001640823693494134,gene/protein
MIF4GD,0.0001640823693494134,gene/protein
AGPAT2,0.0001640823693494134,gene/protein
LMNB2,0.0001640823693494134,gene/protein
Incomplete penetrance,0.0001640823693494134,effect/phenotype
Abnormal heart morphology,0.0001640823693494134,effect/phenotype
PRDX2,0.0001640823693494134,gene/protein
CFP,0.0001640823693494134,gene/protein
protein stabilization,0.0001640823693494134,biological_process
Cerebellar vermis hypoplasia,0.0001640823693494134,effect/phenotype
F2,0.0001640823693494134,gene/protein
DPYD,0.0001640823693494134,gene/protein
intracellular protein transport,0.0001640823693494134,biological_process
KIF23,0.0001640823693494134,gene/protein
MIR1260B,0.0001640823693494134,gene/protein
MELK,0.0001640823693494134,gene/protein
MSH5,0.0001640823693494134,gene/protein
FANCI,0.0001640823693494134,gene/protein
AFP,0.0001640823693494134,gene/protein
MIR4482,0.0001640823693494134,gene/protein
MIR6741,0.0001640823693494134,gene/protein
MIR4516,0.0001640823693494134,gene/protein
MIR6803,0.0001640823693494134,gene/protein
MIR8061,0.0001640823693494134,gene/protein
SLIT2,0.0001640823693494134,gene/protein
MCM6,0.0001640823693494134,gene/protein
MYOG,0.0001640823693494134,gene/protein
RAB4A,0.0001640823693494134,gene/protein
TNP1,0.0001640823693494134,gene/protein
MCM2,0.0001640823693494134,gene/protein
GDI1,0.0001640823693494134,gene/protein
HSPA1L,0.0001640823693494134,gene/protein
MYLK,0.0001640823693494134,gene/protein
HAMP,0.0001640823693494134,gene/protein
CD40LG,0.0001640823693494134,gene/protein
MKNK2,0.0001640823693494134,gene/protein
DST,0.0001640823693494134,gene/protein
SRPK1,0.0001640823693494134,gene/protein
TRIM23,0.0001640823693494134,gene/protein
HOXA1,0.0001640823693494134,gene/protein
COPS2,0.0001640823693494134,gene/protein
GPM6B,0.0001640823693494134,gene/protein
RNF4,0.0001640823693494134,gene/protein
ITGB6,0.0001640823693494134,gene/protein
ILF2,0.0001640823693494134,gene/protein
IDH3A,0.0001640823693494134,gene/protein
SPARC,0.0001640823693494134,gene/protein
COL2A1,0.0001640823693494134,gene/protein
ITGAV,0.0001640823693494134,gene/protein
PFN1,0.0001640823693494134,gene/protein
SMARCA2,0.0001640823693494134,gene/protein
MCM3,0.0001640823693494134,gene/protein
phosphatidylinositol biosynthetic process,0.0001640823693494134,biological_process
Synthesis of PIPs at the plasma membrane,0.0001640823693494134,pathway
Broad-based gait,0.0001640823693494134,effect/phenotype
Renal insufficiency,0.0001640823693494134,effect/phenotype
ATF1,0.0001640823693494134,gene/protein
SCNM1,0.0001640823693494134,gene/protein
BCOR,0.0001640823693494134,gene/protein
NTAQ1,0.0001640823693494134,gene/protein
PZP,0.0001640823693494134,gene/protein
angiogenesis involved in wound healing,0.0001640823693494134,biological_process
LYL1,0.0001640823693494134,gene/protein
ZFP36L1,0.0001640823693494134,gene/protein
RYR3,0.0001640823693494134,gene/protein
RAC3,0.0001640823693494134,gene/protein
IGFBP7,0.0001640823693494134,gene/protein
GPS1,0.0001640823693494134,gene/protein
APEX2,0.0001640823693494134,gene/protein
HTR2C,0.0001640823693494134,gene/protein
BMPR1B,0.0001640823693494134,gene/protein
CRYZ,0.0001640823693494134,gene/protein
HIVEP1,0.0001640823693494134,gene/protein
COPA,0.0001640823693494134,gene/protein
ADCY3,0.0001640823693494134,gene/protein
H3C2,0.0001640823693494134,gene/protein
HLA-DPA1,0.0001640823693494134,gene/protein
FAM25A,0.0001640823693494134,gene/protein
GADD45B,0.0001640823693494134,gene/protein
ISG20,0.0001640823693494134,gene/protein
TSC22D3,0.0001640823693494134,gene/protein
CRMP1,0.0001640823693494134,gene/protein
FKBP1A,0.0001640823693494134,gene/protein
white fat cell differentiation,0.0001640823693494134,biological_process
negative regulation of protein sumoylation,0.0001640823693494134,biological_process
MCC,0.0001640823693494134,gene/protein
PRKAR1B,0.0001640823693494134,gene/protein
positive regulation of interleukin-12 production,0.0001640823693494134,biological_process
CALR,0.0001640823693494134,gene/protein
RNF5,0.0001640823693494134,gene/protein
SUMOylation of intracellular receptors,0.0001640823693494134,pathway
UNK,0.0001640823693494134,gene/protein
IRF8,0.0001640823693494134,gene/protein
FKBP4,0.0001640823693494134,gene/protein
PPID,0.0001640823693494134,gene/protein
S100A4,0.0001640823693494134,gene/protein
UBE2K,0.0001640823693494134,gene/protein
PPP2R3A,0.0001640823693494134,gene/protein
MLH1,0.0001640823693494134,gene/protein
MAP2K7,0.0001640823693494134,gene/protein
regulation of mitotic cell cycle,0.0001640823693494134,biological_process
RPS6,0.0001640823693494134,gene/protein
MT1F,0.0001640823693494134,gene/protein
ACSL4,0.0001640823693494134,gene/protein
GNAO1,0.0001640823693494134,gene/protein
ATF4,0.0001640823693494134,gene/protein
UBE2T,0.0001640823693494134,gene/protein
STAT4,0.0001640823693494134,gene/protein
CELSR3,0.0001640823693494134,gene/protein
GADD45A,0.0001640823693494134,gene/protein
KLF9,0.0001640823693494134,gene/protein
NR4A2,0.0001640823693494134,gene/protein
PITX1,0.0001640823693494134,gene/protein
PKP1,0.0001640823693494134,gene/protein
PDGFB,0.0001640823693494134,gene/protein
GP1BB,0.0001640823693494134,gene/protein
ARHGEF6,0.0001640823693494134,gene/protein
CCR1,0.0001640823693494134,gene/protein
IL18,0.0001640823693494134,gene/protein
KIFC1,0.0001640823693494134,gene/protein
LCAT,0.0001640823693494134,gene/protein
MAD2L1,0.0001640823693494134,gene/protein
UBTF,0.0001640823693494134,gene/protein
AQP1,0.0001640823693494134,gene/protein
GTF2H3,0.0001640823693494134,gene/protein
SORD,0.0001640823693494134,gene/protein
PSMB10,0.0001640823693494134,gene/protein
NFKBIE,0.0001640823693494134,gene/protein
PPP2CB,0.0001640823693494134,gene/protein
USP9X,0.0001640823693494134,gene/protein
MMP1,0.0001640823693494134,gene/protein
PSMA1,0.0001640823693494134,gene/protein
IMPDH1,0.0001640823693494134,gene/protein
PDE8A,0.0001640823693494134,gene/protein
FLVCR1,0.0001640823693494134,gene/protein
SCAP,0.0001640823693494134,gene/protein
UBE2C,0.0001640823693494134,gene/protein
PHLDA1,0.0001640823693494134,gene/protein
DBH,0.0001640823693494134,gene/protein
Skin ulcer,0.0001640823693494134,effect/phenotype
VSIG4,0.0001640823693494134,gene/protein
IL6ST,0.0001640823693494134,gene/protein
MVK,0.0001640823693494134,gene/protein
cellular response to potassium ion,0.0001640823693494134,biological_process
AGR2,0.0001640823693494134,gene/protein
SGK1,0.0001640823693494134,gene/protein
HNRNPL,0.0001640823693494134,gene/protein
CCNG2,0.0001640823693494134,gene/protein
FBLN1,0.0001640823693494134,gene/protein
PYCARD,0.0001640823693494134,gene/protein
IQGAP2,0.0001640823693494134,gene/protein
IL1R1,0.0001640823693494134,gene/protein
ORC1,0.0001640823693494134,gene/protein
HHIP,0.0001640823693494134,gene/protein
MT2A,0.0001640823693494134,gene/protein
TMEM70,0.0001640823693494134,gene/protein
CDKN1B,0.0001640823693494134,gene/protein
CREBZF,0.0001640823693494134,gene/protein
LRAT,0.0001640823693494134,gene/protein
KIF14,0.0001640823693494134,gene/protein
Progressive visual field defects,0.0001640823693494134,effect/phenotype
CXCL1,0.0001640823693494134,gene/protein
CXCL12,0.0001640823693494134,gene/protein
EPS8L3,0.0001640823693494134,gene/protein
WDR76,0.0001640823693494134,gene/protein
CD276,0.0001640823693494134,gene/protein
HERC5,0.0001640823693494134,gene/protein
SKP2,0.0001640823693494134,gene/protein
HGF,0.0001640823693494134,gene/protein
KIF2C,0.0001640823693494134,gene/protein
CORO1A,0.0001640823693494134,gene/protein
TXNIP,0.0001640823693494134,gene/protein
Incoordination,0.0001640823693494134,effect/phenotype
EFNA5,0.0001640823693494134,gene/protein
ASGR1,0.0001640823693494134,gene/protein
AQP3,0.0001640823693494134,gene/protein
salivary gland morphogenesis,0.0001640823693494134,biological_process
MIPOL1,0.0001640823693494134,gene/protein
ECSIT,0.0001640823693494134,gene/protein
COP1,0.0001640823693494134,gene/protein
Deactivation of the beta-catenin transactivating complex,0.0001640823693494134,pathway
PRSS50,0.0001640823693494134,gene/protein
negative regulation of neurogenesis,0.0001640823693494134,biological_process
ACOT12,0.0001640823693494134,gene/protein
High urinary gonadotropin level,0.0001640823693494134,effect/phenotype
positive regulation of transcription regulatory region DNA binding,0.0001640823693494134,biological_process
CXCL11,0.0001640823693494134,gene/protein
FGL1,0.0001640823693494134,gene/protein
PRMT6,0.0001640823693494134,gene/protein
PSME3IP1,0.0001640823693494134,gene/protein
negative regulation of production of miRNAs involved in gene silencing by miRNA,0.0001640823693494134,biological_process
response to progesterone,0.0001640823693494134,biological_process
negative regulation of cell differentiation,0.0001640823693494134,biological_process
positive regulation of protein import into nucleus,0.0001640823693494134,biological_process
canonical Wnt signaling pathway,0.0001640823693494134,biological_process
EIF4A3,0.0001640823693494134,gene/protein
visual perception,0.0001640823693494134,biological_process
NSD3,0.0001640823693494134,gene/protein
Aortic arch aneurysm,0.0001640823693494134,effect/phenotype
negative regulation of epithelial cell proliferation,0.0001640823693494134,biological_process
WASHC3,0.0001640823693494134,gene/protein
blood vessel development,0.0001640823693494134,biological_process
KRTAP6-2,0.0001640823693494134,gene/protein
DAZAP2,0.0001640823693494134,gene/protein
ADAMTSL4,0.0001640823693494134,gene/protein
CCDC33,0.0001640823693494134,gene/protein
negative regulation of extrinsic apoptotic signaling pathway,0.0001640823693494134,biological_process
CSNK1D,0.0001640823693494134,gene/protein
ADRB1,0.0001640823693494134,gene/protein
DNM2,0.0001640823693494134,gene/protein
EPAS1,0.0001640823693494134,gene/protein
ACKR4,0.0001640823693494134,gene/protein
BRMS1,0.0001640823693494134,gene/protein
PDCD11,0.0001640823693494134,gene/protein
Short toe,0.0001640823693494134,effect/phenotype
ANG,0.0001640823693494134,gene/protein
HABP2,0.0001640823693494134,gene/protein
DISP3,0.0001640823693494134,gene/protein
AARS1,0.0001640823693494134,gene/protein
COX11,0.0001640823693494134,gene/protein
CLK3,0.0001640823693494134,gene/protein
ECT2,0.0001640823693494134,gene/protein
CCND3,0.0001640823693494134,gene/protein
ARHGAP5,0.0001640823693494134,gene/protein
Lymphedema,0.0001640823693494134,immune_effect/phenotype
DAPK3,0.0001640823693494134,gene/protein
CD4,0.0001640823693494134,gene/protein
ALK,0.0001640823693494134,gene/protein
CD63,0.0001640823693494134,gene/protein
EPHX1,0.0001640823693494134,gene/protein
DAPK1,0.0001640823693494134,gene/protein
AHCY,0.0001640823693494134,gene/protein
GNAQ,0.0001640823693494134,gene/protein
Increased upper to lower segment ratio,0.0001640823693494134,effect/phenotype
ZFP36L2,0.0001640823693494134,gene/protein
CYP2A6,0.0001640823693494134,gene/protein
AGXT,0.0001640823693494134,gene/protein
CAMKK2,0.0001640823693494134,gene/protein
Abnormality of the ovary,0.0001640823693494134,effect/phenotype
Melanocytic nevus,0.0001640823693494134,effect/phenotype
ATP6V1G1,0.0001640823693494134,gene/protein
Enlarged thorax,0.0001640823693494134,effect/phenotype
Abnormal forearm bone morphology,0.0001640823693494134,effect/phenotype
CLDN7,0.0001640823693494134,gene/protein
negative regulation of extracellular matrix constituent secretion,0.0001640823693494134,biological_process
protein transport,0.0001640823693494134,biological_process
androgen metabolic process,0.0001640823693494134,biological_process
FAM25G,0.0001640823693494134,gene/protein
KANK2,0.0001640823693494134,gene/protein
negative regulation of extracellular matrix disassembly,0.0001640823693494134,biological_process
FIS1,0.0001640823693494134,gene/protein
RGS20,0.0001640823693494134,gene/protein
SIRT6,0.0001640823693494134,gene/protein
neuron projection maintenance,0.0001640823693494134,biological_process
Hypoxemia,0.0001640823693494134,effect/phenotype
negative regulation of feeding behavior,0.0001640823693494134,biological_process
activation of protein kinase B activity,0.0001640823693494134,biological_process
aortic valve morphogenesis,0.0001640823693494134,biological_process
mitochondrion organization,0.0001640823693494134,biological_process
RAC2,0.0001640823693494134,gene/protein
bone growth,0.0001640823693494134,biological_process
response to heat,0.0001640823693494134,biological_process
BBC3,0.0001640823693494134,gene/protein
negative regulation of release of cytochrome c from mitochondria,0.0001640823693494134,biological_process
cellular response to peptide hormone stimulus,0.0001640823693494134,biological_process
neural crest cell development,0.0001640823693494134,biological_process
respiratory gaseous exchange by respiratory system,0.0001640823693494134,biological_process
branching involved in blood vessel morphogenesis,0.0001640823693494134,biological_process
negative regulation of appetite,0.0001640823693494134,biological_process
VDAC2,0.0001640823693494134,gene/protein
negative regulation of interleukin-6-mediated signaling pathway,0.0001640823693494134,biological_process
negative regulation of biomineral tissue development,0.0001640823693494134,biological_process
positive regulation of cellular protein metabolic process,0.0001640823693494134,biological_process
cellular response to growth factor stimulus,0.0001640823693494134,biological_process
TNFs bind their physiological receptors,0.0001640823693494134,pathway
negative regulation of lipid catabolic process,0.0001640823693494134,biological_process
fatty acid homeostasis,0.0001640823693494134,biological_process
SYTL4,0.0001640823693494134,gene/protein
MAPKAP1,0.0001640823693494134,gene/protein
VEGFR2 mediated vascular permeability,0.0001640823693494134,pathway
response to vitamin E,0.0001640823693494134,biological_process
regulation of appetite,0.0001640823693494134,biological_process
protein localization,0.0001640823693494134,biological_process
STIM1,0.0001640823693494134,gene/protein
Methylmalonic acidemia,0.0001640823693494134,effect/phenotype
Translocation of SLC2A4 (GLUT4) to the plasma membrane,0.0001640823693494134,pathway
response to cadmium ion,0.0001640823693494134,biological_process
positive regulation of lipid biosynthetic process,0.0001640823693494134,biological_process
regulation of bone remodeling,0.0001640823693494134,biological_process
regulation of protein secretion,0.0001640823693494134,biological_process
regulation of synaptic plasticity,0.0001640823693494134,biological_process
phosphate-containing compound metabolic process,0.0001640823693494134,biological_process
Gene and protein expression by JAK-STAT signaling after Interleukin-12 stimulation,0.0001640823693494134,pathway
Deregulated CDK5 triggers multiple neurodegenerative pathways in Alzheimer's disease models,0.0001640823693494134,pathway
Dyssynergia,0.0001640823693494134,effect/phenotype
interleukin-12-mediated signaling pathway,0.0001640823693494134,biological_process
CEP70,0.0001640823693494134,gene/protein
prostaglandin secretion,0.0001640823693494134,biological_process
positive regulation of cell division,0.0001640823693494134,biological_process
UV protection,0.0001640823693494134,biological_process
cognition,0.0001640823693494134,biological_process
LRATD2,0.0001640823693494134,gene/protein
ZNF8,0.0001640823693494134,gene/protein
ureteric bud development,0.0001640823693494134,biological_process
hemoglobin metabolic process,0.0001640823693494134,biological_process
Chromosome breakage,0.0001640823693494134,effect/phenotype
response to L-ascorbic acid,0.0001640823693494134,biological_process
response to pH,0.0001640823693494134,biological_process
response to reactive oxygen species,0.0001640823693494134,biological_process
T cell differentiation,0.0001640823693494134,biological_process
sexual reproduction,0.0001640823693494134,biological_process
ZBTB16,0.0001640823693494134,gene/protein
nitric oxide biosynthetic process,0.0001640823693494134,biological_process
positive regulation of guanylate cyclase activity,0.0001640823693494134,biological_process
KIDINS220,0.0001640823693494134,gene/protein
positive regulation of protein-containing complex disassembly,0.0001640823693494134,biological_process
TUBA8,0.0001640823693494134,gene/protein
myeloid cell homeostasis,0.0001640823693494134,biological_process
CCT8,0.0001640823693494134,gene/protein
regulation of organ growth,0.0001640823693494134,biological_process
RANBP10,0.0001640823693494134,gene/protein
RNF185,0.0001640823693494134,gene/protein
KCTD7,0.0001640823693494134,gene/protein
FSTL1,0.0001640823693494134,gene/protein
endocrine pancreas development,0.0001640823693494134,biological_process
COL8A1,0.0001640823693494134,gene/protein
ZBED3,0.0001640823693494134,gene/protein
ASPSCR1,0.0001640823693494134,gene/protein
"Metabolism of ingested SeMet, Sec, MeSec into H2Se",0.0001640823693494134,pathway
CTNNA3,0.0001640823693494134,gene/protein
H2AC21,0.0001640823693494134,gene/protein
positive regulation of transcription from RNA polymerase II promoter involved in cellular response to chemical stimulus,0.0001640823693494134,biological_process
ATP6V1C2,0.0001640823693494134,gene/protein
MORN3,0.0001640823693494134,gene/protein
ARIH2,0.0001640823693494134,gene/protein
negative regulation of sequestering of triglyceride,0.0001640823693494134,biological_process
macrophage derived foam cell differentiation,0.0001640823693494134,biological_process
response to lipid,0.0001640823693494134,biological_process
rhythmic process,0.0001640823693494134,biological_process
cellular response to low-density lipoprotein particle stimulus,0.0001640823693494134,biological_process
ZBTB9,0.0001640823693494134,gene/protein
MVP,0.0001640823693494134,gene/protein
negative regulation of vascular endothelial growth factor receptor signaling pathway,0.0001640823693494134,biological_process
anterograde axonal transport,0.0001640823693494134,biological_process
negative regulation of BMP signaling pathway,0.0001640823693494134,biological_process
DYRK1B,0.0001640823693494134,gene/protein
BPIFA1,0.0001640823693494134,gene/protein
UFSP1,0.0001640823693494134,gene/protein
glucose import,0.0001640823693494134,biological_process
keratinocyte differentiation,0.0001640823693494134,biological_process
positive regulation of transcription initiation from RNA polymerase II promoter,0.0001640823693494134,biological_process
ASCC1,0.0001640823693494134,gene/protein
negative regulation of cholesterol storage,0.0001640823693494134,biological_process
positive regulation of cAMP-dependent protein kinase activity,0.0001640823693494134,biological_process
macrophage differentiation,0.0001640823693494134,biological_process
DTX2,0.0001640823693494134,gene/protein
TAFA3,0.0001640823693494134,gene/protein
response to selenium ion,0.0001640823693494134,biological_process
SAE1,0.0001640823693494134,gene/protein
regulation of cellular amino acid metabolic process,0.0001640823693494134,biological_process
POTEJ,0.0001640823693494134,gene/protein
regulation of multicellular organism growth,0.0001640823693494134,biological_process
ovulation from ovarian follicle,0.0001640823693494134,biological_process
ZNF707,0.0001640823693494134,gene/protein
HEY2,0.0001640823693494134,gene/protein
positive regulation of low-density lipoprotein receptor activity,0.0001640823693494134,biological_process
anatomical structure morphogenesis,0.0001640823693494134,biological_process
CDH5,0.0001640823693494134,gene/protein
CAMK2G,0.0001640823693494134,gene/protein
CCN2,0.0001640823693494134,gene/protein
ACTL8,0.0001640823693494134,gene/protein
ATP2B2,0.0001640823693494134,gene/protein
DHX9,0.0001640823693494134,gene/protein
EDN3,0.0001640823693494134,gene/protein
Increased risk of pathogen mutation,0.0001640823693494134,effect/phenotype
positive regulation of neuron differentiation,0.0001640823693494134,biological_process
MARF1,0.0001640823693494134,gene/protein
protein homotetramerization,0.0001640823693494134,biological_process
ASAH1,0.0001640823693494134,gene/protein
xenobiotic transport,0.0001640823693494134,biological_process
ACTL10,0.0001640823693494134,gene/protein
Shuffling gait,0.0001640823693494134,effect/phenotype
BANF1,0.0001640823693494134,gene/protein
regulation of mRNA stability,0.0001640823693494134,biological_process
PSORS1C2,0.0001640823693494134,gene/protein
exocytosis,0.0001640823693494134,biological_process
SNAPIN,0.0001640823693494134,gene/protein
STX5,0.0001640823693494134,gene/protein
MYBBP1A,0.0001640823693494134,gene/protein
regulation of cytokine production,0.0001640823693494134,biological_process
CCNH,0.0001640823693494134,gene/protein
APLP2,0.0001640823693494134,gene/protein
EIF4E,0.0001640823693494134,gene/protein
ABCA1,0.0001640823693494134,gene/protein
APOBEC3C,0.0001640823693494134,gene/protein
RFFL,0.0001640823693494134,gene/protein
positive regulation of bone mineralization,0.0001640823693494134,biological_process
positive regulation of cell differentiation,0.0001640823693494134,biological_process
SMPDL3A,0.0001640823693494134,gene/protein
positive regulation of protein localization to nucleus,0.0001640823693494134,biological_process
negative regulation of myoblast differentiation,0.0001640823693494134,biological_process
BMP signaling pathway,0.0001640823693494134,biological_process
GREB1,0.0001640823693494134,gene/protein
HECTD3,0.0001640823693494134,gene/protein
protein homotrimerization,0.0001640823693494134,biological_process
negative regulation of neuron differentiation,0.0001640823693494134,biological_process
RXRG,0.0001640823693494134,gene/protein
CARM1,0.0001640823693494134,gene/protein
CD3E,0.0001640823693494134,gene/protein
RUNX2,0.0001640823693494134,gene/protein
IL4R,0.0001640823693494134,gene/protein
AP3S1,0.0001640823693494134,gene/protein
BIN1,0.0001640823693494134,gene/protein
CD28,0.0001640823693494134,gene/protein
CFL1,0.0001640823693494134,gene/protein
AP2A2,0.0001640823693494134,gene/protein
STK3,0.0001640823693494134,gene/protein
CTBP1,0.0001640823693494134,gene/protein
SELE,0.0001640823693494134,gene/protein
connective tissue replacement involved in inflammatory response wound healing,0.0001640823693494134,biological_process
TAF9,0.0001640823693494134,gene/protein
ADA,0.0001640823693494134,gene/protein
positive regulation of vascular endothelial growth factor production,0.0001640823693494134,biological_process
RNF41,0.0001640823693494134,gene/protein
anterior/posterior pattern specification,0.0001640823693494134,biological_process
EFNA1,0.0001640823693494134,gene/protein
positive regulation of IRE1-mediated unfolded protein response,0.0001640823693494134,biological_process
SLC39A12,0.0001640823693494134,gene/protein
SSB,0.0001640823693494134,gene/protein
Spastic gait,0.0001640823693494134,effect/phenotype
H2AC4,0.0001640823693494134,gene/protein
neural tube development,0.0001640823693494134,biological_process
GIT2,0.0001640823693494134,gene/protein
BCAR1,0.0001640823693494134,gene/protein
VPS45,0.0001640823693494134,gene/protein
negative regulation of MAP kinase activity,0.0001640823693494134,biological_process
IRE1-mediated unfolded protein response,0.0001640823693494134,biological_process
glycogen metabolic process,0.0001640823693494134,biological_process
IFIH1,0.0001640823693494134,gene/protein
CEP350,0.0001640823693494134,gene/protein
cell cycle,0.0001640823693494134,biological_process
negative regulation of gene silencing by miRNA,0.0001640823693494134,biological_process
LTN1,0.0001640823693494134,gene/protein
ADGRG5,0.0001640823693494134,gene/protein
PHF21A,0.0001640823693494134,gene/protein
SGTB,0.0001640823693494134,gene/protein
positive regulation of MAPKKK cascade by fibroblast growth factor receptor signaling pathway,0.0001640823693494134,biological_process
fibroblast growth factor receptor signaling pathway,0.0001640823693494134,biological_process
Assembly of active LPL and LIPC lipase complexes,0.0001640823693494134,pathway
CASC3,0.0001640823693494134,gene/protein
THRSP,0.0001640823693494134,gene/protein
GOSR1,0.0001640823693494134,gene/protein
PCGF5,0.0001640823693494134,gene/protein
DNAJC12,0.0001640823693494134,gene/protein
SLC4A1,0.0001640823693494134,gene/protein
PHLPP2,0.0001640823693494134,gene/protein
positive regulation of synaptic transmission,0.0001640823693494134,biological_process
response to mechanical stimulus,0.0001640823693494134,biological_process
potassium ion transport,0.0001640823693494134,biological_process
GATA5,0.0001640823693494134,gene/protein
TCP11L1,0.0001640823693494134,gene/protein
DGCR6L,0.0001640823693494134,gene/protein
ubiquitin-dependent protein catabolic process,0.0001640823693494134,biological_process
leukocyte tethering or rolling,0.0001640823693494134,biological_process
SIVA1,0.0001640823693494134,gene/protein
ZNF219,0.0001640823693494134,gene/protein
cellular respiration,0.0001640823693494134,biological_process
AVEN,0.0001640823693494134,gene/protein
germ cell development,0.0001640823693494134,biological_process
NTHL1,0.0001640823693494134,gene/protein
RAP1GAP,0.0001640823693494134,gene/protein
negative regulation of protein autophosphorylation,0.0001640823693494134,biological_process
G beta:gamma signalling through PI3Kgamma,0.0001640823693494134,pathway
TLCD1,0.0001640823693494134,gene/protein
MALT1,0.0001640823693494134,gene/protein
COPB2,0.0001640823693494134,gene/protein
BNIP3,0.0001640823693494134,gene/protein
Methylation,0.0001640823693494134,pathway
cellular response to gamma radiation,0.0001640823693494134,biological_process
cellular response to alkaloid,0.0001640823693494134,biological_process
PXN,0.0001640823693494134,gene/protein
STK17B,0.0001640823693494134,gene/protein
CTDSP1,0.0001640823693494134,gene/protein
CXCR4,0.0001640823693494134,gene/protein
Ophthalmoplegia,0.0001640823693494134,effect/phenotype
Sensorimotor neuropathy,0.0001640823693494134,effect/phenotype
TNFRSF14,0.0001640823693494134,gene/protein
Progressive gait ataxia,0.0001640823693494134,effect/phenotype
Cognitive impairment,0.0001640823693494134,effect/phenotype
prostaglandin metabolic process,0.0001640823693494134,biological_process
AP5M1,0.0001640823693494134,gene/protein
STK40,0.0001640823693494134,gene/protein
WDFY2,0.0001640823693494134,gene/protein
TOP3B,0.0001640823693494134,gene/protein
DBNL,0.0001640823693494134,gene/protein
TIFA,0.0001640823693494134,gene/protein
DUSP16,0.0001640823693494134,gene/protein
RPS6KA1,0.0001640823693494134,gene/protein
TBL2,0.0001640823693494134,gene/protein
INTS12,0.0001640823693494134,gene/protein
PLD3,0.0001640823693494134,gene/protein
AIP,0.0001640823693494134,gene/protein
TPT1,0.0001640823693494134,gene/protein
LRIG1,0.0001640823693494134,gene/protein
CBLC,0.0001640823693494134,gene/protein
xenobiotic metabolic process,0.0001640823693494134,biological_process
negative regulation of protein localization to plasma membrane,0.0001640823693494134,biological_process
negative regulation of execution phase of apoptosis,0.0001640823693494134,biological_process
TNFR1-induced NFkappaB signaling pathway,0.0001640823693494134,pathway
positive regulation of ceramide biosynthetic process,0.0001640823693494134,biological_process
regulation of establishment of endothelial barrier,0.0001640823693494134,biological_process
TNFR1-mediated ceramide production,0.0001640823693494134,pathway
TMCO3,0.0001640823693494134,gene/protein
positive regulation of renal sodium excretion,0.0001640823693494134,biological_process
Late onset,0.0001640823693494134,effect/phenotype
Decreased proportion of CD4-positive helper T cells,0.0001640823693494134,immune_effect/phenotype
SPRY2,0.0001640823693494134,gene/protein
regulation of mitochondrial membrane permeability,0.0001640823693494134,biological_process
PGRMC1,0.0001640823693494134,gene/protein
cellular response to amino acid stimulus,0.0001640823693494134,biological_process
estrogen metabolic process,0.0001640823693494134,biological_process
response to immobilization stress,0.0001640823693494134,biological_process
NEK7,0.0001640823693494134,gene/protein
VANGL1,0.0001640823693494134,gene/protein
TNF signaling,0.0001640823693494134,pathway
ECPAS,0.0001640823693494134,gene/protein
positive regulation of mucus secretion,0.0001640823693494134,biological_process
C10orf67,0.0001640823693494134,gene/protein
TRNE,0.0001640823693494134,gene/protein
DNM1L,0.0001640823693494134,gene/protein
ATXN3,0.0001640823693494134,gene/protein
The NLRP1 inflammasome,0.0001640823693494134,pathway
PDIA4,0.0001640823693494134,gene/protein
XBP1,0.0001640823693494134,gene/protein
XPO7,0.0001640823693494134,gene/protein
positive regulation of JNK cascade,0.0001640823693494134,biological_process
SPAG9,0.0001640823693494134,gene/protein
SDF2L1,0.0001640823693494134,gene/protein
PIM2,0.0001640823693494134,gene/protein
AZI2,0.0001640823693494134,gene/protein
Dectin-1 mediated noncanonical NF-kB signaling,0.0001640823693494134,pathway
AKT1S1,0.0001640823693494134,gene/protein
Gastrointestinal inflammation,0.0001640823693494134,immune_effect/phenotype
Hypoplastic toenails,0.0001640823693494134,effect/phenotype
RSPH14,0.0001640823693494134,gene/protein
Prolonged QT interval,0.0001640823693494134,effect/phenotype
Cholestatic liver disease,0.0001640823693494134,effect/phenotype
Aplasia/Hypoplasia of the mandible,0.0001640823693494134,effect/phenotype
External ear malformation,0.0001640823693494134,effect/phenotype
Numerous congenital melanocytic nevi,0.0001640823693494134,effect/phenotype
Reduced bone mineral density,0.0001640823693494134,effect/phenotype
Nevus,0.0001640823693494134,effect/phenotype
Madelung deformity,0.0001640823693494134,effect/phenotype
Inverted nipples,0.0001640823693494134,effect/phenotype
SDCBP,0.0001640823693494134,gene/protein
AGAP2,0.0001640823693494134,gene/protein
RAB36,0.0001640823693494134,gene/protein
DMXL2,0.0001640823693494134,gene/protein
H4C2,0.0001640823693494134,gene/protein
RARG,0.0001640823693494134,gene/protein
AKTIP,0.0001640823693494134,gene/protein
IL21R,0.0001640823693494134,gene/protein
DNAJC5,0.0001640823693494134,gene/protein
DCAF16,0.0001640823693494134,gene/protein
Sensory neuropathy,0.0001640823693494134,effect/phenotype
Elevated serum creatine kinase,0.0001640823693494134,effect/phenotype
MAP2K5,0.0001640823693494134,gene/protein
SLC25A1,0.0001640823693494134,gene/protein
CCNL1,0.0001640823693494134,gene/protein
TTC3,0.0001640823693494134,gene/protein
ACAP1,0.0001640823693494134,gene/protein
SNX6,0.0001640823693494134,gene/protein
WNK1,0.0001640823693494134,gene/protein
AKAP13,0.0001640823693494134,gene/protein
MAP3K1,0.0001640823693494134,gene/protein
Enlargement of the distal femoral epiphysis,0.0001640823693494134,effect/phenotype
Aplasia/Hypoplasia of the nipples,0.0001640823693494134,effect/phenotype
Cystic hygroma,0.0001640823693494134,effect/phenotype
Short 4th metacarpal,0.0001640823693494134,effect/phenotype
Neck pterygia,0.0001640823693494134,effect/phenotype
Splayed toes,0.0001640823693494134,effect/phenotype
Thickened nuchal skin fold,0.0001640823693494134,effect/phenotype
Impaired use of nonverbal behaviors,0.0001640823693494134,effect/phenotype
Arterial dissection,0.0001640823693494134,effect/phenotype
Hypoplastic left heart,0.0001640823693494134,effect/phenotype
UBE2F,0.0001640823693494134,gene/protein
MTMR4,0.0001640823693494134,gene/protein
WDR26,0.0001640823693494134,gene/protein
C1orf52,0.0001640823693494134,gene/protein
Short 5th metacarpal,0.0001640823693494134,effect/phenotype
Impaired vibratory sensation,0.0001640823693494134,effect/phenotype
Dermatoglyphic ridges abnormal,0.0001640823693494134,effect/phenotype
UBE2L3,0.0001640823693494134,gene/protein
Aortic dissection,0.0001640823693494134,effect/phenotype
Hypermobility of toe joints,0.0001640823693494134,effect/phenotype
Shield chest,0.0001640823693494134,effect/phenotype
Secondary amenorrhea,0.0001640823693494134,effect/phenotype
SKAP1,0.0001640823693494134,gene/protein
pituitary gland development,0.0001640823693494134,biological_process
USP8,0.0001640823693494134,gene/protein
AMBRA1,0.0001640823693494134,gene/protein
Horseshoe kidney,0.0001640823693494134,effect/phenotype
Irregular proximal tibial epiphyses,0.0001640823693494134,effect/phenotype
Hyperconvex fingernails,0.0001640823693494134,effect/phenotype
Gastrointestinal angiodysplasia,0.0001640823693494134,effect/phenotype
Gonadoblastoma,0.0001640823693494134,effect/phenotype
Hand tremor,0.0001640823693494134,effect/phenotype
Hypertrophic cardiomyopathy,0.0001640823693494134,effect/phenotype
NSMAF,0.0001640823693494134,gene/protein
SOCS4,0.0001640823693494134,gene/protein
ZAP70,0.0001640823693494134,gene/protein
HRK,0.0001640823693494134,gene/protein
response to ozone,0.0001640823693494134,biological_process
NLRP1,0.0001640823693494134,gene/protein
positive regulation of Notch signaling pathway,0.0001640823693494134,biological_process
negative regulation of proteolysis,0.0001640823693494134,biological_process
positive regulation of axon regeneration,0.0001640823693494134,biological_process
Recurrent bronchitis,0.0001640823693494134,effect/phenotype
positive regulation of Schwann cell migration,0.0001640823693494134,biological_process
negative regulation of low-density lipoprotein particle clearance,0.0001640823693494134,biological_process
HEXIM1,0.0001640823693494134,gene/protein
positive regulation of epithelial cell migration,0.0001640823693494134,biological_process
platelet-derived growth factor receptor signaling pathway,0.0001640823693494134,biological_process
negative regulation of NIK/NF-kappaB signaling,0.0001640823693494134,biological_process
positive regulation of vascular associated smooth muscle cell dedifferentiation,0.0001640823693494134,biological_process
positive regulation of apoptotic process involved in morphogenesis,0.0001640823693494134,biological_process
negative regulation of vascular associated smooth muscle cell differentiation,0.0001640823693494134,biological_process
CLASP1,0.0001640823693494134,gene/protein
CD2BP2,0.0001640823693494134,gene/protein
UGT1A9,0.0001640823693494134,gene/protein
CIDEB,0.0001640823693494134,gene/protein
Vasopressin regulates renal water homeostasis via Aquaporins,0.0001640823693494134,pathway
GNG2,0.0001640823693494134,gene/protein
pulmonary valve development,0.0001640823693494134,biological_process
Bradycardia,0.0001640823693494134,effect/phenotype
cellular response to interferon-gamma,0.0001640823693494134,biological_process
Vertigo,0.0001640823693494134,effect/phenotype
Arrhythmia,0.0001640823693494134,effect/phenotype
GIMAP5,0.0001640823693494134,gene/protein
BAIAP2,0.0001640823693494134,gene/protein
positive regulation of JUN kinase activity,0.0001640823693494134,biological_process
ANTXR1,0.0001640823693494134,gene/protein
response to testosterone,0.0001640823693494134,biological_process
Peripheral axonal neuropathy,0.0001640823693494134,effect/phenotype
regulation of vasoconstriction,0.0001640823693494134,biological_process
negative regulation of cardiac muscle hypertrophy,0.0001640823693494134,biological_process
vein smooth muscle contraction,0.0001640823693494134,biological_process
protein kinase C-activating G protein-coupled receptor signaling pathway,0.0001640823693494134,biological_process
SLCO2B1,0.0001640823693494134,gene/protein
SLC22A7,0.0001640823693494134,gene/protein
VEGFA,0.0001640823693494134,gene/protein
MAPK13,0.0001640823693494134,gene/protein
PINK1,0.0001640823693494134,gene/protein
SNX9,0.0001640823693494134,gene/protein
epithelial fluid transport,0.0001640823693494134,biological_process
cellular response to calcium ion,0.0001640823693494134,biological_process
negative regulation of hormone secretion,0.0001640823693494134,biological_process
BNIPL,0.0001640823693494134,gene/protein
BNIP1,0.0001640823693494134,gene/protein
BCL2L12,0.0001640823693494134,gene/protein
cell population proliferation,0.0001640823693494134,biological_process
STRN4,0.0001640823693494134,gene/protein
UBR1,0.0001640823693494134,gene/protein
DOK2,0.0001640823693494134,gene/protein
MOB4,0.0001640823693494134,gene/protein
calcium ion homeostasis,0.0001640823693494134,biological_process
MAPK15,0.0001640823693494134,gene/protein
TUBA1A,0.0001640823693494134,gene/protein
cellular response to epidermal growth factor stimulus,0.0001640823693494134,biological_process
ABCB5,0.0001640823693494134,gene/protein
Recurrent streptococcal infections,0.0001640823693494134,effect/phenotype
aortic valve development,0.0001640823693494134,biological_process
RABGEF1,0.0001640823693494134,gene/protein
DNAJA3,0.0001640823693494134,gene/protein
phagocytosis,0.0001640823693494134,biological_process
IPO11,0.0001640823693494134,gene/protein
LONP1,0.0001640823693494134,gene/protein
cellular response to glucocorticoid stimulus,0.0001640823693494134,biological_process
positive regulation of membrane protein ectodomain proteolysis,0.0001640823693494134,biological_process
STRIP1,0.0001640823693494134,gene/protein
FGFR1OP2,0.0001640823693494134,gene/protein
VAC14,0.0001640823693494134,gene/protein
EPS15,0.0001640823693494134,gene/protein
TOPORS,0.0001640823693494134,gene/protein
NR2E3,0.0001640823693494134,gene/protein
IFT140,0.0001640823693494134,gene/protein
PDAP1,0.0001640823693494134,gene/protein
CERKL,0.0001640823693494134,gene/protein
PNPLA6,0.0001640823693494134,gene/protein
IDH3B,0.0001640823693494134,gene/protein
negative regulation of cell adhesion molecule production,0.0001640823693494134,biological_process
EIF2AK3,0.0001640823693494134,gene/protein
CASP6,0.0001640823693494134,gene/protein
GRM1,0.0001640823693494134,gene/protein
VWA3B,0.0001640823693494134,gene/protein
WWOX,0.0001640823693494134,gene/protein
PMPCA,0.0001640823693494134,gene/protein
KIAA1549,0.0001640823693494134,gene/protein
PRPF6,0.0001640823693494134,gene/protein
SNX14,0.0001640823693494134,gene/protein
Increased waist to hip ratio,0.0001640823693494134,effect/phenotype
ANKRD13A,0.0001640823693494134,gene/protein
GNA11,0.0001640823693494134,gene/protein
NRP1,0.0001640823693494134,gene/protein
NR4A3,0.0001640823693494134,gene/protein
electron transport chain,0.0001640823693494134,biological_process
positive regulation of urine volume,0.0001640823693494134,biological_process
SLA,0.0001640823693494134,gene/protein
SNRNP200,0.0001640823693494134,gene/protein
methylation,0.0001640823693494134,biological_process
CARD9,0.0001640823693494134,gene/protein
FGFR4,0.0001640823693494134,gene/protein
PTGDS,0.0001640823693494134,gene/protein
NFAT5,0.0001640823693494134,gene/protein
negative regulation of cysteine-type endopeptidase activity involved in apoptotic process,0.0001640823693494134,biological_process
Cardiorespiratory arrest,0.0001640823693494134,effect/phenotype
UBL4A,0.0001640823693494134,gene/protein
oxidative demethylation,0.0001640823693494134,biological_process
OTUD7B,0.0001640823693494134,gene/protein
regulation of pH,0.0001640823693494134,biological_process
JAGN1,0.0001640823693494134,gene/protein
TSSK3,0.0001640823693494134,gene/protein
IST1,0.0001640823693494134,gene/protein
SPATA2,0.0001640823693494134,gene/protein
CCDC107,0.0001640823693494134,gene/protein
positive regulation of vascular endothelial cell proliferation,0.0001640823693494134,biological_process
TJP1,0.0001640823693494134,gene/protein
CNNM3,0.0001640823693494134,gene/protein
MFSD5,0.0001640823693494134,gene/protein
artery smooth muscle contraction,0.0001640823693494134,biological_process
Mitochondrial inheritance,0.0001640823693494134,effect/phenotype
positive regulation of osteoblast differentiation,0.0001640823693494134,biological_process
cellular response to vascular endothelial growth factor stimulus,0.0001640823693494134,biological_process
negative regulation of low-density lipoprotein receptor activity,0.0001640823693494134,biological_process
negative regulation of heterotypic cell-cell adhesion,0.0001640823693494134,biological_process
RMRP,0.0001640823693494134,gene/protein
C1orf112,0.0001640823693494134,gene/protein
PDXDC1,0.0001640823693494134,gene/protein
BTNL9,0.0001640823693494134,gene/protein
OTULIN,0.0001640823693494134,gene/protein
GPR50,0.0001640823693494134,gene/protein
regulation of sensory perception of pain,0.0001640823693494134,biological_process
positive regulation of sarcomere organization,0.0001640823693494134,biological_process
AHI1,0.0001640823693494134,gene/protein
LMBR1,0.0001640823693494134,gene/protein
activation of phospholipase C activity,0.0001640823693494134,biological_process
enteric nervous system development,0.0001640823693494134,biological_process
SLA2,0.0001640823693494134,gene/protein
SH2D3C,0.0001640823693494134,gene/protein
TIMM50,0.0001640823693494134,gene/protein
SEC61A1,0.0001640823693494134,gene/protein
TPI1,0.0001640823693494134,gene/protein
EXOC2,0.0001640823693494134,gene/protein
TYW1B,0.0001640823693494134,gene/protein
Recurrent staphylococcal infections,0.0001640823693494134,effect/phenotype
negative regulation of smooth muscle cell migration,8.20411846747067e-05,biological_process
response to electrical stimulus involved in regulation of muscle adaptation,8.20411846747067e-05,biological_process
cellular response to fructose stimulus,8.20411846747067e-05,biological_process
positive regulation of histone acetylation,8.20411846747067e-05,biological_process
response to epinephrine,8.20411846747067e-05,biological_process
cellular response to caffeine,8.20411846747067e-05,biological_process
skeletal muscle atrophy,8.20411846747067e-05,biological_process
regulation of NMDA receptor activity,8.20411846747067e-05,biological_process
WNT3A,8.20411846747067e-05,gene/protein
ATPAF1,8.20411846747067e-05,gene/protein
BCL11B,8.20411846747067e-05,gene/protein
MIR34A,8.20411846747067e-05,gene/protein
negative regulation of mitochondrial fission,8.20411846747067e-05,biological_process
Color vision defect,8.20411846747067e-05,effect/phenotype
Thickened helices,8.20411846747067e-05,effect/phenotype
BBS10,8.20411846747067e-05,gene/protein
PHF6,8.20411846747067e-05,gene/protein
KIF22,8.20411846747067e-05,gene/protein
KCTD15,8.20411846747067e-05,gene/protein
MTA2,8.20411846747067e-05,gene/protein
CD3D,8.20411846747067e-05,gene/protein
IL17RA,8.20411846747067e-05,gene/protein
ATP1A3,8.20411846747067e-05,gene/protein
GNPDA2,8.20411846747067e-05,gene/protein
BBS5,8.20411846747067e-05,gene/protein
INPP5E,8.20411846747067e-05,gene/protein
MAN2C1,8.20411846747067e-05,gene/protein
MAN2B1,8.20411846747067e-05,gene/protein
TCIM,8.20411846747067e-05,gene/protein
Abnormal cardiovascular system physiology,8.20411846747067e-05,effect/phenotype
Loss of subcutaneous adipose tissue from upper limbs,8.20411846747067e-05,effect/phenotype
Loss of truncal subcutaneous adipose tissue,8.20411846747067e-05,effect/phenotype
Calf muscle pseudohypertrophy,8.20411846747067e-05,effect/phenotype
Type IV atherosclerotic lesion,8.20411846747067e-05,effect/phenotype
Feeding difficulties in infancy,8.20411846747067e-05,effect/phenotype
TWF1,8.20411846747067e-05,gene/protein
TTC28,8.20411846747067e-05,gene/protein
heme metabolic process,8.20411846747067e-05,biological_process
heme transport,8.20411846747067e-05,biological_process
Gray matter heterotopia,8.20411846747067e-05,effect/phenotype
Calcitonin-like ligand receptors,8.20411846747067e-05,pathway
negative regulation of amyloid fibril formation,8.20411846747067e-05,biological_process
positive regulation of immunoglobulin production,8.20411846747067e-05,biological_process
GALNT12,8.20411846747067e-05,gene/protein
negative regulation of protein-containing complex assembly,8.20411846747067e-05,biological_process
T cell differentiation in thymus,8.20411846747067e-05,biological_process
Estrogen-dependent gene expression,8.20411846747067e-05,pathway
Short femur,8.20411846747067e-05,effect/phenotype
Sparse eyelashes,8.20411846747067e-05,effect/phenotype
Short humerus,8.20411846747067e-05,effect/phenotype
amylin receptor signaling pathway,8.20411846747067e-05,biological_process
negative regulation of mitochondrion organization,8.20411846747067e-05,biological_process
Defective GCK causes maturity-onset diabetes of the young 2 (MODY2),8.20411846747067e-05,pathway
SPDYE4,8.20411846747067e-05,gene/protein
NUDT13,8.20411846747067e-05,gene/protein
HEATR6,8.20411846747067e-05,gene/protein
CLIC4,8.20411846747067e-05,gene/protein
Flat sella turcica,8.20411846747067e-05,effect/phenotype
Lipoatrophy,8.20411846747067e-05,effect/phenotype
Oral ulcer,8.20411846747067e-05,effect/phenotype
Hypoplasia of the frontal lobes,8.20411846747067e-05,effect/phenotype
Pachygyria,8.20411846747067e-05,effect/phenotype
Cleft vertebral arch,8.20411846747067e-05,effect/phenotype
Hypoplastic pubic bone,8.20411846747067e-05,effect/phenotype
Talipes,8.20411846747067e-05,effect/phenotype
Microscopic hematuria,8.20411846747067e-05,effect/phenotype
Decreased response to growth hormone stimuation test,8.20411846747067e-05,effect/phenotype
Few cafe-au-lait spots,8.20411846747067e-05,effect/phenotype
Angina pectoris,8.20411846747067e-05,effect/phenotype
Abnormality of complement system,8.20411846747067e-05,immune_effect/phenotype
Sparse scalp hair,8.20411846747067e-05,effect/phenotype
Hip dislocation,8.20411846747067e-05,effect/phenotype
calcium ion import,8.20411846747067e-05,biological_process
NADP metabolic process,8.20411846747067e-05,biological_process
Absent knee epiphyses,8.20411846747067e-05,effect/phenotype
Prominent occiput,8.20411846747067e-05,effect/phenotype
GNS,8.20411846747067e-05,gene/protein
Laryngomalacia,8.20411846747067e-05,effect/phenotype
Large beaked nose,8.20411846747067e-05,effect/phenotype
Ulnar deviation of finger,8.20411846747067e-05,effect/phenotype
Chronic hepatitis,8.20411846747067e-05,effect/phenotype
Hyperthyroidism,8.20411846747067e-05,effect/phenotype
Keratoconjunctivitis,8.20411846747067e-05,effect/phenotype
Beta-cell dysfunction,8.20411846747067e-05,effect/phenotype
Internal hemorrhage,8.20411846747067e-05,effect/phenotype
Enlarged metaphyses,8.20411846747067e-05,effect/phenotype
Progressive loss of facial adipose tissue,8.20411846747067e-05,effect/phenotype
regulation of glycoprotein biosynthetic process,8.20411846747067e-05,biological_process
CTNS,8.20411846747067e-05,gene/protein
PLCH1,8.20411846747067e-05,gene/protein
PIM3,8.20411846747067e-05,gene/protein
"CD8-positive, alpha-beta T cell lineage commitment",8.20411846747067e-05,biological_process
metanephros development,8.20411846747067e-05,biological_process
Constitutional symptom,8.20411846747067e-05,effect/phenotype
Ascites,8.20411846747067e-05,effect/phenotype
Epigastric pain,8.20411846747067e-05,immune_effect/phenotype
Pedal edema,8.20411846747067e-05,effect/phenotype
Subacute progressive viral hepatitis,8.20411846747067e-05,effect/phenotype
Somatic mutation,8.20411846747067e-05,effect/phenotype
Tetany,8.20411846747067e-05,effect/phenotype
Abnormality of the respiratory system,8.20411846747067e-05,effect/phenotype
Tympanosclerosis,8.20411846747067e-05,effect/phenotype
Aplasia/Hypoplasia of the eyebrow,8.20411846747067e-05,effect/phenotype
Abnormal rapid eye movement sleep,8.20411846747067e-05,effect/phenotype
Hypnagogic hallucinations,8.20411846747067e-05,effect/phenotype
Hypnopompic hallucinations,8.20411846747067e-05,effect/phenotype
Minimal subcutaneous fat,8.20411846747067e-05,effect/phenotype
Arterial stenosis,8.20411846747067e-05,effect/phenotype
Reduced number of teeth,8.20411846747067e-05,effect/phenotype
pigment granule organization,8.20411846747067e-05,biological_process
Myelodysplasia,8.20411846747067e-05,effect/phenotype
Vascular dilatation,8.20411846747067e-05,effect/phenotype
Tracheal stenosis,8.20411846747067e-05,effect/phenotype
Abnormality of epiphysis morphology,8.20411846747067e-05,effect/phenotype
Abnormality of the metaphysis,8.20411846747067e-05,effect/phenotype
Thin long bone diaphyses,8.20411846747067e-05,effect/phenotype
Fine hair,8.20411846747067e-05,effect/phenotype
digestive tract morphogenesis,8.20411846747067e-05,biological_process
positive regulation of neuron maturation,8.20411846747067e-05,biological_process
regulation of cell-matrix adhesion,8.20411846747067e-05,biological_process
negative regulation of reactive oxygen species metabolic process,8.20411846747067e-05,biological_process
glomerulus development,8.20411846747067e-05,biological_process
negative regulation of calcium ion transport into cytosol,8.20411846747067e-05,biological_process
Band keratopathy,8.20411846747067e-05,effect/phenotype
Cholelithiasis,8.20411846747067e-05,effect/phenotype
Cutaneous photosensitivity,8.20411846747067e-05,effect/phenotype
Telangiectasia,8.20411846747067e-05,effect/phenotype
ZNF133,8.20411846747067e-05,gene/protein
HOXA7,8.20411846747067e-05,gene/protein
negative regulation of cellular pH reduction,8.20411846747067e-05,biological_process
Hepatocellular carcinoma,8.20411846747067e-05,effect/phenotype
Decreased circulating parathyroid hormone level,8.20411846747067e-05,effect/phenotype
Hypoparathyroidism,8.20411846747067e-05,effect/phenotype
Chronic oral candidiasis,8.20411846747067e-05,effect/phenotype
Asplenia,8.20411846747067e-05,effect/phenotype
Chronic atrophic gastritis,8.20411846747067e-05,effect/phenotype
NDUFAF1,8.20411846747067e-05,gene/protein
TUBB2B,8.20411846747067e-05,gene/protein
SMC2,8.20411846747067e-05,gene/protein
positive regulation of multicellular organism growth,8.20411846747067e-05,biological_process
negative regulation of ossification,8.20411846747067e-05,biological_process
Hypocholesterolemia,8.20411846747067e-05,effect/phenotype
Hepatic necrosis,8.20411846747067e-05,effect/phenotype
Hemobilia,8.20411846747067e-05,effect/phenotype
Old-aged sensorineural hearing impairment,8.20411846747067e-05,effect/phenotype
Gingivitis,8.20411846747067e-05,effect/phenotype
Gingival bleeding,8.20411846747067e-05,effect/phenotype
Reduced catalase level,8.20411846747067e-05,effect/phenotype
Poor appetite,8.20411846747067e-05,effect/phenotype
Abnormality of the liver,8.20411846747067e-05,effect/phenotype
Unicameral bone cyst,8.20411846747067e-05,effect/phenotype
Abnormality of the hepatic vasculature,8.20411846747067e-05,effect/phenotype
Decreased circulating aldosterone level,8.20411846747067e-05,effect/phenotype
Chronic active hepatitis,8.20411846747067e-05,effect/phenotype
Hyperkeratosis,8.20411846747067e-05,effect/phenotype
Limb undergrowth,8.20411846747067e-05,effect/phenotype
Abnormality of the skeletal system,8.20411846747067e-05,effect/phenotype
MCOLN1,8.20411846747067e-05,gene/protein
AMDHD2,8.20411846747067e-05,gene/protein
DNPH1,8.20411846747067e-05,gene/protein
MARCHF8,8.20411846747067e-05,gene/protein
RALGAPA1,8.20411846747067e-05,gene/protein
Erythema,8.20411846747067e-05,effect/phenotype
Delayed cranial suture closure,8.20411846747067e-05,effect/phenotype
Class II obesity,8.20411846747067e-05,effect/phenotype
Class III obesity,8.20411846747067e-05,effect/phenotype
Class I obesity,8.20411846747067e-05,effect/phenotype
Abnormal rectum morphology,8.20411846747067e-05,effect/phenotype
Astrocytoma,8.20411846747067e-05,effect/phenotype
Generalized hyperpigmentation,8.20411846747067e-05,immune_effect/phenotype
Metabolic alkalosis,8.20411846747067e-05,effect/phenotype
Hyponatremia,8.20411846747067e-05,effect/phenotype
Abnormality of the coagulation cascade,8.20411846747067e-05,effect/phenotype
Hypoplastic ilia,8.20411846747067e-05,effect/phenotype
Biliary tract abnormality,8.20411846747067e-05,effect/phenotype
Shoulder flexion contracture,8.20411846747067e-05,effect/phenotype
Ulnar bowing,8.20411846747067e-05,effect/phenotype
Hypoplastic iliac wing,8.20411846747067e-05,effect/phenotype
Mood changes,8.20411846747067e-05,effect/phenotype
Hypoglycemia,8.20411846747067e-05,effect/phenotype
Panniculitis,8.20411846747067e-05,effect/phenotype
Dyspnea,8.20411846747067e-05,effect/phenotype
Skeletal muscle hypertrophy,8.20411846747067e-05,effect/phenotype
Gangrene,8.20411846747067e-05,effect/phenotype
Premature loss of permanent teeth,8.20411846747067e-05,effect/phenotype
Neoplasm of the larynx,8.20411846747067e-05,effect/phenotype
Abdominal distention,8.20411846747067e-05,effect/phenotype
Lymphocytosis,8.20411846747067e-05,immune_effect/phenotype
Hepatic encephalopathy,8.20411846747067e-05,effect/phenotype
Aplasia/Hypoplasia of the earlobes,8.20411846747067e-05,effect/phenotype
Hypoplasia of the capital femoral epiphysis,8.20411846747067e-05,effect/phenotype
Bird-like facies,8.20411846747067e-05,effect/phenotype
Hematuria,8.20411846747067e-05,effect/phenotype
Menometrorrhagia,8.20411846747067e-05,effect/phenotype
Arthralgia,8.20411846747067e-05,effect/phenotype
positive regulation of release of cytochrome c from mitochondria,8.20411846747067e-05,biological_process
KLHL10,8.20411846747067e-05,gene/protein
TUBB8,8.20411846747067e-05,gene/protein
Wide nose,8.20411846747067e-05,effect/phenotype
High pitched voice,8.20411846747067e-05,effect/phenotype
Slender long bone,8.20411846747067e-05,effect/phenotype
Long clavicles,8.20411846747067e-05,effect/phenotype
Increased total iron binding capacity,8.20411846747067e-05,effect/phenotype
Short middle phalanx of finger,8.20411846747067e-05,effect/phenotype
Thin clavicles,8.20411846747067e-05,effect/phenotype
Giant cell hepatitis,8.20411846747067e-05,immune_effect/phenotype
Intrahepatic cholestasis,8.20411846747067e-05,effect/phenotype
Radial bowing,8.20411846747067e-05,effect/phenotype
Large sella turcica,8.20411846747067e-05,effect/phenotype
Cone-shaped epiphysis,8.20411846747067e-05,effect/phenotype
Vertical supranuclear gaze palsy,8.20411846747067e-05,effect/phenotype
Ivory epiphyses,8.20411846747067e-05,effect/phenotype
Dilatation of the cerebral artery,8.20411846747067e-05,effect/phenotype
Pseudoepiphyses of the metacarpals,8.20411846747067e-05,effect/phenotype
Straight clavicles,8.20411846747067e-05,effect/phenotype
Elbow dislocation,8.20411846747067e-05,effect/phenotype
Flared metaphysis,8.20411846747067e-05,effect/phenotype
Short 1st metacarpal,8.20411846747067e-05,effect/phenotype
Proximal femoral epiphysiolysis,8.20411846747067e-05,effect/phenotype
Narrow pelvis bone,8.20411846747067e-05,effect/phenotype
Encephalopathy,8.20411846747067e-05,effect/phenotype
Prolonged partial thromboplastin time,8.20411846747067e-05,effect/phenotype
Increased serum bile acid concentration,8.20411846747067e-05,effect/phenotype
Psoriasiform dermatitis,8.20411846747067e-05,effect/phenotype
Abnormality of bone marrow cell morphology,8.20411846747067e-05,effect/phenotype
RUNX3 regulates BCL2L11 (BIM) transcription,8.20411846747067e-05,pathway
NUCB1,8.20411846747067e-05,gene/protein
SNRPD3,8.20411846747067e-05,gene/protein
ATAD2,8.20411846747067e-05,gene/protein
protein insertion into mitochondrial membrane involved in apoptotic signaling pathway,8.20411846747067e-05,biological_process
RHPN2,8.20411846747067e-05,gene/protein
DYNLL2,8.20411846747067e-05,gene/protein
Hypoplasia of the femoral head,8.20411846747067e-05,effect/phenotype
Elevated erythrocyte sedimentation rate,8.20411846747067e-05,effect/phenotype
Night sweats,8.20411846747067e-05,effect/phenotype
Hypolipidemia,8.20411846747067e-05,effect/phenotype
Abnormal bleeding,8.20411846747067e-05,effect/phenotype
Aplasia/Hypoplasia of the thymus,8.20411846747067e-05,effect/phenotype
Elevated alkaline phosphatase,8.20411846747067e-05,effect/phenotype
Low levels of vitamin D,8.20411846747067e-05,effect/phenotype
Portal fibrosis,8.20411846747067e-05,effect/phenotype
Acholic stools,8.20411846747067e-05,effect/phenotype
Congenital hepatic fibrosis,8.20411846747067e-05,effect/phenotype
Gastrointestinal hemorrhage,8.20411846747067e-05,effect/phenotype
Tibial bowing,8.20411846747067e-05,effect/phenotype
Abnormality of female external genitalia,8.20411846747067e-05,effect/phenotype
Moyamoya phenomenon,8.20411846747067e-05,effect/phenotype
Hypoplastic scapulae,8.20411846747067e-05,effect/phenotype
Cholestasis,8.20411846747067e-05,effect/phenotype
Bilateral single transverse palmar creases,8.20411846747067e-05,effect/phenotype
Areas of hypopigmentation and hyperpigmentation that do not follow Blaschko lines,8.20411846747067e-05,immune_effect/phenotype
Micromelia,8.20411846747067e-05,effect/phenotype
Iris hypopigmentation,8.20411846747067e-05,immune_effect/phenotype
apoptotic process involved in embryonic digit morphogenesis,8.20411846747067e-05,biological_process
thymocyte apoptotic process,8.20411846747067e-05,biological_process
Dolichocephaly,8.20411846747067e-05,effect/phenotype
Spinocerebellar tract disease in lower limbs,8.20411846747067e-05,effect/phenotype
Mitral regurgitation,8.20411846747067e-05,effect/phenotype
Thickened ribs,8.20411846747067e-05,effect/phenotype
Spondyloepiphyseal dysplasia,8.20411846747067e-05,effect/phenotype
FOXO-mediated transcription of cell death genes,8.20411846747067e-05,pathway
ANKLE2,8.20411846747067e-05,gene/protein
positive regulation of apoptotic process by virus,8.20411846747067e-05,biological_process
cochlear nucleus development,8.20411846747067e-05,biological_process
organ growth,8.20411846747067e-05,biological_process
melanin metabolic process,8.20411846747067e-05,biological_process
B cell proliferation,8.20411846747067e-05,biological_process
Chronic hepatic failure,8.20411846747067e-05,effect/phenotype
Stillbirth,8.20411846747067e-05,effect/phenotype
response to toxic substance,8.20411846747067e-05,biological_process
TOMM20,8.20411846747067e-05,gene/protein
Short metacarpal,8.20411846747067e-05,effect/phenotype
Neonatal cholestatic liver disease,8.20411846747067e-05,effect/phenotype
11 pairs of ribs,8.20411846747067e-05,effect/phenotype
Small anterior fontanelle,8.20411846747067e-05,effect/phenotype
Agenesis of cerebellar vermis,8.20411846747067e-05,effect/phenotype
Bowed humerus,8.20411846747067e-05,effect/phenotype
Abnormality of coagulation,8.20411846747067e-05,effect/phenotype
Pruritus,8.20411846747067e-05,effect/phenotype
lymphoid progenitor cell differentiation,8.20411846747067e-05,biological_process
negative regulation of mitochondrial depolarization,8.20411846747067e-05,biological_process
branching involved in ureteric bud morphogenesis,8.20411846747067e-05,biological_process
negative regulation of anoikis,8.20411846747067e-05,biological_process
Abnormal bronchus physiology,8.20411846747067e-05,effect/phenotype
ADAM32,8.20411846747067e-05,gene/protein
ANAPC2,8.20411846747067e-05,gene/protein
SPATA25,8.20411846747067e-05,gene/protein
HEXA-AS1,8.20411846747067e-05,gene/protein
PKDCC,8.20411846747067e-05,gene/protein
C6orf47,8.20411846747067e-05,gene/protein
negative regulation of retinal cell programmed cell death,8.20411846747067e-05,biological_process
axon regeneration,8.20411846747067e-05,biological_process
negative regulation of G1/S transition of mitotic cell cycle,8.20411846747067e-05,biological_process
positive regulation of cell motility,8.20411846747067e-05,biological_process
positive regulation of vesicle fusion,8.20411846747067e-05,biological_process
cellular response to high light intensity,8.20411846747067e-05,biological_process
ABCG8,8.20411846747067e-05,gene/protein
TMX1,8.20411846747067e-05,gene/protein
TUBB2A,8.20411846747067e-05,gene/protein
SLC35A5,8.20411846747067e-05,gene/protein
GTF2H1,8.20411846747067e-05,gene/protein
ATXN1L,8.20411846747067e-05,gene/protein
GLYR1,8.20411846747067e-05,gene/protein
SUMF1,8.20411846747067e-05,gene/protein
WDR81,8.20411846747067e-05,gene/protein
MFSD1,8.20411846747067e-05,gene/protein
ATG12,8.20411846747067e-05,gene/protein
mesenchymal cell development,8.20411846747067e-05,biological_process
SMN2,8.20411846747067e-05,gene/protein
RPUSD4,8.20411846747067e-05,gene/protein
FBF1,8.20411846747067e-05,gene/protein
MAP1S,8.20411846747067e-05,gene/protein
AP5S1,8.20411846747067e-05,gene/protein
POLR3F,8.20411846747067e-05,gene/protein
CNOT11,8.20411846747067e-05,gene/protein
OSGEP,8.20411846747067e-05,gene/protein
COMMD9,8.20411846747067e-05,gene/protein
positive regulation of autophagy in response to ER overload,8.20411846747067e-05,biological_process
Decreased basophil count,8.20411846747067e-05,immune_effect/phenotype
EIF4B,8.20411846747067e-05,gene/protein
Activation of BIM and translocation to mitochondria ,8.20411846747067e-05,pathway
meiosis I,8.20411846747067e-05,biological_process
Gastroesophageal reflux,8.20411846747067e-05,effect/phenotype
Smooth philtrum,8.20411846747067e-05,effect/phenotype
Thoracolumbar kyphosis,8.20411846747067e-05,effect/phenotype
Narrow mouth,8.20411846747067e-05,effect/phenotype
Abnormal cardiac septum morphology,8.20411846747067e-05,effect/phenotype
Microretrognathia,8.20411846747067e-05,effect/phenotype
Tapered finger,8.20411846747067e-05,effect/phenotype
CEBPE,8.20411846747067e-05,gene/protein
NSMCE2,8.20411846747067e-05,gene/protein
PHF23,8.20411846747067e-05,gene/protein
AP5Z1,8.20411846747067e-05,gene/protein
TSSK4,8.20411846747067e-05,gene/protein
CIDECP1,8.20411846747067e-05,gene/protein
TIMM29,8.20411846747067e-05,gene/protein
TFPT,8.20411846747067e-05,gene/protein
SDR39U1,8.20411846747067e-05,gene/protein
adult locomotory behavior,8.20411846747067e-05,biological_process
mitotic cell cycle phase transition,8.20411846747067e-05,biological_process
regulation of cyclin-dependent protein serine/threonine kinase activity,8.20411846747067e-05,biological_process
cellular response to X-ray,8.20411846747067e-05,biological_process
TEAD2,8.20411846747067e-05,gene/protein
GPD1L,8.20411846747067e-05,gene/protein
APOA5,8.20411846747067e-05,gene/protein
FBXW4P1,8.20411846747067e-05,gene/protein
RRP1,8.20411846747067e-05,gene/protein
RETREG2,8.20411846747067e-05,gene/protein
positive regulation of fibroblast apoptotic process,8.20411846747067e-05,biological_process
POLR3D,8.20411846747067e-05,gene/protein
ZNF507,8.20411846747067e-05,gene/protein
FGFR3,8.20411846747067e-05,gene/protein
regulation of the force of heart contraction,8.20411846747067e-05,biological_process
regulation of cardiac muscle contraction by calcium ion signaling,8.20411846747067e-05,biological_process
Cyclin D associated events in G1,8.20411846747067e-05,pathway
DZANK1,8.20411846747067e-05,gene/protein
ABT1,8.20411846747067e-05,gene/protein
GALNS,8.20411846747067e-05,gene/protein
RBM42,8.20411846747067e-05,gene/protein
CNPPD1,8.20411846747067e-05,gene/protein
COMMD4,8.20411846747067e-05,gene/protein
ARMT1,8.20411846747067e-05,gene/protein
GABARAP,8.20411846747067e-05,gene/protein
COX4I1,8.20411846747067e-05,gene/protein
RNASEK,8.20411846747067e-05,gene/protein
METTL13,8.20411846747067e-05,gene/protein
Regulation of RUNX1 Expression and Activity,8.20411846747067e-05,pathway
XRCC3,8.20411846747067e-05,gene/protein
TMEM63B,8.20411846747067e-05,gene/protein
SLC35E1,8.20411846747067e-05,gene/protein
SLC4A4,8.20411846747067e-05,gene/protein
TPTE,8.20411846747067e-05,gene/protein
LRRC8B,8.20411846747067e-05,gene/protein
PPP3R1,8.20411846747067e-05,gene/protein
RABL3,8.20411846747067e-05,gene/protein
SUSD4,8.20411846747067e-05,gene/protein
FUT3,8.20411846747067e-05,gene/protein
PBX1,8.20411846747067e-05,gene/protein
TRIAP1,8.20411846747067e-05,gene/protein
SPATA5L1,8.20411846747067e-05,gene/protein
"Defective binding of RB1 mutants to E2F1,(E2F2, E2F3)",8.20411846747067e-05,pathway
TMEM33,8.20411846747067e-05,gene/protein
Protruding ear,8.20411846747067e-05,effect/phenotype
Recurrent fungal infections,8.20411846747067e-05,effect/phenotype
Increased circulating IgM level,8.20411846747067e-05,immune_effect/phenotype
Abnormal CD4:CD8 ratio,8.20411846747067e-05,immune_effect/phenotype
Anti-thyroglobulin antibody positivity,8.20411846747067e-05,immune_effect/phenotype
Anti-thyroid peroxidase antibody positivity,8.20411846747067e-05,immune_effect/phenotype
Crohn's disease,8.20411846747067e-05,effect/phenotype
Perinuclear antineutrophil antibody positivity,8.20411846747067e-05,immune_effect/phenotype
Pulmonary fibrosis,8.20411846747067e-05,effect/phenotype
Chronic diarrhea,8.20411846747067e-05,effect/phenotype
Frequent Giardia lamblia infestation,8.20411846747067e-05,effect/phenotype
Colon cancer,8.20411846747067e-05,effect/phenotype
T-tubule organization,8.20411846747067e-05,biological_process
KTN1,8.20411846747067e-05,gene/protein
C17orf75,8.20411846747067e-05,gene/protein
CNGA3,8.20411846747067e-05,gene/protein
BTNL3,8.20411846747067e-05,gene/protein
SLC1A5,8.20411846747067e-05,gene/protein
GLI2,8.20411846747067e-05,gene/protein
BECN2,8.20411846747067e-05,gene/protein
BNIP2,8.20411846747067e-05,gene/protein
regulation of calcium ion transport,8.20411846747067e-05,biological_process
PPP3CC,8.20411846747067e-05,gene/protein
NCOA5,8.20411846747067e-05,gene/protein
SPPL3,8.20411846747067e-05,gene/protein
SLC4A8,8.20411846747067e-05,gene/protein
CST7,8.20411846747067e-05,gene/protein
PCDHGB4,8.20411846747067e-05,gene/protein
KCNS3,8.20411846747067e-05,gene/protein
ATP5F1B,8.20411846747067e-05,gene/protein
PTDSS1,8.20411846747067e-05,gene/protein
Pulmonary infiltrates,8.20411846747067e-05,effect/phenotype
Increased proportion of transitional B cells,8.20411846747067e-05,immune_effect/phenotype
Rheumatoid factor positive,8.20411846747067e-05,immune_effect/phenotype
Increased circulating IgG level,8.20411846747067e-05,immune_effect/phenotype
NRAGE signals death through JNK,8.20411846747067e-05,pathway
regulation of developmental pigmentation,8.20411846747067e-05,biological_process
developmental pigmentation,8.20411846747067e-05,biological_process
tube formation,8.20411846747067e-05,biological_process
Moderate global developmental delay,8.20411846747067e-05,effect/phenotype
post-embryonic animal organ morphogenesis,8.20411846747067e-05,biological_process
Combined immunodeficiency,8.20411846747067e-05,immune_effect/phenotype
Recurrent fever,8.20411846747067e-05,effect/phenotype
Decreased proportion of CD3-positive T cells,8.20411846747067e-05,immune_effect/phenotype
Post-vaccination measles,8.20411846747067e-05,effect/phenotype
ROR1,8.20411846747067e-05,gene/protein
MCOLN3,8.20411846747067e-05,gene/protein
Soft skin,8.20411846747067e-05,effect/phenotype
Decreased lymphocyte proliferation in response to mitogen,8.20411846747067e-05,immune_effect/phenotype
Disseminated nontuberculous mycobacterial infection,8.20411846747067e-05,effect/phenotype
Hypodontia,8.20411846747067e-05,effect/phenotype
Myopathic facies,8.20411846747067e-05,effect/phenotype
BCGosis,8.20411846747067e-05,effect/phenotype
Persistent EBV viremia,8.20411846747067e-05,effect/phenotype
Decreased circulating IgE,8.20411846747067e-05,immune_effect/phenotype
Decreased proportion of class-switched memory B cells,8.20411846747067e-05,immune_effect/phenotype
EXOC3,8.20411846747067e-05,gene/protein
SGSM2,8.20411846747067e-05,gene/protein
PPP1CB,8.20411846747067e-05,gene/protein
SH3GL2,8.20411846747067e-05,gene/protein
DNAJA2,8.20411846747067e-05,gene/protein
Agammaglobulinemia,8.20411846747067e-05,immune_effect/phenotype
Follicular hyperplasia,8.20411846747067e-05,effect/phenotype
FRAT2,8.20411846747067e-05,gene/protein
SPCS2,8.20411846747067e-05,gene/protein
intracellular protein transmembrane transport,8.20411846747067e-05,biological_process
TREML2,8.20411846747067e-05,gene/protein
FNDC5,8.20411846747067e-05,gene/protein
ENTPD4,8.20411846747067e-05,gene/protein
PCDHB5,8.20411846747067e-05,gene/protein
PCDHA12,8.20411846747067e-05,gene/protein
TSPAN17,8.20411846747067e-05,gene/protein
HTR3E,8.20411846747067e-05,gene/protein
HNRNPA2B1,8.20411846747067e-05,gene/protein
SYT12,8.20411846747067e-05,gene/protein
peptidyl-threonine phosphorylation,8.20411846747067e-05,biological_process
SOS2,8.20411846747067e-05,gene/protein
MT-CO2,8.20411846747067e-05,gene/protein
Spastic paraplegia,8.20411846747067e-05,effect/phenotype
Gingival overgrowth,8.20411846747067e-05,effect/phenotype
Enlarged polycystic ovaries,8.20411846747067e-05,effect/phenotype
Maternal virilization in pregnancy,8.20411846747067e-05,effect/phenotype
Eunuchoid habitus,8.20411846747067e-05,effect/phenotype
Female pseudohermaphroditism,8.20411846747067e-05,effect/phenotype
Delayed epiphyseal ossification,8.20411846747067e-05,effect/phenotype
Communicating hydrocephalus,8.20411846747067e-05,effect/phenotype
Aortic regurgitation,8.20411846747067e-05,effect/phenotype
Loss of speech,8.20411846747067e-05,effect/phenotype
Arnold-Chiari malformation,8.20411846747067e-05,effect/phenotype
PASK,8.20411846747067e-05,gene/protein
animal organ senescence,8.20411846747067e-05,biological_process
response to iron(II) ion,8.20411846747067e-05,biological_process
KNG1,8.20411846747067e-05,gene/protein
LRRCC1,8.20411846747067e-05,gene/protein
TMED6,8.20411846747067e-05,gene/protein
CDK19,8.20411846747067e-05,gene/protein
NUDCD1,8.20411846747067e-05,gene/protein
Flat face,8.20411846747067e-05,effect/phenotype
Vacuolated lymphocytes,8.20411846747067e-05,immune_effect/phenotype
Long hallux,8.20411846747067e-05,effect/phenotype
Rod-cone dystrophy,8.20411846747067e-05,effect/phenotype
gland morphogenesis,8.20411846747067e-05,biological_process
positive regulation of melanocyte differentiation,8.20411846747067e-05,biological_process
RPS6KB1,8.20411846747067e-05,gene/protein
VAMP1,8.20411846747067e-05,gene/protein
NKG7,8.20411846747067e-05,gene/protein
EVA1C,8.20411846747067e-05,gene/protein
PIGO,8.20411846747067e-05,gene/protein
animal organ regeneration,8.20411846747067e-05,biological_process
RPL19,8.20411846747067e-05,gene/protein
Abnormal rib cage morphology,8.20411846747067e-05,effect/phenotype
Corneal opacity,8.20411846747067e-05,effect/phenotype
Drowsiness,8.20411846747067e-05,effect/phenotype
Hallucinations,8.20411846747067e-05,effect/phenotype
Narrow palate,8.20411846747067e-05,effect/phenotype
Hypoplastic inferior ilia,8.20411846747067e-05,effect/phenotype
Depressed nasal ridge,8.20411846747067e-05,effect/phenotype
TMEM50A,8.20411846747067e-05,gene/protein
TMEM52B,8.20411846747067e-05,gene/protein
PGAP2,8.20411846747067e-05,gene/protein
AKAP12,8.20411846747067e-05,gene/protein
PFKP,8.20411846747067e-05,gene/protein
choline catabolic process,8.20411846747067e-05,biological_process
stem cell differentiation,8.20411846747067e-05,biological_process
Abnormality of the sphenoid sinus,8.20411846747067e-05,effect/phenotype
DGCR2,8.20411846747067e-05,gene/protein
CDK20,8.20411846747067e-05,gene/protein
protein methylation,8.20411846747067e-05,biological_process
BET1,8.20411846747067e-05,gene/protein
SYT2,8.20411846747067e-05,gene/protein
BMP10,8.20411846747067e-05,gene/protein
PSCA,8.20411846747067e-05,gene/protein
ARL8B,8.20411846747067e-05,gene/protein
TMEM11,8.20411846747067e-05,gene/protein
CIB1,8.20411846747067e-05,gene/protein
TMEM86A,8.20411846747067e-05,gene/protein
BCAR3,8.20411846747067e-05,gene/protein
positive regulation of smooth muscle cell migration,8.20411846747067e-05,biological_process
negative regulation of osteoblast proliferation,8.20411846747067e-05,biological_process
regulation of viral genome replication,8.20411846747067e-05,biological_process
B cell lineage commitment,8.20411846747067e-05,biological_process
regulation of nitrogen utilization,8.20411846747067e-05,biological_process
oocyte development,8.20411846747067e-05,biological_process
Abnormality of the helix,8.20411846747067e-05,effect/phenotype
Generalized abnormality of skin,8.20411846747067e-05,effect/phenotype
Osteolysis,8.20411846747067e-05,effect/phenotype
Cranial hyperostosis,8.20411846747067e-05,effect/phenotype
Cortical thickening of long bone diaphyses,8.20411846747067e-05,effect/phenotype
Infantile axial hypotonia,8.20411846747067e-05,effect/phenotype
Bilateral coxa valga,8.20411846747067e-05,effect/phenotype
Subcortical cerebral atrophy,8.20411846747067e-05,effect/phenotype
Short attention span,8.20411846747067e-05,effect/phenotype
Mixed hearing impairment,8.20411846747067e-05,effect/phenotype
Increased vertebral height,8.20411846747067e-05,effect/phenotype
Dental malocclusion,8.20411846747067e-05,effect/phenotype
Progressive microcephaly,8.20411846747067e-05,effect/phenotype
regulation of homocysteine metabolic process,8.20411846747067e-05,biological_process
L-methionine salvage,8.20411846747067e-05,biological_process
digestive tract development,8.20411846747067e-05,biological_process
Defective T cell proliferation,8.20411846747067e-05,immune_effect/phenotype
Dysostosis multiplex,8.20411846747067e-05,effect/phenotype
Delusions,8.20411846747067e-05,effect/phenotype
PLPP4,8.20411846747067e-05,gene/protein
CLN6,8.20411846747067e-05,gene/protein
TRIM72,8.20411846747067e-05,gene/protein
LGALS9,8.20411846747067e-05,gene/protein
response to chlorate,8.20411846747067e-05,biological_process
response to vitamin,8.20411846747067e-05,biological_process
Craniofacial hyperostosis,8.20411846747067e-05,effect/phenotype
Highly arched eyebrow,8.20411846747067e-05,effect/phenotype
Facial shape deformation,8.20411846747067e-05,effect/phenotype
Asthenia,8.20411846747067e-05,effect/phenotype
Synostosis of joints,8.20411846747067e-05,effect/phenotype
Bowing of the long bones,8.20411846747067e-05,effect/phenotype
Avascular necrosis,8.20411846747067e-05,effect/phenotype
KBTBD7,8.20411846747067e-05,gene/protein
TOMM40,8.20411846747067e-05,gene/protein
TUBG1,8.20411846747067e-05,gene/protein
GABRG2,8.20411846747067e-05,gene/protein
carnitine shuttle,8.20411846747067e-05,biological_process
CUL7,8.20411846747067e-05,gene/protein
SMIM1,8.20411846747067e-05,gene/protein
FAM241B,8.20411846747067e-05,gene/protein
SLC13A3,8.20411846747067e-05,gene/protein
MIP,8.20411846747067e-05,gene/protein
KIR2DL3,8.20411846747067e-05,gene/protein
NRG4,8.20411846747067e-05,gene/protein
GALNT15,8.20411846747067e-05,gene/protein
AKT-mediated inactivation of FOXO1A,8.20411846747067e-05,pathway
response to UV,8.20411846747067e-05,biological_process
adenylate cyclase-inhibiting dopamine receptor signaling pathway,8.20411846747067e-05,biological_process
morphogenesis of embryonic epithelium,8.20411846747067e-05,biological_process
exocrine pancreas development,8.20411846747067e-05,biological_process
Activated NTRK3 signals through PI3K,8.20411846747067e-05,pathway
PCDHGA5,8.20411846747067e-05,gene/protein
VSIG1,8.20411846747067e-05,gene/protein
GABRA6,8.20411846747067e-05,gene/protein
ERLIN1,8.20411846747067e-05,gene/protein
SERPINB8,8.20411846747067e-05,gene/protein
MEX3D,8.20411846747067e-05,gene/protein
SDHA,8.20411846747067e-05,gene/protein
Carnitine metabolism,8.20411846747067e-05,pathway
Signaling by Retinoic Acid,8.20411846747067e-05,pathway
response to tetrachloromethane,8.20411846747067e-05,biological_process
amino-acid betaine metabolic process,8.20411846747067e-05,biological_process
amino-acid betaine catabolic process,8.20411846747067e-05,biological_process
Choline catabolism,8.20411846747067e-05,pathway
ciliary body morphogenesis,8.20411846747067e-05,biological_process
morphogenesis of an epithelial sheet,8.20411846747067e-05,biological_process
sequestering of zinc ion,8.20411846747067e-05,biological_process
RAB3A,8.20411846747067e-05,gene/protein
PHKB,8.20411846747067e-05,gene/protein
carnitine metabolic process,8.20411846747067e-05,biological_process
SLC35F6,8.20411846747067e-05,gene/protein
PMEL,8.20411846747067e-05,gene/protein
MDM4,8.20411846747067e-05,gene/protein
MYB,8.20411846747067e-05,gene/protein
SEPTIN4,8.20411846747067e-05,gene/protein
NAF1,8.20411846747067e-05,gene/protein
behavioral fear response,8.20411846747067e-05,biological_process
ITM2B,8.20411846747067e-05,gene/protein
renal system process,8.20411846747067e-05,biological_process
transdifferentiation,8.20411846747067e-05,biological_process
LEUTX,8.20411846747067e-05,gene/protein
Skeletal dysplasia,8.20411846747067e-05,effect/phenotype
WIPF1,8.20411846747067e-05,gene/protein
STEAP4,8.20411846747067e-05,gene/protein
TPM2,8.20411846747067e-05,gene/protein
ATP7A,8.20411846747067e-05,gene/protein
USP9Y,8.20411846747067e-05,gene/protein
regulation of insulin secretion involved in cellular response to glucose stimulus,8.20411846747067e-05,biological_process
neurotrophin TRK receptor signaling pathway,8.20411846747067e-05,biological_process
adenylate cyclase-activating dopamine receptor signaling pathway,8.20411846747067e-05,biological_process
G protein-coupled adenosine receptor signaling pathway,8.20411846747067e-05,biological_process
cellular response to forskolin,8.20411846747067e-05,biological_process
cAMP biosynthetic process,8.20411846747067e-05,biological_process
activation of protein kinase A activity,8.20411846747067e-05,biological_process
POLR1B,8.20411846747067e-05,gene/protein
SFT2D2,8.20411846747067e-05,gene/protein
MIR125B2,8.20411846747067e-05,gene/protein
MIR133B,8.20411846747067e-05,gene/protein
Notch signaling involved in heart development,8.20411846747067e-05,biological_process
glomerular visceral epithelial cell development,8.20411846747067e-05,biological_process
Disinhibition of SNARE formation,8.20411846747067e-05,pathway
SSNA1,8.20411846747067e-05,gene/protein
BTN2A1,8.20411846747067e-05,gene/protein
negative regulation of reverse cholesterol transport,8.20411846747067e-05,biological_process
negative regulation of glycoprotein biosynthetic process,8.20411846747067e-05,biological_process
ITIH5,8.20411846747067e-05,gene/protein
hemopoiesis,8.20411846747067e-05,biological_process
heart looping,8.20411846747067e-05,biological_process
positive regulation of keratinocyte proliferation,8.20411846747067e-05,biological_process
TMEM80,8.20411846747067e-05,gene/protein
RELL2,8.20411846747067e-05,gene/protein
zinc ion transmembrane transport,8.20411846747067e-05,biological_process
Defective OGG1 Substrate Processing,8.20411846747067e-05,pathway
response to folic acid,8.20411846747067e-05,biological_process
"base-excision repair, gap-filling",8.20411846747067e-05,biological_process
TMEM25,8.20411846747067e-05,gene/protein
NOTCH2 intracellular domain regulates transcription,8.20411846747067e-05,pathway
atrioventricular node development,8.20411846747067e-05,biological_process
Defective LFNG causes SCDO3,8.20411846747067e-05,pathway
Defective OGG1 Localization,8.20411846747067e-05,pathway
CFL2,8.20411846747067e-05,gene/protein
bone remodeling,8.20411846747067e-05,biological_process
ERVFRD-1,8.20411846747067e-05,gene/protein
Zinc efflux and compartmentalization by the SLC30 family,8.20411846747067e-05,pathway
KALRN,8.20411846747067e-05,gene/protein
B3GNT2,8.20411846747067e-05,gene/protein
"base-excision repair, AP site formation",8.20411846747067e-05,biological_process
"nucleotide-excision repair, DNA incision",8.20411846747067e-05,biological_process
platelet formation,8.20411846747067e-05,biological_process
axonal fasciculation,8.20411846747067e-05,biological_process
anterior neural tube closure,8.20411846747067e-05,biological_process
hippo signaling,8.20411846747067e-05,biological_process
luteolysis,8.20411846747067e-05,biological_process
cellular response to staurosporine,8.20411846747067e-05,biological_process
intrinsic apoptotic signaling pathway in response to osmotic stress,8.20411846747067e-05,biological_process
GZMM,8.20411846747067e-05,gene/protein
Adenylate cyclase activating pathway,8.20411846747067e-05,pathway
Stimulation of the cell death response by PAK-2p34,8.20411846747067e-05,pathway
Apoptotic cleavage of cell adhesion  proteins,8.20411846747067e-05,pathway
leukocyte apoptotic process,8.20411846747067e-05,biological_process
FAT3,8.20411846747067e-05,gene/protein
negative regulation of amyloid precursor protein biosynthetic process,8.20411846747067e-05,biological_process
Defective OGG1 Substrate Binding,8.20411846747067e-05,pathway
Pre-NOTCH Transcription and Translation,8.20411846747067e-05,pathway
AP1G1,8.20411846747067e-05,gene/protein
negative regulation of double-strand break repair via single-strand annealing,8.20411846747067e-05,biological_process
MAML1,8.20411846747067e-05,gene/protein
depyrimidination,8.20411846747067e-05,biological_process
NOTCH4 Intracellular Domain Regulates Transcription,8.20411846747067e-05,pathway
Pre-NOTCH Processing in the Endoplasmic Reticulum,8.20411846747067e-05,pathway
depurination,8.20411846747067e-05,biological_process
response to light stimulus,8.20411846747067e-05,biological_process
Recognition and association of DNA glycosylase with site containing an affected pyrimidine,8.20411846747067e-05,pathway
Cleavage of the damaged pyrimidine ,8.20411846747067e-05,pathway
Recognition and association of DNA glycosylase with site containing an affected purine,8.20411846747067e-05,pathway
Cleavage of the damaged purine,8.20411846747067e-05,pathway
CPS1,8.20411846747067e-05,gene/protein
CALCA,8.20411846747067e-05,gene/protein
cellular protein modification process,8.20411846747067e-05,biological_process
GORASP1,8.20411846747067e-05,gene/protein
Partial absence of specific antibody response to tetanus vaccine,8.20411846747067e-05,immune_effect/phenotype
PTGES3,8.20411846747067e-05,gene/protein
MTCP1,8.20411846747067e-05,gene/protein
TCL1A,8.20411846747067e-05,gene/protein
activation of GTPase activity,8.20411846747067e-05,biological_process
"SMAC, XIAP-regulated apoptotic response",8.20411846747067e-05,pathway
apoptotic DNA fragmentation,8.20411846747067e-05,biological_process
response to X-ray,8.20411846747067e-05,biological_process
glial cell apoptotic process,8.20411846747067e-05,biological_process
Pyroptosis,8.20411846747067e-05,pathway
negative regulation of B cell proliferation,8.20411846747067e-05,biological_process
THAP11,8.20411846747067e-05,gene/protein
ADAR,8.20411846747067e-05,gene/protein
BTC,8.20411846747067e-05,gene/protein
CALU,8.20411846747067e-05,gene/protein
ATP1B1,8.20411846747067e-05,gene/protein
Hedgehog 'off' state,8.20411846747067e-05,pathway
neuromuscular process controlling balance,8.20411846747067e-05,biological_process
striated muscle cell differentiation,8.20411846747067e-05,biological_process
hippocampus development,8.20411846747067e-05,biological_process
CASP4,8.20411846747067e-05,gene/protein
Adenylate cyclase inhibitory pathway,8.20411846747067e-05,pathway
Chronic lymphatic leukemia,8.20411846747067e-05,immune_effect/phenotype
Perianal abscess,8.20411846747067e-05,effect/phenotype
negative regulation of growth rate,8.20411846747067e-05,biological_process
myeloid dendritic cell differentiation,8.20411846747067e-05,biological_process
defense response to Gram-negative bacterium,8.20411846747067e-05,biological_process
innate immune response in mucosa,8.20411846747067e-05,biological_process
AXL,8.20411846747067e-05,gene/protein
MEGF6,8.20411846747067e-05,gene/protein
RERE,8.20411846747067e-05,gene/protein
PNPLA3,8.20411846747067e-05,gene/protein
Notch signaling pathway,8.20411846747067e-05,biological_process
regulation of osteoclast development,8.20411846747067e-05,biological_process
inflammatory response to antigenic stimulus,8.20411846747067e-05,biological_process
cellular response to carbohydrate stimulus,8.20411846747067e-05,biological_process
regulation of synaptic vesicle exocytosis,8.20411846747067e-05,biological_process
JADE1,8.20411846747067e-05,gene/protein
TYR,8.20411846747067e-05,gene/protein
IBTK,8.20411846747067e-05,gene/protein
negative regulation of interleukin-17 production,8.20411846747067e-05,biological_process
Displacement of DNA glycosylase by APEX1,8.20411846747067e-05,pathway
APEX1-Independent Resolution of AP Sites via the Single Nucleotide Replacement Pathway,8.20411846747067e-05,pathway
base-excision repair,8.20411846747067e-05,biological_process
proximal tubule development,8.20411846747067e-05,biological_process
intrahepatic bile duct development,8.20411846747067e-05,biological_process
placenta blood vessel development,8.20411846747067e-05,biological_process
Caspase activation via Dependence Receptors in the absence of ligand,8.20411846747067e-05,pathway
PDE3B signalling,8.20411846747067e-05,pathway
Inhibition of TSC complex formation by PKB,8.20411846747067e-05,pathway
AKT phosphorylates targets in the cytosol,8.20411846747067e-05,pathway
AKT phosphorylates targets in the nucleus,8.20411846747067e-05,pathway
Negative regulation of the PI3K/AKT network,8.20411846747067e-05,pathway
C2CD5,8.20411846747067e-05,gene/protein
ANKRD2,8.20411846747067e-05,gene/protein
CMC4,8.20411846747067e-05,gene/protein
Reduced natural killer cell count,8.20411846747067e-05,effect/phenotype
B-cell lymphoma,8.20411846747067e-05,immune_effect/phenotype
Chronic lung disease,8.20411846747067e-05,effect/phenotype
FCGR3A-mediated IL10 synthesis,8.20411846747067e-05,pathway
CYLC2,8.20411846747067e-05,gene/protein
ATP5MC3,8.20411846747067e-05,gene/protein
FAP,8.20411846747067e-05,gene/protein
DPP4,8.20411846747067e-05,gene/protein
CD81,8.20411846747067e-05,gene/protein
ADGRE5,8.20411846747067e-05,gene/protein
CYB561,8.20411846747067e-05,gene/protein
BMP8B,8.20411846747067e-05,gene/protein
CENPB,8.20411846747067e-05,gene/protein
DUSP5,8.20411846747067e-05,gene/protein
CSRP1,8.20411846747067e-05,gene/protein
left/right axis specification,8.20411846747067e-05,biological_process
cholangiocyte proliferation,8.20411846747067e-05,biological_process
regulation of aorta morphogenesis,8.20411846747067e-05,biological_process
RIPK4,8.20411846747067e-05,gene/protein
positive regulation of cholesterol storage,8.20411846747067e-05,biological_process
negative regulation of epithelial to mesenchymal transition,8.20411846747067e-05,biological_process
positive regulation of cell adhesion molecule production,8.20411846747067e-05,biological_process
negative regulation of astrocyte activation,8.20411846747067e-05,biological_process
Activation of AKT2,8.20411846747067e-05,pathway
ARF4,8.20411846747067e-05,gene/protein
DUSP4,8.20411846747067e-05,gene/protein
ATP5F1D,8.20411846747067e-05,gene/protein
PDLIM5,8.20411846747067e-05,gene/protein
RASGRP3,8.20411846747067e-05,gene/protein
OCLN,8.20411846747067e-05,gene/protein
histone H3-T6 phosphorylation,8.20411846747067e-05,biological_process
SDC2,8.20411846747067e-05,gene/protein
presynaptic modulation of chemical synaptic transmission,8.20411846747067e-05,biological_process
negative regulation of receptor-mediated endocytosis,8.20411846747067e-05,biological_process
positive regulation of metalloendopeptidase activity,8.20411846747067e-05,biological_process
negative regulation of monooxygenase activity,8.20411846747067e-05,biological_process
negative regulation of cardiac muscle hypertrophy in response to stress,8.20411846747067e-05,biological_process
LRBA,8.20411846747067e-05,gene/protein
MARK2,8.20411846747067e-05,gene/protein
DYRK1A,8.20411846747067e-05,gene/protein
Antimitochondrial antibody positivity,8.20411846747067e-05,immune_effect/phenotype
Protracted diarrhea,8.20411846747067e-05,effect/phenotype
Recurrent herpes,8.20411846747067e-05,effect/phenotype
Refractory anemia with ringed sideroblasts,8.20411846747067e-05,effect/phenotype
Wormian bones,8.20411846747067e-05,effect/phenotype
Regulation of TP53 Activity through Association with Co-factors,8.20411846747067e-05,pathway
PKA activation,8.20411846747067e-05,pathway
NSMCE4A,8.20411846747067e-05,gene/protein
PSMD9,8.20411846747067e-05,gene/protein
DRC1,8.20411846747067e-05,gene/protein
glycogen biosynthetic process,8.20411846747067e-05,biological_process
PKA activation in glucagon signalling,8.20411846747067e-05,pathway
TCL1B,8.20411846747067e-05,gene/protein
PIP5K1C,8.20411846747067e-05,gene/protein
regulation of translation,8.20411846747067e-05,biological_process
Downregulation of ERBB2:ERBB3 signaling,8.20411846747067e-05,pathway
ARL1,8.20411846747067e-05,gene/protein
ATP5F1C,8.20411846747067e-05,gene/protein
CD59,8.20411846747067e-05,gene/protein
negative regulation of lamellipodium assembly,8.20411846747067e-05,biological_process
negative regulation of cardiac muscle myoblast proliferation,8.20411846747067e-05,biological_process
mitotic nuclear membrane disassembly,8.20411846747067e-05,biological_process
positive regulation of B cell receptor signaling pathway,8.20411846747067e-05,biological_process
WNT5A-dependent internalization of FZD4,8.20411846747067e-05,pathway
Depolymerisation of the Nuclear Lamina,8.20411846747067e-05,pathway
Trafficking of GluR2-containing AMPA receptors,8.20411846747067e-05,pathway
negative regulation of interleukin-2 production,8.20411846747067e-05,biological_process
negative regulation of synoviocyte proliferation,8.20411846747067e-05,biological_process
positive regulation of cardiac muscle cell apoptotic process,8.20411846747067e-05,biological_process
CAV3,8.20411846747067e-05,gene/protein
PARP4,8.20411846747067e-05,gene/protein
ANGPT2,8.20411846747067e-05,gene/protein
Abnormal erythrocyte morphology,8.20411846747067e-05,effect/phenotype
Elevated hepatic iron concentration,8.20411846747067e-05,effect/phenotype
Erythroid hyperplasia,8.20411846747067e-05,effect/phenotype
Hypoplastic ischia,8.20411846747067e-05,effect/phenotype
Severe short stature,8.20411846747067e-05,effect/phenotype
Dysharmonic delayed bone age,8.20411846747067e-05,effect/phenotype
Smooth muscle antibody positivity,8.20411846747067e-05,immune_effect/phenotype
Dislocation of the femoral head,8.20411846747067e-05,effect/phenotype
DYNLRB1,8.20411846747067e-05,gene/protein
FEM1C,8.20411846747067e-05,gene/protein
odontogenesis of dentin-containing tooth,8.20411846747067e-05,biological_process
RNF13,8.20411846747067e-05,gene/protein
P4HA3,8.20411846747067e-05,gene/protein
CHD3,8.20411846747067e-05,gene/protein
Increased circulating IgA level,8.20411846747067e-05,immune_effect/phenotype
APBB1,8.20411846747067e-05,gene/protein
Decreased specific pneumococcal antibody level,8.20411846747067e-05,immune_effect/phenotype
Histiocytosis,8.20411846747067e-05,immune_effect/phenotype
Cutis laxa,8.20411846747067e-05,effect/phenotype
Erythroderma,8.20411846747067e-05,effect/phenotype
Constitutive Signaling by AKT1 E17K in Cancer,8.20411846747067e-05,pathway
Autoimmune hemolytic anemia,8.20411846747067e-05,immune_effect/phenotype
Complete or near-complete absence of specific antibody response to tetanus vaccine,8.20411846747067e-05,immune_effect/phenotype
Sideroblastic anemia,8.20411846747067e-05,effect/phenotype
GLRX,8.20411846747067e-05,gene/protein
regulation of myeloid cell differentiation,8.20411846747067e-05,biological_process
Response to elevated platelet cytosolic Ca2+,8.20411846747067e-05,pathway
RUNX1 regulates transcription of genes involved in differentiation of myeloid cells,8.20411846747067e-05,pathway
BMP4,8.20411846747067e-05,gene/protein
CSNK1G3,8.20411846747067e-05,gene/protein
DDB2,8.20411846747067e-05,gene/protein
BCL9,8.20411846747067e-05,gene/protein
negative regulation of voltage-gated sodium channel activity,8.20411846747067e-05,biological_process
gene silencing by RNA,8.20411846747067e-05,biological_process
negative regulation of metalloendopeptidase activity,8.20411846747067e-05,biological_process
GNA13,8.20411846747067e-05,gene/protein
KLHL3,8.20411846747067e-05,gene/protein
cardiac muscle tissue growth involved in heart morphogenesis,8.20411846747067e-05,biological_process
negative regulation of oxidative stress-induced cell death,8.20411846747067e-05,biological_process
ORAI1,8.20411846747067e-05,gene/protein
PDLIM7,8.20411846747067e-05,gene/protein
TRIM41,8.20411846747067e-05,gene/protein
negative regulation of glucose transmembrane transport,8.20411846747067e-05,biological_process
Clubbing of fingers,8.20411846747067e-05,effect/phenotype
Enlarged mesenteric lymph node,8.20411846747067e-05,immune_effect/phenotype
Encephalitis,8.20411846747067e-05,effect/phenotype
Herpes simplex encephalitis,8.20411846747067e-05,effect/phenotype
Recurrent viral infections,8.20411846747067e-05,effect/phenotype
EIF3C,8.20411846747067e-05,gene/protein
LRRC58,8.20411846747067e-05,gene/protein
regulation of high-density lipoprotein particle assembly,8.20411846747067e-05,biological_process
DBT,8.20411846747067e-05,gene/protein
WNT5:FZD7-mediated leishmania damping,8.20411846747067e-05,pathway
CDC42 GTPase cycle,8.20411846747067e-05,pathway
response to glucagon,8.20411846747067e-05,biological_process
taurine biosynthetic process,8.20411846747067e-05,biological_process
sulfur amino acid biosynthetic process,8.20411846747067e-05,biological_process
cysteine metabolic process,8.20411846747067e-05,biological_process
RAC1 GTPase cycle,8.20411846747067e-05,pathway
regulation of actin cytoskeleton reorganization,8.20411846747067e-05,biological_process
VEGFR2 mediated cell proliferation,8.20411846747067e-05,pathway
cell growth involved in cardiac muscle cell development,8.20411846747067e-05,biological_process
negative regulation of interleukin-7 production,8.20411846747067e-05,biological_process
negative regulation of sodium ion transmembrane transport,8.20411846747067e-05,biological_process
HCLS1,8.20411846747067e-05,gene/protein
CTLA4 inhibitory signaling,8.20411846747067e-05,pathway
Hypochromia,8.20411846747067e-05,effect/phenotype
Severe generalized osteoporosis,8.20411846747067e-05,effect/phenotype
Increased circulating IgE level,8.20411846747067e-05,immune_effect/phenotype
Recurrent candida infections,8.20411846747067e-05,effect/phenotype
Eosinophilia,8.20411846747067e-05,immune_effect/phenotype
Conical tooth,8.20411846747067e-05,effect/phenotype
Mediastinal lymphadenopathy,8.20411846747067e-05,immune_effect/phenotype
Increased proportion autoreactive unresponsive CD21-/low B cells,8.20411846747067e-05,immune_effect/phenotype
Antinuclear antibody positivity,8.20411846747067e-05,immune_effect/phenotype
Cervical lymphadenopathy,8.20411846747067e-05,immune_effect/phenotype
PARG,8.20411846747067e-05,gene/protein
Regulation of TP53 Degradation,8.20411846747067e-05,pathway
TXNRD1,8.20411846747067e-05,gene/protein
Degradation of cysteine and homocysteine,8.20411846747067e-05,pathway
negative regulation of glomerular filtration by angiotensin,8.20411846747067e-05,biological_process
positive regulation of reactive oxygen species biosynthetic process,8.20411846747067e-05,biological_process
respiratory burst,8.20411846747067e-05,biological_process
RAC2 GTPase cycle,8.20411846747067e-05,pathway
RAC3 GTPase cycle,8.20411846747067e-05,pathway
CYBB,8.20411846747067e-05,gene/protein
APPBP2,8.20411846747067e-05,gene/protein
TP53AIP1,8.20411846747067e-05,gene/protein
SERTAD1,8.20411846747067e-05,gene/protein
MEP1A,8.20411846747067e-05,gene/protein
protein kinase A signaling,8.20411846747067e-05,biological_process
NOTCH2 Activation and Transmission of Signal to the Nucleus,8.20411846747067e-05,pathway
FBXL2,8.20411846747067e-05,gene/protein
Hyperkinetic movements,8.20411846747067e-05,effect/phenotype
TEX11,8.20411846747067e-05,gene/protein
LSM14B,8.20411846747067e-05,gene/protein
vascular endothelial growth factor receptor signaling pathway,8.20411846747067e-05,biological_process
positive regulation of defense response to bacterium,8.20411846747067e-05,biological_process
FAAP100,8.20411846747067e-05,gene/protein
BOLA1,8.20411846747067e-05,gene/protein
THUMPD1,8.20411846747067e-05,gene/protein
RMND1,8.20411846747067e-05,gene/protein
HOXC13,8.20411846747067e-05,gene/protein
COQ7,8.20411846747067e-05,gene/protein
COL6A2,8.20411846747067e-05,gene/protein
Colonic inertia,8.20411846747067e-05,effect/phenotype
regulation of release of sequestered calcium ion into cytosol,8.20411846747067e-05,biological_process
cellular response to L-glutamine,8.20411846747067e-05,biological_process
positive regulation of toll-like receptor 2 signaling pathway,8.20411846747067e-05,biological_process
positive regulation of cell killing,8.20411846747067e-05,biological_process
smooth muscle hypertrophy,8.20411846747067e-05,biological_process
cytochrome complex assembly,8.20411846747067e-05,biological_process
RAB GEFs exchange GTP for GDP on RABs,8.20411846747067e-05,pathway
RUNX2 regulates genes involved in cell migration,8.20411846747067e-05,pathway
Conjugated hyperbilirubinemia,8.20411846747067e-05,effect/phenotype
Regulation of localization of FOXO transcription factors,8.20411846747067e-05,pathway
CD28 dependent PI3K/Akt signaling,8.20411846747067e-05,pathway
Regulation of TP53 Activity through Acetylation,8.20411846747067e-05,pathway
RNF7,8.20411846747067e-05,gene/protein
SLC35A1,8.20411846747067e-05,gene/protein
WNK3,8.20411846747067e-05,gene/protein
KCNA10,8.20411846747067e-05,gene/protein
Conductive hearing impairment,8.20411846747067e-05,effect/phenotype
NCF4,8.20411846747067e-05,gene/protein
KCNK1,8.20411846747067e-05,gene/protein
TTYH2,8.20411846747067e-05,gene/protein
NDUFA2,8.20411846747067e-05,gene/protein
TBC1D9,8.20411846747067e-05,gene/protein
Bone spicule pigmentation of the retina,8.20411846747067e-05,immune_effect/phenotype
Talipes cavus equinovarus,8.20411846747067e-05,effect/phenotype
Gait imbalance,8.20411846747067e-05,effect/phenotype
hair follicle morphogenesis,8.20411846747067e-05,biological_process
positive regulation of skeletal muscle fiber development,8.20411846747067e-05,biological_process
focal adhesion assembly,8.20411846747067e-05,biological_process
regulation of B cell differentiation,8.20411846747067e-05,biological_process
outflow tract morphogenesis,8.20411846747067e-05,biological_process
MZF1,8.20411846747067e-05,gene/protein
BLOC1S1,8.20411846747067e-05,gene/protein
VEGFA-VEGFR2 Pathway,8.20411846747067e-05,pathway
Cross-presentation of particulate exogenous antigens (phagosomes),8.20411846747067e-05,pathway
SLC2A12,8.20411846747067e-05,gene/protein
RCHY1,8.20411846747067e-05,gene/protein
Cyclin E associated events during G1/S transition ,8.20411846747067e-05,pathway
Cyclin A:Cdk2-associated events at S phase entry,8.20411846747067e-05,pathway
atrial septum morphogenesis,8.20411846747067e-05,biological_process
KDELR2,8.20411846747067e-05,gene/protein
glomerular capillary formation,8.20411846747067e-05,biological_process
marginal zone B cell differentiation,8.20411846747067e-05,biological_process
stem cell population maintenance,8.20411846747067e-05,biological_process
zinc ion transport,8.20411846747067e-05,biological_process
Sperm Motility And Taxes,8.20411846747067e-05,pathway
positive regulation of microglial cell activation,8.20411846747067e-05,biological_process
TOR1AIP1,8.20411846747067e-05,gene/protein
LPP,8.20411846747067e-05,gene/protein
lung growth,8.20411846747067e-05,biological_process
regulation of B cell activation,8.20411846747067e-05,biological_process
negative regulation of cardiac muscle cell proliferation,8.20411846747067e-05,biological_process
anterograde synaptic vesicle transport,8.20411846747067e-05,biological_process
Golgi to vacuole transport,8.20411846747067e-05,biological_process
Anisocytosis,8.20411846747067e-05,effect/phenotype
Notch-HLH transcription pathway,8.20411846747067e-05,pathway
embryonic limb morphogenesis,8.20411846747067e-05,biological_process
positive regulation of sphingolipid mediated signaling pathway,8.20411846747067e-05,biological_process
WDR1,8.20411846747067e-05,gene/protein
PRAG1,8.20411846747067e-05,gene/protein
HUS1,8.20411846747067e-05,gene/protein
sperm-egg recognition,8.20411846747067e-05,biological_process
regulation of autophagy,8.20411846747067e-05,biological_process
negative regulation of circulating fibrinogen levels,8.20411846747067e-05,biological_process
positive regulation of astrocyte activation,8.20411846747067e-05,biological_process
positive regulation of membrane permeability,8.20411846747067e-05,biological_process
cardiac right ventricle morphogenesis,8.20411846747067e-05,biological_process
cellular response to fibroblast growth factor stimulus,8.20411846747067e-05,biological_process
positive regulation of muscle hyperplasia,8.20411846747067e-05,biological_process
negative regulation of amyloid-beta formation,8.20411846747067e-05,biological_process
regulation of sequestering of zinc ion,8.20411846747067e-05,biological_process
reproductive process,8.20411846747067e-05,biological_process
response to iron ion,8.20411846747067e-05,biological_process
GNB5,8.20411846747067e-05,gene/protein
SMARCD1,8.20411846747067e-05,gene/protein
Long fingers,8.20411846747067e-05,effect/phenotype
ACIN1,8.20411846747067e-05,gene/protein
PSME3,8.20411846747067e-05,gene/protein
TP53 Regulates Metabolic Genes,8.20411846747067e-05,pathway
response to sulfur dioxide,8.20411846747067e-05,biological_process
regulation of leukocyte mediated cytotoxicity,8.20411846747067e-05,biological_process
T cell activation via T cell receptor contact with antigen bound to MHC molecule on antigen presenting cell,8.20411846747067e-05,biological_process
T cell extravasation,8.20411846747067e-05,biological_process
RAB37,8.20411846747067e-05,gene/protein
XYLT1,8.20411846747067e-05,gene/protein
GIPR,8.20411846747067e-05,gene/protein
EPHB2,8.20411846747067e-05,gene/protein
GOT1,8.20411846747067e-05,gene/protein
NCS1,8.20411846747067e-05,gene/protein
MZT2B,8.20411846747067e-05,gene/protein
PEA15,8.20411846747067e-05,gene/protein
QDPR,8.20411846747067e-05,gene/protein
SERPINB5,8.20411846747067e-05,gene/protein
Decreased mean corpuscular volume,8.20411846747067e-05,effect/phenotype
EIF3B,8.20411846747067e-05,gene/protein
ZMYM5,8.20411846747067e-05,gene/protein
SLC25A25,8.20411846747067e-05,gene/protein
FAM99B,8.20411846747067e-05,gene/protein
TMEM9,8.20411846747067e-05,gene/protein
regulation of vesicle-mediated transport,8.20411846747067e-05,biological_process
response to interferon-gamma,8.20411846747067e-05,biological_process
cellular zinc ion homeostasis,8.20411846747067e-05,biological_process
positive regulation of endothelial cell apoptotic process,8.20411846747067e-05,biological_process
PGAP3,8.20411846747067e-05,gene/protein
T cell antigen processing and presentation,8.20411846747067e-05,biological_process
receptor-mediated virion attachment to host cell,8.20411846747067e-05,biological_process
negative regulation of calcium ion transport,8.20411846747067e-05,biological_process
establishment of endothelial intestinal barrier,8.20411846747067e-05,biological_process
positive regulation of GTPase activity,8.20411846747067e-05,biological_process
SGK3,8.20411846747067e-05,gene/protein
WDFY1,8.20411846747067e-05,gene/protein
WBP4,8.20411846747067e-05,gene/protein
NEFM,8.20411846747067e-05,gene/protein
MBIP,8.20411846747067e-05,gene/protein
STYXL1,8.20411846747067e-05,gene/protein
CFAP57,8.20411846747067e-05,gene/protein
BMP2K,8.20411846747067e-05,gene/protein
positive regulation of calcium ion import,8.20411846747067e-05,biological_process
feeding behavior,8.20411846747067e-05,biological_process
MGARP,8.20411846747067e-05,gene/protein
CCDC124,8.20411846747067e-05,gene/protein
RRAGC,8.20411846747067e-05,gene/protein
NR2F1,8.20411846747067e-05,gene/protein
SSTR2,8.20411846747067e-05,gene/protein
STK17A,8.20411846747067e-05,gene/protein
SEH1L,8.20411846747067e-05,gene/protein
LUC7L2,8.20411846747067e-05,gene/protein
WDR70,8.20411846747067e-05,gene/protein
FZD5,8.20411846747067e-05,gene/protein
CPPED1,8.20411846747067e-05,gene/protein
EIF1AY,8.20411846747067e-05,gene/protein
PAK5,8.20411846747067e-05,gene/protein
UNC93A,8.20411846747067e-05,gene/protein
BLOC1S5,8.20411846747067e-05,gene/protein
SOAT2,8.20411846747067e-05,gene/protein
negative regulation of NAD(P)H oxidase activity,8.20411846747067e-05,biological_process
positive regulation of protein autophosphorylation,8.20411846747067e-05,biological_process
COPI-mediated anterograde transport,8.20411846747067e-05,pathway
establishment of Sertoli cell barrier,8.20411846747067e-05,biological_process
membrane to membrane docking,8.20411846747067e-05,biological_process
response to gonadotropin,8.20411846747067e-05,biological_process
NPPA,8.20411846747067e-05,gene/protein
C1GALT1,8.20411846747067e-05,gene/protein
regulation of gastrulation,8.20411846747067e-05,biological_process
TATDN3,8.20411846747067e-05,gene/protein
epithelial cell proliferation involved in salivary gland morphogenesis,8.20411846747067e-05,biological_process
HPCAL1,8.20411846747067e-05,gene/protein
RBM7,8.20411846747067e-05,gene/protein
DTNB,8.20411846747067e-05,gene/protein
RBBP7,8.20411846747067e-05,gene/protein
negative regulation of toll-like receptor 4 signaling pathway,8.20411846747067e-05,biological_process
establishment of endothelial barrier,8.20411846747067e-05,biological_process
RTL8C,8.20411846747067e-05,gene/protein
leukocyte cell-cell adhesion,8.20411846747067e-05,biological_process
adhesion of symbiont to host,8.20411846747067e-05,biological_process
XYLB,8.20411846747067e-05,gene/protein
cysteine biosynthetic process via cystathionine,8.20411846747067e-05,biological_process
NQO2,8.20411846747067e-05,gene/protein
MTRNR2L8,8.20411846747067e-05,gene/protein
HSD17B2,8.20411846747067e-05,gene/protein
TTC4,8.20411846747067e-05,gene/protein
DTNA,8.20411846747067e-05,gene/protein
CCPG1,8.20411846747067e-05,gene/protein
P2RY1,8.20411846747067e-05,gene/protein
COG6,8.20411846747067e-05,gene/protein
BYSL,8.20411846747067e-05,gene/protein
FGF1,8.20411846747067e-05,gene/protein
FZD1,8.20411846747067e-05,gene/protein
COQ4,8.20411846747067e-05,gene/protein
WDR5B,8.20411846747067e-05,gene/protein
RNASEL,8.20411846747067e-05,gene/protein
BRWD3,8.20411846747067e-05,gene/protein
TLX1,8.20411846747067e-05,gene/protein
DYNC2I2,8.20411846747067e-05,gene/protein
HHAT,8.20411846747067e-05,gene/protein
GRK7,8.20411846747067e-05,gene/protein
SH2D7,8.20411846747067e-05,gene/protein
SEM1,8.20411846747067e-05,gene/protein
MED17,8.20411846747067e-05,gene/protein
INSL5,8.20411846747067e-05,gene/protein
DUSP18,8.20411846747067e-05,gene/protein
negative regulation of endothelial cell differentiation,8.20411846747067e-05,biological_process
TRAV12-3,8.20411846747067e-05,gene/protein
PLGLB2,8.20411846747067e-05,gene/protein
PECR,8.20411846747067e-05,gene/protein
HAAO,8.20411846747067e-05,gene/protein
AGMAT,8.20411846747067e-05,gene/protein
PRKG1,8.20411846747067e-05,gene/protein
CBX4,8.20411846747067e-05,gene/protein
TTC31,8.20411846747067e-05,gene/protein
SLC2A9,8.20411846747067e-05,gene/protein
MIA2,8.20411846747067e-05,gene/protein
RBP5,8.20411846747067e-05,gene/protein
TRIM47,8.20411846747067e-05,gene/protein
MCM7,8.20411846747067e-05,gene/protein
USP1,8.20411846747067e-05,gene/protein
INTS9,8.20411846747067e-05,gene/protein
TTC32,8.20411846747067e-05,gene/protein
WWC1,8.20411846747067e-05,gene/protein
CLINT1,8.20411846747067e-05,gene/protein
FNDC3A,8.20411846747067e-05,gene/protein
MPDZ,8.20411846747067e-05,gene/protein
GRAMD1A,8.20411846747067e-05,gene/protein
CEP76,8.20411846747067e-05,gene/protein
CEP164,8.20411846747067e-05,gene/protein
FMNL1,8.20411846747067e-05,gene/protein
SNTB2,8.20411846747067e-05,gene/protein
KIFC3,8.20411846747067e-05,gene/protein
MED21,8.20411846747067e-05,gene/protein
THRB,8.20411846747067e-05,gene/protein
SRSF2,8.20411846747067e-05,gene/protein
CAPZB,8.20411846747067e-05,gene/protein
COX6B1,8.20411846747067e-05,gene/protein
ATP6V1F,8.20411846747067e-05,gene/protein
TMEM37,8.20411846747067e-05,gene/protein
SULT2A1,8.20411846747067e-05,gene/protein
CERT1,8.20411846747067e-05,gene/protein
BPIFB2,8.20411846747067e-05,gene/protein
ACSL5,8.20411846747067e-05,gene/protein
sex differentiation,8.20411846747067e-05,biological_process
MST1,8.20411846747067e-05,gene/protein
PANK1,8.20411846747067e-05,gene/protein
learning,8.20411846747067e-05,biological_process
regulation of embryonic development,8.20411846747067e-05,biological_process
FZD10,8.20411846747067e-05,gene/protein
OPRM1,8.20411846747067e-05,gene/protein
HIC1,8.20411846747067e-05,gene/protein
PBX2,8.20411846747067e-05,gene/protein
RARB,8.20411846747067e-05,gene/protein
RORC,8.20411846747067e-05,gene/protein
NRF1,8.20411846747067e-05,gene/protein
NEK4,8.20411846747067e-05,gene/protein
MAML3,8.20411846747067e-05,gene/protein
ZNF280B,8.20411846747067e-05,gene/protein
GCNT4,8.20411846747067e-05,gene/protein
RAP2A,8.20411846747067e-05,gene/protein
EIF2AK1,8.20411846747067e-05,gene/protein
GMFB,8.20411846747067e-05,gene/protein
GRAP,8.20411846747067e-05,gene/protein
EIPR1,8.20411846747067e-05,gene/protein
LIMS1,8.20411846747067e-05,gene/protein
TES,8.20411846747067e-05,gene/protein
UBA2,8.20411846747067e-05,gene/protein
CHRM4,8.20411846747067e-05,gene/protein
CARHSP1,8.20411846747067e-05,gene/protein
MIR1915HG,8.20411846747067e-05,gene/protein
HPR,8.20411846747067e-05,gene/protein
CCNL2,8.20411846747067e-05,gene/protein
CCNQ,8.20411846747067e-05,gene/protein
RNU12-2P,8.20411846747067e-05,gene/protein
TFG,8.20411846747067e-05,gene/protein
LINC00476,8.20411846747067e-05,gene/protein
WDR82,8.20411846747067e-05,gene/protein
WDR18,8.20411846747067e-05,gene/protein
CA14,8.20411846747067e-05,gene/protein
VSIG2,8.20411846747067e-05,gene/protein
SH3BP4,8.20411846747067e-05,gene/protein
MSL3,8.20411846747067e-05,gene/protein
SULT1A1,8.20411846747067e-05,gene/protein
MADCAM1,8.20411846747067e-05,gene/protein
SAP18,8.20411846747067e-05,gene/protein
SNORD32A,8.20411846747067e-05,gene/protein
NEK5,8.20411846747067e-05,gene/protein
SP5,8.20411846747067e-05,gene/protein
ABCC3,8.20411846747067e-05,gene/protein
VIL1,8.20411846747067e-05,gene/protein
MOV10L1,8.20411846747067e-05,gene/protein
LTV1,8.20411846747067e-05,gene/protein
PNRC2,8.20411846747067e-05,gene/protein
APOM,8.20411846747067e-05,gene/protein
DPYSL5,8.20411846747067e-05,gene/protein
MILR1,8.20411846747067e-05,gene/protein
SAMD4A,8.20411846747067e-05,gene/protein
TMEM184B,8.20411846747067e-05,gene/protein
ALKBH3,8.20411846747067e-05,gene/protein
CCKBR,8.20411846747067e-05,gene/protein
H2AC7,8.20411846747067e-05,gene/protein
CDK11A,8.20411846747067e-05,gene/protein
LRP6,8.20411846747067e-05,gene/protein
activation of protein kinase activity,8.20411846747067e-05,biological_process
transformation of host cell by virus,8.20411846747067e-05,biological_process
PLIN5,8.20411846747067e-05,gene/protein
cortical actin cytoskeleton organization,8.20411846747067e-05,biological_process
TEAD1,8.20411846747067e-05,gene/protein
JNK cascade,8.20411846747067e-05,biological_process
chronic inflammatory response to antigenic stimulus,8.20411846747067e-05,biological_process
positive regulation of mononuclear cell migration,8.20411846747067e-05,biological_process
QARS1,8.20411846747067e-05,gene/protein
CDK2AP1,8.20411846747067e-05,gene/protein
TRIM54,8.20411846747067e-05,gene/protein
SEC62,8.20411846747067e-05,gene/protein
RPL26,8.20411846747067e-05,gene/protein
SRSF6,8.20411846747067e-05,gene/protein
SCN2B,8.20411846747067e-05,gene/protein
INHBE,8.20411846747067e-05,gene/protein
TBL1XR1,8.20411846747067e-05,gene/protein
TCERG1,8.20411846747067e-05,gene/protein
LRRFIP2,8.20411846747067e-05,gene/protein
CAPRIN2,8.20411846747067e-05,gene/protein
HIPK1,8.20411846747067e-05,gene/protein
DDAH2,8.20411846747067e-05,gene/protein
WDR54,8.20411846747067e-05,gene/protein
PSAT1,8.20411846747067e-05,gene/protein
SRSF4,8.20411846747067e-05,gene/protein
TCP1,8.20411846747067e-05,gene/protein
MED20,8.20411846747067e-05,gene/protein
POLR2M,8.20411846747067e-05,gene/protein
LSM1,8.20411846747067e-05,gene/protein
dendritic spine maintenance,8.20411846747067e-05,biological_process
ARFGAP1,8.20411846747067e-05,gene/protein
TPD52L2,8.20411846747067e-05,gene/protein
positive regulation of blood microparticle formation,8.20411846747067e-05,biological_process
positive regulation of chemokine (C-X-C motif) ligand 2 production,8.20411846747067e-05,biological_process
activation of MAPKKK activity,8.20411846747067e-05,biological_process
INTS5,8.20411846747067e-05,gene/protein
heart morphogenesis,8.20411846747067e-05,biological_process
MYF6,8.20411846747067e-05,gene/protein
cellular response to dopamine,8.20411846747067e-05,biological_process
NSL1,8.20411846747067e-05,gene/protein
heterophilic cell-cell adhesion via plasma membrane cell adhesion molecules,8.20411846747067e-05,biological_process
TAF7,8.20411846747067e-05,gene/protein
SMARCC1,8.20411846747067e-05,gene/protein
KIR3DL1,8.20411846747067e-05,gene/protein
SIRPA,8.20411846747067e-05,gene/protein
MATK,8.20411846747067e-05,gene/protein
SMC1A,8.20411846747067e-05,gene/protein
NR2C1,8.20411846747067e-05,gene/protein
embryonic digestive tract development,8.20411846747067e-05,biological_process
positive regulation of cell adhesion,8.20411846747067e-05,biological_process
positive regulation of fever generation,8.20411846747067e-05,biological_process
positive regulation of podosome assembly,8.20411846747067e-05,biological_process
positive regulation of cytokine production involved in inflammatory response,8.20411846747067e-05,biological_process
positive regulation of fractalkine production,8.20411846747067e-05,biological_process
negative regulation of respiratory burst involved in inflammatory response,8.20411846747067e-05,biological_process
Hyperkalemia,8.20411846747067e-05,effect/phenotype
Dysesthesia,8.20411846747067e-05,effect/phenotype
Right ventricular outlet tract obstruction,8.20411846747067e-05,effect/phenotype
Paresthesia,8.20411846747067e-05,effect/phenotype
regulation of protein localization to plasma membrane,8.20411846747067e-05,biological_process
SRSF5,8.20411846747067e-05,gene/protein
GALNT2,8.20411846747067e-05,gene/protein
response to salt stress,8.20411846747067e-05,biological_process
regulation of immunoglobulin production,8.20411846747067e-05,biological_process
response to ionizing radiation,8.20411846747067e-05,biological_process
CCN5,8.20411846747067e-05,gene/protein
ZC3H13,8.20411846747067e-05,gene/protein
acute inflammatory response to antigenic stimulus,8.20411846747067e-05,biological_process
NT5C1A,8.20411846747067e-05,gene/protein
cell adhesion mediated by integrin,8.20411846747067e-05,biological_process
negative regulation of dendrite morphogenesis,8.20411846747067e-05,biological_process
NGF-stimulated transcription,8.20411846747067e-05,pathway
RPIA,8.20411846747067e-05,gene/protein
NFX1,8.20411846747067e-05,gene/protein
GBA,8.20411846747067e-05,gene/protein
RALA,8.20411846747067e-05,gene/protein
AFDN,8.20411846747067e-05,gene/protein
PIK3C3,8.20411846747067e-05,gene/protein
SHOC2,8.20411846747067e-05,gene/protein
positive regulation of actin filament polymerization,8.20411846747067e-05,biological_process
NR0B1,8.20411846747067e-05,gene/protein
NPHS1,8.20411846747067e-05,gene/protein
ASS1,8.20411846747067e-05,gene/protein
GPR21,8.20411846747067e-05,gene/protein
USPL1,8.20411846747067e-05,gene/protein
FLOT2,8.20411846747067e-05,gene/protein
ATP6V0A1,8.20411846747067e-05,gene/protein
CORO1C,8.20411846747067e-05,gene/protein
PRORP,8.20411846747067e-05,gene/protein
FRK,8.20411846747067e-05,gene/protein
ATP6V0C,8.20411846747067e-05,gene/protein
CRLS1,8.20411846747067e-05,gene/protein
CTNNBL1,8.20411846747067e-05,gene/protein
MRPL55,8.20411846747067e-05,gene/protein
BHLHE40,8.20411846747067e-05,gene/protein
regulation of cell shape,8.20411846747067e-05,biological_process
ASCL3,8.20411846747067e-05,gene/protein
MYF5,8.20411846747067e-05,gene/protein
FBXO31,8.20411846747067e-05,gene/protein
POLR2H,8.20411846747067e-05,gene/protein
RFTN1,8.20411846747067e-05,gene/protein
cellular response to cytokine stimulus,8.20411846747067e-05,biological_process
regulation of axon extension,8.20411846747067e-05,biological_process
reverse cholesterol transport,8.20411846747067e-05,biological_process
positive regulation of keratinocyte apoptotic process,8.20411846747067e-05,biological_process
RLIM,8.20411846747067e-05,gene/protein
transsulfuration,8.20411846747067e-05,biological_process
DNA protection,8.20411846747067e-05,biological_process
VTA1,8.20411846747067e-05,gene/protein
MYOD1,8.20411846747067e-05,gene/protein
CIAO2B,8.20411846747067e-05,gene/protein
DNM3,8.20411846747067e-05,gene/protein
NPTN,8.20411846747067e-05,gene/protein
skeletal muscle cell differentiation,8.20411846747067e-05,biological_process
regulation of eIF2 alpha phosphorylation by heme,8.20411846747067e-05,biological_process
GRB2 events in EGFR signaling,8.20411846747067e-05,pathway
GAB1 signalosome,8.20411846747067e-05,pathway
SHC1 events in EGFR signaling,8.20411846747067e-05,pathway
Signaling by ERBB2 TMD/JMD mutants,8.20411846747067e-05,pathway
Constitutive Signaling by Ligand-Responsive EGFR Cancer Variants,8.20411846747067e-05,pathway
positive regulation of transcription from RNA polymerase II promoter in response to endoplasmic reticulum stress,8.20411846747067e-05,biological_process
AHNAK,8.20411846747067e-05,gene/protein
mitochondrion-endoplasmic reticulum membrane tethering,8.20411846747067e-05,biological_process
transition between fast and slow fiber,8.20411846747067e-05,biological_process
sarcoplasmic reticulum calcium ion transport,8.20411846747067e-05,biological_process
TRIM14,8.20411846747067e-05,gene/protein
KEL,8.20411846747067e-05,gene/protein
MSGN1,8.20411846747067e-05,gene/protein
TXNL4A,8.20411846747067e-05,gene/protein
cellular response to nutrient levels,8.20411846747067e-05,biological_process
positive regulation of cellular extravasation,8.20411846747067e-05,biological_process
regulation of ruffle assembly,8.20411846747067e-05,biological_process
phosphatidylcholine catabolic process,8.20411846747067e-05,biological_process
TM9SF4,8.20411846747067e-05,gene/protein
positive regulation of fibroblast proliferation,8.20411846747067e-05,biological_process
TBC1D2B,8.20411846747067e-05,gene/protein
negative regulation of Wnt signaling pathway,8.20411846747067e-05,biological_process
regulation of BMP signaling pathway,8.20411846747067e-05,biological_process
positive regulation of epidermal cell differentiation,8.20411846747067e-05,biological_process
bone morphogenesis,8.20411846747067e-05,biological_process
CAPN1,8.20411846747067e-05,gene/protein
TMED10,8.20411846747067e-05,gene/protein
LTA4H,8.20411846747067e-05,gene/protein
WRN,8.20411846747067e-05,gene/protein
Signaling by ERBB4,8.20411846747067e-05,pathway
GTF2I,8.20411846747067e-05,gene/protein
KYNU,8.20411846747067e-05,gene/protein
BRINP1,8.20411846747067e-05,gene/protein
CLOCK,8.20411846747067e-05,gene/protein
TNNI2,8.20411846747067e-05,gene/protein
THOC5,8.20411846747067e-05,gene/protein
DNMT3B,8.20411846747067e-05,gene/protein
C1QA,8.20411846747067e-05,gene/protein
MS4A3,8.20411846747067e-05,gene/protein
PEX12,8.20411846747067e-05,gene/protein
LRP8,8.20411846747067e-05,gene/protein
ANK2,8.20411846747067e-05,gene/protein
NFE2,8.20411846747067e-05,gene/protein
NOP56,8.20411846747067e-05,gene/protein
ELSPBP1,8.20411846747067e-05,gene/protein
KCNAB2,8.20411846747067e-05,gene/protein
RECQL4,8.20411846747067e-05,gene/protein
relaxation of cardiac muscle,8.20411846747067e-05,biological_process
PCNA-AS1,8.20411846747067e-05,gene/protein
APPL2,8.20411846747067e-05,gene/protein
ER-nucleus signaling pathway,8.20411846747067e-05,biological_process
EGFR interacts with phospholipase C-gamma,8.20411846747067e-05,pathway
PI3K events in ERBB2 signaling,8.20411846747067e-05,pathway
GRB2 events in ERBB2 signaling,8.20411846747067e-05,pathway
EGFR downregulation,8.20411846747067e-05,pathway
Signaling by ERBB2 KD Mutants,8.20411846747067e-05,pathway
Signaling by ERBB2 ECD mutants,8.20411846747067e-05,pathway
Inhibition of Signaling by Overexpressed EGFR,8.20411846747067e-05,pathway
Constitutive Signaling by EGFRvIII,8.20411846747067e-05,pathway
EXOC7,8.20411846747067e-05,gene/protein
Signaling by ERBB2,8.20411846747067e-05,pathway
regulation of lipoprotein lipase activity,8.20411846747067e-05,biological_process
RNF115,8.20411846747067e-05,gene/protein
UBOX5,8.20411846747067e-05,gene/protein
NARF,8.20411846747067e-05,gene/protein
non-canonical Wnt signaling pathway,8.20411846747067e-05,biological_process
ANKHD1-EIF4EBP3,8.20411846747067e-05,gene/protein
ANKRD17,8.20411846747067e-05,gene/protein
ISG15-protein conjugation,8.20411846747067e-05,biological_process
lipid catabolic process,8.20411846747067e-05,biological_process
RNF10,8.20411846747067e-05,gene/protein
protein K11-linked ubiquitination,8.20411846747067e-05,biological_process
protein K63-linked ubiquitination,8.20411846747067e-05,biological_process
TRIM50,8.20411846747067e-05,gene/protein
CKMT1A,8.20411846747067e-05,gene/protein
ANKHD1,8.20411846747067e-05,gene/protein
phosphate ion homeostasis,8.20411846747067e-05,biological_process
TSR3,8.20411846747067e-05,gene/protein
GATC,8.20411846747067e-05,gene/protein
DHX35,8.20411846747067e-05,gene/protein
CACUL1,8.20411846747067e-05,gene/protein
TRAPPC2L,8.20411846747067e-05,gene/protein
NOC4L,8.20411846747067e-05,gene/protein
ORMDL1,8.20411846747067e-05,gene/protein
ESRRB,8.20411846747067e-05,gene/protein
MECOM,8.20411846747067e-05,gene/protein
MRE11,8.20411846747067e-05,gene/protein
KCNA4,8.20411846747067e-05,gene/protein
RAPGEF5,8.20411846747067e-05,gene/protein
CBX1,8.20411846747067e-05,gene/protein
KAT7,8.20411846747067e-05,gene/protein
RRP8,8.20411846747067e-05,gene/protein
PSMB5,8.20411846747067e-05,gene/protein
VPS33A,8.20411846747067e-05,gene/protein
negative regulation of sodium-dependent phosphate transport,8.20411846747067e-05,biological_process
negative regulation of non-canonical Wnt signaling pathway,8.20411846747067e-05,biological_process
The fatty acid cycling model,8.20411846747067e-05,pathway
TRIM3,8.20411846747067e-05,gene/protein
IPO13,8.20411846747067e-05,gene/protein
ADHFE1,8.20411846747067e-05,gene/protein
ZNRF1,8.20411846747067e-05,gene/protein
RNF11,8.20411846747067e-05,gene/protein
DZIP3,8.20411846747067e-05,gene/protein
RNF103,8.20411846747067e-05,gene/protein
TOM1L2,8.20411846747067e-05,gene/protein
BCL2L15,8.20411846747067e-05,gene/protein
MANBAL,8.20411846747067e-05,gene/protein
low-density lipoprotein particle remodeling,8.20411846747067e-05,biological_process
ZBTB40,8.20411846747067e-05,gene/protein
PTPN9,8.20411846747067e-05,gene/protein
GRM2,8.20411846747067e-05,gene/protein
SLC30A3,8.20411846747067e-05,gene/protein
SAR1A,8.20411846747067e-05,gene/protein
SLC39A2,8.20411846747067e-05,gene/protein
ACVRL1,8.20411846747067e-05,gene/protein
SPAG4,8.20411846747067e-05,gene/protein
DNMT1,8.20411846747067e-05,gene/protein
SATB1,8.20411846747067e-05,gene/protein
FAXDC2,8.20411846747067e-05,gene/protein
CLDN6,8.20411846747067e-05,gene/protein
SHC1 events in ERBB2 signaling,8.20411846747067e-05,pathway
PLCG1 events in ERBB2 signaling,8.20411846747067e-05,pathway
regulation of transcription from RNA polymerase II promoter in response to arsenic-containing substance,8.20411846747067e-05,biological_process
regulation of cardiac muscle cell action potential involved in regulation of contraction,8.20411846747067e-05,biological_process
positive regulation of TRAIL-activated apoptotic signaling pathway,8.20411846747067e-05,biological_process
THAP4,8.20411846747067e-05,gene/protein
ZFYVE27,8.20411846747067e-05,gene/protein
high-density lipoprotein particle remodeling,8.20411846747067e-05,biological_process
CGGBP1,8.20411846747067e-05,gene/protein
intermediate-density lipoprotein particle remodeling,8.20411846747067e-05,biological_process
TUBB1,8.20411846747067e-05,gene/protein
DTX3L,8.20411846747067e-05,gene/protein
cytokine production,8.20411846747067e-05,biological_process
myotube cell development,8.20411846747067e-05,biological_process
"G protein-coupled receptor signaling pathway, coupled to cyclic nucleotide second messenger",8.20411846747067e-05,biological_process
CDC16,8.20411846747067e-05,gene/protein
HECTD1,8.20411846747067e-05,gene/protein
EVA1A,8.20411846747067e-05,gene/protein
TMEM14A,8.20411846747067e-05,gene/protein
MIA3,8.20411846747067e-05,gene/protein
JSRP1,8.20411846747067e-05,gene/protein
DYNC2H1,8.20411846747067e-05,gene/protein
MARCHF3,8.20411846747067e-05,gene/protein
PTBP2,8.20411846747067e-05,gene/protein
RNF125,8.20411846747067e-05,gene/protein
TRIM39,8.20411846747067e-05,gene/protein
RNF126,8.20411846747067e-05,gene/protein
TRIM31,8.20411846747067e-05,gene/protein
OTUB1,8.20411846747067e-05,gene/protein
DET1,8.20411846747067e-05,gene/protein
S100B,8.20411846747067e-05,gene/protein
DHX36,8.20411846747067e-05,gene/protein
UFM1,8.20411846747067e-05,gene/protein
GZF1,8.20411846747067e-05,gene/protein
GGCX,8.20411846747067e-05,gene/protein
WFDC3,8.20411846747067e-05,gene/protein
YIPF4,8.20411846747067e-05,gene/protein
TMEM139,8.20411846747067e-05,gene/protein
PGRMC2,8.20411846747067e-05,gene/protein
TSPAN2,8.20411846747067e-05,gene/protein
JAG1,8.20411846747067e-05,gene/protein
NAPB,8.20411846747067e-05,gene/protein
FAM174C,8.20411846747067e-05,gene/protein
autophagosome membrane docking,8.20411846747067e-05,biological_process
organelle localization by membrane tethering,8.20411846747067e-05,biological_process
regulation of calcium ion-dependent exocytosis of neurotransmitter,8.20411846747067e-05,biological_process
ACAD9,8.20411846747067e-05,gene/protein
skeletal muscle contraction,8.20411846747067e-05,biological_process
DEXI,8.20411846747067e-05,gene/protein
AP4S1,8.20411846747067e-05,gene/protein
SLC36A1,8.20411846747067e-05,gene/protein
Hypoplasia of the fovea,8.20411846747067e-05,effect/phenotype
SLC4A7,8.20411846747067e-05,gene/protein
CDIPT,8.20411846747067e-05,gene/protein
Eyelid coloboma,8.20411846747067e-05,effect/phenotype
TRIM11,8.20411846747067e-05,gene/protein
SPDYC,8.20411846747067e-05,gene/protein
TRIM45,8.20411846747067e-05,gene/protein
LDOC1,8.20411846747067e-05,gene/protein
KIAA0753,8.20411846747067e-05,gene/protein
regulation of androgen receptor signaling pathway,8.20411846747067e-05,biological_process
LDB1,8.20411846747067e-05,gene/protein
IKZF1,8.20411846747067e-05,gene/protein
TFIP11,8.20411846747067e-05,gene/protein
L-serine metabolic process,8.20411846747067e-05,biological_process
FYCO1,8.20411846747067e-05,gene/protein
The proton buffering model,8.20411846747067e-05,pathway
MARCKS,8.20411846747067e-05,gene/protein
CHAT,8.20411846747067e-05,gene/protein
GAST,8.20411846747067e-05,gene/protein
PLPPR2,8.20411846747067e-05,gene/protein
TMEM243,8.20411846747067e-05,gene/protein
ATF4 activates genes in response to endoplasmic reticulum  stress,8.20411846747067e-05,pathway
Response of EIF2AK4 (GCN2) to amino acid deficiency,8.20411846747067e-05,pathway
Response of EIF2AK1 (HRI) to heme deficiency,8.20411846747067e-05,pathway
SNX12,8.20411846747067e-05,gene/protein
GNPTG,8.20411846747067e-05,gene/protein
HPS5,8.20411846747067e-05,gene/protein
CREB5,8.20411846747067e-05,gene/protein
ZNF280A,8.20411846747067e-05,gene/protein
RBM15B,8.20411846747067e-05,gene/protein
regulation of cardiac muscle cell membrane potential,8.20411846747067e-05,biological_process
cardiac muscle hypertrophy in response to stress,8.20411846747067e-05,biological_process
NSG1,8.20411846747067e-05,gene/protein
TSPAN33,8.20411846747067e-05,gene/protein
UNG,8.20411846747067e-05,gene/protein
RNF114,8.20411846747067e-05,gene/protein
RNF220,8.20411846747067e-05,gene/protein
ARRDC3,8.20411846747067e-05,gene/protein
protein K27-linked ubiquitination,8.20411846747067e-05,biological_process
protein K6-linked ubiquitination,8.20411846747067e-05,biological_process
POLR3C,8.20411846747067e-05,gene/protein
C2CD6,8.20411846747067e-05,gene/protein
RINT1,8.20411846747067e-05,gene/protein
TSGA10,8.20411846747067e-05,gene/protein
MTUS2,8.20411846747067e-05,gene/protein
TLK2,8.20411846747067e-05,gene/protein
RIPOR2,8.20411846747067e-05,gene/protein
SFT2D1,8.20411846747067e-05,gene/protein
ANK1,8.20411846747067e-05,gene/protein
C2CD2L,8.20411846747067e-05,gene/protein
negative regulation of axon extension,8.20411846747067e-05,biological_process
negative regulation of vitamin D biosynthetic process,8.20411846747067e-05,biological_process
SLC45A4,8.20411846747067e-05,gene/protein
CLEC3A,8.20411846747067e-05,gene/protein
PNMA2,8.20411846747067e-05,gene/protein
CBSL,8.20411846747067e-05,gene/protein
NSFL1C,8.20411846747067e-05,gene/protein
hydrogen sulfide biosynthetic process,8.20411846747067e-05,biological_process
INSRR,8.20411846747067e-05,gene/protein
L-serine catabolic process,8.20411846747067e-05,biological_process
SAA1,8.20411846747067e-05,gene/protein
PIGG,8.20411846747067e-05,gene/protein
CLDN10,8.20411846747067e-05,gene/protein
VKORC1L1,8.20411846747067e-05,gene/protein
KIR3DL2,8.20411846747067e-05,gene/protein
ARIH1,8.20411846747067e-05,gene/protein
negative regulation of cholesterol transport,8.20411846747067e-05,biological_process
ZPBP2,8.20411846747067e-05,gene/protein
STAC,8.20411846747067e-05,gene/protein
ZNF124,8.20411846747067e-05,gene/protein
NKIRAS2,8.20411846747067e-05,gene/protein
SERP2,8.20411846747067e-05,gene/protein
CHRND,8.20411846747067e-05,gene/protein
calcium ion import into sarcoplasmic reticulum,8.20411846747067e-05,biological_process
autophagosome assembly,8.20411846747067e-05,biological_process
ULK3,8.20411846747067e-05,gene/protein
PAQR6,8.20411846747067e-05,gene/protein
TRAT1,8.20411846747067e-05,gene/protein
AKAP5,8.20411846747067e-05,gene/protein
response to fructose,8.20411846747067e-05,biological_process
PPIB,8.20411846747067e-05,gene/protein
TMEM69,8.20411846747067e-05,gene/protein
MIDN,8.20411846747067e-05,gene/protein
LINC00479,8.20411846747067e-05,gene/protein
DDX46,8.20411846747067e-05,gene/protein
RTP2,8.20411846747067e-05,gene/protein
PCDHAC1,8.20411846747067e-05,gene/protein
PCDHA4,8.20411846747067e-05,gene/protein
TMEM187,8.20411846747067e-05,gene/protein
SEC22A,8.20411846747067e-05,gene/protein
CNTN1,8.20411846747067e-05,gene/protein
FKBP6,8.20411846747067e-05,gene/protein
UGP2,8.20411846747067e-05,gene/protein
Cysteine formation from homocysteine,8.20411846747067e-05,pathway
homocysteine catabolic process,8.20411846747067e-05,biological_process
homocysteine metabolic process,8.20411846747067e-05,biological_process
FXR2,8.20411846747067e-05,gene/protein
MAP3K8 (TPL2)-dependent MAPK1/3 activation,8.20411846747067e-05,pathway
ELOVL1,8.20411846747067e-05,gene/protein
OST4,8.20411846747067e-05,gene/protein
SVOP,8.20411846747067e-05,gene/protein
OCIAD2,8.20411846747067e-05,gene/protein
GPR37,8.20411846747067e-05,gene/protein
KRTAP10-9,8.20411846747067e-05,gene/protein
MYL6,8.20411846747067e-05,gene/protein
CDK17,8.20411846747067e-05,gene/protein
EIF5B,8.20411846747067e-05,gene/protein
LRP10,8.20411846747067e-05,gene/protein
AQP10,8.20411846747067e-05,gene/protein
SERPINA6,8.20411846747067e-05,gene/protein
OTULINL,8.20411846747067e-05,gene/protein
VSX2,8.20411846747067e-05,gene/protein
cysteine biosynthetic process,8.20411846747067e-05,biological_process
cysteine biosynthetic process from serine,8.20411846747067e-05,biological_process
TADA2A,8.20411846747067e-05,gene/protein
NCCRP1,8.20411846747067e-05,gene/protein
CRNN,8.20411846747067e-05,gene/protein
mitochondrial transmembrane transport,8.20411846747067e-05,biological_process
ZG16B,8.20411846747067e-05,gene/protein
negative regulation of insulin secretion involved in cellular response to glucose stimulus,8.20411846747067e-05,biological_process
CBY2,8.20411846747067e-05,gene/protein
SSX2IP,8.20411846747067e-05,gene/protein
SNORC,8.20411846747067e-05,gene/protein
HHATL,8.20411846747067e-05,gene/protein
BTN2A2,8.20411846747067e-05,gene/protein
MAN2B2,8.20411846747067e-05,gene/protein
LEPROTL1,8.20411846747067e-05,gene/protein
SYNGR3,8.20411846747067e-05,gene/protein
PKD1,8.20411846747067e-05,gene/protein
PRSS2,8.20411846747067e-05,gene/protein
SERP1,8.20411846747067e-05,gene/protein
KRTAP10-11,8.20411846747067e-05,gene/protein
SCGB2A1,8.20411846747067e-05,gene/protein
ARFRP1,8.20411846747067e-05,gene/protein
ACSF3,8.20411846747067e-05,gene/protein
MT-ND4L,8.20411846747067e-05,gene/protein
ZNF99,8.20411846747067e-05,gene/protein
STOML2,8.20411846747067e-05,gene/protein
VAMP4,8.20411846747067e-05,gene/protein
POLR2F,8.20411846747067e-05,gene/protein
HSPA13,8.20411846747067e-05,gene/protein
GLS,8.20411846747067e-05,gene/protein
LNPK,8.20411846747067e-05,gene/protein
AIM2,8.20411846747067e-05,gene/protein
negative regulation of interleukin-12 production,8.20411846747067e-05,biological_process
RHEX,8.20411846747067e-05,gene/protein
LAMP2,8.20411846747067e-05,gene/protein
LYZ,8.20411846747067e-05,gene/protein
ACP2,8.20411846747067e-05,gene/protein
B4GALT1,8.20411846747067e-05,gene/protein
GK,8.20411846747067e-05,gene/protein
NFATC4,8.20411846747067e-05,gene/protein
CLEC3B,8.20411846747067e-05,gene/protein
PTPRS,8.20411846747067e-05,gene/protein
PTPRZ1,8.20411846747067e-05,gene/protein
HRG,8.20411846747067e-05,gene/protein
FFAR2,8.20411846747067e-05,gene/protein
CIR1,8.20411846747067e-05,gene/protein
FLNB,8.20411846747067e-05,gene/protein
CRTC2,8.20411846747067e-05,gene/protein
CCNE2,8.20411846747067e-05,gene/protein
EML2,8.20411846747067e-05,gene/protein
NOMO2,8.20411846747067e-05,gene/protein
CHCHD7,8.20411846747067e-05,gene/protein
GRHL2,8.20411846747067e-05,gene/protein
TRAPPC6A,8.20411846747067e-05,gene/protein
PALS2,8.20411846747067e-05,gene/protein
positive regulation of macrophage derived foam cell differentiation,8.20411846747067e-05,biological_process
ZEB2,8.20411846747067e-05,gene/protein
DPM1,8.20411846747067e-05,gene/protein
RPS10,8.20411846747067e-05,gene/protein
PADI1,8.20411846747067e-05,gene/protein
SF3B1,8.20411846747067e-05,gene/protein
negative regulation of bone resorption,8.20411846747067e-05,biological_process
positive regulation of calcineurin-NFAT signaling cascade,8.20411846747067e-05,biological_process
cell death,8.20411846747067e-05,biological_process
ERG,8.20411846747067e-05,gene/protein
BDKRB2,8.20411846747067e-05,gene/protein
SOX7,8.20411846747067e-05,gene/protein
NAA20,8.20411846747067e-05,gene/protein
SUV39H2,8.20411846747067e-05,gene/protein
WWP1,8.20411846747067e-05,gene/protein
SNRPA,8.20411846747067e-05,gene/protein
IPPK,8.20411846747067e-05,gene/protein
MTMR10,8.20411846747067e-05,gene/protein
LINC00269,8.20411846747067e-05,gene/protein
TMEM176B,8.20411846747067e-05,gene/protein
EMC7,8.20411846747067e-05,gene/protein
negative regulation of glucokinase activity,8.20411846747067e-05,biological_process
urate metabolic process,8.20411846747067e-05,biological_process
RGS10,8.20411846747067e-05,gene/protein
CRB3,8.20411846747067e-05,gene/protein
PDZK1IP1,8.20411846747067e-05,gene/protein
excretion,8.20411846747067e-05,biological_process
ACAA1,8.20411846747067e-05,gene/protein
ART3,8.20411846747067e-05,gene/protein
SCT,8.20411846747067e-05,gene/protein
H3-3A,8.20411846747067e-05,gene/protein
ATP2B1,8.20411846747067e-05,gene/protein
NDUFV2,8.20411846747067e-05,gene/protein
ACTN2,8.20411846747067e-05,gene/protein
GCDH,8.20411846747067e-05,gene/protein
EFEMP1,8.20411846747067e-05,gene/protein
ELAVL3,8.20411846747067e-05,gene/protein
SPOCK1,8.20411846747067e-05,gene/protein
SLC35B2,8.20411846747067e-05,gene/protein
HMGXB4,8.20411846747067e-05,gene/protein
EBI3,8.20411846747067e-05,gene/protein
SF3B3,8.20411846747067e-05,gene/protein
MITD1,8.20411846747067e-05,gene/protein
SLC9A8,8.20411846747067e-05,gene/protein
WBP2,8.20411846747067e-05,gene/protein
SOX5,8.20411846747067e-05,gene/protein
stress-activated MAPK cascade,8.20411846747067e-05,biological_process
C5,8.20411846747067e-05,gene/protein
NDE1,8.20411846747067e-05,gene/protein
PLEKHF2,8.20411846747067e-05,gene/protein
LIPF,8.20411846747067e-05,gene/protein
OIP5,8.20411846747067e-05,gene/protein
CFH,8.20411846747067e-05,gene/protein
heme catabolic process,8.20411846747067e-05,biological_process
LRP5,8.20411846747067e-05,gene/protein
SCAF1,8.20411846747067e-05,gene/protein
PPWD1,8.20411846747067e-05,gene/protein
WNT1,8.20411846747067e-05,gene/protein
ACVR2A,8.20411846747067e-05,gene/protein
DUSP9,8.20411846747067e-05,gene/protein
MICB,8.20411846747067e-05,gene/protein
C5AR1,8.20411846747067e-05,gene/protein
GUCY1B1,8.20411846747067e-05,gene/protein
RPS18,8.20411846747067e-05,gene/protein
PCSK7,8.20411846747067e-05,gene/protein
HYAL2,8.20411846747067e-05,gene/protein
HUNK,8.20411846747067e-05,gene/protein
ARL6IP4,8.20411846747067e-05,gene/protein
TAMALIN,8.20411846747067e-05,gene/protein
VARS1,8.20411846747067e-05,gene/protein
TAOK2,8.20411846747067e-05,gene/protein
negative regulation of muscle cell apoptotic process,8.20411846747067e-05,biological_process
protein insertion into ER membrane,8.20411846747067e-05,biological_process
MBD1,8.20411846747067e-05,gene/protein
LSR,8.20411846747067e-05,gene/protein
MASP2,8.20411846747067e-05,gene/protein
CD46,8.20411846747067e-05,gene/protein
oviduct epithelium development,8.20411846747067e-05,biological_process
CTSG,8.20411846747067e-05,gene/protein
CPN1,8.20411846747067e-05,gene/protein
Dopamine Neurotransmitter Release Cycle,8.20411846747067e-05,pathway
Intestinal hexose absorption,8.20411846747067e-05,pathway
intestinal hexose absorption,8.20411846747067e-05,biological_process
glycerol catabolic process,8.20411846747067e-05,biological_process
glycerol-3-phosphate metabolic process,8.20411846747067e-05,biological_process
Triglyceride catabolism,8.20411846747067e-05,pathway
negative regulation of myosin-light-chain-phosphatase activity,8.20411846747067e-05,biological_process
RYR2,8.20411846747067e-05,gene/protein
ODF3B,8.20411846747067e-05,gene/protein
SPEG,8.20411846747067e-05,gene/protein
CCNJL,8.20411846747067e-05,gene/protein
SPRY4,8.20411846747067e-05,gene/protein
H2AC16,8.20411846747067e-05,gene/protein
PCDHB7,8.20411846747067e-05,gene/protein
MYORG,8.20411846747067e-05,gene/protein
FOXK2,8.20411846747067e-05,gene/protein
CREM,8.20411846747067e-05,gene/protein
TLX3,8.20411846747067e-05,gene/protein
ACTR5,8.20411846747067e-05,gene/protein
CYSTM1,8.20411846747067e-05,gene/protein
negative regulation of macroautophagy,8.20411846747067e-05,biological_process
TM4SF19-DYNLT2B,8.20411846747067e-05,gene/protein
TEX264,8.20411846747067e-05,gene/protein
carbohydrate derivative metabolic process,8.20411846747067e-05,biological_process
WDR36,8.20411846747067e-05,gene/protein
NCKIPSD,8.20411846747067e-05,gene/protein
GRK3,8.20411846747067e-05,gene/protein
MXD3,8.20411846747067e-05,gene/protein
IL4I1,8.20411846747067e-05,gene/protein
GCSAM,8.20411846747067e-05,gene/protein
Mullerian duct regression,8.20411846747067e-05,biological_process
glycerophosphate shuttle,8.20411846747067e-05,biological_process
CXXC5,8.20411846747067e-05,gene/protein
synaptic vesicle docking,8.20411846747067e-05,biological_process
STX19,8.20411846747067e-05,gene/protein
histamine uptake,8.20411846747067e-05,biological_process
organic anion transport,8.20411846747067e-05,biological_process
SYT3,8.20411846747067e-05,gene/protein
PRRT2,8.20411846747067e-05,gene/protein
Motor tics,8.20411846747067e-05,effect/phenotype
Sensory processing of sound by inner hair cells of the cochlea,8.20411846747067e-05,pathway
CCNQP1,8.20411846747067e-05,gene/protein
IL22RA2,8.20411846747067e-05,gene/protein
TCEAL3,8.20411846747067e-05,gene/protein
PITRM1,8.20411846747067e-05,gene/protein
CD14,8.20411846747067e-05,gene/protein
NFKBIL1,8.20411846747067e-05,gene/protein
CYB5R3,8.20411846747067e-05,gene/protein
CPD,8.20411846747067e-05,gene/protein
SGCB,8.20411846747067e-05,gene/protein
ITGA11,8.20411846747067e-05,gene/protein
PLEC,8.20411846747067e-05,gene/protein
NAA38,8.20411846747067e-05,gene/protein
PRKX,8.20411846747067e-05,gene/protein
COPS3,8.20411846747067e-05,gene/protein
CDC42SE2,8.20411846747067e-05,gene/protein
MAD2L1BP,8.20411846747067e-05,gene/protein
CDC42EP3,8.20411846747067e-05,gene/protein
PELP1,8.20411846747067e-05,gene/protein
"GABA synthesis, release, reuptake and degradation",8.20411846747067e-05,pathway
Acetylcholine Neurotransmitter Release Cycle,8.20411846747067e-05,pathway
Synthesis of PA,8.20411846747067e-05,pathway
TRAPPC10,8.20411846747067e-05,gene/protein
synaptic vesicle fusion to presynaptic active zone membrane,8.20411846747067e-05,biological_process
exocytic insertion of neurotransmitter receptor to postsynaptic membrane,8.20411846747067e-05,biological_process
neurotransmitter receptor internalization,8.20411846747067e-05,biological_process
Norepinephrine Neurotransmitter Release Cycle,8.20411846747067e-05,pathway
Serotonin Neurotransmitter Release Cycle,8.20411846747067e-05,pathway
synaptic vesicle priming,8.20411846747067e-05,biological_process
Toxicity of botulinum toxin type A (botA),8.20411846747067e-05,pathway
TRIM9,8.20411846747067e-05,gene/protein
ZNF559-ZNF177,8.20411846747067e-05,gene/protein
STX3,8.20411846747067e-05,gene/protein
associative learning,8.20411846747067e-05,biological_process
protein import into nucleus,8.20411846747067e-05,biological_process
NPHP1,8.20411846747067e-05,gene/protein
SNORD42B,8.20411846747067e-05,gene/protein
NKIRAS1,8.20411846747067e-05,gene/protein
CLK4,8.20411846747067e-05,gene/protein
UBE2R2,8.20411846747067e-05,gene/protein
PHIP,8.20411846747067e-05,gene/protein
NEURL1,8.20411846747067e-05,gene/protein
MTSS1,8.20411846747067e-05,gene/protein
PI4K2B,8.20411846747067e-05,gene/protein
UBE2D3,8.20411846747067e-05,gene/protein
CDK16,8.20411846747067e-05,gene/protein
WDR41,8.20411846747067e-05,gene/protein
TMEM79,8.20411846747067e-05,gene/protein
PLRG1,8.20411846747067e-05,gene/protein
KPNA4,8.20411846747067e-05,gene/protein
ITGB5,8.20411846747067e-05,gene/protein
Toxicity of botulinum toxin type C (botC),8.20411846747067e-05,pathway
TPD52,8.20411846747067e-05,gene/protein
CPSF7,8.20411846747067e-05,gene/protein
METTL14,8.20411846747067e-05,gene/protein
HSP90AA5P,8.20411846747067e-05,gene/protein
TRIM32,8.20411846747067e-05,gene/protein
ICE2,8.20411846747067e-05,gene/protein
negative regulation of oxidoreductase activity,8.20411846747067e-05,biological_process
regulation of glycogen metabolic process,8.20411846747067e-05,biological_process
CFHR3,8.20411846747067e-05,gene/protein
vesicle fusion,8.20411846747067e-05,biological_process
MSMO1,8.20411846747067e-05,gene/protein
ELOVL5,8.20411846747067e-05,gene/protein
WDR55,8.20411846747067e-05,gene/protein
GAS6,8.20411846747067e-05,gene/protein
NEK1,8.20411846747067e-05,gene/protein
MINK1,8.20411846747067e-05,gene/protein
NEK10,8.20411846747067e-05,gene/protein
THOC3,8.20411846747067e-05,gene/protein
FAM78A,8.20411846747067e-05,gene/protein
QTRT1,8.20411846747067e-05,gene/protein
CCDC167,8.20411846747067e-05,gene/protein
UBE2Q2,8.20411846747067e-05,gene/protein
ZNHIT6,8.20411846747067e-05,gene/protein
PRPF40B,8.20411846747067e-05,gene/protein
cellular response to cisplatin,8.20411846747067e-05,biological_process
cellular response to arsenic-containing substance,8.20411846747067e-05,biological_process
negative regulation of mast cell degranulation,8.20411846747067e-05,biological_process
regulation of DNA-binding transcription factor activity,8.20411846747067e-05,biological_process
ARL13B,8.20411846747067e-05,gene/protein
Toxicity of botulinum toxin type E (botE),8.20411846747067e-05,pathway
SARAF,8.20411846747067e-05,gene/protein
RUSC2,8.20411846747067e-05,gene/protein
ARPC5,8.20411846747067e-05,gene/protein
ERBB4,8.20411846747067e-05,gene/protein
ATXN10,8.20411846747067e-05,gene/protein
PNPLA2,8.20411846747067e-05,gene/protein
cellular response to nutrient,8.20411846747067e-05,biological_process
XPOT,8.20411846747067e-05,gene/protein
ERBB2 Regulates Cell Motility,8.20411846747067e-05,pathway
regulation of transcription from RNA polymerase II promoter in response to oxidative stress,8.20411846747067e-05,biological_process
SMO,8.20411846747067e-05,gene/protein
TM4SF19,8.20411846747067e-05,gene/protein
TLCD4,8.20411846747067e-05,gene/protein
FAM174A,8.20411846747067e-05,gene/protein
PPP1R10,8.20411846747067e-05,gene/protein
UGT8,8.20411846747067e-05,gene/protein
CDC7,8.20411846747067e-05,gene/protein
CR1,8.20411846747067e-05,gene/protein
CUEDC1,8.20411846747067e-05,gene/protein
negative regulation of hydrogen peroxide catabolic process,8.20411846747067e-05,biological_process
cellular response to peptide,8.20411846747067e-05,biological_process
cellular response to nerve growth factor stimulus,8.20411846747067e-05,biological_process
CCDC9,8.20411846747067e-05,gene/protein
B4GALT7,8.20411846747067e-05,gene/protein
TMEM39B,8.20411846747067e-05,gene/protein
TRAF3IP1,8.20411846747067e-05,gene/protein
CBWD1,8.20411846747067e-05,gene/protein
WDFY3,8.20411846747067e-05,gene/protein
DHTKD1,8.20411846747067e-05,gene/protein
HNRNPH1,8.20411846747067e-05,gene/protein
GBF1,8.20411846747067e-05,gene/protein
ASAP3,8.20411846747067e-05,gene/protein
TOM1L1,8.20411846747067e-05,gene/protein
DNAAF5,8.20411846747067e-05,gene/protein
RAPGEF1,8.20411846747067e-05,gene/protein
RBM10,8.20411846747067e-05,gene/protein
NPR2,8.20411846747067e-05,gene/protein
SCAMP3,8.20411846747067e-05,gene/protein
GABARAPL2,8.20411846747067e-05,gene/protein
KCNN1,8.20411846747067e-05,gene/protein
SYN1,8.20411846747067e-05,gene/protein
HOXC10,8.20411846747067e-05,gene/protein
WDR13,8.20411846747067e-05,gene/protein
TBRG4,8.20411846747067e-05,gene/protein
HNRNPK,8.20411846747067e-05,gene/protein
neurotransmitter uptake,8.20411846747067e-05,biological_process
synaptic vesicle exocytosis,8.20411846747067e-05,biological_process
neurotransmitter secretion,8.20411846747067e-05,biological_process
long-term synaptic potentiation,8.20411846747067e-05,biological_process
RPN1,8.20411846747067e-05,gene/protein
HSPA2,8.20411846747067e-05,gene/protein
EEA1,8.20411846747067e-05,gene/protein
KCND3,8.20411846747067e-05,gene/protein
XRN2,8.20411846747067e-05,gene/protein
"positive regulation of synaptic transmission, glutamatergic",8.20411846747067e-05,biological_process
positive regulation of prolactin secretion,8.20411846747067e-05,biological_process
PICALM,8.20411846747067e-05,gene/protein
TNC,8.20411846747067e-05,gene/protein
SH2D3A,8.20411846747067e-05,gene/protein
SH3D21,8.20411846747067e-05,gene/protein
SGPL1,8.20411846747067e-05,gene/protein
EREG,8.20411846747067e-05,gene/protein
SH3BGRL,8.20411846747067e-05,gene/protein
TNS3,8.20411846747067e-05,gene/protein
DNAJB11,8.20411846747067e-05,gene/protein
PRKD1,8.20411846747067e-05,gene/protein
"complement activation, classical pathway",8.20411846747067e-05,biological_process
negative regulation of protein secretion,8.20411846747067e-05,biological_process
SPIN1,8.20411846747067e-05,gene/protein
NPEPPSP1,8.20411846747067e-05,gene/protein
STXBP2,8.20411846747067e-05,gene/protein
KLC3,8.20411846747067e-05,gene/protein
WTAP,8.20411846747067e-05,gene/protein
DYNLT1,8.20411846747067e-05,gene/protein
VAT1,8.20411846747067e-05,gene/protein
NME2P1,8.20411846747067e-05,gene/protein
CLDN17,8.20411846747067e-05,gene/protein
ZNF346,8.20411846747067e-05,gene/protein
ITSN2,8.20411846747067e-05,gene/protein
response to calcium ion,8.20411846747067e-05,biological_process
Downregulation of ERBB2 signaling,8.20411846747067e-05,pathway
ABHD4,8.20411846747067e-05,gene/protein
TSTD2,8.20411846747067e-05,gene/protein
IGKC,8.20411846747067e-05,gene/protein
AOPEP,8.20411846747067e-05,gene/protein
SCN11A,8.20411846747067e-05,gene/protein
TUFM,8.20411846747067e-05,gene/protein
DOK6,8.20411846747067e-05,gene/protein
RGS16,8.20411846747067e-05,gene/protein
VAV2,8.20411846747067e-05,gene/protein
CHD5,8.20411846747067e-05,gene/protein
FAH,8.20411846747067e-05,gene/protein
NDFIP1,8.20411846747067e-05,gene/protein
positive regulation of phosphorylation,8.20411846747067e-05,biological_process
TUBB6,8.20411846747067e-05,gene/protein
STX17,8.20411846747067e-05,gene/protein
NAGPA,8.20411846747067e-05,gene/protein
RIOK1,8.20411846747067e-05,gene/protein
NUDT21,8.20411846747067e-05,gene/protein
MARCHF5,8.20411846747067e-05,gene/protein
defense response,8.20411846747067e-05,biological_process
GSTK1,8.20411846747067e-05,gene/protein
HSD17B3,8.20411846747067e-05,gene/protein
FH,8.20411846747067e-05,gene/protein
CFHR4,8.20411846747067e-05,gene/protein
CTSL,8.20411846747067e-05,gene/protein
CR2,8.20411846747067e-05,gene/protein
CA8,8.20411846747067e-05,gene/protein
Activation of C3 and C5,8.20411846747067e-05,pathway
neuron remodeling,8.20411846747067e-05,biological_process
purinergic nucleotide receptor signaling pathway,8.20411846747067e-05,biological_process
VKORC1,8.20411846747067e-05,gene/protein
RPL11,8.20411846747067e-05,gene/protein
H2AX,8.20411846747067e-05,gene/protein
EIF2B3,8.20411846747067e-05,gene/protein
PTPRT,8.20411846747067e-05,gene/protein
peptidyl-tyrosine autophosphorylation,8.20411846747067e-05,biological_process
midgut development,8.20411846747067e-05,biological_process
translation,8.20411846747067e-05,biological_process
positive regulation of protein kinase C activity,8.20411846747067e-05,biological_process
SH3BGRL3,8.20411846747067e-05,gene/protein
response to UV-A,8.20411846747067e-05,biological_process
negative regulation of ERBB signaling pathway,8.20411846747067e-05,biological_process
Cargo recognition for clathrin-mediated endocytosis,8.20411846747067e-05,pathway
Clathrin-mediated endocytosis,8.20411846747067e-05,pathway
PTK6 promotes HIF1A stabilization,8.20411846747067e-05,pathway
ERBB2 signaling pathway,8.20411846747067e-05,biological_process
tongue development,8.20411846747067e-05,biological_process
PLSCR1,8.20411846747067e-05,gene/protein
ITGAX,8.20411846747067e-05,gene/protein
PKN3,8.20411846747067e-05,gene/protein
protein insertion into membrane,8.20411846747067e-05,biological_process
hydrogen peroxide metabolic process,8.20411846747067e-05,biological_process
MDH1,8.20411846747067e-05,gene/protein
viral life cycle,8.20411846747067e-05,biological_process
activation of phospholipase A2 activity by calcium-mediated signaling,8.20411846747067e-05,biological_process
negative regulation of cardiocyte differentiation,8.20411846747067e-05,biological_process
regulation of peptidyl-tyrosine phosphorylation,8.20411846747067e-05,biological_process
magnesium ion homeostasis,8.20411846747067e-05,biological_process
regulation of ERK1 and ERK2 cascade,8.20411846747067e-05,biological_process
regulation of phosphatidylinositol 3-kinase signaling,8.20411846747067e-05,biological_process
ovulation cycle,8.20411846747067e-05,biological_process
SLC5A1,8.20411846747067e-05,gene/protein
UROD,8.20411846747067e-05,gene/protein
response to osmotic stress,8.20411846747067e-05,biological_process
PIK3C2A,8.20411846747067e-05,gene/protein
RAB18,8.20411846747067e-05,gene/protein
ADAMTS4,8.20411846747067e-05,gene/protein
AASDHPPT,8.20411846747067e-05,gene/protein
RAB9A,8.20411846747067e-05,gene/protein
positive regulation of actin filament bundle assembly,8.20411846747067e-05,biological_process
positive regulation of G protein-coupled receptor signaling pathway,8.20411846747067e-05,biological_process
complement-dependent cytotoxicity,8.20411846747067e-05,biological_process
"positive regulation of phagocytosis, engulfment",8.20411846747067e-05,biological_process
complement-mediated synapse pruning,8.20411846747067e-05,biological_process
vertebrate eye-specific patterning,8.20411846747067e-05,biological_process
positive regulation of apoptotic cell clearance,8.20411846747067e-05,biological_process
positive regulation of activation of membrane attack complex,8.20411846747067e-05,biological_process
positive regulation of receptor-mediated endocytosis,8.20411846747067e-05,biological_process
GOLGA6L9,8.20411846747067e-05,gene/protein
Alternative complement activation,8.20411846747067e-05,pathway
SEC61B,8.20411846747067e-05,gene/protein
response to hydroxyisoflavone,8.20411846747067e-05,biological_process
GPRC5A,8.20411846747067e-05,gene/protein
H2AC19,8.20411846747067e-05,gene/protein
ANKRD13D,8.20411846747067e-05,gene/protein
ST8SIA4,8.20411846747067e-05,gene/protein
OAZ1,8.20411846747067e-05,gene/protein
LAPTM4B,8.20411846747067e-05,gene/protein
ATXN2,8.20411846747067e-05,gene/protein
OSMR,8.20411846747067e-05,gene/protein
EPS8,8.20411846747067e-05,gene/protein
positive regulation of DNA replication,8.20411846747067e-05,biological_process
regulation of cell motility,8.20411846747067e-05,biological_process
negative regulation of Notch signaling pathway,8.20411846747067e-05,biological_process
H2AC18,8.20411846747067e-05,gene/protein
EIF4G2,8.20411846747067e-05,gene/protein
TCF7L1,8.20411846747067e-05,gene/protein
MAP4K3,8.20411846747067e-05,gene/protein
regulation of vasculature development,8.20411846747067e-05,biological_process
blood vessel morphogenesis,8.20411846747067e-05,biological_process
THOC6,8.20411846747067e-05,gene/protein
regulation of complement activation,8.20411846747067e-05,biological_process
complement activation,8.20411846747067e-05,biological_process
"complement activation, alternative pathway",8.20411846747067e-05,biological_process
positive regulation of type IIa hypersensitivity,8.20411846747067e-05,biological_process
regulation of triglyceride biosynthetic process,8.20411846747067e-05,biological_process
cell surface receptor signaling pathway involved in cell-cell signaling,8.20411846747067e-05,biological_process
Regulation of Complement cascade,8.20411846747067e-05,pathway
ZSCAN20,8.20411846747067e-05,gene/protein
FES,8.20411846747067e-05,gene/protein
ERCC1,8.20411846747067e-05,gene/protein
EPGN,8.20411846747067e-05,gene/protein
RAB3GAP1,8.20411846747067e-05,gene/protein
establishment of protein localization to membrane,8.20411846747067e-05,biological_process
trehalose metabolism in response to stress,8.20411846747067e-05,biological_process
BAMBI,8.20411846747067e-05,gene/protein
SGPP2,8.20411846747067e-05,gene/protein
Phonic tics,8.20411846747067e-05,effect/phenotype
NANOG,8.20411846747067e-05,gene/protein
ARF5,8.20411846747067e-05,gene/protein
TP53 Regulates Transcription of Death Receptors and Ligands,8.20411846747067e-05,pathway
PTPRH,8.20411846747067e-05,gene/protein
PDK3,8.20411846747067e-05,gene/protein
MPV17,8.20411846747067e-05,gene/protein
LRRC29,8.20411846747067e-05,gene/protein
SLC38A7,8.20411846747067e-05,gene/protein
BOD1,8.20411846747067e-05,gene/protein
DELE1,8.20411846747067e-05,gene/protein
COX6A1,8.20411846747067e-05,gene/protein
cellular response to hyperoxia,8.20411846747067e-05,biological_process
Fas signaling pathway,8.20411846747067e-05,biological_process
regulation of stress-activated MAPK cascade,8.20411846747067e-05,biological_process
negative regulation of heart contraction,8.20411846747067e-05,biological_process
ABHD11,8.20411846747067e-05,gene/protein
positive regulation of cysteine-type endopeptidase activity involved in apoptotic signaling pathway,8.20411846747067e-05,biological_process
UFSP2,8.20411846747067e-05,gene/protein
FAM91A1,8.20411846747067e-05,gene/protein
activation-induced cell death of T cells,8.20411846747067e-05,biological_process
PTPN7,8.20411846747067e-05,gene/protein
MATR3,8.20411846747067e-05,gene/protein
TMEM161A,8.20411846747067e-05,gene/protein
PALMD,8.20411846747067e-05,gene/protein
MASP1,8.20411846747067e-05,gene/protein
cell-abiotic substrate adhesion,8.20411846747067e-05,biological_process
TFAP2 (AP-2) family regulates transcription of growth factors and their receptors,8.20411846747067e-05,pathway
NOTCH3 Activation and Transmission of Signal to the Nucleus,8.20411846747067e-05,pathway
OLFM1,8.20411846747067e-05,gene/protein
HEXA,8.20411846747067e-05,gene/protein
Signal transduction by L1,8.20411846747067e-05,pathway
Signaling by EGFR,8.20411846747067e-05,pathway
ERBB2 Activates PTK6 Signaling,8.20411846747067e-05,pathway
DNTTIP1,8.20411846747067e-05,gene/protein
DDX51,8.20411846747067e-05,gene/protein
UTP25,8.20411846747067e-05,gene/protein
EGFR Transactivation by Gastrin,8.20411846747067e-05,pathway
ATG3,8.20411846747067e-05,gene/protein
RHOBTB3,8.20411846747067e-05,gene/protein
FAIM2,8.20411846747067e-05,gene/protein
positive regulation of apoptotic signaling pathway,8.20411846747067e-05,biological_process
SSU72,8.20411846747067e-05,gene/protein
JPH4,8.20411846747067e-05,gene/protein
FAHD1,8.20411846747067e-05,gene/protein
SRP54,8.20411846747067e-05,gene/protein
PIGU,8.20411846747067e-05,gene/protein
TSN,8.20411846747067e-05,gene/protein
TRMT61B,8.20411846747067e-05,gene/protein
PPP2R3C,8.20411846747067e-05,gene/protein
CLCN6,8.20411846747067e-05,gene/protein
NEURL4,8.20411846747067e-05,gene/protein
PIP4P1,8.20411846747067e-05,gene/protein
ZNF212,8.20411846747067e-05,gene/protein
UBAP2,8.20411846747067e-05,gene/protein
EMC3,8.20411846747067e-05,gene/protein
OPRD1,8.20411846747067e-05,gene/protein
MPTX1,8.20411846747067e-05,gene/protein
diterpenoid metabolic process,8.20411846747067e-05,biological_process
CWC25,8.20411846747067e-05,gene/protein
oncostatin-M-mediated signaling pathway,8.20411846747067e-05,biological_process
leukemia inhibitory factor signaling pathway,8.20411846747067e-05,biological_process
Signalling to p38 via RIT and RIN,8.20411846747067e-05,pathway
endochondral ossification,8.20411846747067e-05,biological_process
PLEK2,8.20411846747067e-05,gene/protein
CCL16,8.20411846747067e-05,gene/protein
TMEM169,8.20411846747067e-05,gene/protein
SARM1,8.20411846747067e-05,gene/protein
MED23,8.20411846747067e-05,gene/protein
EPS8L2,8.20411846747067e-05,gene/protein
EEF1A2,8.20411846747067e-05,gene/protein
ZNF189,8.20411846747067e-05,gene/protein
PCYT2,8.20411846747067e-05,gene/protein
RCBTB1,8.20411846747067e-05,gene/protein
SS18L1,8.20411846747067e-05,gene/protein
POLK,8.20411846747067e-05,gene/protein
MDP1,8.20411846747067e-05,gene/protein
LAMTOR1,8.20411846747067e-05,gene/protein
CEP162,8.20411846747067e-05,gene/protein
positive regulation of endoplasmic reticulum calcium ion concentration,8.20411846747067e-05,biological_process
DHCR24,8.20411846747067e-05,gene/protein
ESYT2,8.20411846747067e-05,gene/protein
SLN,8.20411846747067e-05,gene/protein
SLC33A1,8.20411846747067e-05,gene/protein
VTI1B,8.20411846747067e-05,gene/protein
membrane organization,8.20411846747067e-05,biological_process
positive regulation of bone resorption,8.20411846747067e-05,biological_process
ALG8,8.20411846747067e-05,gene/protein
MBD4,8.20411846747067e-05,gene/protein
PPP1R3E,8.20411846747067e-05,gene/protein
BATF3,8.20411846747067e-05,gene/protein
ITFG1,8.20411846747067e-05,gene/protein
CTSV,8.20411846747067e-05,gene/protein
Spry regulation of FGF signaling,8.20411846747067e-05,pathway
Frs2-mediated activation,8.20411846747067e-05,pathway
FKBPL,8.20411846747067e-05,gene/protein
ARMCX3,8.20411846747067e-05,gene/protein
SLC22A9,8.20411846747067e-05,gene/protein
ARMS-mediated activation,8.20411846747067e-05,pathway
positive regulation of dendritic spine maintenance,8.20411846747067e-05,biological_process
regulation of protein kinase activity,8.20411846747067e-05,biological_process
transmission of nerve impulse,8.20411846747067e-05,biological_process
regulation of T cell differentiation in thymus,8.20411846747067e-05,biological_process
regulation of GTPase activity,8.20411846747067e-05,biological_process
NUBPL,8.20411846747067e-05,gene/protein
FBXO33,8.20411846747067e-05,gene/protein
motor neuron apoptotic process,8.20411846747067e-05,biological_process
retinal rod cell apoptotic process,8.20411846747067e-05,biological_process
SPRR2A,8.20411846747067e-05,gene/protein
carbohydrate transport,8.20411846747067e-05,biological_process
DHCR7,8.20411846747067e-05,gene/protein
TBC1D7,8.20411846747067e-05,gene/protein
S100A1,8.20411846747067e-05,gene/protein
NSA2,8.20411846747067e-05,gene/protein
TMEM120A,8.20411846747067e-05,gene/protein
KLHL12,8.20411846747067e-05,gene/protein
SEC14L3,8.20411846747067e-05,gene/protein
ATP5PO,8.20411846747067e-05,gene/protein
AP1G2,8.20411846747067e-05,gene/protein
NGDN,8.20411846747067e-05,gene/protein
ZNF76,8.20411846747067e-05,gene/protein
CEBPG,8.20411846747067e-05,gene/protein
SNX16,8.20411846747067e-05,gene/protein
positive regulation of mitochondrial membrane potential,8.20411846747067e-05,biological_process
retrograde axonal transport,8.20411846747067e-05,biological_process
embryo implantation,8.20411846747067e-05,biological_process
positive regulation of interleukin-33 production,8.20411846747067e-05,biological_process
regulation of branching involved in salivary gland morphogenesis,8.20411846747067e-05,biological_process
positive regulation of superoxide dismutase activity,8.20411846747067e-05,biological_process
negative regulation of branching involved in lung morphogenesis,8.20411846747067e-05,biological_process
positive regulation of translational initiation by iron,8.20411846747067e-05,biological_process
negative regulation of alkaline phosphatase activity,8.20411846747067e-05,biological_process
regulation of endothelial cell apoptotic process,8.20411846747067e-05,biological_process
positive regulation of hair follicle development,8.20411846747067e-05,biological_process
UGT2B10,8.20411846747067e-05,gene/protein
SSUH2,8.20411846747067e-05,gene/protein
BLCAP,8.20411846747067e-05,gene/protein
ARAP3,8.20411846747067e-05,gene/protein
ruffle assembly,8.20411846747067e-05,biological_process
Recurrent infections due to aspiration,8.20411846747067e-05,effect/phenotype
TMCO1,8.20411846747067e-05,gene/protein
OCIAD1,8.20411846747067e-05,gene/protein
MBOAT1,8.20411846747067e-05,gene/protein
SEC22B,8.20411846747067e-05,gene/protein
TUBA1C,8.20411846747067e-05,gene/protein
SLC43A3,8.20411846747067e-05,gene/protein
ZNF292,8.20411846747067e-05,gene/protein
KRIT1,8.20411846747067e-05,gene/protein
Recurrent Burkholderia cepacia infections,8.20411846747067e-05,effect/phenotype
ADM,8.20411846747067e-05,gene/protein
Respiratory infections in early life,8.20411846747067e-05,effect/phenotype
EIF2B1,8.20411846747067e-05,gene/protein
ID3,8.20411846747067e-05,gene/protein
CHRM5,8.20411846747067e-05,gene/protein
FSHR,8.20411846747067e-05,gene/protein
PAGE1,8.20411846747067e-05,gene/protein
positive regulation of protein transport,8.20411846747067e-05,biological_process
negative regulation of protein-containing complex disassembly,8.20411846747067e-05,biological_process
nitric oxide-cGMP-mediated signaling pathway,8.20411846747067e-05,biological_process
positive regulation of peptide hormone secretion,8.20411846747067e-05,biological_process
positive regulation of vitamin D biosynthetic process,8.20411846747067e-05,biological_process
positive regulation of nitrogen compound metabolic process,8.20411846747067e-05,biological_process
positive regulation of calcidiol 1-monooxygenase activity,8.20411846747067e-05,biological_process
defense response to Gram-positive bacterium,8.20411846747067e-05,biological_process
regulation of synapse organization,8.20411846747067e-05,biological_process
osteoclast differentiation,8.20411846747067e-05,biological_process
ANKS4B,8.20411846747067e-05,gene/protein
ATP5PB,8.20411846747067e-05,gene/protein
GOLT1B,8.20411846747067e-05,gene/protein
YIPF5,8.20411846747067e-05,gene/protein
Recurrent Serratia marcescens infections,8.20411846747067e-05,effect/phenotype
oxidative single-stranded RNA demethylation,8.20411846747067e-05,biological_process
OR5F1,8.20411846747067e-05,gene/protein
regulation of peroxisome proliferator activated receptor signaling pathway,8.20411846747067e-05,biological_process
CWC15,8.20411846747067e-05,gene/protein
ATIC,8.20411846747067e-05,gene/protein
CAV2,8.20411846747067e-05,gene/protein
positive regulation of protein targeting to membrane,8.20411846747067e-05,biological_process
RPS19BP1,8.20411846747067e-05,gene/protein
RSRC1,8.20411846747067e-05,gene/protein
TBCCD1,8.20411846747067e-05,gene/protein
FSD1,8.20411846747067e-05,gene/protein
COG4,8.20411846747067e-05,gene/protein
GPN3,8.20411846747067e-05,gene/protein
Negative regulation of MAPK pathway,8.20411846747067e-05,pathway
Negative feedback regulation of MAPK pathway,8.20411846747067e-05,pathway
positive regulation of brown fat cell differentiation,8.20411846747067e-05,biological_process
PRDM2,8.20411846747067e-05,gene/protein
visual learning,8.20411846747067e-05,biological_process
negative regulation of glial cell proliferation,8.20411846747067e-05,biological_process
NCDN,8.20411846747067e-05,gene/protein
POLR3GL,8.20411846747067e-05,gene/protein
KRTAP9-8,8.20411846747067e-05,gene/protein
VCX2,8.20411846747067e-05,gene/protein
MRPL53,8.20411846747067e-05,gene/protein
TRIM13,8.20411846747067e-05,gene/protein
ZNF669,8.20411846747067e-05,gene/protein
MPHOSPH8,8.20411846747067e-05,gene/protein
RAD54L2,8.20411846747067e-05,gene/protein
oxidative single-stranded DNA demethylation,8.20411846747067e-05,biological_process
regulation of respiratory system process,8.20411846747067e-05,biological_process
regulation of white fat cell proliferation,8.20411846747067e-05,biological_process
mRNA destabilization,8.20411846747067e-05,biological_process
negative regulation of neuroblast migration,8.20411846747067e-05,biological_process
NPC1L1,8.20411846747067e-05,gene/protein
positive regulation of synoviocyte proliferation,8.20411846747067e-05,biological_process
positive regulation of chronic inflammatory response to antigenic stimulus,8.20411846747067e-05,biological_process
Synthesis of IP3 and IP4 in the cytosol,8.20411846747067e-05,pathway
Interleukin receptor SHC signaling,8.20411846747067e-05,pathway
inositol phosphate metabolic process,8.20411846747067e-05,biological_process
phosphatidylinositol dephosphorylation,8.20411846747067e-05,biological_process
immune system process,8.20411846747067e-05,biological_process
SLC38A3,8.20411846747067e-05,gene/protein
TP53INP2,8.20411846747067e-05,gene/protein
STARD7,8.20411846747067e-05,gene/protein
CHST13,8.20411846747067e-05,gene/protein
TEN1,8.20411846747067e-05,gene/protein
ONECUT1,8.20411846747067e-05,gene/protein
oxygen homeostasis,8.20411846747067e-05,biological_process
mRNA transport,8.20411846747067e-05,biological_process
regulation of RNA metabolic process,8.20411846747067e-05,biological_process
Insulin-like Growth Factor-2 mRNA Binding Proteins (IGF2BPs/IMPs/VICKZs) bind RNA,8.20411846747067e-05,pathway
CLTA,8.20411846747067e-05,gene/protein
AP1S1,8.20411846747067e-05,gene/protein
renal glucose absorption,8.20411846747067e-05,biological_process
MRM3,8.20411846747067e-05,gene/protein
HCFC2,8.20411846747067e-05,gene/protein
Reversal of alkylation damage by DNA dioxygenases,8.20411846747067e-05,pathway
DNA demethylation,8.20411846747067e-05,biological_process
positive regulation of glial cell differentiation,8.20411846747067e-05,biological_process
negative regulation of wound healing,8.20411846747067e-05,biological_process
TCEAL5,8.20411846747067e-05,gene/protein
cellular response to organic substance,8.20411846747067e-05,biological_process
positive regulation of tight junction disassembly,8.20411846747067e-05,biological_process
positive regulation of uterine smooth muscle relaxation,8.20411846747067e-05,biological_process
LARP7,8.20411846747067e-05,gene/protein
HSCB,8.20411846747067e-05,gene/protein
blood coagulation,8.20411846747067e-05,biological_process
MFSD3,8.20411846747067e-05,gene/protein
PRR12,8.20411846747067e-05,gene/protein
BASP1,8.20411846747067e-05,gene/protein
PRDX5,8.20411846747067e-05,gene/protein
Scissor gait,8.20411846747067e-05,effect/phenotype
SACS,8.20411846747067e-05,gene/protein
EPDR1,8.20411846747067e-05,gene/protein
NSUN2,8.20411846747067e-05,gene/protein
TP53BP1,8.20411846747067e-05,gene/protein
CCS,8.20411846747067e-05,gene/protein
negative regulation of cholesterol biosynthetic process,8.20411846747067e-05,biological_process
SLC1A1,8.20411846747067e-05,gene/protein
negative regulation of translation,8.20411846747067e-05,biological_process
regulation of neuron projection development,8.20411846747067e-05,biological_process
VAMP7,8.20411846747067e-05,gene/protein
CENPV,8.20411846747067e-05,gene/protein
DYNC2LI1,8.20411846747067e-05,gene/protein
DMAP1,8.20411846747067e-05,gene/protein
KLB,8.20411846747067e-05,gene/protein
NXF2B,8.20411846747067e-05,gene/protein
regulation of low-density lipoprotein particle clearance,8.20411846747067e-05,biological_process
COL9A3,8.20411846747067e-05,gene/protein
negative regulation of blood-brain barrier permeability,8.20411846747067e-05,biological_process
RAPGEF4,8.20411846747067e-05,gene/protein
cellular response to ethanol,8.20411846747067e-05,biological_process
CCDC120,8.20411846747067e-05,gene/protein
YPEL3,8.20411846747067e-05,gene/protein
CFAP53,8.20411846747067e-05,gene/protein
TESC,8.20411846747067e-05,gene/protein
TIPRL,8.20411846747067e-05,gene/protein
Recurrent systemic pyogenic infections,8.20411846747067e-05,effect/phenotype
Recurrent Haemophilus influenzae infections,8.20411846747067e-05,effect/phenotype
Recurrent Neisserial infections,8.20411846747067e-05,effect/phenotype
RNA repair,8.20411846747067e-05,biological_process
DNA dealkylation involved in DNA repair,8.20411846747067e-05,biological_process
MINDY3,8.20411846747067e-05,gene/protein
SRBD1,8.20411846747067e-05,gene/protein
NUDCD2,8.20411846747067e-05,gene/protein
RRM2B,8.20411846747067e-05,gene/protein
Abacavir transmembrane transport,8.20411846747067e-05,pathway
POTEKP,8.20411846747067e-05,gene/protein
COPG1,8.20411846747067e-05,gene/protein
DNAAF2,8.20411846747067e-05,gene/protein
SYT1,8.20411846747067e-05,gene/protein
SCAMP1,8.20411846747067e-05,gene/protein
Recurrent bronchopulmonary infections,8.20411846747067e-05,effect/phenotype
Recurrent acute respiratory tract infection,8.20411846747067e-05,effect/phenotype
MEPCE,8.20411846747067e-05,gene/protein
PRDM6,8.20411846747067e-05,gene/protein
cytoskeleton organization,8.20411846747067e-05,biological_process
ESPL1,8.20411846747067e-05,gene/protein
MAT2B,8.20411846747067e-05,gene/protein
selenium compound metabolic process,8.20411846747067e-05,biological_process
FAM50B,8.20411846747067e-05,gene/protein
MISP,8.20411846747067e-05,gene/protein
EFHC1,8.20411846747067e-05,gene/protein
KLHL38,8.20411846747067e-05,gene/protein
SASS6,8.20411846747067e-05,gene/protein
ITLN2,8.20411846747067e-05,gene/protein
Antimicrobial peptides,8.20411846747067e-05,pathway
antimicrobial humoral response,8.20411846747067e-05,biological_process
monoamine transport,8.20411846747067e-05,biological_process
PPM1G,8.20411846747067e-05,gene/protein
POLI,8.20411846747067e-05,gene/protein
negative regulation of glial cell differentiation,8.20411846747067e-05,biological_process
Recurrent mycobacterium avium complex infections,8.20411846747067e-05,effect/phenotype
response to nematode,8.20411846747067e-05,biological_process
ETNPPL,8.20411846747067e-05,gene/protein
PCDHB10,8.20411846747067e-05,gene/protein
type B pancreatic cell maturation,8.20411846747067e-05,biological_process
IPO9,8.20411846747067e-05,gene/protein
COG8,8.20411846747067e-05,gene/protein
AP4E1,8.20411846747067e-05,gene/protein
RPRD2,8.20411846747067e-05,gene/protein
RNF40,8.20411846747067e-05,gene/protein
SDHD,8.20411846747067e-05,gene/protein
TRIM46,8.20411846747067e-05,gene/protein
positive regulation of type B pancreatic cell development,8.20411846747067e-05,biological_process
GMCL1,8.20411846747067e-05,gene/protein
TBCA,8.20411846747067e-05,gene/protein
SYT9,8.20411846747067e-05,gene/protein
epinephrine uptake,8.20411846747067e-05,biological_process
quaternary ammonium group transport,8.20411846747067e-05,biological_process
purine-containing compound transmembrane transport,8.20411846747067e-05,biological_process
serotonin uptake,8.20411846747067e-05,biological_process
PDZD3,8.20411846747067e-05,gene/protein
TKT,8.20411846747067e-05,gene/protein
toxin transport,8.20411846747067e-05,biological_process
histamine metabolic process,8.20411846747067e-05,biological_process
Organic cation transport,8.20411846747067e-05,pathway
organic cation transport,8.20411846747067e-05,biological_process
norepinephrine uptake,8.20411846747067e-05,biological_process
dopamine uptake,8.20411846747067e-05,biological_process
NGLY1,8.20411846747067e-05,gene/protein
protein-DNA complex assembly,8.20411846747067e-05,biological_process
embryonic morphogenesis,8.20411846747067e-05,biological_process
CCDC103,8.20411846747067e-05,gene/protein
KRTAP9-3,8.20411846747067e-05,gene/protein
UBXN2B,8.20411846747067e-05,gene/protein
NAIF1,8.20411846747067e-05,gene/protein
CABP5,8.20411846747067e-05,gene/protein
SLC30A1,8.20411846747067e-05,gene/protein
S-adenosylmethionine biosynthetic process,8.20411846747067e-05,biological_process
methionine catabolic process,8.20411846747067e-05,biological_process
Defective MAT1A causes MATD,8.20411846747067e-05,pathway
chylomicron remnant clearance,8.20411846747067e-05,biological_process
type B pancreatic cell proliferation,8.20411846747067e-05,biological_process
oligodendrocyte differentiation,8.20411846747067e-05,biological_process
regulation of neuron migration,8.20411846747067e-05,biological_process
FBXO2,8.20411846747067e-05,gene/protein
Chylomicron clearance,8.20411846747067e-05,pathway
SLC12A8,8.20411846747067e-05,gene/protein
positive regulation of neuroblast proliferation,8.20411846747067e-05,biological_process
CINP,8.20411846747067e-05,gene/protein
ZNF410,8.20411846747067e-05,gene/protein
DLEU1-AS1,8.20411846747067e-05,gene/protein
CBX3,8.20411846747067e-05,gene/protein
MRPL15,8.20411846747067e-05,gene/protein
ATAD3A,8.20411846747067e-05,gene/protein
pronephric nephron tubule development,8.20411846747067e-05,biological_process
LXN,8.20411846747067e-05,gene/protein
SPG21,8.20411846747067e-05,gene/protein
CIB3,8.20411846747067e-05,gene/protein
ACOT7,8.20411846747067e-05,gene/protein
NCBP2,8.20411846747067e-05,gene/protein
positive regulation of oxidative stress-induced intrinsic apoptotic signaling pathway,8.20411846747067e-05,biological_process
cardiac conduction system development,8.20411846747067e-05,biological_process
Signaling by BMP,8.20411846747067e-05,pathway
embryonic pattern specification,8.20411846747067e-05,biological_process
bone development,8.20411846747067e-05,biological_process
osteoblast fate commitment,8.20411846747067e-05,biological_process
MOB1B,8.20411846747067e-05,gene/protein
STXBP6,8.20411846747067e-05,gene/protein
ZNF177,8.20411846747067e-05,gene/protein
CPLX1,8.20411846747067e-05,gene/protein
DDX39B,8.20411846747067e-05,gene/protein
STX4,8.20411846747067e-05,gene/protein
PCBD2,8.20411846747067e-05,gene/protein
SRRT,8.20411846747067e-05,gene/protein
SCRN1,8.20411846747067e-05,gene/protein
NME7,8.20411846747067e-05,gene/protein
EXOSC6,8.20411846747067e-05,gene/protein
PITPNB,8.20411846747067e-05,gene/protein
retina homeostasis,8.20411846747067e-05,biological_process
CCT2,8.20411846747067e-05,gene/protein
ZC3H18,8.20411846747067e-05,gene/protein
HECW1,8.20411846747067e-05,gene/protein
API5,8.20411846747067e-05,gene/protein
USP54,8.20411846747067e-05,gene/protein
positive regulation of voltage-gated potassium channel activity,8.20411846747067e-05,biological_process
KRTAP26-1,8.20411846747067e-05,gene/protein
LINC01565,8.20411846747067e-05,gene/protein
OXER1,8.20411846747067e-05,gene/protein
MLLT10,8.20411846747067e-05,gene/protein
pronephros development,8.20411846747067e-05,biological_process
monocarboxylic acid transport,8.20411846747067e-05,biological_process
UQCC2,8.20411846747067e-05,gene/protein
regulation of pronephros size,8.20411846747067e-05,biological_process
HNRNPUL1,8.20411846747067e-05,gene/protein
SPOPL,8.20411846747067e-05,gene/protein
regulation of cholesterol transporter activity,8.20411846747067e-05,biological_process
MREG,8.20411846747067e-05,gene/protein
SGK2,8.20411846747067e-05,gene/protein
MAPRE1,8.20411846747067e-05,gene/protein
PIGP,8.20411846747067e-05,gene/protein
cellular response to unfolded protein,8.20411846747067e-05,biological_process
MCAT,8.20411846747067e-05,gene/protein
GLIPR1L2,8.20411846747067e-05,gene/protein
CYP4F12,8.20411846747067e-05,gene/protein
PABPC4,8.20411846747067e-05,gene/protein
auditory receptor cell stereocilium organization,8.20411846747067e-05,biological_process
response to antipsychotic drug,8.20411846747067e-05,biological_process
GAR1,8.20411846747067e-05,gene/protein
TMEM86B,8.20411846747067e-05,gene/protein
RNF213,8.20411846747067e-05,gene/protein
USP11,8.20411846747067e-05,gene/protein
negative regulation of signal transduction,8.20411846747067e-05,biological_process
platelet-derived growth factor receptor-beta signaling pathway,8.20411846747067e-05,biological_process
growth hormone receptor signaling pathway via JAK-STAT,8.20411846747067e-05,biological_process
Integrin signaling,8.20411846747067e-05,pathway
Regulation of IFNG signaling,8.20411846747067e-05,pathway
PTK6 Down-Regulation,8.20411846747067e-05,pathway
Regulation of IFNA signaling,8.20411846747067e-05,pathway
peptidyl-tyrosine dephosphorylation involved in inactivation of protein kinase activity,8.20411846747067e-05,biological_process
MECP2 regulates neuronal receptors and channels,8.20411846747067e-05,pathway
long-chain fatty acid transport,8.20411846747067e-05,biological_process
Negative regulation of MET activity,8.20411846747067e-05,pathway
response to carbohydrate,8.20411846747067e-05,biological_process
Regulation of gene expression in late stage (branching morphogenesis) pancreatic bud precursor cells,8.20411846747067e-05,pathway
CHD8,8.20411846747067e-05,gene/protein
MED24,8.20411846747067e-05,gene/protein
NOP10,8.20411846747067e-05,gene/protein
cellular response to ATP,8.20411846747067e-05,biological_process
SUMO4,8.20411846747067e-05,gene/protein
neurofilament cytoskeleton organization,8.20411846747067e-05,biological_process
response to carbon monoxide,8.20411846747067e-05,biological_process
response to axon injury,8.20411846747067e-05,biological_process
FUBP1,8.20411846747067e-05,gene/protein
LARS1,8.20411846747067e-05,gene/protein
Steppage gait,8.20411846747067e-05,effect/phenotype
Waddling gait,8.20411846747067e-05,effect/phenotype
HRNR,8.20411846747067e-05,gene/protein
SRP19,8.20411846747067e-05,gene/protein
RNF19A,8.20411846747067e-05,gene/protein
PCNP,8.20411846747067e-05,gene/protein
regulation of endocytosis,8.20411846747067e-05,biological_process
RHOBTB2,8.20411846747067e-05,gene/protein
AFAP1,8.20411846747067e-05,gene/protein
MRC2,8.20411846747067e-05,gene/protein
neuronal stem cell population maintenance,8.20411846747067e-05,biological_process
LBH,8.20411846747067e-05,gene/protein
FLYWCH2,8.20411846747067e-05,gene/protein
tRNA modification,8.20411846747067e-05,biological_process
maintenance of translational fidelity,8.20411846747067e-05,biological_process
BPIFB1,8.20411846747067e-05,gene/protein
KCTD13,8.20411846747067e-05,gene/protein
peptidyl-tyrosine dephosphorylation,8.20411846747067e-05,biological_process
CASZ1,8.20411846747067e-05,gene/protein
positive regulation of heart growth,8.20411846747067e-05,biological_process
lymphatic endothelial cell differentiation,8.20411846747067e-05,biological_process
tRNA methylthiolation,8.20411846747067e-05,biological_process
GANAB,8.20411846747067e-05,gene/protein
RETREG3,8.20411846747067e-05,gene/protein
GRIP1,8.20411846747067e-05,gene/protein
SMARCD3,8.20411846747067e-05,gene/protein
GHITM,8.20411846747067e-05,gene/protein
ENPP6,8.20411846747067e-05,gene/protein
GOLIM4,8.20411846747067e-05,gene/protein
FAM234B,8.20411846747067e-05,gene/protein
FHOD1,8.20411846747067e-05,gene/protein
KDM4C,8.20411846747067e-05,gene/protein
ANP32A,8.20411846747067e-05,gene/protein
BCAS2,8.20411846747067e-05,gene/protein
EDF1,8.20411846747067e-05,gene/protein
regulation of glycogen biosynthetic process,8.20411846747067e-05,biological_process
TIMMDC1,8.20411846747067e-05,gene/protein
SLCO6A1,8.20411846747067e-05,gene/protein
GID4,8.20411846747067e-05,gene/protein
CHCHD2,8.20411846747067e-05,gene/protein
Astrocytic Glutamate-Glutamine Uptake And Metabolism,8.20411846747067e-05,pathway
Effects of PIP2 hydrolysis,8.20411846747067e-05,pathway
negative regulation of granulocyte differentiation,8.20411846747067e-05,biological_process
negative regulation of synaptic transmission,8.20411846747067e-05,biological_process
negative regulation of tumor necrosis factor-mediated signaling pathway,8.20411846747067e-05,biological_process
negative regulation of DNA biosynthetic process,8.20411846747067e-05,biological_process
regulation of fatty acid biosynthetic process,8.20411846747067e-05,biological_process
positive regulation of glycogen (starch) synthase activity,8.20411846747067e-05,biological_process
AMIGO1,8.20411846747067e-05,gene/protein
NEMP1,8.20411846747067e-05,gene/protein
Transport of inorganic cations/anions and amino acids/oligopeptides,8.20411846747067e-05,pathway
negative regulation of cytosolic calcium ion concentration,8.20411846747067e-05,biological_process
MAST2,8.20411846747067e-05,gene/protein
PPP1R9B,8.20411846747067e-05,gene/protein
LMO4,8.20411846747067e-05,gene/protein
TRAPPC5,8.20411846747067e-05,gene/protein
GSE1,8.20411846747067e-05,gene/protein
KAT8,8.20411846747067e-05,gene/protein
histone acetylation,8.20411846747067e-05,biological_process
DNA repair,8.20411846747067e-05,biological_process
FOXR1,8.20411846747067e-05,gene/protein
FOXR2,8.20411846747067e-05,gene/protein
Phase 4 - resting membrane potential,8.20411846747067e-05,pathway
SMYD1,8.20411846747067e-05,gene/protein
positive regulation of progesterone secretion,8.20411846747067e-05,biological_process
lymphangiogenesis,8.20411846747067e-05,biological_process
OLIG3,8.20411846747067e-05,gene/protein
CCDC136,8.20411846747067e-05,gene/protein
GATAD2B,8.20411846747067e-05,gene/protein
TCHP,8.20411846747067e-05,gene/protein
FOXD4L1,8.20411846747067e-05,gene/protein
ZNF664,8.20411846747067e-05,gene/protein
ZNRF4,8.20411846747067e-05,gene/protein
RMND5A,8.20411846747067e-05,gene/protein
YPEL5,8.20411846747067e-05,gene/protein
RSPH9,8.20411846747067e-05,gene/protein
PDGFD,8.20411846747067e-05,gene/protein
TIGD5,8.20411846747067e-05,gene/protein
INSL6,8.20411846747067e-05,gene/protein
MRPL4,8.20411846747067e-05,gene/protein
GID8,8.20411846747067e-05,gene/protein
erythrocyte maturation,8.20411846747067e-05,biological_process
TMEM30B,8.20411846747067e-05,gene/protein
stabilization of membrane potential,8.20411846747067e-05,biological_process
PRG3,8.20411846747067e-05,gene/protein
DNTTIP2,8.20411846747067e-05,gene/protein
negative regulation of response to endoplasmic reticulum stress,8.20411846747067e-05,biological_process
L-glutamate transmembrane transport,8.20411846747067e-05,biological_process
negative regulation of macrophage differentiation,8.20411846747067e-05,biological_process
AMPK inhibits chREBP transcriptional activation activity,8.20411846747067e-05,pathway
D-aspartate import across plasma membrane,8.20411846747067e-05,biological_process
diacylglycerol metabolic process,8.20411846747067e-05,biological_process
FEZ1,8.20411846747067e-05,gene/protein
SREK1,8.20411846747067e-05,gene/protein
Erythropoietin activates STAT5,8.20411846747067e-05,pathway
Erythropoietin activates RAS,8.20411846747067e-05,pathway
positive regulation of clathrin-dependent endocytosis,8.20411846747067e-05,biological_process
TTL,8.20411846747067e-05,gene/protein
glutathione biosynthetic process,8.20411846747067e-05,biological_process
Generic Transcription Pathway,8.20411846747067e-05,pathway
Abnormality of extrapyramidal motor function,8.20411846747067e-05,effect/phenotype
LURAP1,8.20411846747067e-05,gene/protein
SYT6,8.20411846747067e-05,gene/protein
activation of JUN kinase activity,8.20411846747067e-05,biological_process
TMEM41A,8.20411846747067e-05,gene/protein
AMTN,8.20411846747067e-05,gene/protein
negative regulation of PERK-mediated unfolded protein response,8.20411846747067e-05,biological_process
regulation of intracellular protein transport,8.20411846747067e-05,biological_process
PCGF6,8.20411846747067e-05,gene/protein
regulation of type I interferon-mediated signaling pathway,8.20411846747067e-05,biological_process
regulation of hepatocyte growth factor receptor signaling pathway,8.20411846747067e-05,biological_process
MRPL38,8.20411846747067e-05,gene/protein
NACC1,8.20411846747067e-05,gene/protein
protein glycosylation,8.20411846747067e-05,biological_process
regulation of intracellular cholesterol transport,8.20411846747067e-05,biological_process
dolichyl diphosphate biosynthetic process,8.20411846747067e-05,biological_process
positive regulation of receptor catabolic process,8.20411846747067e-05,biological_process
MTREX,8.20411846747067e-05,gene/protein
NTM,8.20411846747067e-05,gene/protein
central nervous system neuron differentiation,8.20411846747067e-05,biological_process
Synthesis of Dolichyl-phosphate,8.20411846747067e-05,pathway
GHDC,8.20411846747067e-05,gene/protein
positive regulation of lamellipodium assembly,8.20411846747067e-05,biological_process
axon extension,8.20411846747067e-05,biological_process
positive regulation of Rac protein signal transduction,8.20411846747067e-05,biological_process
dendrite extension,8.20411846747067e-05,biological_process
RUNX1 interacts with co-factors whose precise effect on RUNX1 targets is not known,8.20411846747067e-05,pathway
MRGBP,8.20411846747067e-05,gene/protein
positive regulation of triglyceride catabolic process,8.20411846747067e-05,biological_process
DCTN4,8.20411846747067e-05,gene/protein
enucleate erythrocyte development,8.20411846747067e-05,biological_process
vascular endothelial growth factor signaling pathway,8.20411846747067e-05,biological_process
BRD8,8.20411846747067e-05,gene/protein
positive regulation of fat cell differentiation,8.20411846747067e-05,biological_process
TGF-beta receptor signaling activates SMADs,8.20411846747067e-05,pathway
TGF-beta receptor signaling in EMT (epithelial to mesenchymal transition),8.20411846747067e-05,pathway
Syndecan interactions,8.20411846747067e-05,pathway
RUNX3 regulates p14-ARF,8.20411846747067e-05,pathway
DENND4A,8.20411846747067e-05,gene/protein
positive regulation of pathway-restricted SMAD protein phosphorylation,8.20411846747067e-05,biological_process
Defective DHDDS causes retinitis pigmentosa 59,8.20411846747067e-05,pathway
dolichol biosynthetic process,8.20411846747067e-05,biological_process
protein mannosylation,8.20411846747067e-05,biological_process
positive regulation of SMAD protein signal transduction,8.20411846747067e-05,biological_process
very-low-density lipoprotein particle remodeling,8.20411846747067e-05,biological_process
SSR1,8.20411846747067e-05,gene/protein
TNFSF15,8.20411846747067e-05,gene/protein
TAPBPL,8.20411846747067e-05,gene/protein
pathway-restricted SMAD protein phosphorylation,8.20411846747067e-05,biological_process
negative regulation of integrin-mediated signaling pathway,8.20411846747067e-05,biological_process
positive regulation of protein ubiquitination,8.20411846747067e-05,biological_process
enteroendocrine cell differentiation,8.20411846747067e-05,biological_process
negative regulation of receptor signaling pathway via JAK-STAT,8.20411846747067e-05,biological_process
pancreatic A cell fate commitment,8.20411846747067e-05,biological_process
PDHX,8.20411846747067e-05,gene/protein
pancreatic PP cell fate commitment,8.20411846747067e-05,biological_process
nucleocytoplasmic transport,8.20411846747067e-05,biological_process
INTS1,8.20411846747067e-05,gene/protein
XKRX,8.20411846747067e-05,gene/protein
positive regulation of histone H4-K16 acetylation,8.20411846747067e-05,biological_process
MAP2K4,8.20411846747067e-05,gene/protein
TNFRSF13B,8.20411846747067e-05,gene/protein
Influenza Virus Induced Apoptosis,8.20411846747067e-05,pathway
Cell surface interactions at the vascular wall,8.20411846747067e-05,pathway
Molecules associated with elastic fibres,8.20411846747067e-05,pathway
Downregulation of TGF-beta receptor signaling,8.20411846747067e-05,pathway
regulation of intestinal epithelial structure maintenance,8.20411846747067e-05,biological_process
negative regulation of platelet-derived growth factor receptor signaling pathway,8.20411846747067e-05,biological_process
adult behavior,8.20411846747067e-05,biological_process
cellular response to extracellular stimulus,8.20411846747067e-05,biological_process
telencephalon development,8.20411846747067e-05,biological_process
ion transport,8.20411846747067e-05,biological_process
cellular response to cocaine,8.20411846747067e-05,biological_process
transepithelial transport,8.20411846747067e-05,biological_process
visual behavior,8.20411846747067e-05,biological_process
second-messenger-mediated signaling,8.20411846747067e-05,biological_process
neurotransmitter reuptake,8.20411846747067e-05,biological_process
cysteine transmembrane transport,8.20411846747067e-05,biological_process
L-aspartate transmembrane transport,8.20411846747067e-05,biological_process
MRPL1,8.20411846747067e-05,gene/protein
positive regulation of fibroblast migration,8.20411846747067e-05,biological_process
positive regulation of fat cell apoptotic process,8.20411846747067e-05,biological_process
amacrine cell differentiation,8.20411846747067e-05,biological_process
positive regulation of NAD+ ADP-ribosyltransferase activity,8.20411846747067e-05,biological_process
TGFBR2 MSI Frameshift Mutants in Cancer,8.20411846747067e-05,pathway
SMAD2/3 Phosphorylation Motif Mutants in Cancer,8.20411846747067e-05,pathway
ECM proteoglycans,8.20411846747067e-05,pathway
transforming growth factor beta receptor signaling pathway involved in heart development,8.20411846747067e-05,biological_process
negative regulation of macrophage cytokine production,8.20411846747067e-05,biological_process
embryonic liver development,8.20411846747067e-05,biological_process
age-dependent response to reactive oxygen species,8.20411846747067e-05,biological_process
RGS14,8.20411846747067e-05,gene/protein
GPBP1,8.20411846747067e-05,gene/protein
neural tube closure,8.20411846747067e-05,biological_process
negative regulation of cell-cell adhesion,8.20411846747067e-05,biological_process
DPF3,8.20411846747067e-05,gene/protein
embryonic organ morphogenesis,8.20411846747067e-05,biological_process
CRTAM,8.20411846747067e-05,gene/protein
common-partner SMAD protein phosphorylation,8.20411846747067e-05,biological_process
regulation of blood vessel remodeling,8.20411846747067e-05,biological_process
ZBTB25,8.20411846747067e-05,gene/protein
ISCU,8.20411846747067e-05,gene/protein
positive regulation of microglia differentiation,8.20411846747067e-05,biological_process
ossification involved in bone remodeling,8.20411846747067e-05,biological_process
muscle cell cellular homeostasis,8.20411846747067e-05,biological_process
response to electrical stimulus,8.20411846747067e-05,biological_process
LDHAL6A,8.20411846747067e-05,gene/protein
SMARCA5,8.20411846747067e-05,gene/protein
response to manganese ion,8.20411846747067e-05,biological_process
response to silicon dioxide,8.20411846747067e-05,biological_process
positive regulation of hydrogen peroxide biosynthetic process,8.20411846747067e-05,biological_process
negative regulation of skeletal muscle tissue development,8.20411846747067e-05,biological_process
acetylcholine-mediated vasodilation involved in regulation of systemic arterial blood pressure,8.20411846747067e-05,biological_process
USP34,8.20411846747067e-05,gene/protein
SLC2A3,8.20411846747067e-05,gene/protein
TBCD,8.20411846747067e-05,gene/protein
ENPP2,8.20411846747067e-05,gene/protein
MON2,8.20411846747067e-05,gene/protein
ARHGAP28,8.20411846747067e-05,gene/protein
ITM2C,8.20411846747067e-05,gene/protein
negative regulation of cytolysis,8.20411846747067e-05,biological_process
cell-cell junction organization,8.20411846747067e-05,biological_process
positive regulation of extracellular matrix assembly,8.20411846747067e-05,biological_process
response to magnetism,8.20411846747067e-05,biological_process
NABP2,8.20411846747067e-05,gene/protein
negative regulation of membrane hyperpolarization,8.20411846747067e-05,biological_process
regulation of striated muscle tissue development,8.20411846747067e-05,biological_process
lymph node development,8.20411846747067e-05,biological_process
regulation of SMAD protein signal transduction,8.20411846747067e-05,biological_process
positive regulation of vascular permeability,8.20411846747067e-05,biological_process
negative regulation of protein kinase C signaling,8.20411846747067e-05,biological_process
C17orf49,8.20411846747067e-05,gene/protein
RASSF2,8.20411846747067e-05,gene/protein
SMG9,8.20411846747067e-05,gene/protein
CLEC7A (Dectin-1) induces NFAT activation,8.20411846747067e-05,pathway
RUNX1 and FOXP3 control the development of regulatory T lymphocytes (Tregs),8.20411846747067e-05,pathway
FCERI mediated Ca+2 mobilization,8.20411846747067e-05,pathway
Calcineurin activates NFAT,8.20411846747067e-05,pathway
CRELD1,8.20411846747067e-05,gene/protein
FOXP2,8.20411846747067e-05,gene/protein
TGFBR2 Kinase Domain Mutants in Cancer,8.20411846747067e-05,pathway
regulation of binding,8.20411846747067e-05,biological_process
RUNX3 regulates CDKN1A transcription,8.20411846747067e-05,pathway
APOBEC3F,8.20411846747067e-05,gene/protein
PEAK1,8.20411846747067e-05,gene/protein
PPP1R21,8.20411846747067e-05,gene/protein
ANKRD33B,8.20411846747067e-05,gene/protein
ubiquitin-dependent ERAD pathway,8.20411846747067e-05,biological_process
DDX3Y,8.20411846747067e-05,gene/protein
FYTTD1,8.20411846747067e-05,gene/protein
TINAGL1,8.20411846747067e-05,gene/protein
SRI,8.20411846747067e-05,gene/protein
positive regulation of T cell proliferation,8.20411846747067e-05,biological_process
negative regulation of phagocytosis,8.20411846747067e-05,biological_process
positive regulation of signal transduction,8.20411846747067e-05,biological_process
response to linoleic acid,8.20411846747067e-05,biological_process
response to sucrose,8.20411846747067e-05,biological_process
SLC22A23,8.20411846747067e-05,gene/protein
TMEM236,8.20411846747067e-05,gene/protein
Abnormality of the nasal bone,8.20411846747067e-05,effect/phenotype
MFSD14B,8.20411846747067e-05,gene/protein
L-glutamate import across plasma membrane,8.20411846747067e-05,biological_process
PCNX4,8.20411846747067e-05,gene/protein
negative regulation of transmission of nerve impulse,8.20411846747067e-05,biological_process
"positive regulation of circadian sleep/wake cycle, non-REM sleep",8.20411846747067e-05,biological_process
Regulation of gene expression in endocrine-committed (NEUROG3+) progenitor cells,8.20411846747067e-05,pathway
RECK,8.20411846747067e-05,gene/protein
STMN4,8.20411846747067e-05,gene/protein
regulation of neuronal action potential,8.20411846747067e-05,biological_process
positive regulation of transmission of nerve impulse,8.20411846747067e-05,biological_process
negative regulation of cGMP-mediated signaling,8.20411846747067e-05,biological_process
negative regulation of delayed rectifier potassium channel activity,8.20411846747067e-05,biological_process
SF3A3,8.20411846747067e-05,gene/protein
CCNA2,8.20411846747067e-05,gene/protein
LCE2B,8.20411846747067e-05,gene/protein
positive regulation of protein secretion,8.20411846747067e-05,biological_process
TRIP12,8.20411846747067e-05,gene/protein
GPR132,8.20411846747067e-05,gene/protein
SHC-mediated cascade:FGFR1,8.20411846747067e-05,pathway
Downstream signaling of activated FGFR1,8.20411846747067e-05,pathway
positive regulation of renal albumin absorption,8.20411846747067e-05,biological_process
Phospholipase C-mediated cascade: FGFR1,8.20411846747067e-05,pathway
regulation of feeding behavior,8.20411846747067e-05,biological_process
KLK4,8.20411846747067e-05,gene/protein
CD177,8.20411846747067e-05,gene/protein
PSTPIP2,8.20411846747067e-05,gene/protein
MPDU1,8.20411846747067e-05,gene/protein
HYI,8.20411846747067e-05,gene/protein
XRN1,8.20411846747067e-05,gene/protein
RMND5B,8.20411846747067e-05,gene/protein
DMPK,8.20411846747067e-05,gene/protein
CELSR2,8.20411846747067e-05,gene/protein
MED31,8.20411846747067e-05,gene/protein
LACRT,8.20411846747067e-05,gene/protein
Class A/1 (Rhodopsin-like receptors),8.20411846747067e-05,pathway
camera-type eye development,8.20411846747067e-05,biological_process
SLC12A4,8.20411846747067e-05,gene/protein
CCNT1,8.20411846747067e-05,gene/protein
LYST,8.20411846747067e-05,gene/protein
DBN1,8.20411846747067e-05,gene/protein
S1PR1,8.20411846747067e-05,gene/protein
DUSP1,8.20411846747067e-05,gene/protein
ARL4D,8.20411846747067e-05,gene/protein
CYP51A1,8.20411846747067e-05,gene/protein
FABP3,8.20411846747067e-05,gene/protein
ERN1,8.20411846747067e-05,gene/protein
ELK3,8.20411846747067e-05,gene/protein
lipid phosphorylation,8.20411846747067e-05,biological_process
NETO2,8.20411846747067e-05,gene/protein
negative regulation of kinase activity,8.20411846747067e-05,biological_process
FKBP7,8.20411846747067e-05,gene/protein
positive regulation of metanephric glomerular visceral epithelial cell development,8.20411846747067e-05,biological_process
positive regulation of lipid transporter activity,8.20411846747067e-05,biological_process
detection of oxidative stress,8.20411846747067e-05,biological_process
negative regulation of metanephric mesenchymal cell migration,8.20411846747067e-05,biological_process
TRIM35,8.20411846747067e-05,gene/protein
SIGLEC12,8.20411846747067e-05,gene/protein
SLC35E3,8.20411846747067e-05,gene/protein
FRS-mediated FGFR1 signaling,8.20411846747067e-05,pathway
Negative regulation of FGFR1 signaling,8.20411846747067e-05,pathway
PI-3K cascade:FGFR1,8.20411846747067e-05,pathway
DPY19L2P1,8.20411846747067e-05,gene/protein
PIK3CD-AS1,8.20411846747067e-05,gene/protein
LINC01465,8.20411846747067e-05,gene/protein
PSMB8,8.20411846747067e-05,gene/protein
FCHSD2,8.20411846747067e-05,gene/protein
DAB1,8.20411846747067e-05,gene/protein
DMXL1,8.20411846747067e-05,gene/protein
DNTT,8.20411846747067e-05,gene/protein
CCNC,8.20411846747067e-05,gene/protein
RHOC,8.20411846747067e-05,gene/protein
TNFRSF8,8.20411846747067e-05,gene/protein
DUSP2,8.20411846747067e-05,gene/protein
neurogenesis,8.20411846747067e-05,biological_process
APOL6,8.20411846747067e-05,gene/protein
TANGO6,8.20411846747067e-05,gene/protein
PADI3,8.20411846747067e-05,gene/protein
negative regulation of calcidiol 1-monooxygenase activity,8.20411846747067e-05,biological_process
negative regulation of intracellular protein transport,8.20411846747067e-05,biological_process
PROKR2,8.20411846747067e-05,gene/protein
CLEC2D,8.20411846747067e-05,gene/protein
SLC35C2,8.20411846747067e-05,gene/protein
positive regulation of collagen biosynthetic process,8.20411846747067e-05,biological_process
chondrocyte differentiation,8.20411846747067e-05,biological_process
positive regulation of protein dephosphorylation,8.20411846747067e-05,biological_process
central nervous system neuron development,8.20411846747067e-05,biological_process
regulation of steroid biosynthetic process,8.20411846747067e-05,biological_process
bone mineralization involved in bone maturation,8.20411846747067e-05,biological_process
negative regulation of appetite by leptin-mediated signaling pathway,8.20411846747067e-05,biological_process
cellular response to retinoic acid,8.20411846747067e-05,biological_process
CATSPER1,8.20411846747067e-05,gene/protein
WFIKKN1,8.20411846747067e-05,gene/protein
regulation of DNA binding,8.20411846747067e-05,biological_process
negative regulation of programmed cell death,8.20411846747067e-05,biological_process
negative regulation of platelet-derived growth factor receptor-alpha signaling pathway,8.20411846747067e-05,biological_process
ACY1,8.20411846747067e-05,gene/protein
CDK11B,8.20411846747067e-05,gene/protein
DMWD,8.20411846747067e-05,gene/protein
MSC,8.20411846747067e-05,gene/protein
CAMKK1,8.20411846747067e-05,gene/protein
cellular response to dsRNA,8.20411846747067e-05,biological_process
FSCN1,8.20411846747067e-05,gene/protein
JAKMIP1,8.20411846747067e-05,gene/protein
VPS4A,8.20411846747067e-05,gene/protein
SART3,8.20411846747067e-05,gene/protein
MIRLET7I,8.20411846747067e-05,gene/protein
EMP2,8.20411846747067e-05,gene/protein
CSNK1G2,8.20411846747067e-05,gene/protein
ASIC1,8.20411846747067e-05,gene/protein
DUSP6,8.20411846747067e-05,gene/protein
AUP1,8.20411846747067e-05,gene/protein
FGFR1c and Klotho ligand binding and activation,8.20411846747067e-05,pathway
LCE3B,8.20411846747067e-05,gene/protein
positive regulation of chemotaxis,8.20411846747067e-05,biological_process
regulation of natural killer cell proliferation,8.20411846747067e-05,biological_process
elastin metabolic process,8.20411846747067e-05,biological_process
activation of protein kinase C activity,8.20411846747067e-05,biological_process
positive regulation of TOR signaling,8.20411846747067e-05,biological_process
bile acid metabolic process,8.20411846747067e-05,biological_process
hematopoietic progenitor cell differentiation,8.20411846747067e-05,biological_process
vasculogenesis,8.20411846747067e-05,biological_process
negative regulation of hyaluronan biosynthetic process,8.20411846747067e-05,biological_process
TGFB2,8.20411846747067e-05,gene/protein
negative regulation of cell cycle,8.20411846747067e-05,biological_process
GUCY2C,8.20411846747067e-05,gene/protein
KCNJ8,8.20411846747067e-05,gene/protein
BTBD1,8.20411846747067e-05,gene/protein
PPP6R1,8.20411846747067e-05,gene/protein
CLDND1,8.20411846747067e-05,gene/protein
ARL6IP5,8.20411846747067e-05,gene/protein
Intracranial cystic lesion,8.20411846747067e-05,effect/phenotype
Abnormal hypothalamus morphology,8.20411846747067e-05,effect/phenotype
Slow decrease in visual acuity,8.20411846747067e-05,effect/phenotype
Enlarged pituitary gland,8.20411846747067e-05,effect/phenotype
Hypopituitarism,8.20411846747067e-05,effect/phenotype
Papilledema,8.20411846747067e-05,effect/phenotype
HAP1,8.20411846747067e-05,gene/protein
ARL14EP,8.20411846747067e-05,gene/protein
SPPL2A,8.20411846747067e-05,gene/protein
SLC31A2,8.20411846747067e-05,gene/protein
HADHB,8.20411846747067e-05,gene/protein
ABAT,8.20411846747067e-05,gene/protein
positive regulation of myeloid cell apoptotic process,8.20411846747067e-05,biological_process
Headache,8.20411846747067e-05,effect/phenotype
Neoplasm of the anterior pituitary,8.20411846747067e-05,effect/phenotype
KRTAP4-11,8.20411846747067e-05,gene/protein
ASL,8.20411846747067e-05,gene/protein
ERCC8,8.20411846747067e-05,gene/protein
DTX1,8.20411846747067e-05,gene/protein
APLP1,8.20411846747067e-05,gene/protein
AMY2A,8.20411846747067e-05,gene/protein
SORL1,8.20411846747067e-05,gene/protein
MRPL30,8.20411846747067e-05,gene/protein
MIDEAS,8.20411846747067e-05,gene/protein
LAPTM5,8.20411846747067e-05,gene/protein
ACKR3,8.20411846747067e-05,gene/protein
calcineurin-NFAT signaling cascade,8.20411846747067e-05,biological_process
positive regulation of myoblast fusion,8.20411846747067e-05,biological_process
neuron development,8.20411846747067e-05,biological_process
regulation of regulatory T cell differentiation,8.20411846747067e-05,biological_process
C4orf48,8.20411846747067e-05,gene/protein
Ankle clonus,8.20411846747067e-05,immune_effect/phenotype
SELPLG,8.20411846747067e-05,gene/protein
habenula development,8.20411846747067e-05,biological_process
astrocyte differentiation,8.20411846747067e-05,biological_process
"Synthesis, secretion, and inactivation of Glucose-dependent Insulinotropic Polypeptide (GIP)",8.20411846747067e-05,pathway
cerebral cortex regionalization,8.20411846747067e-05,biological_process
regulation of timing of cell differentiation,8.20411846747067e-05,biological_process
regulation of asymmetric cell division,8.20411846747067e-05,biological_process
pancreatic A cell development,8.20411846747067e-05,biological_process
forebrain dorsal/ventral pattern formation,8.20411846747067e-05,biological_process
KIAA1109,8.20411846747067e-05,gene/protein
SND1,8.20411846747067e-05,gene/protein
relaxation of vascular associated smooth muscle,8.20411846747067e-05,biological_process
positive regulation of hyaluronan biosynthetic process,8.20411846747067e-05,biological_process
KCNE1,8.20411846747067e-05,gene/protein
HADHA,8.20411846747067e-05,gene/protein
CLPS,8.20411846747067e-05,gene/protein
Nausea and vomiting,8.20411846747067e-05,effect/phenotype
glucose import across plasma membrane,8.20411846747067e-05,biological_process
Vitamin C (ascorbate) metabolism,8.20411846747067e-05,pathway
Stomatocytosis,8.20411846747067e-05,effect/phenotype
Paroxysmal choreoathetosis,8.20411846747067e-05,effect/phenotype
Lactose synthesis,8.20411846747067e-05,pathway
protein maturation by protein folding,8.20411846747067e-05,biological_process
regulation of natural killer cell mediated cytotoxicity,8.20411846747067e-05,biological_process
aorta development,8.20411846747067e-05,biological_process
L-ascorbic acid metabolic process,8.20411846747067e-05,biological_process
ARL6IP6,8.20411846747067e-05,gene/protein
regulation of gluconeogenesis,8.20411846747067e-05,biological_process
regulation of endothelial cell proliferation,8.20411846747067e-05,biological_process
Recurrent skin infections,8.20411846747067e-05,effect/phenotype
TNRC6B,8.20411846747067e-05,gene/protein
BTBD19,8.20411846747067e-05,gene/protein
ZNF34,8.20411846747067e-05,gene/protein
forebrain-midbrain boundary formation,8.20411846747067e-05,biological_process
oligodendrocyte cell fate specification,8.20411846747067e-05,biological_process
positive regulation of epithelial cell differentiation,8.20411846747067e-05,biological_process
CHAF1A,8.20411846747067e-05,gene/protein
negative regulation of neural precursor cell proliferation,8.20411846747067e-05,biological_process
Activation of anterior HOX genes in hindbrain development during early embryogenesis,8.20411846747067e-05,pathway
lacrimal gland development,8.20411846747067e-05,biological_process
C10orf55,8.20411846747067e-05,gene/protein
GPT,8.20411846747067e-05,gene/protein
APOC2,8.20411846747067e-05,gene/protein
CA5A,8.20411846747067e-05,gene/protein
HGD,8.20411846747067e-05,gene/protein
HAL,8.20411846747067e-05,gene/protein
EFNA3,8.20411846747067e-05,gene/protein
GPS2,8.20411846747067e-05,gene/protein
cornea development in camera-type eye,8.20411846747067e-05,biological_process
iris morphogenesis,8.20411846747067e-05,biological_process
PLEKHB1,8.20411846747067e-05,gene/protein
PRR20B,8.20411846747067e-05,gene/protein
KMT5A,8.20411846747067e-05,gene/protein
Binding of TCF/LEF:CTNNB1 to target gene promoters,8.20411846747067e-05,pathway
C19orf54,8.20411846747067e-05,gene/protein
LCE2C,8.20411846747067e-05,gene/protein
CILP,8.20411846747067e-05,gene/protein
SMUG1,8.20411846747067e-05,gene/protein
PRR20A,8.20411846747067e-05,gene/protein
Formation of the beta-catenin:TCF transactivating complex,8.20411846747067e-05,pathway
ANP32E,8.20411846747067e-05,gene/protein
OR7E91P,8.20411846747067e-05,gene/protein
RUNX3 regulates WNT signaling,8.20411846747067e-05,pathway
JRK,8.20411846747067e-05,gene/protein
SLC39A6,8.20411846747067e-05,gene/protein
Repression of WNT target genes,8.20411846747067e-05,pathway
Signaling by TCF7L2 mutants,8.20411846747067e-05,pathway
MLH3,8.20411846747067e-05,gene/protein
HOMER3,8.20411846747067e-05,gene/protein
EIF1AD,8.20411846747067e-05,gene/protein
PDE4C,8.20411846747067e-05,gene/protein
LONRF1,8.20411846747067e-05,gene/protein
EAF1,8.20411846747067e-05,gene/protein
retina development in camera-type eye,8.20411846747067e-05,biological_process
positive regulation of core promoter binding,8.20411846747067e-05,biological_process
GNB4,8.20411846747067e-05,gene/protein
one-carbon metabolic process,8.20411846747067e-05,biological_process
IKZF5,8.20411846747067e-05,gene/protein
KRTAP19-5,8.20411846747067e-05,gene/protein
establishment of mitotic spindle orientation,8.20411846747067e-05,biological_process
regulation of protein import into nucleus,8.20411846747067e-05,biological_process
embryonic camera-type eye morphogenesis,8.20411846747067e-05,biological_process
eye development,8.20411846747067e-05,biological_process
commitment of neuronal cell to specific neuron type in forebrain,8.20411846747067e-05,biological_process
neuron fate commitment,8.20411846747067e-05,biological_process
PRR20E,8.20411846747067e-05,gene/protein
INTS11,8.20411846747067e-05,gene/protein
CXorf38,8.20411846747067e-05,gene/protein
GMPS,8.20411846747067e-05,gene/protein
UBL5,8.20411846747067e-05,gene/protein
triglyceride catabolic process,8.20411846747067e-05,biological_process
NRXN3,8.20411846747067e-05,gene/protein
NECAB1,8.20411846747067e-05,gene/protein
LMF1,8.20411846747067e-05,gene/protein
MTMR1,8.20411846747067e-05,gene/protein
fatty acid biosynthetic process,8.20411846747067e-05,biological_process
GEMIN2,8.20411846747067e-05,gene/protein
dorsal/ventral axis specification,8.20411846747067e-05,biological_process
cellular response to L-ascorbic acid,8.20411846747067e-05,biological_process
regulation of natural killer cell activation,8.20411846747067e-05,biological_process
ER overload response,8.20411846747067e-05,biological_process
negative regulation of ATF6-mediated unfolded protein response,8.20411846747067e-05,biological_process
positive regulation of growth,8.20411846747067e-05,biological_process
long-chain fatty acid import across plasma membrane,8.20411846747067e-05,biological_process
epithelial to mesenchymal transition,8.20411846747067e-05,biological_process
WFIKKN2,8.20411846747067e-05,gene/protein
TGFBRAP1,8.20411846747067e-05,gene/protein
NRROS,8.20411846747067e-05,gene/protein
ATP biosynthetic process,8.20411846747067e-05,biological_process
LCE1C,8.20411846747067e-05,gene/protein
KLF10,8.20411846747067e-05,gene/protein
SCGB3A1,8.20411846747067e-05,gene/protein
CCL26,8.20411846747067e-05,gene/protein
LCE1A,8.20411846747067e-05,gene/protein
LRRC23,8.20411846747067e-05,gene/protein
DIP2A,8.20411846747067e-05,gene/protein
THBS1,8.20411846747067e-05,gene/protein
FAM168B,8.20411846747067e-05,gene/protein
KRTAP7-1,8.20411846747067e-05,gene/protein
Spontaneous abortion,8.20411846747067e-05,effect/phenotype
PPIAL4A,8.20411846747067e-05,gene/protein
LARP4,8.20411846747067e-05,gene/protein
UBAP2L,8.20411846747067e-05,gene/protein
ventral spinal cord development,8.20411846747067e-05,biological_process
TRIP10,8.20411846747067e-05,gene/protein
FAM187A,8.20411846747067e-05,gene/protein
ATP6V0D2,8.20411846747067e-05,gene/protein
HMBOX1,8.20411846747067e-05,gene/protein
Cardiogenic shock,8.20411846747067e-05,effect/phenotype
response to isolation stress,8.20411846747067e-05,biological_process
SEC14L4,8.20411846747067e-05,gene/protein
ZBED1,8.20411846747067e-05,gene/protein
GCM2,8.20411846747067e-05,gene/protein
TCEAL9,8.20411846747067e-05,gene/protein
response to cholesterol,8.20411846747067e-05,biological_process
PRR20C,8.20411846747067e-05,gene/protein
amylopectin biosynthetic process,8.20411846747067e-05,biological_process
CNFN,8.20411846747067e-05,gene/protein
LTBP4,8.20411846747067e-05,gene/protein
LCE3A,8.20411846747067e-05,gene/protein
PLA2G10,8.20411846747067e-05,gene/protein
FCHO1,8.20411846747067e-05,gene/protein
protein localization to organelle,8.20411846747067e-05,biological_process
eye photoreceptor cell development,8.20411846747067e-05,biological_process
TGFBR1 LBD Mutants in Cancer,8.20411846747067e-05,pathway
Polydipsia,8.20411846747067e-05,effect/phenotype
photoreceptor cell maintenance,8.20411846747067e-05,biological_process
lactose biosynthetic process,8.20411846747067e-05,biological_process
response to Thyroglobulin triiodothyronine,8.20411846747067e-05,biological_process
cellular hyperosmotic response,8.20411846747067e-05,biological_process
cerebral cortex development,8.20411846747067e-05,biological_process
Myotonia,8.20411846747067e-05,effect/phenotype
Sensory ataxia,8.20411846747067e-05,effect/phenotype
Polyuria,8.20411846747067e-05,effect/phenotype
HSF2BP,8.20411846747067e-05,gene/protein
glycerol biosynthetic process,8.20411846747067e-05,biological_process
determination of adult lifespan,8.20411846747067e-05,biological_process
tyrosine phosphorylation of STAT protein,8.20411846747067e-05,biological_process
positive regulation of ion transport,8.20411846747067e-05,biological_process
regulation of intestinal cholesterol absorption,8.20411846747067e-05,biological_process
protein export from nucleus,8.20411846747067e-05,biological_process
KCNE4,8.20411846747067e-05,gene/protein
KRTAP19-7,8.20411846747067e-05,gene/protein
PRR20D,8.20411846747067e-05,gene/protein
KRTAP21-2,8.20411846747067e-05,gene/protein
canonical Wnt signaling pathway involved in positive regulation of epithelial to mesenchymal transition,8.20411846747067e-05,biological_process
receptor catabolic process,8.20411846747067e-05,biological_process
short-term memory,8.20411846747067e-05,biological_process
cellular response to osmotic stress,8.20411846747067e-05,biological_process
glucose import in response to insulin stimulus,8.20411846747067e-05,biological_process
TMEM131,8.20411846747067e-05,gene/protein
PARD6A,8.20411846747067e-05,gene/protein
LCE1D,8.20411846747067e-05,gene/protein
Reticulocytosis,8.20411846747067e-05,effect/phenotype
NOL12,8.20411846747067e-05,gene/protein
ALDH5A1,8.20411846747067e-05,gene/protein
EHD2,8.20411846747067e-05,gene/protein
SLC8A3,8.20411846747067e-05,gene/protein
PCDHGB1,8.20411846747067e-05,gene/protein
USP36,8.20411846747067e-05,gene/protein
HDHD2,8.20411846747067e-05,gene/protein
ZC3H11A,8.20411846747067e-05,gene/protein
LCE3D,8.20411846747067e-05,gene/protein
regulation of smooth muscle cell proliferation,8.20411846747067e-05,biological_process
extracellular matrix assembly,8.20411846747067e-05,biological_process
hyaluronan catabolic process,8.20411846747067e-05,biological_process
positive regulation of interleukin-17 production,8.20411846747067e-05,biological_process
SMAD protein complex assembly,8.20411846747067e-05,biological_process
positive regulation of isotype switching to IgA isotypes,8.20411846747067e-05,biological_process
TGFBR1 KD Mutants in Cancer,8.20411846747067e-05,pathway
NFS1,8.20411846747067e-05,gene/protein
RBM8A,8.20411846747067e-05,gene/protein
regulation of cellular ketone metabolic process,8.20411846747067e-05,biological_process
Regulation of lipid metabolism by PPARalpha,8.20411846747067e-05,pathway
LPIN1,8.20411846747067e-05,gene/protein
HELZ2,8.20411846747067e-05,gene/protein
negative regulation of hepatocyte apoptotic process,8.20411846747067e-05,biological_process
cellular amino acid metabolic process,8.20411846747067e-05,biological_process
collagen catabolic process,8.20411846747067e-05,biological_process
ATXN1,8.20411846747067e-05,gene/protein
regulation of fatty acid transport,8.20411846747067e-05,biological_process
lipoprotein metabolic process,8.20411846747067e-05,biological_process
steroid hormone mediated signaling pathway,8.20411846747067e-05,biological_process
lipid localization,8.20411846747067e-05,biological_process
viral protein processing,8.20411846747067e-05,biological_process
CDCP1,8.20411846747067e-05,gene/protein
LEPROT,8.20411846747067e-05,gene/protein
DTX3,8.20411846747067e-05,gene/protein
osteoblast differentiation,8.20411846747067e-05,biological_process
aerobic respiration,8.20411846747067e-05,biological_process
peptidyl-cysteine S-nitrosylation,8.20411846747067e-05,biological_process
CUL5,8.20411846747067e-05,gene/protein
LACC1,8.20411846747067e-05,gene/protein
positive regulation of vasculature development,8.20411846747067e-05,biological_process
regulation of synaptic vesicle budding from presynaptic endocytic zone membrane,8.20411846747067e-05,biological_process
regulation of transforming growth factor beta receptor signaling pathway,8.20411846747067e-05,biological_process
maintenance of DNA repeat elements,8.20411846747067e-05,biological_process
positive regulation of heparan sulfate proteoglycan biosynthetic process,8.20411846747067e-05,biological_process
beta-catenin-TCF complex assembly,8.20411846747067e-05,biological_process
Endocardial fibrosis,8.20411846747067e-05,effect/phenotype
positive regulation of brain-derived neurotrophic factor receptor signaling pathway,8.20411846747067e-05,biological_process
TRUB1,8.20411846747067e-05,gene/protein
SMAP2,8.20411846747067e-05,gene/protein
regulation of lipoprotein lipid oxidation,8.20411846747067e-05,biological_process
limb development,8.20411846747067e-05,biological_process
RALB,8.20411846747067e-05,gene/protein
RASSF9,8.20411846747067e-05,gene/protein
"Wnt signaling pathway, calcium modulating pathway",8.20411846747067e-05,biological_process
myoblast fate commitment,8.20411846747067e-05,biological_process
positive regulation of protein export from nucleus,8.20411846747067e-05,biological_process
positive regulation of cAMP-mediated signaling,8.20411846747067e-05,biological_process
TRBC2,8.20411846747067e-05,gene/protein
positive regulation of leukocyte mediated cytotoxicity,8.20411846747067e-05,biological_process
TXNDC17,8.20411846747067e-05,gene/protein
alpha-beta T cell activation,8.20411846747067e-05,biological_process
negative regulation of glycogen catabolic process,8.20411846747067e-05,biological_process
negative regulation of fatty acid metabolic process,8.20411846747067e-05,biological_process
NPY2R,8.20411846747067e-05,gene/protein
fructose transmembrane transport,8.20411846747067e-05,biological_process
hexose transmembrane transport,8.20411846747067e-05,biological_process
CYFIP1,8.20411846747067e-05,gene/protein
P2RX2,8.20411846747067e-05,gene/protein
KDELR1,8.20411846747067e-05,gene/protein
negative regulation of catalytic activity,8.20411846747067e-05,biological_process
Signaling by Erythropoietin,8.20411846747067e-05,pathway
EXOSC4,8.20411846747067e-05,gene/protein
YKT6,8.20411846747067e-05,gene/protein
RBFOX2,8.20411846747067e-05,gene/protein
PSIP1,8.20411846747067e-05,gene/protein
regulation of DNA-templated transcription in response to stress,8.20411846747067e-05,biological_process
PA2G4,8.20411846747067e-05,gene/protein
TXLNA,8.20411846747067e-05,gene/protein
CFAP46,8.20411846747067e-05,gene/protein
RNF214,8.20411846747067e-05,gene/protein
SPSB1,8.20411846747067e-05,gene/protein
diet induced thermogenesis,8.20411846747067e-05,biological_process
maternal process involved in female pregnancy,8.20411846747067e-05,biological_process
protein amidation,8.20411846747067e-05,biological_process
TNFSF9,8.20411846747067e-05,gene/protein
positive regulation of protein catabolic process,8.20411846747067e-05,biological_process
SCG2,8.20411846747067e-05,gene/protein
RNF19B,8.20411846747067e-05,gene/protein
GUF1,8.20411846747067e-05,gene/protein
response to light intensity,8.20411846747067e-05,biological_process
glycoprotein catabolic process,8.20411846747067e-05,biological_process
TRBV12-4,8.20411846747067e-05,gene/protein
negative regulation of acute inflammatory response,8.20411846747067e-05,biological_process
PI4K2A,8.20411846747067e-05,gene/protein
positive regulation of killing of cells of other organism,8.20411846747067e-05,biological_process
peptide amidation,8.20411846747067e-05,biological_process
fatty acid primary amide biosynthetic process,8.20411846747067e-05,biological_process
toxin metabolic process,8.20411846747067e-05,biological_process
DNAL4,8.20411846747067e-05,gene/protein
PLAUR,8.20411846747067e-05,gene/protein
response to inactivity,8.20411846747067e-05,biological_process
SPSB2,8.20411846747067e-05,gene/protein
SPSB4,8.20411846747067e-05,gene/protein
regulation of cellular respiration,8.20411846747067e-05,biological_process
TYSND1,8.20411846747067e-05,gene/protein
cellular water homeostasis,8.20411846747067e-05,biological_process
LILRB1,8.20411846747067e-05,gene/protein
response to phenylpropanoid,8.20411846747067e-05,biological_process
FOXK1,8.20411846747067e-05,gene/protein
RNF138,8.20411846747067e-05,gene/protein
B4GALT5,8.20411846747067e-05,gene/protein
MTX3,8.20411846747067e-05,gene/protein
vascular endothelial growth factor production,8.20411846747067e-05,biological_process
positive regulation of programmed cell death,8.20411846747067e-05,biological_process
CCDC102B,8.20411846747067e-05,gene/protein
DKK1,8.20411846747067e-05,gene/protein
BABAM1,8.20411846747067e-05,gene/protein
SCF-dependent proteasomal ubiquitin-dependent protein catabolic process,8.20411846747067e-05,biological_process
pre-replicative complex assembly,8.20411846747067e-05,biological_process
Activation of Matrix Metalloproteinases,8.20411846747067e-05,pathway
Erythropoietin activates Phosphoinositide-3-kinase (PI3K),8.20411846747067e-05,pathway
regulation of transport,8.20411846747067e-05,biological_process
"Wnt signaling pathway, planar cell polarity pathway",8.20411846747067e-05,biological_process
WAPL,8.20411846747067e-05,gene/protein
ERGIC2,8.20411846747067e-05,gene/protein
PAAF1,8.20411846747067e-05,gene/protein
PITPNC1,8.20411846747067e-05,gene/protein
response to lead ion,8.20411846747067e-05,biological_process
TLR10,8.20411846747067e-05,gene/protein
response to vitamin A,8.20411846747067e-05,biological_process
LILRB2,8.20411846747067e-05,gene/protein
positive regulation of long-term synaptic potentiation,8.20411846747067e-05,biological_process
regulation of protein localization,8.20411846747067e-05,biological_process
HSD17B4,8.20411846747067e-05,gene/protein
NOSIP,8.20411846747067e-05,gene/protein
blood vessel diameter maintenance,8.20411846747067e-05,biological_process
ANKRD28,8.20411846747067e-05,gene/protein
EGFL7,8.20411846747067e-05,gene/protein
SEC24C,8.20411846747067e-05,gene/protein
ANKRD44,8.20411846747067e-05,gene/protein
LRRIQ1,8.20411846747067e-05,gene/protein
TAFAZZIN,8.20411846747067e-05,gene/protein
DKKL1,8.20411846747067e-05,gene/protein
negative regulation of endothelial cell proliferation,8.20411846747067e-05,biological_process
positive regulation of interferon-gamma production,8.20411846747067e-05,biological_process
PCLO,8.20411846747067e-05,gene/protein
ZNF587,8.20411846747067e-05,gene/protein
CHD9,8.20411846747067e-05,gene/protein
ZSCAN23,8.20411846747067e-05,gene/protein
3'-phosphoadenosine 5'-phosphosulfate metabolic process,8.20411846747067e-05,biological_process
negative regulation of hh target transcription factor activity,8.20411846747067e-05,biological_process
BZW1,8.20411846747067e-05,gene/protein
negative regulation of bone mineralization,8.20411846747067e-05,biological_process
B cell differentiation,8.20411846747067e-05,biological_process
Activation of gene expression by SREBF (SREBP),8.20411846747067e-05,pathway
negative regulation of interferon-gamma-mediated signaling pathway,8.20411846747067e-05,biological_process
nucleotide-binding oligomerization domain containing 2 signaling pathway,8.20411846747067e-05,biological_process
response to hyperoxia,8.20411846747067e-05,biological_process
Leydig cell differentiation,8.20411846747067e-05,biological_process
HTRA1,8.20411846747067e-05,gene/protein
ZFP41,8.20411846747067e-05,gene/protein
response to fluid shear stress,8.20411846747067e-05,biological_process
TECR,8.20411846747067e-05,gene/protein
PAXIP1,8.20411846747067e-05,gene/protein
endoplasmic reticulum to Golgi vesicle-mediated transport,8.20411846747067e-05,biological_process
FBXL17,8.20411846747067e-05,gene/protein
MIS12,8.20411846747067e-05,gene/protein
tetrahydrobiopterin metabolic process,8.20411846747067e-05,biological_process
LITAF,8.20411846747067e-05,gene/protein
negative regulation of tyrosine phosphorylation of STAT protein,8.20411846747067e-05,biological_process
interleukin-6-mediated signaling pathway,8.20411846747067e-05,biological_process
PLEKHA2,8.20411846747067e-05,gene/protein
INCA1,8.20411846747067e-05,gene/protein
UBLCP1,8.20411846747067e-05,gene/protein
"BMAL1:CLOCK,NPAS2 activates circadian gene expression",8.20411846747067e-05,pathway
poly(A)+ mRNA export from nucleus,8.20411846747067e-05,biological_process
RGS3,8.20411846747067e-05,gene/protein
JPH2,8.20411846747067e-05,gene/protein
SCAI,8.20411846747067e-05,gene/protein
regulation of actin cytoskeleton organization,8.20411846747067e-05,biological_process
ovulation cycle process,8.20411846747067e-05,biological_process
odontogenesis,8.20411846747067e-05,biological_process
Ventricular extrasystoles,8.20411846747067e-05,effect/phenotype
Globozoospermia,8.20411846747067e-05,effect/phenotype
O-glycosylation of TSR domain-containing proteins,8.20411846747067e-05,pathway
negative regulation of endothelial cell migration,8.20411846747067e-05,biological_process
MPRIP,8.20411846747067e-05,gene/protein
negative regulation of muscle hyperplasia,8.20411846747067e-05,biological_process
regulation of nervous system process,8.20411846747067e-05,biological_process
endocardial cushion morphogenesis,8.20411846747067e-05,biological_process
PRKG2,8.20411846747067e-05,gene/protein
NOSTRIN,8.20411846747067e-05,gene/protein
blood vessel remodeling,8.20411846747067e-05,biological_process
RNF32,8.20411846747067e-05,gene/protein
protein localization to nucleus,8.20411846747067e-05,biological_process
IMMT,8.20411846747067e-05,gene/protein
PILRA,8.20411846747067e-05,gene/protein
PRELID1,8.20411846747067e-05,gene/protein
EXOSC1,8.20411846747067e-05,gene/protein
endothelial cell migration,8.20411846747067e-05,biological_process
"Tetrahydrobiopterin (BH4) synthesis, recycling, salvage and regulation",8.20411846747067e-05,pathway
eNOS activation,8.20411846747067e-05,pathway
NOSIP mediated eNOS trafficking,8.20411846747067e-05,pathway
negative regulation of platelet activation,8.20411846747067e-05,biological_process
TRIM38,8.20411846747067e-05,gene/protein
NOSTRIN mediated eNOS trafficking,8.20411846747067e-05,pathway
RABGGTB,8.20411846747067e-05,gene/protein
TRPC4,8.20411846747067e-05,gene/protein
TNFRSF25,8.20411846747067e-05,gene/protein
RFK,8.20411846747067e-05,gene/protein
DOLK,8.20411846747067e-05,gene/protein
Erythropoietin activates Phospholipase C gamma (PLCG),8.20411846747067e-05,pathway
behavioral response to nicotine,8.20411846747067e-05,biological_process
negative regulation of cell growth involved in cardiac muscle cell development,8.20411846747067e-05,biological_process
regulation of fatty acid metabolic process,8.20411846747067e-05,biological_process
CHIC2,8.20411846747067e-05,gene/protein
ATP metabolic process,8.20411846747067e-05,biological_process
biomineral tissue development,8.20411846747067e-05,biological_process
regulation of bone mineralization,8.20411846747067e-05,biological_process
ABI2,8.20411846747067e-05,gene/protein
Integration of viral DNA into host genomic DNA,8.20411846747067e-05,pathway
oncogene-induced cell senescence,8.20411846747067e-05,biological_process
nucleosome disassembly,8.20411846747067e-05,biological_process
positive regulation of Wnt signaling pathway,8.20411846747067e-05,biological_process
HBQ1,8.20411846747067e-05,gene/protein
HBE1,8.20411846747067e-05,gene/protein
positive regulation of viral genome replication,8.20411846747067e-05,biological_process
ALOX15B,8.20411846747067e-05,gene/protein
BCL2L14,8.20411846747067e-05,gene/protein
TRPC4AP,8.20411846747067e-05,gene/protein
regulation of RNA biosynthetic process,8.20411846747067e-05,biological_process
MCRS1,8.20411846747067e-05,gene/protein
XPR1,8.20411846747067e-05,gene/protein
regulation of neuroinflammatory response,8.20411846747067e-05,biological_process
TBC1D15,8.20411846747067e-05,gene/protein
negative regulation of receptor signaling pathway via STAT,8.20411846747067e-05,biological_process
positive regulation of keratinocyte differentiation,8.20411846747067e-05,biological_process
Inhibition of nitric oxide production,8.20411846747067e-05,pathway
GPR75-ASB3,8.20411846747067e-05,gene/protein
negative regulation of cell death,8.20411846747067e-05,biological_process
CSNK1A1L,8.20411846747067e-05,gene/protein
ASB3,8.20411846747067e-05,gene/protein
body fluid secretion,8.20411846747067e-05,biological_process
response to cycloheximide,8.20411846747067e-05,biological_process
DNA conformation change,8.20411846747067e-05,biological_process
ZSCAN1,8.20411846747067e-05,gene/protein
monocyte differentiation,8.20411846747067e-05,biological_process
cell maturation,8.20411846747067e-05,biological_process
peroxisome proliferator activated receptor signaling pathway,8.20411846747067e-05,biological_process
retinoic acid receptor signaling pathway,8.20411846747067e-05,biological_process
FAM90A1,8.20411846747067e-05,gene/protein
PRMT8,8.20411846747067e-05,gene/protein
PRNP,8.20411846747067e-05,gene/protein
MFHAS1,8.20411846747067e-05,gene/protein
CNOT1,8.20411846747067e-05,gene/protein
ZBTB20,8.20411846747067e-05,gene/protein
VWC2L,8.20411846747067e-05,gene/protein
DAP3,8.20411846747067e-05,gene/protein
UBE4B,8.20411846747067e-05,gene/protein
ARHGAP44,8.20411846747067e-05,gene/protein
THUMPD3,8.20411846747067e-05,gene/protein
ASB16-AS1,8.20411846747067e-05,gene/protein
PACSIN2,8.20411846747067e-05,gene/protein
STK26,8.20411846747067e-05,gene/protein
GIGYF2,8.20411846747067e-05,gene/protein
GSTM2,8.20411846747067e-05,gene/protein
ENTR1,8.20411846747067e-05,gene/protein
protein N-linked glycosylation via asparagine,8.20411846747067e-05,biological_process
positive regulation of p38MAPK cascade,8.20411846747067e-05,biological_process
mitochondrion morphogenesis,8.20411846747067e-05,biological_process
suppression by virus of host apoptotic process,8.20411846747067e-05,biological_process
dorsal/ventral pattern formation,8.20411846747067e-05,biological_process
nitric oxide transport,8.20411846747067e-05,biological_process
negative regulation of smooth muscle cell apoptotic process,8.20411846747067e-05,biological_process
EHD1,8.20411846747067e-05,gene/protein
SIKE1,8.20411846747067e-05,gene/protein
positive regulation of myelination,8.20411846747067e-05,biological_process
regulation of T cell cytokine production,8.20411846747067e-05,biological_process
regulation of growth,8.20411846747067e-05,biological_process
regulation of cytokinesis,8.20411846747067e-05,biological_process
membrane depolarization,8.20411846747067e-05,biological_process
response to endothelin,8.20411846747067e-05,biological_process
hepatocyte apoptotic process,8.20411846747067e-05,biological_process
positive regulation of odontogenesis,8.20411846747067e-05,biological_process
negative regulation of blood coagulation,8.20411846747067e-05,biological_process
METTL23,8.20411846747067e-05,gene/protein
ANKFY1,8.20411846747067e-05,gene/protein
glutathione derivative biosynthetic process,8.20411846747067e-05,biological_process
WASHC4,8.20411846747067e-05,gene/protein
ZSCAN12,8.20411846747067e-05,gene/protein
ZNF101,8.20411846747067e-05,gene/protein
SAAL1,8.20411846747067e-05,gene/protein
Maturation of spike protein,8.20411846747067e-05,pathway
N-Glycan antennae elongation,8.20411846747067e-05,pathway
Termination of O-glycan biosynthesis,8.20411846747067e-05,pathway
O-glycan processing,8.20411846747067e-05,biological_process
HEATR3,8.20411846747067e-05,gene/protein
YIPF3,8.20411846747067e-05,gene/protein
nitrobenzene metabolic process,8.20411846747067e-05,biological_process
xenobiotic catabolic process,8.20411846747067e-05,biological_process
HSPA4L,8.20411846747067e-05,gene/protein
TINAG,8.20411846747067e-05,gene/protein
negative regulation of JUN kinase activity,8.20411846747067e-05,biological_process
positive regulation of monocyte chemotactic protein-1 production,8.20411846747067e-05,biological_process
SENP5,8.20411846747067e-05,gene/protein
CPSF6,8.20411846747067e-05,gene/protein
RTN1,8.20411846747067e-05,gene/protein
NANS,8.20411846747067e-05,gene/protein
Poor wound healing,8.20411846747067e-05,effect/phenotype
ANKS1A,8.20411846747067e-05,gene/protein
PDP1,8.20411846747067e-05,gene/protein
leukocyte activation,8.20411846747067e-05,biological_process
response to salt,8.20411846747067e-05,biological_process
phospholipase D-activating G protein-coupled receptor signaling pathway,8.20411846747067e-05,biological_process
inositol phosphate-mediated signaling,8.20411846747067e-05,biological_process
positive regulation of signaling receptor activity,8.20411846747067e-05,biological_process
negative regulation of nitric-oxide synthase biosynthetic process,8.20411846747067e-05,biological_process
regulation of myelination,8.20411846747067e-05,biological_process
JPH1,8.20411846747067e-05,gene/protein
UTP6,8.20411846747067e-05,gene/protein
positive regulation of oligodendrocyte differentiation,8.20411846747067e-05,biological_process
CNTRL,8.20411846747067e-05,gene/protein
VPS26B,8.20411846747067e-05,gene/protein
INTS7,8.20411846747067e-05,gene/protein
TNKS2,8.20411846747067e-05,gene/protein
cellular detoxification of nitrogen compound,8.20411846747067e-05,biological_process
Tie2 Signaling,8.20411846747067e-05,pathway
GSTM3,8.20411846747067e-05,gene/protein
GIGYF1,8.20411846747067e-05,gene/protein
PRMT9,8.20411846747067e-05,gene/protein
ARFGEF3,8.20411846747067e-05,gene/protein
ZYG11B,8.20411846747067e-05,gene/protein
sialylation,8.20411846747067e-05,biological_process
Glutathione conjugation,8.20411846747067e-05,pathway
N-acetylneuraminate metabolic process,8.20411846747067e-05,biological_process
ATRIP,8.20411846747067e-05,gene/protein
USP28,8.20411846747067e-05,gene/protein
Sialic acid metabolism,8.20411846747067e-05,pathway
positive regulation of reactive oxygen species metabolic process,8.20411846747067e-05,biological_process
positive regulation of peroxisome proliferator activated receptor signaling pathway,8.20411846747067e-05,biological_process
positive regulation of hepatic stellate cell activation,8.20411846747067e-05,biological_process
negative regulation of glutamine transport,8.20411846747067e-05,biological_process
positive regulation of luteinizing hormone secretion,8.20411846747067e-05,biological_process
positive regulation of follicle-stimulating hormone secretion,8.20411846747067e-05,biological_process
negative regulation of glucagon secretion,8.20411846747067e-05,biological_process
negative regulation of cartilage development,8.20411846747067e-05,biological_process
CNTNAP3B,8.20411846747067e-05,gene/protein
DCTN2,8.20411846747067e-05,gene/protein
ITPR2,8.20411846747067e-05,gene/protein
positive regulation of cardiac muscle hypertrophy,8.20411846747067e-05,biological_process
EXOC8,8.20411846747067e-05,gene/protein
CCDC50,8.20411846747067e-05,gene/protein
ANKRD13B,8.20411846747067e-05,gene/protein
KCTD9,8.20411846747067e-05,gene/protein
regulation of T cell proliferation,8.20411846747067e-05,biological_process
negative regulation of actin filament polymerization,8.20411846747067e-05,biological_process
negative regulation of double-strand break repair,8.20411846747067e-05,biological_process
"positive regulation of wound healing, spreading of epidermal cells",8.20411846747067e-05,biological_process
positive regulation of cardiac muscle hypertrophy in response to stress,8.20411846747067e-05,biological_process
negative regulation of interleukin-1-mediated signaling pathway,8.20411846747067e-05,biological_process
negative regulation of lipid binding,8.20411846747067e-05,biological_process
apoptotic mitochondrial changes,8.20411846747067e-05,biological_process
MUC4,8.20411846747067e-05,gene/protein
cellular response to reactive oxygen species,8.20411846747067e-05,biological_process
CYTH2,8.20411846747067e-05,gene/protein
Maturation of protein 3a,8.20411846747067e-05,pathway
ADIPOR1,8.20411846747067e-05,gene/protein
hormone metabolic process,8.20411846747067e-05,biological_process
CEP192,8.20411846747067e-05,gene/protein
negative regulation of vasoconstriction,8.20411846747067e-05,biological_process
HDHD5,8.20411846747067e-05,gene/protein
regulation of transcription from RNA polymerase II promoter in response to hypoxia,8.20411846747067e-05,biological_process
negative regulation of metallopeptidase activity,8.20411846747067e-05,biological_process
cell activation,8.20411846747067e-05,biological_process
negative regulation of membrane protein ectodomain proteolysis,8.20411846747067e-05,biological_process
adult feeding behavior,8.20411846747067e-05,biological_process
XBP1(S) activates chaperone genes,8.20411846747067e-05,pathway
SIGLEC5,8.20411846747067e-05,gene/protein
positive regulation of protein metabolic process,8.20411846747067e-05,biological_process
positive regulation of calcium ion transport,8.20411846747067e-05,biological_process
olfactory behavior,8.20411846747067e-05,biological_process
PLD2,8.20411846747067e-05,gene/protein
KCNJ4,8.20411846747067e-05,gene/protein
PTPN20,8.20411846747067e-05,gene/protein
SHC2,8.20411846747067e-05,gene/protein
RNA destabilization,8.20411846747067e-05,biological_process
Urinary retention,8.20411846747067e-05,effect/phenotype
HSPH1,8.20411846747067e-05,gene/protein
negative regulation of artery morphogenesis,8.20411846747067e-05,biological_process
ZNF420,8.20411846747067e-05,gene/protein
regulation of cholesterol esterification,8.20411846747067e-05,biological_process
middle ear morphogenesis,8.20411846747067e-05,biological_process
MTIF3,8.20411846747067e-05,gene/protein
UHRF2,8.20411846747067e-05,gene/protein
CMTM8,8.20411846747067e-05,gene/protein
positive regulation of smooth muscle contraction,8.20411846747067e-05,biological_process
EDRF1,8.20411846747067e-05,gene/protein
GORAB,8.20411846747067e-05,gene/protein
MAGEL2,8.20411846747067e-05,gene/protein
NOMO1,8.20411846747067e-05,gene/protein
C9orf24,8.20411846747067e-05,gene/protein
EIF3F,8.20411846747067e-05,gene/protein
positive regulation of cell size,8.20411846747067e-05,biological_process
SYVN1,8.20411846747067e-05,gene/protein
Abnormality of the frontal bone,8.20411846747067e-05,effect/phenotype
regulation of integrin-mediated signaling pathway,8.20411846747067e-05,biological_process
cellular response to UV-A,8.20411846747067e-05,biological_process
negative regulation of trophoblast cell migration,8.20411846747067e-05,biological_process
extracellular matrix disassembly,8.20411846747067e-05,biological_process
negative regulation of hydrolase activity,8.20411846747067e-05,biological_process
glial cell proliferation,8.20411846747067e-05,biological_process
TRARG1,8.20411846747067e-05,gene/protein
SYNE4,8.20411846747067e-05,gene/protein
BTNL8,8.20411846747067e-05,gene/protein
"regulation of CD8-positive, alpha-beta T cell proliferation",8.20411846747067e-05,biological_process
JUN phosphorylation,8.20411846747067e-05,biological_process
SETX,8.20411846747067e-05,gene/protein
MXD4,8.20411846747067e-05,gene/protein
CELA3B,8.20411846747067e-05,gene/protein
NUCKS1,8.20411846747067e-05,gene/protein
CNIH4,8.20411846747067e-05,gene/protein
GRINA,8.20411846747067e-05,gene/protein
MT-ATP6,8.20411846747067e-05,gene/protein
type B pancreatic cell development,8.20411846747067e-05,biological_process
RAPH1,8.20411846747067e-05,gene/protein
NDFIP2,8.20411846747067e-05,gene/protein
WASF3,8.20411846747067e-05,gene/protein
RIN2,8.20411846747067e-05,gene/protein
CNOT9,8.20411846747067e-05,gene/protein
DNAJC4,8.20411846747067e-05,gene/protein
DCBLD2,8.20411846747067e-05,gene/protein
ZHX1,8.20411846747067e-05,gene/protein
positive regulation of neutrophil chemotaxis,8.20411846747067e-05,biological_process
BNIP5,8.20411846747067e-05,gene/protein
Achilles tendon contracture,8.20411846747067e-05,effect/phenotype
RIOK2,8.20411846747067e-05,gene/protein
Myoclonic seizure,8.20411846747067e-05,effect/phenotype
Abnormality of the urinary system,8.20411846747067e-05,effect/phenotype
Abnormality of the nervous system,8.20411846747067e-05,effect/phenotype
Abnormality of limbs,8.20411846747067e-05,effect/phenotype
Bilateral ptosis,8.20411846747067e-05,effect/phenotype
Bilateral tonic-clonic seizure with focal onset,8.20411846747067e-05,effect/phenotype
POU2F2,8.20411846747067e-05,gene/protein
OLA1,8.20411846747067e-05,gene/protein
MRTFA,8.20411846747067e-05,gene/protein
Delirium,8.20411846747067e-05,effect/phenotype
negative regulation of keratinocyte proliferation,8.20411846747067e-05,biological_process
negative regulation of monocyte differentiation,8.20411846747067e-05,biological_process
regulation of cholesterol metabolic process,8.20411846747067e-05,biological_process
positive regulation of cytosolic calcium ion concentration involved in phospholipase C-activating G protein-coupled signaling pathway,8.20411846747067e-05,biological_process
DLGAP4,8.20411846747067e-05,gene/protein
SYNGR4,8.20411846747067e-05,gene/protein
RCAN2,8.20411846747067e-05,gene/protein
GNGT2,8.20411846747067e-05,gene/protein
phospholipid homeostasis,8.20411846747067e-05,biological_process
SLC28A1,8.20411846747067e-05,gene/protein
HNMT,8.20411846747067e-05,gene/protein
TJAP1,8.20411846747067e-05,gene/protein
positive regulation of vascular associated smooth muscle cell differentiation,8.20411846747067e-05,biological_process
positive regulation of tau-protein kinase activity,8.20411846747067e-05,biological_process
cellular response to vitamin D,8.20411846747067e-05,biological_process
positive regulation of vascular associated smooth muscle cell migration,8.20411846747067e-05,biological_process
cellular response to laminar fluid shear stress,8.20411846747067e-05,biological_process
ZC3H12A,8.20411846747067e-05,gene/protein
Skeletal myopathy,8.20411846747067e-05,effect/phenotype
Dementia,8.20411846747067e-05,effect/phenotype
CITED2,8.20411846747067e-05,gene/protein
LAMA5,8.20411846747067e-05,gene/protein
Thrombin signalling through proteinase activated receptors (PARs),8.20411846747067e-05,pathway
Presynaptic function of Kainate receptors,8.20411846747067e-05,pathway
G alpha (12/13) signalling events,8.20411846747067e-05,pathway
Cooperation of PDCL (PhLP1) and TRiC/CCT in G-protein beta folding,8.20411846747067e-05,pathway
G beta:gamma signalling through CDC42,8.20411846747067e-05,pathway
SOX30,8.20411846747067e-05,gene/protein
NEU4,8.20411846747067e-05,gene/protein
TRIM15,8.20411846747067e-05,gene/protein
SMYD5,8.20411846747067e-05,gene/protein
ALG11,8.20411846747067e-05,gene/protein
MED7,8.20411846747067e-05,gene/protein
CBY3,8.20411846747067e-05,gene/protein
MGST2,8.20411846747067e-05,gene/protein
STX16,8.20411846747067e-05,gene/protein
Difficulty running,8.20411846747067e-05,effect/phenotype
TRPC5,8.20411846747067e-05,gene/protein
RAB17,8.20411846747067e-05,gene/protein
SLC10A1,8.20411846747067e-05,gene/protein
SEBOX,8.20411846747067e-05,gene/protein
cell volume homeostasis,8.20411846747067e-05,biological_process
G beta:gamma signalling through PLC beta,8.20411846747067e-05,pathway
regulation of phospholipid metabolic process,8.20411846747067e-05,biological_process
SHB,8.20411846747067e-05,gene/protein
ABCC9,8.20411846747067e-05,gene/protein
AFMID,8.20411846747067e-05,gene/protein
MYH7,8.20411846747067e-05,gene/protein
SLC36A3,8.20411846747067e-05,gene/protein
TMEM147,8.20411846747067e-05,gene/protein
regulation of triglyceride metabolic process,8.20411846747067e-05,biological_process
GIPC2,8.20411846747067e-05,gene/protein
SLC30A4,8.20411846747067e-05,gene/protein
KRTAP2-3,8.20411846747067e-05,gene/protein
SOX8,8.20411846747067e-05,gene/protein
KRTAP5-8,8.20411846747067e-05,gene/protein
KRTAP5-7,8.20411846747067e-05,gene/protein
KRTAP19-1,8.20411846747067e-05,gene/protein
RBMY1J,8.20411846747067e-05,gene/protein
ULK1,8.20411846747067e-05,gene/protein
SCMH1,8.20411846747067e-05,gene/protein
Mitochondrial myopathy,8.20411846747067e-05,effect/phenotype
ASB9,8.20411846747067e-05,gene/protein
NUFIP2,8.20411846747067e-05,gene/protein
Proximal muscle weakness,8.20411846747067e-05,effect/phenotype
Exercise intolerance,8.20411846747067e-05,effect/phenotype
Shoulder girdle muscle weakness,8.20411846747067e-05,effect/phenotype
Difficulty climbing stairs,8.20411846747067e-05,effect/phenotype
MAN1A1,8.20411846747067e-05,gene/protein
C18orf32,8.20411846747067e-05,gene/protein
MTX1,8.20411846747067e-05,gene/protein
head development,8.20411846747067e-05,biological_process
SYNGR2,8.20411846747067e-05,gene/protein
RBKS,8.20411846747067e-05,gene/protein
VAMP5,8.20411846747067e-05,gene/protein
SCAF11,8.20411846747067e-05,gene/protein
B3GALT1,8.20411846747067e-05,gene/protein
LIME1,8.20411846747067e-05,gene/protein
ANP32B,8.20411846747067e-05,gene/protein
positive regulation of sprouting angiogenesis,8.20411846747067e-05,biological_process
ERICH2,8.20411846747067e-05,gene/protein
TM2D3,8.20411846747067e-05,gene/protein
S100A8,8.20411846747067e-05,gene/protein
FXR1,8.20411846747067e-05,gene/protein
AATF,8.20411846747067e-05,gene/protein
CENPJ,8.20411846747067e-05,gene/protein
SIRT5,8.20411846747067e-05,gene/protein
DGCR6,8.20411846747067e-05,gene/protein
PLA2G4C,8.20411846747067e-05,gene/protein
REPS2,8.20411846747067e-05,gene/protein
EHMT1,8.20411846747067e-05,gene/protein
ETHE1,8.20411846747067e-05,gene/protein
PPP1R13L,8.20411846747067e-05,gene/protein
HKDC1,8.20411846747067e-05,gene/protein
HK3,8.20411846747067e-05,gene/protein
KRTAP10-6,8.20411846747067e-05,gene/protein
LEAP2,8.20411846747067e-05,gene/protein
PUS10,8.20411846747067e-05,gene/protein
ADP signalling through P2Y purinoceptor 1,8.20411846747067e-05,pathway
ornithine metabolic process,8.20411846747067e-05,biological_process
ERCC2,8.20411846747067e-05,gene/protein
PIN4,8.20411846747067e-05,gene/protein
CNTN2,8.20411846747067e-05,gene/protein
ANKS1B,8.20411846747067e-05,gene/protein
KCTD9P2,8.20411846747067e-05,gene/protein
HTR3A,8.20411846747067e-05,gene/protein
ARL5B,8.20411846747067e-05,gene/protein
cGMP-mediated signaling,8.20411846747067e-05,biological_process
macrophage chemotaxis,8.20411846747067e-05,biological_process
MT-CO1,8.20411846747067e-05,gene/protein
MT-ND1,8.20411846747067e-05,gene/protein
PTPN18,8.20411846747067e-05,gene/protein
NIBAN2,8.20411846747067e-05,gene/protein
Progressive proximal muscle weakness,8.20411846747067e-05,effect/phenotype
Proximal amyotrophy,8.20411846747067e-05,effect/phenotype
DUOX2,8.20411846747067e-05,gene/protein
VPS11,8.20411846747067e-05,gene/protein
positive regulation of prostaglandin secretion,8.20411846747067e-05,biological_process
PIGT,8.20411846747067e-05,gene/protein
ILKAP,8.20411846747067e-05,gene/protein
S100A7,8.20411846747067e-05,gene/protein
smooth muscle contraction,8.20411846747067e-05,biological_process
negative regulation of adenylate cyclase activity,8.20411846747067e-05,biological_process
peripheral nervous system development,8.20411846747067e-05,biological_process
neural crest cell migration,8.20411846747067e-05,biological_process
EXOC1,8.20411846747067e-05,gene/protein
VPS8,8.20411846747067e-05,gene/protein
positive regulation of chemokine-mediated signaling pathway,8.20411846747067e-05,biological_process
KRT5,8.20411846747067e-05,gene/protein
SPTLC1,8.20411846747067e-05,gene/protein
SH3GL3,8.20411846747067e-05,gene/protein
SCGB1D4,8.20411846747067e-05,gene/protein
Abnormal motor evoked potentials,8.20411846747067e-05,effect/phenotype
AGO1,8.20411846747067e-05,gene/protein
CASP14,8.20411846747067e-05,gene/protein
CNBP,8.20411846747067e-05,gene/protein
GZMH,8.20411846747067e-05,gene/protein
IFT57,8.20411846747067e-05,gene/protein
SMPD1,8.20411846747067e-05,gene/protein
PARP10,8.20411846747067e-05,gene/protein
Broad philtrum,8.20411846747067e-05,effect/phenotype
Wide nasal base,8.20411846747067e-05,effect/phenotype
LYPD3,8.20411846747067e-05,gene/protein
SCGB2A2,8.20411846747067e-05,gene/protein
DDX3X,8.20411846747067e-05,gene/protein
TOMM6,8.20411846747067e-05,gene/protein
P4HTM,8.20411846747067e-05,gene/protein
CIP2A,8.20411846747067e-05,gene/protein
negative regulation of cardiac muscle cell differentiation,8.20411846747067e-05,biological_process
GPRC5B,8.20411846747067e-05,gene/protein
TRPC1,8.20411846747067e-05,gene/protein
USP4,8.20411846747067e-05,gene/protein
ZCCHC12,8.20411846747067e-05,gene/protein
LRRC25,8.20411846747067e-05,gene/protein
MRPS33,8.20411846747067e-05,gene/protein
HSPA12A,8.20411846747067e-05,gene/protein
CCDC70,8.20411846747067e-05,gene/protein
positive regulation of hormone secretion,8.20411846747067e-05,biological_process
response to dexamethasone,8.20411846747067e-05,biological_process
maternal process involved in parturition,8.20411846747067e-05,biological_process
CLIP4,8.20411846747067e-05,gene/protein
KHDRBS2,8.20411846747067e-05,gene/protein
Functional motor deficit,8.20411846747067e-05,effect/phenotype
Impaired proprioception,8.20411846747067e-05,effect/phenotype
USH2A,8.20411846747067e-05,gene/protein
CLRN1,8.20411846747067e-05,gene/protein
FAM161A,8.20411846747067e-05,gene/protein
SEMA4A,8.20411846747067e-05,gene/protein
ZNF408,8.20411846747067e-05,gene/protein
SLC7A14,8.20411846747067e-05,gene/protein
response to pain,8.20411846747067e-05,biological_process
regulation of epithelial cell proliferation,8.20411846747067e-05,biological_process
response to prostaglandin F,8.20411846747067e-05,biological_process
rhythmic excitation,8.20411846747067e-05,biological_process
cellular response to mineralocorticoid stimulus,8.20411846747067e-05,biological_process
peptide hormone secretion,8.20411846747067e-05,biological_process
prostaglandin biosynthetic process,8.20411846747067e-05,biological_process
positive regulation of cell growth involved in cardiac muscle cell development,8.20411846747067e-05,biological_process
glial cell-neuron signaling,8.20411846747067e-05,biological_process
regulation of cytokine production involved in immune response,8.20411846747067e-05,biological_process
OFD1,8.20411846747067e-05,gene/protein
PROM1,8.20411846747067e-05,gene/protein
RP2,8.20411846747067e-05,gene/protein
ARHGDIB,8.20411846747067e-05,gene/protein
KLHL7,8.20411846747067e-05,gene/protein
CRB1,8.20411846747067e-05,gene/protein
AGBL5,8.20411846747067e-05,gene/protein
RBP3,8.20411846747067e-05,gene/protein
CHM,8.20411846747067e-05,gene/protein
protein kinase C deactivation,8.20411846747067e-05,biological_process
positive regulation of prostaglandin-endoperoxide synthase activity,8.20411846747067e-05,biological_process
AHSA1,8.20411846747067e-05,gene/protein
CORO1B,8.20411846747067e-05,gene/protein
SAG,8.20411846747067e-05,gene/protein
TUB,8.20411846747067e-05,gene/protein
TULP1,8.20411846747067e-05,gene/protein
GUCY2D,8.20411846747067e-05,gene/protein
GUCA1B,8.20411846747067e-05,gene/protein
ABHD12,8.20411846747067e-05,gene/protein
PRTFDC1,8.20411846747067e-05,gene/protein
MAK,8.20411846747067e-05,gene/protein
PDE6A,8.20411846747067e-05,gene/protein
PDE6G,8.20411846747067e-05,gene/protein
PDE6B,8.20411846747067e-05,gene/protein
CA4,8.20411846747067e-05,gene/protein
ARL3,8.20411846747067e-05,gene/protein
PRPF31,8.20411846747067e-05,gene/protein
IFT172,8.20411846747067e-05,gene/protein
SPATA7,8.20411846747067e-05,gene/protein
KIZ,8.20411846747067e-05,gene/protein
FSCN2,8.20411846747067e-05,gene/protein
BEST1,8.20411846747067e-05,gene/protein
Adducted thumb,8.20411846747067e-05,effect/phenotype
IMPG2,8.20411846747067e-05,gene/protein
NRL,8.20411846747067e-05,gene/protein
GRID2,8.20411846747067e-05,gene/protein
HYMAI,8.20411846747067e-05,gene/protein
Neonatal insulin-dependent diabetes mellitus,8.20411846747067e-05,effect/phenotype
IER3IP1,8.20411846747067e-05,gene/protein
NKX2-2,8.20411846747067e-05,gene/protein
RFX6,8.20411846747067e-05,gene/protein
PTF1A,8.20411846747067e-05,gene/protein
ZFP57,8.20411846747067e-05,gene/protein
SLC19A2,8.20411846747067e-05,gene/protein
NEUROG3,8.20411846747067e-05,gene/protein
DSP,8.20411846747067e-05,gene/protein
CNGB1,8.20411846747067e-05,gene/protein
CNGA1,8.20411846747067e-05,gene/protein
SCAPER,8.20411846747067e-05,gene/protein
Pituitary hypothyroidism,8.20411846747067e-05,effect/phenotype
H3-4,8.20411846747067e-05,gene/protein
PDCD4,8.20411846747067e-05,gene/protein
Sternocleidomastoid amyotrophy,8.20411846747067e-05,effect/phenotype
Respiratory distress,8.20411846747067e-05,effect/phenotype
Prominent metopic ridge,8.20411846747067e-05,effect/phenotype
Dehydration,8.20411846747067e-05,effect/phenotype
ORC2,8.20411846747067e-05,gene/protein
Severe failure to thrive,8.20411846747067e-05,effect/phenotype
TXN2,8.20411846747067e-05,gene/protein
Recurrent cutaneous fungal infections,8.20411846747067e-05,effect/phenotype
Hyperactive deep tendon reflexes,8.20411846747067e-05,effect/phenotype
Postural instability,8.20411846747067e-05,effect/phenotype
Head tremor,8.20411846747067e-05,effect/phenotype
Abnormality of ocular abduction,8.20411846747067e-05,effect/phenotype
DDC,8.20411846747067e-05,gene/protein
ANO10,8.20411846747067e-05,gene/protein
CWF19L1,8.20411846747067e-05,gene/protein
CSN3,8.20411846747067e-05,gene/protein
FGF8,8.20411846747067e-05,gene/protein
PGR,8.20411846747067e-05,gene/protein
CXCL3,8.20411846747067e-05,gene/protein
ISL1,8.20411846747067e-05,gene/protein
MX1,8.20411846747067e-05,gene/protein
ELF4,8.20411846747067e-05,gene/protein
Abnormal glucose homeostasis,8.20411846747067e-05,effect/phenotype
PLTP,8.20411846747067e-05,gene/protein
ZNF513,8.20411846747067e-05,gene/protein
C1QB,8.20411846747067e-05,gene/protein
CD72,8.20411846747067e-05,gene/protein
SPTBN2,8.20411846747067e-05,gene/protein
FCGR1A,8.20411846747067e-05,gene/protein
CLDN4,8.20411846747067e-05,gene/protein
ACP3,8.20411846747067e-05,gene/protein
ANK3,8.20411846747067e-05,gene/protein
MNX1,8.20411846747067e-05,gene/protein
SIL1,8.20411846747067e-05,gene/protein
Abnormal peripheral nervous system morphology,8.20411846747067e-05,effect/phenotype
TNFSF14,8.20411846747067e-05,gene/protein
SLC16A2,8.20411846747067e-05,gene/protein
CNR2,8.20411846747067e-05,gene/protein
CLDN9,8.20411846747067e-05,gene/protein
MYO6,8.20411846747067e-05,gene/protein
DYSF,8.20411846747067e-05,gene/protein
FGF23,8.20411846747067e-05,gene/protein
UBA5,8.20411846747067e-05,gene/protein
SYT14,8.20411846747067e-05,gene/protein
PANX1,8.20411846747067e-05,gene/protein
LRRTM2,8.20411846747067e-05,gene/protein
LIN54,8.20411846747067e-05,gene/protein
VSIR,8.20411846747067e-05,gene/protein
LRRFIP1,8.20411846747067e-05,gene/protein
SEMA3F,8.20411846747067e-05,gene/protein
AZGP1,8.20411846747067e-05,gene/protein
DRD2,8.20411846747067e-05,gene/protein
LTBP1,8.20411846747067e-05,gene/protein
PSG9,8.20411846747067e-05,gene/protein
GPR35,8.20411846747067e-05,gene/protein
PBX3,8.20411846747067e-05,gene/protein
FNTA,8.20411846747067e-05,gene/protein
PSG1,8.20411846747067e-05,gene/protein
FMOD,8.20411846747067e-05,gene/protein
KCNK5,8.20411846747067e-05,gene/protein
Limb dysmetria,8.20411846747067e-05,effect/phenotype
KRTAP2-4,8.20411846747067e-05,gene/protein
negative regulation of transcription by competitive promoter binding,8.20411846747067e-05,biological_process
Weakness of facial musculature,8.20411846747067e-05,effect/phenotype
arachidonic acid metabolic process,8.20411846747067e-05,biological_process
LINC01587,8.20411846747067e-05,gene/protein
NME5,8.20411846747067e-05,gene/protein
GLIS1,8.20411846747067e-05,gene/protein
NOD2,8.20411846747067e-05,gene/protein
RPL13,8.20411846747067e-05,gene/protein
METAP2,8.20411846747067e-05,gene/protein
TTN,8.20411846747067e-05,gene/protein
lipoxygenase pathway,8.20411846747067e-05,biological_process
ECT2L,8.20411846747067e-05,gene/protein
MST1L,8.20411846747067e-05,gene/protein
PCBP2,8.20411846747067e-05,gene/protein
PRPF4,8.20411846747067e-05,gene/protein
PRPF3,8.20411846747067e-05,gene/protein
NOLC1,8.20411846747067e-05,gene/protein
RPL4,8.20411846747067e-05,gene/protein
SYMPK,8.20411846747067e-05,gene/protein
SNX3,8.20411846747067e-05,gene/protein
ITGB8,8.20411846747067e-05,gene/protein
HDLBP,8.20411846747067e-05,gene/protein
BCS1L,8.20411846747067e-05,gene/protein
PIP4K2A,8.20411846747067e-05,gene/protein
APEH,8.20411846747067e-05,gene/protein
SLC14A2,8.20411846747067e-05,gene/protein
NT5DC3,8.20411846747067e-05,gene/protein
Nausea,8.20411846747067e-05,effect/phenotype
regulation of reactive oxygen species metabolic process,8.20411846747067e-05,biological_process
SEC16A,8.20411846747067e-05,gene/protein
C1QTNF5,8.20411846747067e-05,gene/protein
PRPH2,8.20411846747067e-05,gene/protein
RP9,8.20411846747067e-05,gene/protein
ARHGEF18,8.20411846747067e-05,gene/protein
ARL2BP,8.20411846747067e-05,gene/protein
RPE65,8.20411846747067e-05,gene/protein
COL1A2,8.20411846747067e-05,gene/protein
RDH12,8.20411846747067e-05,gene/protein
COL11A1,8.20411846747067e-05,gene/protein
RLBP1,8.20411846747067e-05,gene/protein
RBP4,8.20411846747067e-05,gene/protein
AIPL1,8.20411846747067e-05,gene/protein
SLC37A3,8.20411846747067e-05,gene/protein
CDHR1,8.20411846747067e-05,gene/protein
ABCA4,8.20411846747067e-05,gene/protein
UNC119,8.20411846747067e-05,gene/protein
RP1,8.20411846747067e-05,gene/protein
C8orf37,8.20411846747067e-05,gene/protein
RGR,8.20411846747067e-05,gene/protein
CCZ1B,8.20411846747067e-05,gene/protein
EYS,8.20411846747067e-05,gene/protein
PCARE,8.20411846747067e-05,gene/protein
PRPF8,8.20411846747067e-05,gene/protein
IRX5,8.20411846747067e-05,gene/protein
ROM1,8.20411846747067e-05,gene/protein
DHX38,8.20411846747067e-05,gene/protein
NAALADL1,8.20411846747067e-05,gene/protein
UBAP1L,8.20411846747067e-05,gene/protein
PRCD,8.20411846747067e-05,gene/protein
RHO,8.20411846747067e-05,gene/protein
IFT43,8.20411846747067e-05,gene/protein
CROCC,8.20411846747067e-05,gene/protein
Decreased circulating total IgM,8.20411846747067e-05,immune_effect/phenotype
Retinal vasculitis,8.20411846747067e-05,effect/phenotype
Pelvic girdle muscle weakness,8.20411846747067e-05,effect/phenotype
Chronic sensorineural polyneuropathy,8.20411846747067e-05,effect/phenotype
Congenital peripheral neuropathy,8.20411846747067e-05,effect/phenotype
Demyelinating peripheral neuropathy,8.20411846747067e-05,effect/phenotype
Abnormality of the immune system,8.20411846747067e-05,immune_effect/phenotype
Abnormal spermatogenesis,8.20411846747067e-05,effect/phenotype
Vestibular dysfunction,8.20411846747067e-05,effect/phenotype
Hypoplasia of the thymus,8.20411846747067e-05,effect/phenotype
Elevated alpha-fetoprotein,8.20411846747067e-05,effect/phenotype
Decreased activity of mitochondrial complex IV,8.20411846747067e-05,effect/phenotype
Motor polyneuropathy,8.20411846747067e-05,effect/phenotype
FAM71A,8.20411846747067e-05,gene/protein
MERTK,8.20411846747067e-05,gene/protein
RPGR,8.20411846747067e-05,gene/protein
posterior midgut development,8.20411846747067e-05,biological_process
EXOC5,8.20411846747067e-05,gene/protein
KNTC1,8.20411846747067e-05,gene/protein
FOXI2,8.20411846747067e-05,gene/protein
CYP4V2,8.20411846747067e-05,gene/protein
SCP2,8.20411846747067e-05,gene/protein
ARFGEF1,8.20411846747067e-05,gene/protein
negative regulation of neuron maturation,8.20411846747067e-05,biological_process
SNRPD2,8.20411846747067e-05,gene/protein
CLTCL1,8.20411846747067e-05,gene/protein
LRRK1,8.20411846747067e-05,gene/protein
RGS4,8.20411846747067e-05,gene/protein
PTPRB,8.20411846747067e-05,gene/protein
HGSNAT,8.20411846747067e-05,gene/protein
ZBED4,8.20411846747067e-05,gene/protein
Pustule,8.20411846747067e-05,effect/phenotype
Prematurely aged appearance,8.20411846747067e-05,effect/phenotype
Aplasia/Hypoplasia of the skin,8.20411846747067e-05,effect/phenotype
Ketonuria,8.20411846747067e-05,effect/phenotype
postsynapse to nucleus signaling pathway,8.20411846747067e-05,biological_process
Tip-toe gait,8.20411846747067e-05,effect/phenotype
EMG: myopathic abnormalities,8.20411846747067e-05,effect/phenotype
B lymphocytopenia,8.20411846747067e-05,immune_effect/phenotype
Chronic fatigue,8.20411846747067e-05,effect/phenotype
Decreased circulating total IgG,8.20411846747067e-05,immune_effect/phenotype
Sensorimotor polyneuropathy affecting arms more than legs,8.20411846747067e-05,effect/phenotype
Chronic furunculosis,8.20411846747067e-05,effect/phenotype
drug metabolic process,8.20411846747067e-05,biological_process
positive regulation of penile erection,8.20411846747067e-05,biological_process
enteric smooth muscle cell differentiation,8.20411846747067e-05,biological_process
IARS1,8.20411846747067e-05,gene/protein
regulation of fever generation,8.20411846747067e-05,biological_process
ZNF865,8.20411846747067e-05,gene/protein
positive regulation of protein localization to cell surface,8.20411846747067e-05,biological_process
positive regulation of I-kappaB phosphorylation,8.20411846747067e-05,biological_process
MIB2,8.20411846747067e-05,gene/protein
UTP20,8.20411846747067e-05,gene/protein
SLU7,8.20411846747067e-05,gene/protein
DAB2IP,8.20411846747067e-05,gene/protein
NUMBL,8.20411846747067e-05,gene/protein
Synthesis of epoxy (EET) and dihydroxyeicosatrienoic acids (DHET),8.20411846747067e-05,pathway
phospholipase C-activating G protein-coupled receptor signaling pathway,8.20411846747067e-05,biological_process
Aflatoxin activation and detoxification,8.20411846747067e-05,pathway
Abnormal muscle tone,8.20411846747067e-05,effect/phenotype
Childhood-onset truncal obesity,8.20411846747067e-05,effect/phenotype
Macular dystrophy,8.20411846747067e-05,effect/phenotype
Abnormal chorioretinal morphology,8.20411846747067e-05,effect/phenotype
Hypopigmentation of hair,8.20411846747067e-05,immune_effect/phenotype
Autosomal dominant somatic cell mutation,8.20411846747067e-05,effect/phenotype
Autosomal dominant inheritance with paternal imprinting,8.20411846747067e-05,effect/phenotype
Autosomal dominant inheritance with maternal imprinting,8.20411846747067e-05,effect/phenotype
Autosomal dominant germline de novo mutation,8.20411846747067e-05,effect/phenotype
Premature graying of hair,8.20411846747067e-05,effect/phenotype
Hodgkin lymphoma,8.20411846747067e-05,immune_effect/phenotype
Increased adipose tissue,8.20411846747067e-05,effect/phenotype
Interictal epileptiform activity,8.20411846747067e-05,effect/phenotype
Reduced C-peptide level,8.20411846747067e-05,effect/phenotype
STIP1,8.20411846747067e-05,gene/protein
PPHLN1,8.20411846747067e-05,gene/protein
PFKL,8.20411846747067e-05,gene/protein
DNAJC13,8.20411846747067e-05,gene/protein
EXOC4,8.20411846747067e-05,gene/protein
MIR187,8.20411846747067e-05,gene/protein
SLC39A1,8.20411846747067e-05,gene/protein
ZFYVE1,8.20411846747067e-05,gene/protein
PTN,8.20411846747067e-05,gene/protein
DOCK7,8.20411846747067e-05,gene/protein
PDS5A,8.20411846747067e-05,gene/protein
TMEM50B,8.20411846747067e-05,gene/protein
GLOD4,8.20411846747067e-05,gene/protein
RHBDD2,8.20411846747067e-05,gene/protein
SHC4,8.20411846747067e-05,gene/protein
histamine secretion,8.20411846747067e-05,biological_process
EIF2B5,8.20411846747067e-05,gene/protein
ACOT9,8.20411846747067e-05,gene/protein
DNAJA1,8.20411846747067e-05,gene/protein
Verrucae,8.20411846747067e-05,effect/phenotype
Non-Hodgkin lymphoma,8.20411846747067e-05,immune_effect/phenotype
Abnormal hair morphology,8.20411846747067e-05,effect/phenotype
Sex-limited autosomal dominant,8.20411846747067e-05,effect/phenotype
"regulation of gene expression, epigenetic",8.20411846747067e-05,biological_process
response to hydroperoxide,8.20411846747067e-05,biological_process
cellular response to copper ion,8.20411846747067e-05,biological_process
Synthesis of (16-20)-hydroxyeicosatetraenoic acids (HETE),8.20411846747067e-05,pathway
aflatoxin metabolic process,8.20411846747067e-05,biological_process
MADD,8.20411846747067e-05,gene/protein
PIP4P2,8.20411846747067e-05,gene/protein
RRP12,8.20411846747067e-05,gene/protein
VANGL2,8.20411846747067e-05,gene/protein
PIP4K2C,8.20411846747067e-05,gene/protein
SLMAP,8.20411846747067e-05,gene/protein
TPCN1,8.20411846747067e-05,gene/protein
FBXO11,8.20411846747067e-05,gene/protein
BTAF1,8.20411846747067e-05,gene/protein
G0S2,8.20411846747067e-05,gene/protein
GNLY,8.20411846747067e-05,gene/protein
Abnormal waist to hip ratio,8.20411846747067e-05,effect/phenotype
positive regulation of NAD(P)H oxidase activity,8.20411846747067e-05,biological_process
Athetosis,8.20411846747067e-05,effect/phenotype
purine nucleotide catabolic process,8.20411846747067e-05,biological_process
SELENBP1,8.20411846747067e-05,gene/protein
Synthesis of 5-eicosatetraenoic acids,8.20411846747067e-05,pathway
Palmar warts,8.20411846747067e-05,effect/phenotype
skeletal muscle fiber development,8.20411846747067e-05,biological_process
biological process involved in interaction with symbiont,8.20411846747067e-05,biological_process
skeletal muscle tissue regeneration,8.20411846747067e-05,biological_process
Synthesis of 12-eicosatetraenoic acid derivatives,8.20411846747067e-05,pathway
myoblast proliferation,8.20411846747067e-05,biological_process
response to xenobiotic stimulus,8.20411846747067e-05,biological_process
regulation of mammary gland epithelial cell proliferation,8.20411846747067e-05,biological_process
response to symbiotic bacterium,8.20411846747067e-05,biological_process
endothelial cell development,8.20411846747067e-05,biological_process
heterocycle metabolic process,8.20411846747067e-05,biological_process
omega-hydroxylase P450 pathway,8.20411846747067e-05,biological_process
epoxygenase P450 pathway,8.20411846747067e-05,biological_process
Biosynthesis of maresin-like SPMs,8.20411846747067e-05,pathway
Mode of inheritance,8.20411846747067e-05,effect/phenotype
METRNL,8.20411846747067e-05,gene/protein
Abnormality of the endocrine system,8.20411846747067e-05,effect/phenotype
TRNL1,8.20411846747067e-05,gene/protein
TRNK,8.20411846747067e-05,gene/protein
RIC3,8.20411846747067e-05,gene/protein
CRYAA,8.20411846747067e-05,gene/protein
RAS processing,8.20411846747067e-05,pathway
STAT5 activation downstream of FLT3 ITD mutants,8.20411846747067e-05,pathway
fertilization,8.20411846747067e-05,biological_process
steroid catabolic process,8.20411846747067e-05,biological_process
NMNAT2,8.20411846747067e-05,gene/protein
Decreased circulating total IgA,8.20411846747067e-05,immune_effect/phenotype
Mononeuropathy,8.20411846747067e-05,effect/phenotype
Insulin-dependent but ketosis-resistant diabetes,8.20411846747067e-05,effect/phenotype
Mixed demyelinating and axonal polyneuropathy,8.20411846747067e-05,effect/phenotype
Episodic peripheral neuropathy,8.20411846747067e-05,effect/phenotype
Progressive peripheral neuropathy,8.20411846747067e-05,effect/phenotype
Plantar warts,8.20411846747067e-05,effect/phenotype
response to morphine,8.20411846747067e-05,biological_process
cellular response to stress,8.20411846747067e-05,biological_process
positive regulation of Schwann cell differentiation,8.20411846747067e-05,biological_process
Synthesis of 15-eicosatetraenoic acid derivatives,8.20411846747067e-05,pathway
KRTAP4-12,8.20411846747067e-05,gene/protein
protein oxidation,8.20411846747067e-05,biological_process
regulation of proteasomal protein catabolic process,8.20411846747067e-05,biological_process
TAF4B,8.20411846747067e-05,gene/protein
PPP1R8,8.20411846747067e-05,gene/protein
long-chain fatty acid biosynthetic process,8.20411846747067e-05,biological_process
retinol metabolic process,8.20411846747067e-05,biological_process
NOXO1,8.20411846747067e-05,gene/protein
response to aldosterone,8.20411846747067e-05,biological_process
porphyrin-containing compound metabolic process,8.20411846747067e-05,biological_process
ABHD16A,8.20411846747067e-05,gene/protein
negative regulation of intrinsic apoptotic signaling pathway in response to DNA damage,8.20411846747067e-05,biological_process
apoptotic process in bone marrow cell,8.20411846747067e-05,biological_process
EIF2S3,8.20411846747067e-05,gene/protein
monoterpenoid metabolic process,8.20411846747067e-05,biological_process
toxin biosynthetic process,8.20411846747067e-05,biological_process
exogenous drug catabolic process,8.20411846747067e-05,biological_process
monocarboxylic acid metabolic process,8.20411846747067e-05,biological_process
dibenzo-p-dioxin metabolic process,8.20411846747067e-05,biological_process
drug catabolic process,8.20411846747067e-05,biological_process
alkaloid metabolic process,8.20411846747067e-05,biological_process
cellular response to hepatocyte growth factor stimulus,8.20411846747067e-05,biological_process
cellular response to peptidoglycan,8.20411846747067e-05,biological_process
SUMOylation of immune response proteins,8.20411846747067e-05,pathway
"transcription, DNA-templated",8.20411846747067e-05,biological_process
cellular response to lipoteichoic acid,8.20411846747067e-05,biological_process
Weakness of orbicularis oculi muscle,8.20411846747067e-05,effect/phenotype
Ragged-red muscle fibers,8.20411846747067e-05,effect/phenotype
Multiple mononeuropathy,8.20411846747067e-05,effect/phenotype
Sensory impairment,8.20411846747067e-05,effect/phenotype
Acute episodes of neuropathic symptoms,8.20411846747067e-05,effect/phenotype
Recurrent sinusitis,8.20411846747067e-05,effect/phenotype
ERAP1,8.20411846747067e-05,gene/protein
positive regulation of heterotypic cell-cell adhesion,8.20411846747067e-05,biological_process
positive regulation of extrinsic apoptotic signaling pathway,8.20411846747067e-05,biological_process
positive regulation of leukocyte adhesion to arterial endothelial cell,8.20411846747067e-05,biological_process
FECH,8.20411846747067e-05,gene/protein
PRKD2,8.20411846747067e-05,gene/protein
WIPI1,8.20411846747067e-05,gene/protein
GNB1L,8.20411846747067e-05,gene/protein
Biosynthesis of protectins,8.20411846747067e-05,pathway
PGAM5,8.20411846747067e-05,gene/protein
LARP1,8.20411846747067e-05,gene/protein
RBM5,8.20411846747067e-05,gene/protein
PIP4K2B,8.20411846747067e-05,gene/protein
PHAX,8.20411846747067e-05,gene/protein
MAGEH1,8.20411846747067e-05,gene/protein
INTS14,8.20411846747067e-05,gene/protein
positive regulation of supramolecular fiber organization,8.20411846747067e-05,biological_process
Delayed menarche,8.20411846747067e-05,effect/phenotype
Parietal cortical atrophy,8.20411846747067e-05,effect/phenotype
Corpus callosum atrophy,8.20411846747067e-05,effect/phenotype
positive regulation of T cell receptor signaling pathway,8.20411846747067e-05,biological_process
ATG16L2,8.20411846747067e-05,gene/protein
TBXA2R,8.20411846747067e-05,gene/protein
ITFG2,8.20411846747067e-05,gene/protein
UBE2G2,8.20411846747067e-05,gene/protein
WDR12,8.20411846747067e-05,gene/protein
PREB,8.20411846747067e-05,gene/protein
C1orf159,8.20411846747067e-05,gene/protein
Aromatic amines can be N-hydroxylated or N-dealkylated by CYP1A2,8.20411846747067e-05,pathway
AKR1B1,8.20411846747067e-05,gene/protein
G-protein activation,8.20411846747067e-05,pathway
CCNYL1,8.20411846747067e-05,gene/protein
GEMIN5,8.20411846747067e-05,gene/protein
GRIN2D,8.20411846747067e-05,gene/protein
STK38L,8.20411846747067e-05,gene/protein
H2BC7,8.20411846747067e-05,gene/protein
PPME1,8.20411846747067e-05,gene/protein
RHOU,8.20411846747067e-05,gene/protein
Entrapment neuropathy,8.20411846747067e-05,effect/phenotype
Hypermetric saccades,8.20411846747067e-05,effect/phenotype
Nonprogressive,8.20411846747067e-05,effect/phenotype
Hypometric saccades,8.20411846747067e-05,effect/phenotype
Pituitary growth hormone cell adenoma,8.20411846747067e-05,effect/phenotype
Dysdiadochokinesis,8.20411846747067e-05,effect/phenotype
Enlarged cisterna magna,8.20411846747067e-05,effect/phenotype
Fasting hyperinsulinemia,8.20411846747067e-05,effect/phenotype
Diffuse cerebellar atrophy,8.20411846747067e-05,effect/phenotype
Abnormal head movements,8.20411846747067e-05,effect/phenotype
Mydriasis,8.20411846747067e-05,effect/phenotype
Motor axonal neuropathy,8.20411846747067e-05,effect/phenotype
Abnormal circulating phytanic acid concentration,8.20411846747067e-05,effect/phenotype
ERBIN,8.20411846747067e-05,gene/protein
FGF9,8.20411846747067e-05,gene/protein
LMTK2,8.20411846747067e-05,gene/protein
GSPT1,8.20411846747067e-05,gene/protein
WNT4,8.20411846747067e-05,gene/protein
RAE1,8.20411846747067e-05,gene/protein
TOLLIP,8.20411846747067e-05,gene/protein
WAC,8.20411846747067e-05,gene/protein
STK35,8.20411846747067e-05,gene/protein
MRPL40,8.20411846747067e-05,gene/protein
PRKAG2,8.20411846747067e-05,gene/protein
UTRN,8.20411846747067e-05,gene/protein
CCNY,8.20411846747067e-05,gene/protein
EEF1E1,8.20411846747067e-05,gene/protein
RFC4,8.20411846747067e-05,gene/protein
MEF2A,8.20411846747067e-05,gene/protein
THAP7,8.20411846747067e-05,gene/protein
IL27RA,8.20411846747067e-05,gene/protein
Downbeat nystagmus,8.20411846747067e-05,effect/phenotype
Tortuosity of conjunctival vessels,8.20411846747067e-05,effect/phenotype
Nonprogressive cerebellar ataxia,8.20411846747067e-05,effect/phenotype
Exotropia,8.20411846747067e-05,effect/phenotype
Lactic acidosis,8.20411846747067e-05,effect/phenotype
Progressive psychomotor deterioration,8.20411846747067e-05,effect/phenotype
Very long chain fatty acid accumulation,8.20411846747067e-05,effect/phenotype
Hypoketotic hypoglycemia,8.20411846747067e-05,effect/phenotype
Increased susceptibility to fractures,8.20411846747067e-05,effect/phenotype
Mental deterioration,8.20411846747067e-05,effect/phenotype
Oculomotor apraxia,8.20411846747067e-05,effect/phenotype
TAF5,8.20411846747067e-05,gene/protein
TXK,8.20411846747067e-05,gene/protein
AAAS,8.20411846747067e-05,gene/protein
RPS6KC1,8.20411846747067e-05,gene/protein
UBE2E3,8.20411846747067e-05,gene/protein
PHKG2,8.20411846747067e-05,gene/protein
C21orf62-AS1,8.20411846747067e-05,gene/protein
TESK1,8.20411846747067e-05,gene/protein
RNF167,8.20411846747067e-05,gene/protein
ZFYVE9,8.20411846747067e-05,gene/protein
PRKAB1,8.20411846747067e-05,gene/protein
TTBK1,8.20411846747067e-05,gene/protein
RPL13A,8.20411846747067e-05,gene/protein
GALM,8.20411846747067e-05,gene/protein
HCFC1R1,8.20411846747067e-05,gene/protein
WDR37,8.20411846747067e-05,gene/protein
Jerky ocular pursuit movements,8.20411846747067e-05,effect/phenotype
Urinary bladder sphincter dysfunction,8.20411846747067e-05,effect/phenotype
Abnormality of ocular smooth pursuit,8.20411846747067e-05,effect/phenotype
EMG abnormality,8.20411846747067e-05,effect/phenotype
Leg muscle stiffness,8.20411846747067e-05,effect/phenotype
Pituitary prolactin cell adenoma,8.20411846747067e-05,effect/phenotype
Positive Romberg sign,8.20411846747067e-05,effect/phenotype
Poor motor coordination,8.20411846747067e-05,effect/phenotype
Diffuse cerebral atrophy,8.20411846747067e-05,effect/phenotype
Saccadic smooth pursuit,8.20411846747067e-05,effect/phenotype
Abnormal retinal vascular morphology,8.20411846747067e-05,effect/phenotype
Adult-onset night blindness,8.20411846747067e-05,effect/phenotype
Vitreous floaters,8.20411846747067e-05,effect/phenotype
Distal sensory impairment,8.20411846747067e-05,effect/phenotype
Asteroid hyalosis,8.20411846747067e-05,effect/phenotype
Impaired visuospatial constructive cognition,8.20411846747067e-05,effect/phenotype
DAPK2,8.20411846747067e-05,gene/protein
EED,8.20411846747067e-05,gene/protein
ITGA6,8.20411846747067e-05,gene/protein
WDR4,8.20411846747067e-05,gene/protein
YTHDC1,8.20411846747067e-05,gene/protein
CCDC90B,8.20411846747067e-05,gene/protein
Brisk reflexes,8.20411846747067e-05,effect/phenotype
Sudden loss of visual acuity,8.20411846747067e-05,effect/phenotype
CCNJ,8.20411846747067e-05,gene/protein
ACTR3B,8.20411846747067e-05,gene/protein
TMEM59,8.20411846747067e-05,gene/protein
TBC1D31,8.20411846747067e-05,gene/protein
CEP290,8.20411846747067e-05,gene/protein
PIAS4,8.20411846747067e-05,gene/protein
ELP2,8.20411846747067e-05,gene/protein
STXBP5,8.20411846747067e-05,gene/protein
SCOC,8.20411846747067e-05,gene/protein
SIK1,8.20411846747067e-05,gene/protein
Postural tremor,8.20411846747067e-05,effect/phenotype
Proportionate short stature,8.20411846747067e-05,effect/phenotype
Hypoglycemic seizures,8.20411846747067e-05,effect/phenotype
Premature pubarche,8.20411846747067e-05,effect/phenotype
Abnormal nervous system physiology,8.20411846747067e-05,effect/phenotype
Abnormality of the autonomic nervous system,8.20411846747067e-05,effect/phenotype
Bitemporal hemianopia,8.20411846747067e-05,effect/phenotype
Abnormal visual field test,8.20411846747067e-05,effect/phenotype
Central adrenal insufficiency,8.20411846747067e-05,effect/phenotype
DCAF6,8.20411846747067e-05,gene/protein
LATS1,8.20411846747067e-05,gene/protein
ERCC6L2,8.20411846747067e-05,gene/protein
SCRIB,8.20411846747067e-05,gene/protein
CDK10,8.20411846747067e-05,gene/protein
H1-2,8.20411846747067e-05,gene/protein
FAM135A,8.20411846747067e-05,gene/protein
ARHGAP12,8.20411846747067e-05,gene/protein
SEC31A,8.20411846747067e-05,gene/protein
H2BC5,8.20411846747067e-05,gene/protein
WDR20,8.20411846747067e-05,gene/protein
NDC1,8.20411846747067e-05,gene/protein
FBXW4,8.20411846747067e-05,gene/protein
ITGA5,8.20411846747067e-05,gene/protein
TLE2,8.20411846747067e-05,gene/protein
WDR88,8.20411846747067e-05,gene/protein
H2BC12,8.20411846747067e-05,gene/protein
IL21,8.20411846747067e-05,gene/protein
TMEM209,8.20411846747067e-05,gene/protein
RGS19,8.20411846747067e-05,gene/protein
NEK11,8.20411846747067e-05,gene/protein
BRD1,8.20411846747067e-05,gene/protein
Abnormal involuntary eye movements,8.20411846747067e-05,effect/phenotype
Inferior vermis hypoplasia,8.20411846747067e-05,effect/phenotype
Increased serum insulin-like growth factor 1,8.20411846747067e-05,effect/phenotype
Growth hormone excess,8.20411846747067e-05,effect/phenotype
Degradation of GLI1 by the proteasome,8.20411846747067e-05,pathway
PAFAH1B1,8.20411846747067e-05,gene/protein
EIF2AK4,8.20411846747067e-05,gene/protein
UBE2J2,8.20411846747067e-05,gene/protein
TSPAN13,8.20411846747067e-05,gene/protein
CAND2,8.20411846747067e-05,gene/protein
SMU1,8.20411846747067e-05,gene/protein
IL5,8.20411846747067e-05,gene/protein
DHH,8.20411846747067e-05,gene/protein
SEPTIN5,8.20411846747067e-05,gene/protein
DISP2,8.20411846747067e-05,gene/protein
PEX7,8.20411846747067e-05,gene/protein
TRAF7,8.20411846747067e-05,gene/protein
WDR43,8.20411846747067e-05,gene/protein
CDKL5,8.20411846747067e-05,gene/protein
COASY,8.20411846747067e-05,gene/protein
H2AC8,8.20411846747067e-05,gene/protein
SNORD34,8.20411846747067e-05,gene/protein
NKTR,8.20411846747067e-05,gene/protein
negative regulation of vascular wound healing,8.20411846747067e-05,biological_process
negative regulation of cytokine production involved in immune response,8.20411846747067e-05,biological_process
regulation of I-kappaB kinase/NF-kappaB signaling,8.20411846747067e-05,biological_process
Hh mutants are degraded by ERAD,8.20411846747067e-05,pathway
Regulation of expression of SLITs and ROBOs,8.20411846747067e-05,pathway
Degradation of GLI2 by the proteasome,8.20411846747067e-05,pathway
GLI3 is processed to GLI3R by the proteasome,8.20411846747067e-05,pathway
RUNX1 regulates transcription of genes involved in differentiation of HSCs,8.20411846747067e-05,pathway
ROS sensing by NFE2L2,8.20411846747067e-05,pathway
FBXL7 down-regulates AURKA during mitotic entry and in early mitosis,8.20411846747067e-05,pathway
The role of GTSE1 in G2/M progression after G2 checkpoint,8.20411846747067e-05,pathway
ATG9A,8.20411846747067e-05,gene/protein
regulation of hematopoietic stem cell differentiation,8.20411846747067e-05,biological_process
MYO5A,8.20411846747067e-05,gene/protein
NADE modulates death signalling,8.20411846747067e-05,pathway
NLRC4,8.20411846747067e-05,gene/protein
HBP1,8.20411846747067e-05,gene/protein
MAP1LC3A,8.20411846747067e-05,gene/protein
TFCP2,8.20411846747067e-05,gene/protein
positive regulation of neuron death,8.20411846747067e-05,biological_process
TRAIL  signaling,8.20411846747067e-05,pathway
TLR3-mediated TICAM1-dependent programmed cell death,8.20411846747067e-05,pathway
NF-kB activation through FADD/RIP-1 pathway mediated by caspase-8 and -10,8.20411846747067e-05,pathway
Defective RIPK1-mediated regulated necrosis,8.20411846747067e-05,pathway
Microbial modulation of RIPK1-mediated regulated necrosis,8.20411846747067e-05,pathway
LZTR1,8.20411846747067e-05,gene/protein
FBXW5,8.20411846747067e-05,gene/protein
ASXL1,8.20411846747067e-05,gene/protein
TPP2,8.20411846747067e-05,gene/protein
PTPRC,8.20411846747067e-05,gene/protein
DCAF5,8.20411846747067e-05,gene/protein
WDR6,8.20411846747067e-05,gene/protein
PLAA,8.20411846747067e-05,gene/protein
CORO6,8.20411846747067e-05,gene/protein
SP100,8.20411846747067e-05,gene/protein
PTPRE,8.20411846747067e-05,gene/protein
STK39,8.20411846747067e-05,gene/protein
BRWD1,8.20411846747067e-05,gene/protein
STK10,8.20411846747067e-05,gene/protein
ITGA4,8.20411846747067e-05,gene/protein
ZNF74,8.20411846747067e-05,gene/protein
Proportionate tall stature,8.20411846747067e-05,effect/phenotype
nucleotide-binding oligomerization domain containing signaling pathway,8.20411846747067e-05,biological_process
S100A14,8.20411846747067e-05,gene/protein
EDC3,8.20411846747067e-05,gene/protein
DCAF12,8.20411846747067e-05,gene/protein
PAFAH2,8.20411846747067e-05,gene/protein
PAK4,8.20411846747067e-05,gene/protein
ACAD8,8.20411846747067e-05,gene/protein
TICAM2,8.20411846747067e-05,gene/protein
DYRK4,8.20411846747067e-05,gene/protein
TMEM115,8.20411846747067e-05,gene/protein
PPFIA1,8.20411846747067e-05,gene/protein
CFAP251,8.20411846747067e-05,gene/protein
DGCR8,8.20411846747067e-05,gene/protein
PUF60,8.20411846747067e-05,gene/protein
UBE2W,8.20411846747067e-05,gene/protein
DENR,8.20411846747067e-05,gene/protein
CDC42BPG,8.20411846747067e-05,gene/protein
PES1,8.20411846747067e-05,gene/protein
DSTYK,8.20411846747067e-05,gene/protein
Abnormality of the mouth,8.20411846747067e-05,effect/phenotype
Oligomenorrhea,8.20411846747067e-05,effect/phenotype
Difficulty walking,8.20411846747067e-05,effect/phenotype
Distal amyotrophy,8.20411846747067e-05,effect/phenotype
Scanning speech,8.20411846747067e-05,effect/phenotype
Horizontal nystagmus,8.20411846747067e-05,effect/phenotype
GLCE,8.20411846747067e-05,gene/protein
DEDD2,8.20411846747067e-05,gene/protein
USO1,8.20411846747067e-05,gene/protein
H4-16,8.20411846747067e-05,gene/protein
MAP1LC3B,8.20411846747067e-05,gene/protein
IL3,8.20411846747067e-05,gene/protein
ST3GAL2,8.20411846747067e-05,gene/protein
IL6R,8.20411846747067e-05,gene/protein
PARD3,8.20411846747067e-05,gene/protein
RNU11-5P,8.20411846747067e-05,gene/protein
SH3BP2,8.20411846747067e-05,gene/protein
LIF,8.20411846747067e-05,gene/protein
CILK1,8.20411846747067e-05,gene/protein
PLCB2,8.20411846747067e-05,gene/protein
DENND3,8.20411846747067e-05,gene/protein
FOXH1,8.20411846747067e-05,gene/protein
PPP2R2A,8.20411846747067e-05,gene/protein
UBE2J1,8.20411846747067e-05,gene/protein
NEK9,8.20411846747067e-05,gene/protein
WDR77,8.20411846747067e-05,gene/protein
SNORD35A,8.20411846747067e-05,gene/protein
WT1,8.20411846747067e-05,gene/protein
TRAPPC3,8.20411846747067e-05,gene/protein
HSH2D,8.20411846747067e-05,gene/protein
activation of cysteine-type endopeptidase activity involved in apoptotic signaling pathway,8.20411846747067e-05,biological_process
Erectile dysfunction,8.20411846747067e-05,effect/phenotype
STT3B,8.20411846747067e-05,gene/protein
PWP2,8.20411846747067e-05,gene/protein
LAS1L,8.20411846747067e-05,gene/protein
ETS2,8.20411846747067e-05,gene/protein
NBEAL2,8.20411846747067e-05,gene/protein
TEP1,8.20411846747067e-05,gene/protein
SNHG12,8.20411846747067e-05,gene/protein
PPP1R1B,8.20411846747067e-05,gene/protein
USP6NL,8.20411846747067e-05,gene/protein
ZMAT2,8.20411846747067e-05,gene/protein
NUAK2,8.20411846747067e-05,gene/protein
MICAL1,8.20411846747067e-05,gene/protein
MKNK1,8.20411846747067e-05,gene/protein
HIRA,8.20411846747067e-05,gene/protein
CABLES1,8.20411846747067e-05,gene/protein
FAM171A1,8.20411846747067e-05,gene/protein
Poor fine motor coordination,8.20411846747067e-05,effect/phenotype
DCTN1,8.20411846747067e-05,gene/protein
KCNIP3,8.20411846747067e-05,gene/protein
SOHLH1,8.20411846747067e-05,gene/protein
Muscle spasm,8.20411846747067e-05,effect/phenotype
Limb muscle weakness,8.20411846747067e-05,effect/phenotype
Calf muscle hypertrophy,8.20411846747067e-05,effect/phenotype
EMG: neuropathic changes,8.20411846747067e-05,effect/phenotype
Dysmetric saccades,8.20411846747067e-05,effect/phenotype
Bulbar palsy,8.20411846747067e-05,effect/phenotype
Spinal deformities,8.20411846747067e-05,effect/phenotype
Delayed fine motor development,8.20411846747067e-05,effect/phenotype
MLKL,8.20411846747067e-05,gene/protein
Decreased fertility,8.20411846747067e-05,effect/phenotype
GRIN1,8.20411846747067e-05,gene/protein
PRKACB,8.20411846747067e-05,gene/protein
CDK13,8.20411846747067e-05,gene/protein
SRSF10,8.20411846747067e-05,gene/protein
MAP4K2,8.20411846747067e-05,gene/protein
PPP2R5E,8.20411846747067e-05,gene/protein
TSSK6,8.20411846747067e-05,gene/protein
SLK,8.20411846747067e-05,gene/protein
WDR75,8.20411846747067e-05,gene/protein
UBE2Z,8.20411846747067e-05,gene/protein
MED15,8.20411846747067e-05,gene/protein
WDR53,8.20411846747067e-05,gene/protein
WDSUB1,8.20411846747067e-05,gene/protein
RPS11,8.20411846747067e-05,gene/protein
DYNC2I1,8.20411846747067e-05,gene/protein
RAB14,8.20411846747067e-05,gene/protein
POC1A,8.20411846747067e-05,gene/protein
T cell activation,8.20411846747067e-05,biological_process
CPLX2,8.20411846747067e-05,gene/protein
ZFYVE28,8.20411846747067e-05,gene/protein
IREB2,8.20411846747067e-05,gene/protein
SNORA78,8.20411846747067e-05,gene/protein
LY6E,8.20411846747067e-05,gene/protein
WDR45,8.20411846747067e-05,gene/protein
PLCB1,8.20411846747067e-05,gene/protein
STRADA,8.20411846747067e-05,gene/protein
FGF17,8.20411846747067e-05,gene/protein
PRL,8.20411846747067e-05,gene/protein
WDFY4,8.20411846747067e-05,gene/protein
PRPF19,8.20411846747067e-05,gene/protein
PPP2R2B,8.20411846747067e-05,gene/protein
WDR7,8.20411846747067e-05,gene/protein
FEM1A,8.20411846747067e-05,gene/protein
WDR27,8.20411846747067e-05,gene/protein
Cerebral ischemia,8.20411846747067e-05,effect/phenotype
Lower limb spasticity,8.20411846747067e-05,effect/phenotype
Gaze-evoked horizontal nystagmus,8.20411846747067e-05,effect/phenotype
Diplopia,8.20411846747067e-05,effect/phenotype
Truncal titubation,8.20411846747067e-05,effect/phenotype
Regulation of necroptotic cell death,8.20411846747067e-05,pathway
TRIF-mediated programmed cell death,8.20411846747067e-05,pathway
NOD1/2 Signaling Pathway,8.20411846747067e-05,pathway
regulation of necroptotic process,8.20411846747067e-05,biological_process
regulation of innate immune response,8.20411846747067e-05,biological_process
"Activation, myristolyation of BID and translocation to mitochondria",8.20411846747067e-05,pathway
PLK4,8.20411846747067e-05,gene/protein
MAF,8.20411846747067e-05,gene/protein
THRAP3,8.20411846747067e-05,gene/protein
HERC1,8.20411846747067e-05,gene/protein
TTBK2,8.20411846747067e-05,gene/protein
SEC31B,8.20411846747067e-05,gene/protein
AURKC,8.20411846747067e-05,gene/protein
TRAF5,8.20411846747067e-05,gene/protein
PPM1F,8.20411846747067e-05,gene/protein
TNFRSF19,8.20411846747067e-05,gene/protein
GRWD1,8.20411846747067e-05,gene/protein
DCAF10,8.20411846747067e-05,gene/protein
IFRD2,8.20411846747067e-05,gene/protein
ROCK2,8.20411846747067e-05,gene/protein
OXSR1,8.20411846747067e-05,gene/protein
WASF2,8.20411846747067e-05,gene/protein
CTDSP2,8.20411846747067e-05,gene/protein
CCDC163,8.20411846747067e-05,gene/protein
DPH7,8.20411846747067e-05,gene/protein
Dysphonia,8.20411846747067e-05,effect/phenotype
Mild microcephaly,8.20411846747067e-05,effect/phenotype
CCDC93,8.20411846747067e-05,gene/protein
Orc1 removal from chromatin,8.20411846747067e-05,pathway
Hedgehog ligand biogenesis,8.20411846747067e-05,pathway
Degradation of DVL,8.20411846747067e-05,pathway
Asymmetric localization of PCP proteins,8.20411846747067e-05,pathway
rhythmic behavior,8.20411846747067e-05,biological_process
renal absorption,8.20411846747067e-05,biological_process
detection of mechanical stimulus involved in sensory perception of sound,8.20411846747067e-05,biological_process
FIBP,8.20411846747067e-05,gene/protein
RPS19,8.20411846747067e-05,gene/protein
WSB1,8.20411846747067e-05,gene/protein
STK31,8.20411846747067e-05,gene/protein
SLC12A2,8.20411846747067e-05,gene/protein
SERBP1,8.20411846747067e-05,gene/protein
NRDC,8.20411846747067e-05,gene/protein
PANK4,8.20411846747067e-05,gene/protein
Signaling by Hippo,8.20411846747067e-05,pathway
PLIN4,8.20411846747067e-05,gene/protein
Activation of caspases through apoptosome-mediated cleavage,8.20411846747067e-05,pathway
SMAC (DIABLO) binds to IAPs ,8.20411846747067e-05,pathway
SMAC(DIABLO)-mediated dissociation of IAP:caspase complexes ,8.20411846747067e-05,pathway
Apoptosis induced DNA fragmentation,8.20411846747067e-05,pathway
BIRC7,8.20411846747067e-05,gene/protein
DCC,8.20411846747067e-05,gene/protein
GRIPAP1,8.20411846747067e-05,gene/protein
activation of cysteine-type endopeptidase activity,8.20411846747067e-05,biological_process
positive regulation of macrophage differentiation,8.20411846747067e-05,biological_process
Apoptotic execution phase,8.20411846747067e-05,pathway
BEX1,8.20411846747067e-05,gene/protein
Gaze-evoked nystagmus,8.20411846747067e-05,effect/phenotype
Abnormality of the distal phalanx of the thumb,8.20411846747067e-05,effect/phenotype
histone H3 deacetylation,8.20411846747067e-05,biological_process
HPN,8.20411846747067e-05,gene/protein
NRGN,8.20411846747067e-05,gene/protein
Regulation of HMOX1 expression and activity,8.20411846747067e-05,pathway
gene silencing,8.20411846747067e-05,biological_process
neuromuscular process,8.20411846747067e-05,biological_process
social behavior,8.20411846747067e-05,biological_process
LAX1,8.20411846747067e-05,gene/protein
membrane repolarization during action potential,8.20411846747067e-05,biological_process
membrane repolarization during atrial cardiac muscle cell action potential,8.20411846747067e-05,biological_process
regulation of ventricular cardiac muscle cell membrane repolarization,8.20411846747067e-05,biological_process
atrial cardiac muscle cell action potential,8.20411846747067e-05,biological_process
membrane repolarization during ventricular cardiac muscle cell action potential,8.20411846747067e-05,biological_process
negative regulation of intracellular signal transduction,8.20411846747067e-05,biological_process
endothelial cell-matrix adhesion,8.20411846747067e-05,biological_process
RBFA,8.20411846747067e-05,gene/protein
negative regulation of helicase activity,8.20411846747067e-05,biological_process
DHRS3,8.20411846747067e-05,gene/protein
regulation of membrane repolarization,8.20411846747067e-05,biological_process
gastrin-induced gastric acid secretion,8.20411846747067e-05,biological_process
non-motile cilium assembly,8.20411846747067e-05,biological_process
cardiac conduction,8.20411846747067e-05,biological_process
cochlea development,8.20411846747067e-05,biological_process
membrane repolarization during cardiac muscle cell action potential,8.20411846747067e-05,biological_process
GPR108,8.20411846747067e-05,gene/protein
regulation of atrial cardiac muscle cell membrane repolarization,8.20411846747067e-05,biological_process
corticosterone secretion,8.20411846747067e-05,biological_process
regulation of gastric acid secretion,8.20411846747067e-05,biological_process
positive regulation of potassium ion transmembrane transport,8.20411846747067e-05,biological_process
regulation of voltage-gated sodium channel activity,8.20411846747067e-05,biological_process
stomach development,8.20411846747067e-05,biological_process
auditory receptor cell development,8.20411846747067e-05,biological_process
EXOSC8,8.20411846747067e-05,gene/protein
Monotonic speech,8.20411846747067e-05,effect/phenotype
Hypomimic face,8.20411846747067e-05,effect/phenotype
Shyness,8.20411846747067e-05,effect/phenotype
DYRK2,8.20411846747067e-05,gene/protein
mRNA export from nucleus,8.20411846747067e-05,biological_process
TRMT6,8.20411846747067e-05,gene/protein
positive regulation of proteolysis,8.20411846747067e-05,biological_process
TRAIL-activated apoptotic signaling pathway,8.20411846747067e-05,biological_process
suppression by virus of host cysteine-type endopeptidase activity involved in apoptotic process,8.20411846747067e-05,biological_process
toll-like receptor 3 signaling pathway,8.20411846747067e-05,biological_process
natural killer cell activation,8.20411846747067e-05,biological_process
modulation by virus of host cellular process,8.20411846747067e-05,biological_process
syncytiotrophoblast cell differentiation involved in labyrinthine layer development,8.20411846747067e-05,biological_process
self proteolysis,8.20411846747067e-05,biological_process
proteolysis involved in cellular protein catabolic process,8.20411846747067e-05,biological_process
pyroptosis,8.20411846747067e-05,biological_process
iodide transport,8.20411846747067e-05,biological_process
Insertion of tail-anchored proteins into the endoplasmic reticulum membrane,8.20411846747067e-05,pathway
Iron uptake and transport,8.20411846747067e-05,pathway
SYNJ2,8.20411846747067e-05,gene/protein
CCDC142,8.20411846747067e-05,gene/protein
SLC2A4RG,8.20411846747067e-05,gene/protein
TMEM150A,8.20411846747067e-05,gene/protein
PLPP2,8.20411846747067e-05,gene/protein
PLEKHG6,8.20411846747067e-05,gene/protein
PLG,8.20411846747067e-05,gene/protein
KLC4,8.20411846747067e-05,gene/protein
SLC16A3,8.20411846747067e-05,gene/protein
PNRC1,8.20411846747067e-05,gene/protein
PAX8,8.20411846747067e-05,gene/protein
CDC42BPA,8.20411846747067e-05,gene/protein
ANXA9,8.20411846747067e-05,gene/protein
antigen transcytosis by M cells in mucosal-associated lymphoid tissue,8.20411846747067e-05,biological_process
GNG10,8.20411846747067e-05,gene/protein
SEPTIN9,8.20411846747067e-05,gene/protein
LBX2,8.20411846747067e-05,gene/protein
SUB1,8.20411846747067e-05,gene/protein
TMBIM1,8.20411846747067e-05,gene/protein
MOGAT3,8.20411846747067e-05,gene/protein
PEX13,8.20411846747067e-05,gene/protein
NSMCE1,8.20411846747067e-05,gene/protein
KNL1,8.20411846747067e-05,gene/protein
adrenergic receptor signaling pathway,8.20411846747067e-05,biological_process
iron ion homeostasis,8.20411846747067e-05,biological_process
ELOVL6,8.20411846747067e-05,gene/protein
positive regulation of cardiac muscle contraction,8.20411846747067e-05,biological_process
DIDO1,8.20411846747067e-05,gene/protein
potassium ion export across plasma membrane,8.20411846747067e-05,biological_process
GABBR2,8.20411846747067e-05,gene/protein
TRIF-dependent toll-like receptor signaling pathway,8.20411846747067e-05,biological_process
Long toe,8.20411846747067e-05,effect/phenotype
Abnormal left ventricle morphology,8.20411846747067e-05,effect/phenotype
Holoprosencephaly,8.20411846747067e-05,effect/phenotype
Macroorchidism,8.20411846747067e-05,effect/phenotype
Hydrocele testis,8.20411846747067e-05,effect/phenotype
Pulmonary valve atresia,8.20411846747067e-05,effect/phenotype
Square face,8.20411846747067e-05,effect/phenotype
Aphasia,8.20411846747067e-05,effect/phenotype
Action tremor,8.20411846747067e-05,effect/phenotype
Bradykinesia,8.20411846747067e-05,effect/phenotype
Agraphesthesia,8.20411846747067e-05,effect/phenotype
TCAF1,8.20411846747067e-05,gene/protein
Post-translational modification: synthesis of GPI-anchored proteins,8.20411846747067e-05,pathway
neutrophil migration,8.20411846747067e-05,biological_process
GNGT1,8.20411846747067e-05,gene/protein
ventricular cardiac muscle cell action potential,8.20411846747067e-05,biological_process
PDCL,8.20411846747067e-05,gene/protein
protein folding,8.20411846747067e-05,biological_process
positive regulation of blood pressure,8.20411846747067e-05,biological_process
cAMP-mediated signaling,8.20411846747067e-05,biological_process
G beta:gamma signalling through BTK,8.20411846747067e-05,pathway
ADP signalling through P2Y purinoceptor 12,8.20411846747067e-05,pathway
ZNF131,8.20411846747067e-05,gene/protein
Activation of G protein gated Potassium channels,8.20411846747067e-05,pathway
GNG3,8.20411846747067e-05,gene/protein
IFITM3,8.20411846747067e-05,gene/protein
POMT2,8.20411846747067e-05,gene/protein
SLC15A4,8.20411846747067e-05,gene/protein
SPTSSA,8.20411846747067e-05,gene/protein
KHK,8.20411846747067e-05,gene/protein
peptidyl-lysine acetylation,8.20411846747067e-05,biological_process
CDCA7L,8.20411846747067e-05,gene/protein
heterochromatin assembly,8.20411846747067e-05,biological_process
peptidyl-lysine deacetylation,8.20411846747067e-05,biological_process
regulation of transcription from RNA polymerase II promoter in response to iron,8.20411846747067e-05,biological_process
Heme degradation,8.20411846747067e-05,pathway
STMN3,8.20411846747067e-05,gene/protein
GNG8,8.20411846747067e-05,gene/protein
Thromboxane signalling through TP receptor,8.20411846747067e-05,pathway
Inhibition  of voltage gated Ca2+ channels via Gbeta/gamma subunits,8.20411846747067e-05,pathway
Prostacyclin signalling through prostacyclin receptor,8.20411846747067e-05,pathway
RAB5B,8.20411846747067e-05,gene/protein
FAM83H,8.20411846747067e-05,gene/protein
GNG11,8.20411846747067e-05,gene/protein
RASD2,8.20411846747067e-05,gene/protein
CUL4A,8.20411846747067e-05,gene/protein
response to estrogen,8.20411846747067e-05,biological_process
endothelial cell proliferation,8.20411846747067e-05,biological_process
ADAM33,8.20411846747067e-05,gene/protein
BAG2,8.20411846747067e-05,gene/protein
erythrocyte homeostasis,8.20411846747067e-05,biological_process
negative regulation of leukocyte migration,8.20411846747067e-05,biological_process
CDT1 association with the CDC6:ORC:origin complex,8.20411846747067e-05,pathway
Regulation of RAS by GAPs,8.20411846747067e-05,pathway
regulation of smooth muscle cell apoptotic process,8.20411846747067e-05,biological_process
regulation of endodeoxyribonuclease activity,8.20411846747067e-05,biological_process
negative regulation of peptidyl-lysine acetylation,8.20411846747067e-05,biological_process
pyrimidine dimer repair by nucleotide-excision repair,8.20411846747067e-05,biological_process
rDNA heterochromatin assembly,8.20411846747067e-05,biological_process
heterochromatin maintenance,8.20411846747067e-05,biological_process
protein deacetylation,8.20411846747067e-05,biological_process
histone deacetylation,8.20411846747067e-05,biological_process
GNG5,8.20411846747067e-05,gene/protein
FOXO6,8.20411846747067e-05,gene/protein
Short nose,8.20411846747067e-05,effect/phenotype
Hypertonia,8.20411846747067e-05,effect/phenotype
Preauricular skin tag,8.20411846747067e-05,effect/phenotype
Enuresis,8.20411846747067e-05,effect/phenotype
Abnormally large globe,8.20411846747067e-05,effect/phenotype
Cortical dysplasia,8.20411846747067e-05,effect/phenotype
Optic nerve hypoplasia,8.20411846747067e-05,effect/phenotype
Joint contracture of the 5th finger,8.20411846747067e-05,effect/phenotype
Sandal gap,8.20411846747067e-05,effect/phenotype
Thick lower lip vermilion,8.20411846747067e-05,effect/phenotype
Thoracic kyphosis,8.20411846747067e-05,effect/phenotype
Poor eye contact,8.20411846747067e-05,effect/phenotype
negative regulation of epithelial cell apoptotic process,8.20411846747067e-05,biological_process
heme oxidation,8.20411846747067e-05,biological_process
sodium ion transport,8.20411846747067e-05,biological_process
KCNQ2,8.20411846747067e-05,gene/protein
KCNE2,8.20411846747067e-05,gene/protein
Voltage gated Potassium channels,8.20411846747067e-05,pathway
Phase 3 - rapid repolarisation,8.20411846747067e-05,pathway
Phase 2 - plateau phase,8.20411846747067e-05,pathway
regulation of heart contraction,8.20411846747067e-05,biological_process
inner ear morphogenesis,8.20411846747067e-05,biological_process
regulation of heart rate by cardiac conduction,8.20411846747067e-05,biological_process
small GTPase mediated signal transduction,8.20411846747067e-05,biological_process
negative regulation of mast cell cytokine production,8.20411846747067e-05,biological_process
regulation of gene expression by genetic imprinting,8.20411846747067e-05,biological_process
GNG12,8.20411846747067e-05,gene/protein
NDUFA6,8.20411846747067e-05,gene/protein
KRTAP17-1,8.20411846747067e-05,gene/protein
VAPB,8.20411846747067e-05,gene/protein
positive regulation of cation channel activity,8.20411846747067e-05,biological_process
Striae distensae,8.20411846747067e-05,effect/phenotype
Hyperactivity,8.20411846747067e-05,effect/phenotype
Mitral stenosis,8.20411846747067e-05,effect/phenotype
Double outlet right ventricle,8.20411846747067e-05,effect/phenotype
Absent Achilles reflex,8.20411846747067e-05,effect/phenotype
Anal atresia,8.20411846747067e-05,effect/phenotype
Frontal balding,8.20411846747067e-05,effect/phenotype
Low hanging columella,8.20411846747067e-05,effect/phenotype
Small earlobe,8.20411846747067e-05,effect/phenotype
Secondary microcephaly,8.20411846747067e-05,effect/phenotype
regulation of membrane potential,8.20411846747067e-05,biological_process
positive regulation of phosphoprotein phosphatase activity,8.20411846747067e-05,biological_process
LMAN2L,8.20411846747067e-05,gene/protein
cellular chloride ion homeostasis,8.20411846747067e-05,biological_process
wound healing involved in inflammatory response,8.20411846747067e-05,biological_process
Broad nasal tip,8.20411846747067e-05,effect/phenotype
Poor suck,8.20411846747067e-05,effect/phenotype
X-linked dominant inheritance,8.20411846747067e-05,immune_effect/phenotype
Left ventricular noncompaction cardiomyopathy,8.20411846747067e-05,effect/phenotype
Death in childhood,8.20411846747067e-05,effect/phenotype
Toenail dysplasia,8.20411846747067e-05,effect/phenotype
Abnormality of the septum pellucidum,8.20411846747067e-05,effect/phenotype
Oral-pharyngeal dysphagia,8.20411846747067e-05,effect/phenotype
Undetectable electroretinogram,8.20411846747067e-05,effect/phenotype
Triangular face,8.20411846747067e-05,effect/phenotype
MFSD6,8.20411846747067e-05,gene/protein
TTLL4,8.20411846747067e-05,gene/protein
C1QTNF9,8.20411846747067e-05,gene/protein
MRM1,8.20411846747067e-05,gene/protein
VMA21,8.20411846747067e-05,gene/protein
response to ATP,8.20411846747067e-05,biological_process
FKBP10,8.20411846747067e-05,gene/protein
SH3GLB1,8.20411846747067e-05,gene/protein
bradykinin catabolic process,8.20411846747067e-05,biological_process
calcitonin catabolic process,8.20411846747067e-05,biological_process
TRPM8,8.20411846747067e-05,gene/protein
NIM1K,8.20411846747067e-05,gene/protein
MLF1,8.20411846747067e-05,gene/protein
positive regulation of adaptive immune response,8.20411846747067e-05,biological_process
regulation of bile acid biosynthetic process,8.20411846747067e-05,biological_process
SIRT1 negatively regulates rRNA expression,8.20411846747067e-05,pathway
Regulation of activated PAK-2p34 by proteasome mediated degradation,8.20411846747067e-05,pathway
TMEM35A,8.20411846747067e-05,gene/protein
FEM1B,8.20411846747067e-05,gene/protein
TMEM179B,8.20411846747067e-05,gene/protein
C1QTNF9B,8.20411846747067e-05,gene/protein
Dyskinesia,8.20411846747067e-05,effect/phenotype
Epicanthus inversus,8.20411846747067e-05,effect/phenotype
Cupped ear,8.20411846747067e-05,effect/phenotype
Chorioretinal atrophy,8.20411846747067e-05,effect/phenotype
Chorioretinal degeneration,8.20411846747067e-05,effect/phenotype
Peripheral visual field loss,8.20411846747067e-05,effect/phenotype
Restricted large joint movement,8.20411846747067e-05,effect/phenotype
Tented upper lip vermilion,8.20411846747067e-05,effect/phenotype
Drooling,8.20411846747067e-05,effect/phenotype
Submucous cleft soft palate,8.20411846747067e-05,effect/phenotype
GTF3C2,8.20411846747067e-05,gene/protein
WDR11,8.20411846747067e-05,gene/protein
cellular extravasation,8.20411846747067e-05,biological_process
muscle contraction,8.20411846747067e-05,biological_process
LAMA1,8.20411846747067e-05,gene/protein
SLC17A2,8.20411846747067e-05,gene/protein
neutrophil chemotaxis,8.20411846747067e-05,biological_process
embryonic digit morphogenesis,8.20411846747067e-05,biological_process
FYB1,8.20411846747067e-05,gene/protein
GAS1,8.20411846747067e-05,gene/protein
CDK12,8.20411846747067e-05,gene/protein
MARCHF7,8.20411846747067e-05,gene/protein
STAP1,8.20411846747067e-05,gene/protein
MAST4,8.20411846747067e-05,gene/protein
endothelin maturation,8.20411846747067e-05,biological_process
substance P catabolic process,8.20411846747067e-05,biological_process
hormone catabolic process,8.20411846747067e-05,biological_process
NPB,8.20411846747067e-05,gene/protein
positive regulation of receptor recycling,8.20411846747067e-05,biological_process
MFNG,8.20411846747067e-05,gene/protein
TRAF3IP2,8.20411846747067e-05,gene/protein
STRAP,8.20411846747067e-05,gene/protein
Stereotypy,8.20411846747067e-05,effect/phenotype
Peripheral pulmonary artery stenosis,8.20411846747067e-05,effect/phenotype
Unilateral vocal cord paralysis,8.20411846747067e-05,effect/phenotype
Long face,8.20411846747067e-05,effect/phenotype
Progressive spasticity,8.20411846747067e-05,effect/phenotype
Hydronephrosis,8.20411846747067e-05,effect/phenotype
Hostility,8.20411846747067e-05,effect/phenotype
Clubbing of toes,8.20411846747067e-05,effect/phenotype
Recurrent cutaneous abscess formation,8.20411846747067e-05,effect/phenotype
Adenoma sebaceum,8.20411846747067e-05,effect/phenotype
Extrapyramidal muscular rigidity,8.20411846747067e-05,effect/phenotype
TCEA2,8.20411846747067e-05,gene/protein
SLF2,8.20411846747067e-05,gene/protein
PTP4A3,8.20411846747067e-05,gene/protein
IFNAR1,8.20411846747067e-05,gene/protein
TCEANC2,8.20411846747067e-05,gene/protein
SNORD35B,8.20411846747067e-05,gene/protein
regulation of mitotic cell cycle phase transition,8.20411846747067e-05,biological_process
regulation of catalytic activity,8.20411846747067e-05,biological_process
Degradation of AXIN,8.20411846747067e-05,pathway
CD200R1,8.20411846747067e-05,gene/protein
CCDC74B,8.20411846747067e-05,gene/protein
ANKRD27,8.20411846747067e-05,gene/protein
PUM1,8.20411846747067e-05,gene/protein
PTPRU,8.20411846747067e-05,gene/protein
PRKD3,8.20411846747067e-05,gene/protein
RPSA,8.20411846747067e-05,gene/protein
PDK2,8.20411846747067e-05,gene/protein
PKD1L1-AS1,8.20411846747067e-05,gene/protein
RPS26,8.20411846747067e-05,gene/protein
DAAM1,8.20411846747067e-05,gene/protein
pharyngeal system development,8.20411846747067e-05,biological_process
Localized periodontitis,8.20411846747067e-05,effect/phenotype
Gastrostomy tube feeding in infancy,8.20411846747067e-05,effect/phenotype
Oral cleft,8.20411846747067e-05,effect/phenotype
Cleft upper lip,8.20411846747067e-05,effect/phenotype
Preaxial hand polydactyly,8.20411846747067e-05,effect/phenotype
Oval face,8.20411846747067e-05,effect/phenotype
Hallux valgus,8.20411846747067e-05,effect/phenotype
Ankle flexion contracture,8.20411846747067e-05,immune_effect/phenotype
Macrogyria,8.20411846747067e-05,effect/phenotype
Alcoholism,8.20411846747067e-05,effect/phenotype
Bilateral basal ganglia lesions,8.20411846747067e-05,effect/phenotype
Abnormality of the thyroid gland,8.20411846747067e-05,effect/phenotype
Anterior pituitary dysgenesis,8.20411846747067e-05,effect/phenotype
PABPC1,8.20411846747067e-05,gene/protein
ventricular cardiac muscle tissue development,8.20411846747067e-05,biological_process
Oxygen-dependent proline hydroxylation of Hypoxia-inducible Factor Alpha,8.20411846747067e-05,pathway
NIK-->noncanonical NF-kB signaling,8.20411846747067e-05,pathway
SLC26A1,8.20411846747067e-05,gene/protein
ACOT13,8.20411846747067e-05,gene/protein
LRRC27,8.20411846747067e-05,gene/protein
H2BC17,8.20411846747067e-05,gene/protein
PMPCB,8.20411846747067e-05,gene/protein
RPL10A,8.20411846747067e-05,gene/protein
MINDY2,8.20411846747067e-05,gene/protein
MRPL22,8.20411846747067e-05,gene/protein
CYBRD1,8.20411846747067e-05,gene/protein
TMIE,8.20411846747067e-05,gene/protein
NEDD4L,8.20411846747067e-05,gene/protein
PTGER4,8.20411846747067e-05,gene/protein
SMIM40,8.20411846747067e-05,gene/protein
insulin-like growth factor receptor signaling pathway,8.20411846747067e-05,biological_process
Preauricular pit,8.20411846747067e-05,effect/phenotype
Everted lower lip vermilion,8.20411846747067e-05,effect/phenotype
Blepharitis,8.20411846747067e-05,effect/phenotype
Abnormal calcium-phosphate regulating hormone level,8.20411846747067e-05,effect/phenotype
Alopecia universalis,8.20411846747067e-05,effect/phenotype
Intracranial hemorrhage,8.20411846747067e-05,effect/phenotype
Metabolic acidosis,8.20411846747067e-05,effect/phenotype
Abnormal caudate nucleus morphology,8.20411846747067e-05,effect/phenotype
Inflammatory arteriopathy,8.20411846747067e-05,immune_effect/phenotype
Abnormal morphology of the cerebellar cortex,8.20411846747067e-05,effect/phenotype
Abnormal toenail morphology,8.20411846747067e-05,effect/phenotype
Abnormal oral glucose tolerance,8.20411846747067e-05,effect/phenotype
Pancreatic hypoplasia,8.20411846747067e-05,effect/phenotype
Hepatocellular adenoma,8.20411846747067e-05,effect/phenotype
Flushing,8.20411846747067e-05,effect/phenotype
integrin-mediated signaling pathway,8.20411846747067e-05,biological_process
ZNF184,8.20411846747067e-05,gene/protein
NELFE,8.20411846747067e-05,gene/protein
APRT,8.20411846747067e-05,gene/protein
Laminin interactions,8.20411846747067e-05,pathway
Other semaphorin interactions,8.20411846747067e-05,pathway
SPAG16,8.20411846747067e-05,gene/protein
OBSCN,8.20411846747067e-05,gene/protein
ARHGAP27,8.20411846747067e-05,gene/protein
CCNI,8.20411846747067e-05,gene/protein
BTBD10,8.20411846747067e-05,gene/protein
TRUB2,8.20411846747067e-05,gene/protein
GNPNAT1,8.20411846747067e-05,gene/protein
Platelet Adhesion to exposed collagen,8.20411846747067e-05,pathway
CHL1 interactions,8.20411846747067e-05,pathway
ESS2,8.20411846747067e-05,gene/protein
Smooth Muscle Contraction,8.20411846747067e-05,pathway
MATN1,8.20411846747067e-05,gene/protein
Xerostomia,8.20411846747067e-05,effect/phenotype
HOXD13,8.20411846747067e-05,gene/protein
KCNB1,8.20411846747067e-05,gene/protein
RHOH,8.20411846747067e-05,gene/protein
STX2,8.20411846747067e-05,gene/protein
ERCC6,8.20411846747067e-05,gene/protein
MAP3K9,8.20411846747067e-05,gene/protein
PCNX1,8.20411846747067e-05,gene/protein
WDR33,8.20411846747067e-05,gene/protein
NOTCH4,8.20411846747067e-05,gene/protein
PQBP1,8.20411846747067e-05,gene/protein
REV1,8.20411846747067e-05,gene/protein
NRG2,8.20411846747067e-05,gene/protein
KLHL22,8.20411846747067e-05,gene/protein
MEIS1,8.20411846747067e-05,gene/protein
KLC1,8.20411846747067e-05,gene/protein
PLP2,8.20411846747067e-05,gene/protein
LGMN,8.20411846747067e-05,gene/protein
ATP6V1A,8.20411846747067e-05,gene/protein
Azoospermia,8.20411846747067e-05,effect/phenotype
Recurrent cystitis,8.20411846747067e-05,effect/phenotype
Recurrent pyelonephritis,8.20411846747067e-05,effect/phenotype
Generalized periodontitis,8.20411846747067e-05,effect/phenotype
Wide mouth,8.20411846747067e-05,effect/phenotype
Abnormal eyelash morphology,8.20411846747067e-05,effect/phenotype
Nephrolithiasis,8.20411846747067e-05,effect/phenotype
Narcolepsy,8.20411846747067e-05,effect/phenotype
Cataplexy,8.20411846747067e-05,effect/phenotype
Antiphospholipid antibody positivity,8.20411846747067e-05,immune_effect/phenotype
Abnormality of the Leydig cells,8.20411846747067e-05,effect/phenotype
Abnormal putamen morphology,8.20411846747067e-05,effect/phenotype
Paroxysmal drowsiness,8.20411846747067e-05,effect/phenotype
DGUOK,8.20411846747067e-05,gene/protein
AMFR,8.20411846747067e-05,gene/protein
ZER1,8.20411846747067e-05,gene/protein
RAI14,8.20411846747067e-05,gene/protein
Separation of Sister Chromatids,8.20411846747067e-05,pathway
WNT ligand biogenesis and trafficking,8.20411846747067e-05,pathway
Negative regulation of NOTCH4 signaling,8.20411846747067e-05,pathway
Neddylation,8.20411846747067e-05,pathway
CDK-mediated phosphorylation and removal of Cdc6,8.20411846747067e-05,pathway
G2/M Checkpoints,8.20411846747067e-05,pathway
Ubiquitin Mediated Degradation of Phosphorylated Cdc25A,8.20411846747067e-05,pathway
Ubiquitin-dependent degradation of Cyclin D,8.20411846747067e-05,pathway
Hedgehog 'on' state,8.20411846747067e-05,pathway
SYAP1,8.20411846747067e-05,gene/protein
"retrograde transport, endosome to Golgi",8.20411846747067e-05,biological_process
Regulation of ornithine decarboxylase (ODC),8.20411846747067e-05,pathway
EEF2,8.20411846747067e-05,gene/protein
BCAT1,8.20411846747067e-05,gene/protein
BMP6,8.20411846747067e-05,gene/protein
Hepatic failure,8.20411846747067e-05,effect/phenotype
Permanent atrial fibrillation,8.20411846747067e-05,effect/phenotype
Large for gestational age,8.20411846747067e-05,effect/phenotype
Abnormal insulin level,8.20411846747067e-05,effect/phenotype
Nephropathy,8.20411846747067e-05,effect/phenotype
Fat malabsorption,8.20411846747067e-05,effect/phenotype
Neonatal hypoglycemia,8.20411846747067e-05,effect/phenotype
Polymicrogyria,8.20411846747067e-05,effect/phenotype
Mood swings,8.20411846747067e-05,effect/phenotype
Simplified gyral pattern,8.20411846747067e-05,effect/phenotype
HEXB,8.20411846747067e-05,gene/protein
NAP1L4,8.20411846747067e-05,gene/protein
POLR2E,8.20411846747067e-05,gene/protein
ETFB,8.20411846747067e-05,gene/protein
ACAT1,8.20411846747067e-05,gene/protein
Abnormal position of hair whorl,8.20411846747067e-05,effect/phenotype
Abnormality of the optic nerve,8.20411846747067e-05,effect/phenotype
Dilation of lateral ventricles,8.20411846747067e-05,effect/phenotype
Atonic seizure,8.20411846747067e-05,effect/phenotype
Calcaneovalgus deformity,8.20411846747067e-05,effect/phenotype
Weak voice,8.20411846747067e-05,effect/phenotype
Bulbous nose,8.20411846747067e-05,effect/phenotype
Graves disease,8.20411846747067e-05,effect/phenotype
Abnormality of exocrine pancreas physiology,8.20411846747067e-05,effect/phenotype
Abnormal corpus callosum morphology,8.20411846747067e-05,effect/phenotype
ALDH7A1,8.20411846747067e-05,gene/protein
DARS1,8.20411846747067e-05,gene/protein
ENO3,8.20411846747067e-05,gene/protein
MCM5,8.20411846747067e-05,gene/protein
S100A11,8.20411846747067e-05,gene/protein
Non-caseating epithelioid cell granulomatosis,8.20411846747067e-05,effect/phenotype
Abnormal blistering of the skin,8.20411846747067e-05,effect/phenotype
Abnormal pulmonary Interstitial morphology,8.20411846747067e-05,effect/phenotype
High forehead,8.20411846747067e-05,effect/phenotype
CCR10,8.20411846747067e-05,gene/protein
UBE2U,8.20411846747067e-05,gene/protein
RFX1,8.20411846747067e-05,gene/protein
Absence of secondary sex characteristics,8.20411846747067e-05,effect/phenotype
Patchy hypo- and hyperpigmentation,8.20411846747067e-05,immune_effect/phenotype
Lumbar hypertrichosis,8.20411846747067e-05,effect/phenotype
Autoimmune antibody positivity,8.20411846747067e-05,immune_effect/phenotype
PTMS,8.20411846747067e-05,gene/protein
PPA1,8.20411846747067e-05,gene/protein
C4BPA,8.20411846747067e-05,gene/protein
RPL30,8.20411846747067e-05,gene/protein
HSP90AB3P,8.20411846747067e-05,gene/protein
NCBP1,8.20411846747067e-05,gene/protein
ATP6V1B1,8.20411846747067e-05,gene/protein
CTSE,8.20411846747067e-05,gene/protein
SARS1,8.20411846747067e-05,gene/protein
KLK3,8.20411846747067e-05,gene/protein
KRT15,8.20411846747067e-05,gene/protein
EIF1AX,8.20411846747067e-05,gene/protein
NACA,8.20411846747067e-05,gene/protein
LDHB,8.20411846747067e-05,gene/protein
RPA3,8.20411846747067e-05,gene/protein
PFDN2,8.20411846747067e-05,gene/protein
PSAP,8.20411846747067e-05,gene/protein
Vomiting,8.20411846747067e-05,effect/phenotype
Abnormal globus pallidus morphology,8.20411846747067e-05,effect/phenotype
Basal ganglia necrosis,8.20411846747067e-05,effect/phenotype
Aplasia/Hypoplasia of the spleen,8.20411846747067e-05,effect/phenotype
cellular component disassembly involved in execution phase of apoptosis,8.20411846747067e-05,biological_process
acinar cell differentiation,8.20411846747067e-05,biological_process
SHD,8.20411846747067e-05,gene/protein
GTF2A1L,8.20411846747067e-05,gene/protein
RORA,8.20411846747067e-05,gene/protein
embryonic retina morphogenesis in camera-type eye,8.20411846747067e-05,biological_process
atrial cardiac muscle tissue morphogenesis,8.20411846747067e-05,biological_process
venous blood vessel morphogenesis,8.20411846747067e-05,biological_process
aorta smooth muscle tissue morphogenesis,8.20411846747067e-05,biological_process
lens fiber cell morphogenesis,8.20411846747067e-05,biological_process
RUSC1,8.20411846747067e-05,gene/protein
SERPINB1,8.20411846747067e-05,gene/protein
APOC3,8.20411846747067e-05,gene/protein
F10,8.20411846747067e-05,gene/protein
GTF2F1,8.20411846747067e-05,gene/protein
NKX2-5,8.20411846747067e-05,gene/protein
Nephrocalcinosis,8.20411846747067e-05,effect/phenotype
Primary adrenal insufficiency,8.20411846747067e-05,effect/phenotype
GRK4,8.20411846747067e-05,gene/protein
PRKACG,8.20411846747067e-05,gene/protein
SCYL3,8.20411846747067e-05,gene/protein
TRIM33,8.20411846747067e-05,gene/protein
CORO7,8.20411846747067e-05,gene/protein
WDR48,8.20411846747067e-05,gene/protein
hypothalamus development,8.20411846747067e-05,biological_process
FABP4,8.20411846747067e-05,gene/protein
SARDH,8.20411846747067e-05,gene/protein
G6PC1,8.20411846747067e-05,gene/protein
ETV4,8.20411846747067e-05,gene/protein
AUF1 (hnRNP D0) binds and destabilizes mRNA,8.20411846747067e-05,pathway
Autodegradation of the E3 ubiquitin ligase COP1,8.20411846747067e-05,pathway
anaphase-promoting complex-dependent catabolic process,8.20411846747067e-05,biological_process
IGHA2,8.20411846747067e-05,gene/protein
FUT5,8.20411846747067e-05,gene/protein
CYP27A1,8.20411846747067e-05,gene/protein
PLXNA2,8.20411846747067e-05,gene/protein
CARS1,8.20411846747067e-05,gene/protein
MITF,8.20411846747067e-05,gene/protein
SLC25A5,8.20411846747067e-05,gene/protein
AMPD3,8.20411846747067e-05,gene/protein
CD74,8.20411846747067e-05,gene/protein
RLN1,8.20411846747067e-05,gene/protein
Opacification of the corneal stroma,8.20411846747067e-05,effect/phenotype
Adrenal hyperplasia,8.20411846747067e-05,effect/phenotype
Tubulointerstitial nephritis,8.20411846747067e-05,effect/phenotype
Rheumatoid arthritis,8.20411846747067e-05,effect/phenotype
Keratoconjunctivitis sicca,8.20411846747067e-05,effect/phenotype
Adrenal insufficiency,8.20411846747067e-05,effect/phenotype
EML4,8.20411846747067e-05,gene/protein
WDR89,8.20411846747067e-05,gene/protein
OSM,8.20411846747067e-05,gene/protein
SNHG9,8.20411846747067e-05,gene/protein
UBE2S,8.20411846747067e-05,gene/protein
KATNB1,8.20411846747067e-05,gene/protein
PML body organization,8.20411846747067e-05,biological_process
SMG5,8.20411846747067e-05,gene/protein
PAK1IP1,8.20411846747067e-05,gene/protein
PIP5K1A,8.20411846747067e-05,gene/protein
WDR59,8.20411846747067e-05,gene/protein
STXBP4,8.20411846747067e-05,gene/protein
PRPH,8.20411846747067e-05,gene/protein
MRPL12,8.20411846747067e-05,gene/protein
CST4,8.20411846747067e-05,gene/protein
AMY1C,8.20411846747067e-05,gene/protein
FATE1,8.20411846747067e-05,gene/protein
HOTAIR,8.20411846747067e-05,gene/protein
CYP26A1,8.20411846747067e-05,gene/protein
CST3,8.20411846747067e-05,gene/protein
APOA4,8.20411846747067e-05,gene/protein
DNASE1L2,8.20411846747067e-05,gene/protein
FOXF1,8.20411846747067e-05,gene/protein
LTB4R,8.20411846747067e-05,gene/protein
CYP8B1,8.20411846747067e-05,gene/protein
GDI2,8.20411846747067e-05,gene/protein
C2,8.20411846747067e-05,gene/protein
FTH1,8.20411846747067e-05,gene/protein
EPHX2,8.20411846747067e-05,gene/protein
CSF1R,8.20411846747067e-05,gene/protein
STON2,8.20411846747067e-05,gene/protein
PHF13,8.20411846747067e-05,gene/protein
FGG,8.20411846747067e-05,gene/protein
GLUD1,8.20411846747067e-05,gene/protein
EGLN3,8.20411846747067e-05,gene/protein
MACIR,8.20411846747067e-05,gene/protein
postsynapse organization,8.20411846747067e-05,biological_process
Regulation of HSF1-mediated heat shock response,8.20411846747067e-05,pathway
protein depropionylation,8.20411846747067e-05,biological_process
olfactory placode formation,8.20411846747067e-05,biological_process
dorsal spinal cord development,8.20411846747067e-05,biological_process
ventricular cardiac myofibril assembly,8.20411846747067e-05,biological_process
MTFR2,8.20411846747067e-05,gene/protein
positive regulation of neural precursor cell proliferation,8.20411846747067e-05,biological_process
skeletal muscle thin filament assembly,8.20411846747067e-05,biological_process
ING5,8.20411846747067e-05,gene/protein
ZNF417,8.20411846747067e-05,gene/protein
histone H4-K12 acetylation,8.20411846747067e-05,biological_process
NKILA,8.20411846747067e-05,gene/protein
ADGRG7,8.20411846747067e-05,gene/protein
CDCA5,8.20411846747067e-05,gene/protein
RNF157,8.20411846747067e-05,gene/protein
MFSD2A,8.20411846747067e-05,gene/protein
ZIC4,8.20411846747067e-05,gene/protein
CNDP1,8.20411846747067e-05,gene/protein
TIMD4,8.20411846747067e-05,gene/protein
ALAS2,8.20411846747067e-05,gene/protein
ABCB7,8.20411846747067e-05,gene/protein
ACOX2,8.20411846747067e-05,gene/protein
THEM4,8.20411846747067e-05,gene/protein
CHRM1,8.20411846747067e-05,gene/protein
COL12A1,8.20411846747067e-05,gene/protein
COPB1,8.20411846747067e-05,gene/protein
PRDM1,8.20411846747067e-05,gene/protein
WDR62,8.20411846747067e-05,gene/protein
SLC25A47,8.20411846747067e-05,gene/protein
FCN3,8.20411846747067e-05,gene/protein
SRPX,8.20411846747067e-05,gene/protein
CCBE1,8.20411846747067e-05,gene/protein
KIF18B,8.20411846747067e-05,gene/protein
TTC36,8.20411846747067e-05,gene/protein
UROC1,8.20411846747067e-05,gene/protein
COX7B2,8.20411846747067e-05,gene/protein
NLRC3,8.20411846747067e-05,gene/protein
DCAF4L2,8.20411846747067e-05,gene/protein
GLRX5,8.20411846747067e-05,gene/protein
RAD54L,8.20411846747067e-05,gene/protein
RSPO3,8.20411846747067e-05,gene/protein
CENPW,8.20411846747067e-05,gene/protein
MICA,8.20411846747067e-05,gene/protein
RSU1,8.20411846747067e-05,gene/protein
MMACHC,8.20411846747067e-05,gene/protein
DUSP10,8.20411846747067e-05,gene/protein
TGFB3,8.20411846747067e-05,gene/protein
MLST8,8.20411846747067e-05,gene/protein
ULK2,8.20411846747067e-05,gene/protein
SETD2,8.20411846747067e-05,gene/protein
GAK,8.20411846747067e-05,gene/protein
WDR61,8.20411846747067e-05,gene/protein
WDR90,8.20411846747067e-05,gene/protein
MCPH1,8.20411846747067e-05,gene/protein
GDF11,8.20411846747067e-05,gene/protein
SIT1,8.20411846747067e-05,gene/protein
WRAP73,8.20411846747067e-05,gene/protein
H4C13,8.20411846747067e-05,gene/protein
PNPT1,8.20411846747067e-05,gene/protein
TNFSF4,8.20411846747067e-05,gene/protein
TAC1,8.20411846747067e-05,gene/protein
CEL,8.20411846747067e-05,gene/protein
P2RY11,8.20411846747067e-05,gene/protein
SLC22A10,8.20411846747067e-05,gene/protein
ASPM,8.20411846747067e-05,gene/protein
FAM111B,8.20411846747067e-05,gene/protein
FAM72B,8.20411846747067e-05,gene/protein
MIR539,8.20411846747067e-05,gene/protein
MIR615,8.20411846747067e-05,gene/protein
TICRR,8.20411846747067e-05,gene/protein
PENK,8.20411846747067e-05,gene/protein
MOG,8.20411846747067e-05,gene/protein
HCRT,8.20411846747067e-05,gene/protein
TRA,8.20411846747067e-05,gene/protein
TRH,8.20411846747067e-05,gene/protein
IL20,8.20411846747067e-05,gene/protein
TRNT1,8.20411846747067e-05,gene/protein
AMACR,8.20411846747067e-05,gene/protein
CYP7B1,8.20411846747067e-05,gene/protein
TJP2,8.20411846747067e-05,gene/protein
actin cytoskeleton organization,8.20411846747067e-05,biological_process
positive regulation of protein tyrosine kinase activity,8.20411846747067e-05,biological_process
positive regulation of cell cycle checkpoint,8.20411846747067e-05,biological_process
endocardium formation,8.20411846747067e-05,biological_process
NOX5,8.20411846747067e-05,gene/protein
positive regulation of forebrain neuron differentiation,8.20411846747067e-05,biological_process
hepatocyte cell migration,8.20411846747067e-05,biological_process
cerebellar granule cell differentiation,8.20411846747067e-05,biological_process
retina morphogenesis in camera-type eye,8.20411846747067e-05,biological_process
lymphatic endothelial cell fate commitment,8.20411846747067e-05,biological_process
optic placode formation involved in camera-type eye formation,8.20411846747067e-05,biological_process
SHE,8.20411846747067e-05,gene/protein
ULK4,8.20411846747067e-05,gene/protein
STK38,8.20411846747067e-05,gene/protein
TXNRD2,8.20411846747067e-05,gene/protein
FNBP4,8.20411846747067e-05,gene/protein
STK16,8.20411846747067e-05,gene/protein
P2RX6,8.20411846747067e-05,gene/protein
WDR31,8.20411846747067e-05,gene/protein
TAOK1,8.20411846747067e-05,gene/protein
WDR47,8.20411846747067e-05,gene/protein
TAOK3,8.20411846747067e-05,gene/protein
PPP1R2,8.20411846747067e-05,gene/protein
IL22,8.20411846747067e-05,gene/protein
WEE1,8.20411846747067e-05,gene/protein
H1-4,8.20411846747067e-05,gene/protein
ZNF365,8.20411846747067e-05,gene/protein
OIT3,8.20411846747067e-05,gene/protein
CKAP2L,8.20411846747067e-05,gene/protein
MACROD2,8.20411846747067e-05,gene/protein
LARGE1,8.20411846747067e-05,gene/protein
SRMS,8.20411846747067e-05,gene/protein
CASP12,8.20411846747067e-05,gene/protein
C1QTNF6,8.20411846747067e-05,gene/protein
SLC29A3,8.20411846747067e-05,gene/protein
MARCO,8.20411846747067e-05,gene/protein
LINC00221,8.20411846747067e-05,gene/protein
SKA3,8.20411846747067e-05,gene/protein
PHGDH,8.20411846747067e-05,gene/protein
PTPRO,8.20411846747067e-05,gene/protein
ZIC5,8.20411846747067e-05,gene/protein
CNTNAP4,8.20411846747067e-05,gene/protein
PHF19,8.20411846747067e-05,gene/protein
DICER1,8.20411846747067e-05,gene/protein
SNHG11,8.20411846747067e-05,gene/protein
TMEM132D,8.20411846747067e-05,gene/protein
SPATA21,8.20411846747067e-05,gene/protein
DCD,8.20411846747067e-05,gene/protein
BTBD11,8.20411846747067e-05,gene/protein
NOP16,8.20411846747067e-05,gene/protein
ASH1L,8.20411846747067e-05,gene/protein
DPP10,8.20411846747067e-05,gene/protein
NDRG1,8.20411846747067e-05,gene/protein
TRMT11,8.20411846747067e-05,gene/protein
CLSTN2,8.20411846747067e-05,gene/protein
CCDC134,8.20411846747067e-05,gene/protein
BMPER,8.20411846747067e-05,gene/protein
OLFML2A,8.20411846747067e-05,gene/protein
JDP2,8.20411846747067e-05,gene/protein
FRAT1,8.20411846747067e-05,gene/protein
SKA1,8.20411846747067e-05,gene/protein
PDRG1,8.20411846747067e-05,gene/protein
HSDL2,8.20411846747067e-05,gene/protein
OAT,8.20411846747067e-05,gene/protein
PLS1,8.20411846747067e-05,gene/protein
GRIK2,8.20411846747067e-05,gene/protein
PTER,8.20411846747067e-05,gene/protein
WSCD1,8.20411846747067e-05,gene/protein
DDX54,8.20411846747067e-05,gene/protein
AMY1A,8.20411846747067e-05,gene/protein
HIGD2A,8.20411846747067e-05,gene/protein
ASPG,8.20411846747067e-05,gene/protein
MIR520B,8.20411846747067e-05,gene/protein
XAGE1B,8.20411846747067e-05,gene/protein
TRIO,8.20411846747067e-05,gene/protein
BTG2,8.20411846747067e-05,gene/protein
MAPKBP1,8.20411846747067e-05,gene/protein
TUBGCP5,8.20411846747067e-05,gene/protein
PPP4R3B,8.20411846747067e-05,gene/protein
HOMER1,8.20411846747067e-05,gene/protein
PCSK4,8.20411846747067e-05,gene/protein
AP1M2,8.20411846747067e-05,gene/protein
BUB3,8.20411846747067e-05,gene/protein
DNAAF10,8.20411846747067e-05,gene/protein
ZZZ3,8.20411846747067e-05,gene/protein
SUPT5H,8.20411846747067e-05,gene/protein
FLT4,8.20411846747067e-05,gene/protein
PNKD,8.20411846747067e-05,gene/protein
SNORD33,8.20411846747067e-05,gene/protein
MRPL24,8.20411846747067e-05,gene/protein
SNRK,8.20411846747067e-05,gene/protein
ARHGEF39,8.20411846747067e-05,gene/protein
TOX3,8.20411846747067e-05,gene/protein
EXOSC2,8.20411846747067e-05,gene/protein
CSF3,8.20411846747067e-05,gene/protein
FHIT,8.20411846747067e-05,gene/protein
PPP4R3C,8.20411846747067e-05,gene/protein
GPX2,8.20411846747067e-05,gene/protein
TTC39A,8.20411846747067e-05,gene/protein
YIF1A,8.20411846747067e-05,gene/protein
FAM180A,8.20411846747067e-05,gene/protein
CDCA2,8.20411846747067e-05,gene/protein
MIR122,8.20411846747067e-05,gene/protein
NUDT7,8.20411846747067e-05,gene/protein
INS-IGF2,8.20411846747067e-05,gene/protein
ZIC2,8.20411846747067e-05,gene/protein
ZNF23,8.20411846747067e-05,gene/protein
triglyceride mobilization,8.20411846747067e-05,biological_process
ZNF785,8.20411846747067e-05,gene/protein
ZNF354C,8.20411846747067e-05,gene/protein
ZNF550,8.20411846747067e-05,gene/protein
HNRNPA1L2,8.20411846747067e-05,gene/protein
positive regulation of smooth muscle cell differentiation,8.20411846747067e-05,biological_process
CGREF1,8.20411846747067e-05,gene/protein
MYO5B,8.20411846747067e-05,gene/protein
LTF,8.20411846747067e-05,gene/protein
ITIH1,8.20411846747067e-05,gene/protein
CRABP1,8.20411846747067e-05,gene/protein
PIGR,8.20411846747067e-05,gene/protein
CST2,8.20411846747067e-05,gene/protein
TSC22D1,8.20411846747067e-05,gene/protein
ARID2,8.20411846747067e-05,gene/protein
HERC3,8.20411846747067e-05,gene/protein
TNS1,8.20411846747067e-05,gene/protein
DIRAS2,8.20411846747067e-05,gene/protein
ZMAT3,8.20411846747067e-05,gene/protein
NXF1,8.20411846747067e-05,gene/protein
GABPA,8.20411846747067e-05,gene/protein
SALL2,8.20411846747067e-05,gene/protein
otic placode formation,8.20411846747067e-05,biological_process
negative regulation of bile acid biosynthetic process,8.20411846747067e-05,biological_process
branching involved in pancreas morphogenesis,8.20411846747067e-05,biological_process
positive regulation of adipose tissue development,8.20411846747067e-05,biological_process
LRRC7,8.20411846747067e-05,gene/protein
Regulation of FOXO transcriptional activity by acetylation,8.20411846747067e-05,pathway
negative regulation of cAMP-dependent protein kinase activity,8.20411846747067e-05,biological_process
negative regulation of androgen receptor signaling pathway,8.20411846747067e-05,biological_process
negative regulation of cellular response to testosterone stimulus,8.20411846747067e-05,biological_process
negative regulation of cellular senescence,8.20411846747067e-05,biological_process
ENDOG,8.20411846747067e-05,gene/protein
ARID4B,8.20411846747067e-05,gene/protein
CDK5R1,8.20411846747067e-05,gene/protein
EVL,8.20411846747067e-05,gene/protein
RPL13AP5,8.20411846747067e-05,gene/protein
TULP4,8.20411846747067e-05,gene/protein
IL26,8.20411846747067e-05,gene/protein
RHOQ,8.20411846747067e-05,gene/protein
SH2D4B,8.20411846747067e-05,gene/protein
PAXBP1,8.20411846747067e-05,gene/protein
Mild global developmental delay,8.20411846747067e-05,effect/phenotype
Obsessive-compulsive behavior,8.20411846747067e-05,effect/phenotype
Perseveration,8.20411846747067e-05,effect/phenotype
Neonatal hyperbilirubinemia,8.20411846747067e-05,effect/phenotype
Coronal craniosynostosis,8.20411846747067e-05,effect/phenotype
NGFR,8.20411846747067e-05,gene/protein
histone H3-K9 deacetylation,8.20411846747067e-05,biological_process
behavioral response to starvation,8.20411846747067e-05,biological_process
negative regulation of histone H3-K14 acetylation,8.20411846747067e-05,biological_process
histone H3-K9 modification,8.20411846747067e-05,biological_process
RPL21,8.20411846747067e-05,gene/protein
USP20,8.20411846747067e-05,gene/protein
SDC1,8.20411846747067e-05,gene/protein
ZNF77,8.20411846747067e-05,gene/protein
CLP1,8.20411846747067e-05,gene/protein
NEFL,8.20411846747067e-05,gene/protein
SEL1L,8.20411846747067e-05,gene/protein
CTAG1B,8.20411846747067e-05,gene/protein
ELAVL2,8.20411846747067e-05,gene/protein
PLPP1,8.20411846747067e-05,gene/protein
TTC19,8.20411846747067e-05,gene/protein
ALX3,8.20411846747067e-05,gene/protein
FBXW2,8.20411846747067e-05,gene/protein
CYB5D1,8.20411846747067e-05,gene/protein
SFRP2,8.20411846747067e-05,gene/protein
NUP43,8.20411846747067e-05,gene/protein
ITGA2,8.20411846747067e-05,gene/protein
PPP2R5C,8.20411846747067e-05,gene/protein
DCAF8,8.20411846747067e-05,gene/protein
MAP3K4,8.20411846747067e-05,gene/protein
DCAF4,8.20411846747067e-05,gene/protein
H2AC11,8.20411846747067e-05,gene/protein
POLDIP3,8.20411846747067e-05,gene/protein
NEDD9,8.20411846747067e-05,gene/protein
PPP2R5D,8.20411846747067e-05,gene/protein
CDKL3,8.20411846747067e-05,gene/protein
LSM3,8.20411846747067e-05,gene/protein
negative regulation of histone H3-K9 trimethylation,8.20411846747067e-05,biological_process
CDH7,8.20411846747067e-05,gene/protein
RPL6,8.20411846747067e-05,gene/protein
RAD50,8.20411846747067e-05,gene/protein
NBN,8.20411846747067e-05,gene/protein
EPB41L2,8.20411846747067e-05,gene/protein
HINT1,8.20411846747067e-05,gene/protein
PACSIN1,8.20411846747067e-05,gene/protein
MYO5C,8.20411846747067e-05,gene/protein
histone H4-K8 acetylation,8.20411846747067e-05,biological_process
histone H3 acetylation,8.20411846747067e-05,biological_process
TEDC1,8.20411846747067e-05,gene/protein
ZBTB38,8.20411846747067e-05,gene/protein
RAPGEF6,8.20411846747067e-05,gene/protein
regulation of centrosome duplication,8.20411846747067e-05,biological_process
RICTOR,8.20411846747067e-05,gene/protein
APH1B,8.20411846747067e-05,gene/protein
Impaired social interactions,8.20411846747067e-05,effect/phenotype
Abnormal cortical gyration,8.20411846747067e-05,effect/phenotype
Increased head circumference,8.20411846747067e-05,effect/phenotype
Impulsivity,8.20411846747067e-05,effect/phenotype
Pineal cyst,8.20411846747067e-05,effect/phenotype
Slender build,8.20411846747067e-05,effect/phenotype
Slender toe,8.20411846747067e-05,effect/phenotype
Abnormal vena cava morphology,8.20411846747067e-05,effect/phenotype
Involuntary movements,8.20411846747067e-05,effect/phenotype
Unilateral ptosis,8.20411846747067e-05,effect/phenotype
H3C8,8.20411846747067e-05,gene/protein
NPLOC4,8.20411846747067e-05,gene/protein
ZEB1,8.20411846747067e-05,gene/protein
MEF2C,8.20411846747067e-05,gene/protein
TULP3,8.20411846747067e-05,gene/protein
DVL1,8.20411846747067e-05,gene/protein
NUP188,8.20411846747067e-05,gene/protein
HATs acetylate histones,8.20411846747067e-05,pathway
histone H4-K5 acetylation,8.20411846747067e-05,biological_process
positive regulation of intracellular transport,8.20411846747067e-05,biological_process
positive regulation of type B pancreatic cell apoptotic process,8.20411846747067e-05,biological_process
type B pancreatic cell apoptotic process,8.20411846747067e-05,biological_process
AARSD1,8.20411846747067e-05,gene/protein
CBX8,8.20411846747067e-05,gene/protein
ZC3HAV1,8.20411846747067e-05,gene/protein
UCHL3,8.20411846747067e-05,gene/protein
FGF10,8.20411846747067e-05,gene/protein
OTX2,8.20411846747067e-05,gene/protein
UACA,8.20411846747067e-05,gene/protein
estrous cycle,8.20411846747067e-05,biological_process
Open mouth,8.20411846747067e-05,effect/phenotype
Chronic constipation,8.20411846747067e-05,effect/phenotype
Sparse eyebrow,8.20411846747067e-05,effect/phenotype
Decreased serum testosterone level,8.20411846747067e-05,effect/phenotype
BRSK1,8.20411846747067e-05,gene/protein
Thick corpus callosum,8.20411846747067e-05,effect/phenotype
MARK3,8.20411846747067e-05,gene/protein
mammary gland epithelial cell differentiation,8.20411846747067e-05,biological_process
PRPF40A,8.20411846747067e-05,gene/protein
CIT,8.20411846747067e-05,gene/protein
KIFAP3,8.20411846747067e-05,gene/protein
PPP2R5B,8.20411846747067e-05,gene/protein
PWP1,8.20411846747067e-05,gene/protein
Narrow nasal bridge,8.20411846747067e-05,effect/phenotype
H3C10,8.20411846747067e-05,gene/protein
negative regulation of histone H4-K16 acetylation,8.20411846747067e-05,biological_process
cellular triglyceride homeostasis,8.20411846747067e-05,biological_process
regulation of protein serine/threonine kinase activity,8.20411846747067e-05,biological_process
NR1D2,8.20411846747067e-05,gene/protein
SLC9A3,8.20411846747067e-05,gene/protein
SSRP1,8.20411846747067e-05,gene/protein
LMO1,8.20411846747067e-05,gene/protein
PTH2R,8.20411846747067e-05,gene/protein
PRG2,8.20411846747067e-05,gene/protein
BMP1,8.20411846747067e-05,gene/protein
H3C3,8.20411846747067e-05,gene/protein
C3AR1,8.20411846747067e-05,gene/protein
ATP6V1B2,8.20411846747067e-05,gene/protein
PTGER3,8.20411846747067e-05,gene/protein
PCGF3,8.20411846747067e-05,gene/protein
TMX2,8.20411846747067e-05,gene/protein
HMGN2,8.20411846747067e-05,gene/protein
Asymmetry of the ears,8.20411846747067e-05,effect/phenotype
Focal motor seizure,8.20411846747067e-05,effect/phenotype
Persistent head lag,8.20411846747067e-05,effect/phenotype
Deviated nasal septum,8.20411846747067e-05,effect/phenotype
Poor head control,8.20411846747067e-05,effect/phenotype
Lower extremity joint dislocation,8.20411846747067e-05,effect/phenotype
Retractile testis,8.20411846747067e-05,effect/phenotype
STK25,8.20411846747067e-05,gene/protein
SAV1,8.20411846747067e-05,gene/protein
NKD1,8.20411846747067e-05,gene/protein
ELP1,8.20411846747067e-05,gene/protein
FBXW9,8.20411846747067e-05,gene/protein
SV2A,8.20411846747067e-05,gene/protein
PSKH1,8.20411846747067e-05,gene/protein
CHCHD4,8.20411846747067e-05,gene/protein
PRICKLE3,8.20411846747067e-05,gene/protein
RRBP1,8.20411846747067e-05,gene/protein
H3C6,8.20411846747067e-05,gene/protein
TWIK-related alkaline pH activated K+ channel (TALK),8.20411846747067e-05,pathway
SNORA29,8.20411846747067e-05,gene/protein
negative regulation of endoplasmic reticulum calcium ion concentration,8.20411846747067e-05,biological_process
SIGLECL1,8.20411846747067e-05,gene/protein
SRXN1,8.20411846747067e-05,gene/protein
NDUFAF7,8.20411846747067e-05,gene/protein
LLGL2,8.20411846747067e-05,gene/protein
UBA6,8.20411846747067e-05,gene/protein
TDGF1,8.20411846747067e-05,gene/protein
C10orf95,8.20411846747067e-05,gene/protein
S100A10,8.20411846747067e-05,gene/protein
GDNF,8.20411846747067e-05,gene/protein
MKLN1,8.20411846747067e-05,gene/protein
Dysplastic corpus callosum,8.20411846747067e-05,effect/phenotype
Right ventricular hypertrophy,8.20411846747067e-05,effect/phenotype
Left ventricular noncompaction,8.20411846747067e-05,effect/phenotype
H4C5,8.20411846747067e-05,gene/protein
SLC25A11,8.20411846747067e-05,gene/protein
WDR35,8.20411846747067e-05,gene/protein
response to laminar fluid shear stress,8.20411846747067e-05,biological_process
regulation of extracellular matrix disassembly,8.20411846747067e-05,biological_process
positive regulation of cellular component movement,8.20411846747067e-05,biological_process
MAST3,8.20411846747067e-05,gene/protein
PDE4D,8.20411846747067e-05,gene/protein
HNRNPH2,8.20411846747067e-05,gene/protein
YAF2,8.20411846747067e-05,gene/protein
TCF20,8.20411846747067e-05,gene/protein
PLAC1,8.20411846747067e-05,gene/protein
DOT1L,8.20411846747067e-05,gene/protein
LIMA1,8.20411846747067e-05,gene/protein
HES2,8.20411846747067e-05,gene/protein
SNORD48,8.20411846747067e-05,gene/protein
CD86,8.20411846747067e-05,gene/protein
CX3CR1,8.20411846747067e-05,gene/protein
HNRNPM,8.20411846747067e-05,gene/protein
SNTB1,8.20411846747067e-05,gene/protein
GPR25,8.20411846747067e-05,gene/protein
GLI4,8.20411846747067e-05,gene/protein
SERPINA3,8.20411846747067e-05,gene/protein
CBFA2T3,8.20411846747067e-05,gene/protein
CD70,8.20411846747067e-05,gene/protein
HMG20B,8.20411846747067e-05,gene/protein
RPL18,8.20411846747067e-05,gene/protein
FLT1,8.20411846747067e-05,gene/protein
CABLES2,8.20411846747067e-05,gene/protein
"Macroorchidism, postpubertal",8.20411846747067e-05,effect/phenotype
"Ambiguous genitalia, female",8.20411846747067e-05,effect/phenotype
ARPC1B,8.20411846747067e-05,gene/protein
FCER2,8.20411846747067e-05,gene/protein
EPHA3,8.20411846747067e-05,gene/protein
RAP1B,8.20411846747067e-05,gene/protein
SH3BP5,8.20411846747067e-05,gene/protein
WDR24,8.20411846747067e-05,gene/protein
RPL12,8.20411846747067e-05,gene/protein
VRK3,8.20411846747067e-05,gene/protein
UBE2G1,8.20411846747067e-05,gene/protein
MECP2 regulates transcription factors,8.20411846747067e-05,pathway
CHD7,8.20411846747067e-05,gene/protein
ZNF143,8.20411846747067e-05,gene/protein
IGSF8,8.20411846747067e-05,gene/protein
Brain abscess,8.20411846747067e-05,effect/phenotype
Unusual skin infection,8.20411846747067e-05,effect/phenotype
SLC25A6,8.20411846747067e-05,gene/protein
MS4A1,8.20411846747067e-05,gene/protein
USP5,8.20411846747067e-05,gene/protein
TANGO2,8.20411846747067e-05,gene/protein
cell motility,8.20411846747067e-05,biological_process
CNTNAP1,8.20411846747067e-05,gene/protein
PSMB8-AS1,8.20411846747067e-05,gene/protein
COMMD6,8.20411846747067e-05,gene/protein
GOPC,8.20411846747067e-05,gene/protein
RPL23,8.20411846747067e-05,gene/protein
MTDH,8.20411846747067e-05,gene/protein
TAP2,8.20411846747067e-05,gene/protein
DEFB4B,8.20411846747067e-05,gene/protein
ANXA11,8.20411846747067e-05,gene/protein
CLNS1A,8.20411846747067e-05,gene/protein
HSPA6,8.20411846747067e-05,gene/protein
CD80,8.20411846747067e-05,gene/protein
IFIT3,8.20411846747067e-05,gene/protein
TADA2B,8.20411846747067e-05,gene/protein
PSMA8,8.20411846747067e-05,gene/protein
GPSM1,8.20411846747067e-05,gene/protein
RCOR1,8.20411846747067e-05,gene/protein
TSR2,8.20411846747067e-05,gene/protein
SFMBT1,8.20411846747067e-05,gene/protein
RCOR2,8.20411846747067e-05,gene/protein
MAGOHB,8.20411846747067e-05,gene/protein
HP1BP3,8.20411846747067e-05,gene/protein
RPRD1B,8.20411846747067e-05,gene/protein
stress-induced premature senescence,8.20411846747067e-05,biological_process
DNA synthesis involved in DNA repair,8.20411846747067e-05,biological_process
positive regulation of macrophage apoptotic process,8.20411846747067e-05,biological_process
ATP5PF,8.20411846747067e-05,gene/protein
FBXL19-AS1,8.20411846747067e-05,gene/protein
RFWD3,8.20411846747067e-05,gene/protein
negative regulation of leukocyte cell-cell adhesion,8.20411846747067e-05,biological_process
PDIA2,8.20411846747067e-05,gene/protein
JMJD1C,8.20411846747067e-05,gene/protein
ASH2L,8.20411846747067e-05,gene/protein
UXT,8.20411846747067e-05,gene/protein
DEFB124,8.20411846747067e-05,gene/protein
SETD6,8.20411846747067e-05,gene/protein
KDM2A,8.20411846747067e-05,gene/protein
hepoxilin biosynthetic process,8.20411846747067e-05,biological_process
ATP4A,8.20411846747067e-05,gene/protein
PMS2,8.20411846747067e-05,gene/protein
PFKM,8.20411846747067e-05,gene/protein
FLG,8.20411846747067e-05,gene/protein
AMY1B,8.20411846747067e-05,gene/protein
MUC7,8.20411846747067e-05,gene/protein
SNHG32,8.20411846747067e-05,gene/protein
EXOSC9,8.20411846747067e-05,gene/protein
ACKR1,8.20411846747067e-05,gene/protein
ARHGAP1,8.20411846747067e-05,gene/protein
GGT7,8.20411846747067e-05,gene/protein
CD99,8.20411846747067e-05,gene/protein
ANXA6,8.20411846747067e-05,gene/protein
CDH4,8.20411846747067e-05,gene/protein
CDH11,8.20411846747067e-05,gene/protein
HARS1,8.20411846747067e-05,gene/protein
MID1,8.20411846747067e-05,gene/protein
NKX2-1,8.20411846747067e-05,gene/protein
enamel mineralization,8.20411846747067e-05,biological_process
TAF11,8.20411846747067e-05,gene/protein
TNIP3,8.20411846747067e-05,gene/protein
USP31,8.20411846747067e-05,gene/protein
RNASE1,8.20411846747067e-05,gene/protein
Recurrent fractures,8.20411846747067e-05,effect/phenotype
GATAD2A,8.20411846747067e-05,gene/protein
TREM2,8.20411846747067e-05,gene/protein
TRIML2,8.20411846747067e-05,gene/protein
GADD45GIP1,8.20411846747067e-05,gene/protein
CTAG1A,8.20411846747067e-05,gene/protein
DPEP2,8.20411846747067e-05,gene/protein
HOXC9,8.20411846747067e-05,gene/protein
MFAP1,8.20411846747067e-05,gene/protein
DHPS,8.20411846747067e-05,gene/protein
CKS1B,8.20411846747067e-05,gene/protein
PHKA1,8.20411846747067e-05,gene/protein
FHL1,8.20411846747067e-05,gene/protein
SIAH1,8.20411846747067e-05,gene/protein
BMP2,8.20411846747067e-05,gene/protein
ENG,8.20411846747067e-05,gene/protein
RPL35,8.20411846747067e-05,gene/protein
HAUS7,8.20411846747067e-05,gene/protein
NOX4,8.20411846747067e-05,gene/protein
SLC2A5,8.20411846747067e-05,gene/protein
cellular defense response,8.20411846747067e-05,biological_process
ADCY4,8.20411846747067e-05,gene/protein
Pallor,8.20411846747067e-05,effect/phenotype
CCDC179,8.20411846747067e-05,gene/protein
Regulation of PTEN gene transcription,8.20411846747067e-05,pathway
Posterior polar cataract,8.20411846747067e-05,effect/phenotype
Hyperautofluorescent retinal lesion,8.20411846747067e-05,effect/phenotype
Retinal pigment epithelial atrophy,8.20411846747067e-05,immune_effect/phenotype
Progressive visual loss,8.20411846747067e-05,effect/phenotype
Postaxial polydactyly,8.20411846747067e-05,effect/phenotype
Abnormal lung morphology,8.20411846747067e-05,effect/phenotype
Abnormality of skin pigmentation,8.20411846747067e-05,immune_effect/phenotype
RTN4IP1,8.20411846747067e-05,gene/protein
SVIL,8.20411846747067e-05,gene/protein
Synostosis involving the 1st metacarpal,8.20411846747067e-05,effect/phenotype
Drusen,8.20411846747067e-05,effect/phenotype
Mixed astigmatism,8.20411846747067e-05,immune_effect/phenotype
Abnormality of fundus pigmentation,8.20411846747067e-05,immune_effect/phenotype
Decreased light- and dark-adapted electroretinogram amplitude,8.20411846747067e-05,effect/phenotype
Retinal arteriolar constriction,8.20411846747067e-05,effect/phenotype
Abnormal light-adapted flicker electroretinogram,8.20411846747067e-05,effect/phenotype
CKB,8.20411846747067e-05,gene/protein
SRSF7,8.20411846747067e-05,gene/protein
DNA methylation-dependent heterochromatin assembly,8.20411846747067e-05,biological_process
positive regulation of macrophage cytokine production,8.20411846747067e-05,biological_process
negative regulation of phosphorylation,8.20411846747067e-05,biological_process
CEP83,8.20411846747067e-05,gene/protein
RCOR3,8.20411846747067e-05,gene/protein
POU4F2,8.20411846747067e-05,gene/protein
HOXC6,8.20411846747067e-05,gene/protein
GOLGB1,8.20411846747067e-05,gene/protein
PPIA,8.20411846747067e-05,gene/protein
NMT1,8.20411846747067e-05,gene/protein
ADH6,8.20411846747067e-05,gene/protein
SERPINB3,8.20411846747067e-05,gene/protein
GLO1,8.20411846747067e-05,gene/protein
IMPDH2,8.20411846747067e-05,gene/protein
MTHFD1,8.20411846747067e-05,gene/protein
MYH11,8.20411846747067e-05,gene/protein
nucleic acid phosphodiester bond hydrolysis,8.20411846747067e-05,biological_process
acetaldehyde metabolic process,8.20411846747067e-05,biological_process
SETD7,8.20411846747067e-05,gene/protein
TPMT,8.20411846747067e-05,gene/protein
PHF11,8.20411846747067e-05,gene/protein
Hyperextensibility of the finger joints,8.20411846747067e-05,effect/phenotype
Profound hearing impairment,8.20411846747067e-05,effect/phenotype
Peripheral retinal atrophy,8.20411846747067e-05,effect/phenotype
Cone/cone-rod dystrophy,8.20411846747067e-05,effect/phenotype
Cystoid macular edema,8.20411846747067e-05,effect/phenotype
Retinal flecks,8.20411846747067e-05,effect/phenotype
Abnormal electroretinogram,8.20411846747067e-05,effect/phenotype
Macular coloboma,8.20411846747067e-05,effect/phenotype
Peripapillary atrophy,8.20411846747067e-05,effect/phenotype
Geographic atrophy,8.20411846747067e-05,effect/phenotype
Nummular pigmentation of the fundus,8.20411846747067e-05,immune_effect/phenotype
response to metformin,8.20411846747067e-05,biological_process
luteinization,8.20411846747067e-05,biological_process
aorta morphogenesis,8.20411846747067e-05,biological_process
establishment of protein localization,8.20411846747067e-05,biological_process
skeletal system morphogenesis,8.20411846747067e-05,biological_process
FCN1,8.20411846747067e-05,gene/protein
MT1G,8.20411846747067e-05,gene/protein
TRIP13,8.20411846747067e-05,gene/protein
IGF2BP3,8.20411846747067e-05,gene/protein
LRRC32,8.20411846747067e-05,gene/protein
SORT1,8.20411846747067e-05,gene/protein
RPS3A,8.20411846747067e-05,gene/protein
LAMC1,8.20411846747067e-05,gene/protein
LAMB1,8.20411846747067e-05,gene/protein
C9orf72,8.20411846747067e-05,gene/protein
RPP30,8.20411846747067e-05,gene/protein
cellular response to ionizing radiation,8.20411846747067e-05,biological_process
Activation of PPARGC1A (PGC-1alpha) by phosphorylation,8.20411846747067e-05,pathway
Intrahepatic bile duct dilatation,8.20411846747067e-05,effect/phenotype
Photoreceptor layer loss on macular OCT,8.20411846747067e-05,effect/phenotype
Retinal thinning,8.20411846747067e-05,effect/phenotype
Abnormal light- and dark-adapted electroretinogram,8.20411846747067e-05,effect/phenotype
Fundus atrophy,8.20411846747067e-05,effect/phenotype
Progressive night blindness,8.20411846747067e-05,effect/phenotype
Retinal detachment,8.20411846747067e-05,effect/phenotype
Photopsia,8.20411846747067e-05,effect/phenotype
Abnormality of retinal pigmentation,8.20411846747067e-05,immune_effect/phenotype
ZSCAN5A,8.20411846747067e-05,gene/protein
H2BC18,8.20411846747067e-05,gene/protein
EMC2,8.20411846747067e-05,gene/protein
CBX7,8.20411846747067e-05,gene/protein
Generation of second messenger molecules,8.20411846747067e-05,pathway
positive regulation of mesenchymal cell proliferation,8.20411846747067e-05,biological_process
IL23A,8.20411846747067e-05,gene/protein
TAF6,8.20411846747067e-05,gene/protein
PAMR1,8.20411846747067e-05,gene/protein
EFNA4,8.20411846747067e-05,gene/protein
MTBP,8.20411846747067e-05,gene/protein
ARCN1,8.20411846747067e-05,gene/protein
HTATIP2,8.20411846747067e-05,gene/protein
TROAP,8.20411846747067e-05,gene/protein
UBD,8.20411846747067e-05,gene/protein
FST,8.20411846747067e-05,gene/protein
CXCL14,8.20411846747067e-05,gene/protein
GPR182,8.20411846747067e-05,gene/protein
HPSE,8.20411846747067e-05,gene/protein
LYVE1,8.20411846747067e-05,gene/protein
TPX2,8.20411846747067e-05,gene/protein
CEP131,8.20411846747067e-05,gene/protein
NCAPH,8.20411846747067e-05,gene/protein
OLFML2B,8.20411846747067e-05,gene/protein
LILRB5,8.20411846747067e-05,gene/protein
Cortical cataract,8.20411846747067e-05,effect/phenotype
GNMT,8.20411846747067e-05,gene/protein
DFFB,8.20411846747067e-05,gene/protein
CHKB,8.20411846747067e-05,gene/protein
AIRE,8.20411846747067e-05,gene/protein
Abnormality of connective tissue,8.20411846747067e-05,effect/phenotype
Bloodstream infectious agent,8.20411846747067e-05,effect/phenotype
CXCL5,8.20411846747067e-05,gene/protein
CTSC,8.20411846747067e-05,gene/protein
GGT1,8.20411846747067e-05,gene/protein
DYNC1I2,8.20411846747067e-05,gene/protein
CDK8,8.20411846747067e-05,gene/protein
NR2F6,8.20411846747067e-05,gene/protein
CD2,8.20411846747067e-05,gene/protein
CD53,8.20411846747067e-05,gene/protein
CCNT2,8.20411846747067e-05,gene/protein
CENPU,8.20411846747067e-05,gene/protein
CXCR2,8.20411846747067e-05,gene/protein
RAB23,8.20411846747067e-05,gene/protein
GJB2,8.20411846747067e-05,gene/protein
Abnormality of the urinary system physiology,8.20411846747067e-05,effect/phenotype
CCL24,8.20411846747067e-05,gene/protein
CCL7,8.20411846747067e-05,gene/protein
CCL8,8.20411846747067e-05,gene/protein
CCL17,8.20411846747067e-05,gene/protein
FPR1,8.20411846747067e-05,gene/protein
RUNX1T1,8.20411846747067e-05,gene/protein
MEGF8,8.20411846747067e-05,gene/protein
IL5RA,8.20411846747067e-05,gene/protein
EPHB3,8.20411846747067e-05,gene/protein
ATP5PD,8.20411846747067e-05,gene/protein
CAP2,8.20411846747067e-05,gene/protein
CPEB3,8.20411846747067e-05,gene/protein
SLC26A6,8.20411846747067e-05,gene/protein
CENPM,8.20411846747067e-05,gene/protein
E2F8,8.20411846747067e-05,gene/protein
SPRTN,8.20411846747067e-05,gene/protein
DIPK2B,8.20411846747067e-05,gene/protein
PLAC8,8.20411846747067e-05,gene/protein
CLEC1B,8.20411846747067e-05,gene/protein
MLXIPL,8.20411846747067e-05,gene/protein
CHN1,8.20411846747067e-05,gene/protein
ELK4,8.20411846747067e-05,gene/protein
CCNG1,8.20411846747067e-05,gene/protein
INPP4B,8.20411846747067e-05,gene/protein
PTTG1,8.20411846747067e-05,gene/protein
ABCF1,8.20411846747067e-05,gene/protein
PF4,8.20411846747067e-05,gene/protein
IL17A,8.20411846747067e-05,gene/protein
Cone dystrophy,8.20411846747067e-05,effect/phenotype
Peripapillary chorioretinal atrophy,8.20411846747067e-05,effect/phenotype
Tritanomaly,8.20411846747067e-05,effect/phenotype
Cystoid macular degeneration,8.20411846747067e-05,effect/phenotype
Red-green dyschromatopsia,8.20411846747067e-05,effect/phenotype
Posterior staphyloma,8.20411846747067e-05,effect/phenotype
Hypopigmentation of the fundus,8.20411846747067e-05,immune_effect/phenotype
Central scotoma,8.20411846747067e-05,effect/phenotype
FBXO38,8.20411846747067e-05,gene/protein
CAVIN4,8.20411846747067e-05,gene/protein
POU3F1,8.20411846747067e-05,gene/protein
ADCK1,8.20411846747067e-05,gene/protein
Autointegration results in viral DNA circles,8.20411846747067e-05,pathway
UNC79,8.20411846747067e-05,gene/protein
antigen processing and presentation of exogenous peptide antigen via MHC class II,8.20411846747067e-05,biological_process
TRBC1,8.20411846747067e-05,gene/protein
MRO,8.20411846747067e-05,gene/protein
PITPNM3,8.20411846747067e-05,gene/protein
CDT1,8.20411846747067e-05,gene/protein
GTSE1,8.20411846747067e-05,gene/protein
FAM83D,8.20411846747067e-05,gene/protein
SPC25,8.20411846747067e-05,gene/protein
FBXL18,8.20411846747067e-05,gene/protein
BCO2,8.20411846747067e-05,gene/protein
KDM8,8.20411846747067e-05,gene/protein
TATDN1,8.20411846747067e-05,gene/protein
ANLN,8.20411846747067e-05,gene/protein
CXCR3,8.20411846747067e-05,gene/protein
IL2RB,8.20411846747067e-05,gene/protein
Abnormality of the gingiva,8.20411846747067e-05,effect/phenotype
CYP19A1,8.20411846747067e-05,gene/protein
CSRNP1,8.20411846747067e-05,gene/protein
PD-1 signaling,8.20411846747067e-05,pathway
TAS2R9,8.20411846747067e-05,gene/protein
ORC6,8.20411846747067e-05,gene/protein
HNRNPDL,8.20411846747067e-05,gene/protein
SPINK7,8.20411846747067e-05,gene/protein
Formation of Senescence-Associated Heterochromatin Foci (SAHF),8.20411846747067e-05,pathway
AHSP,8.20411846747067e-05,gene/protein
Erythrocytes take up oxygen and release carbon dioxide,8.20411846747067e-05,pathway
Erythrocytes take up carbon dioxide and release oxygen,8.20411846747067e-05,pathway
fructose 6-phosphate metabolic process,8.20411846747067e-05,biological_process
maintenance of protein location in mitochondrion,8.20411846747067e-05,biological_process
establishment of protein localization to mitochondrion,8.20411846747067e-05,biological_process
MTUS1,8.20411846747067e-05,gene/protein
GBA3,8.20411846747067e-05,gene/protein
CYP39A1,8.20411846747067e-05,gene/protein
MOGAT2,8.20411846747067e-05,gene/protein
MAGEC2,8.20411846747067e-05,gene/protein
HGFAC,8.20411846747067e-05,gene/protein
HOXA10,8.20411846747067e-05,gene/protein
HOXD9,8.20411846747067e-05,gene/protein
PGD,8.20411846747067e-05,gene/protein
NNMT,8.20411846747067e-05,gene/protein
NOTCH3,8.20411846747067e-05,gene/protein
SLC5A5,8.20411846747067e-05,gene/protein
RCAN1,8.20411846747067e-05,gene/protein
KIF20A,8.20411846747067e-05,gene/protein
SERPINA4,8.20411846747067e-05,gene/protein
ABCB4,8.20411846747067e-05,gene/protein
Phosphorylation of CD3 and TCR zeta chains,8.20411846747067e-05,pathway
SOX6,8.20411846747067e-05,gene/protein
Translocation of ZAP-70 to Immunological synapse,8.20411846747067e-05,pathway
MHC class II antigen presentation,8.20411846747067e-05,pathway
MYEF2,8.20411846747067e-05,gene/protein
MRPL18,8.20411846747067e-05,gene/protein
HMGCR,8.20411846747067e-05,gene/protein
GPC3,8.20411846747067e-05,gene/protein
C9,8.20411846747067e-05,gene/protein
CCNF,8.20411846747067e-05,gene/protein
CD5L,8.20411846747067e-05,gene/protein
CD34,8.20411846747067e-05,gene/protein
FABP5,8.20411846747067e-05,gene/protein
EGR2,8.20411846747067e-05,gene/protein
ACACA,8.20411846747067e-05,gene/protein
CA2,8.20411846747067e-05,gene/protein
CHRM3,8.20411846747067e-05,gene/protein
FCN2,8.20411846747067e-05,gene/protein
FOSB,8.20411846747067e-05,gene/protein
MBTPS2,8.20411846747067e-05,gene/protein
HBD,8.20411846747067e-05,gene/protein
ECD,8.20411846747067e-05,gene/protein
PRXL2A,8.20411846747067e-05,gene/protein
CWC27,8.20411846747067e-05,gene/protein
islet amyloid polypeptide processing,8.20411846747067e-05,biological_process
CARD8,8.20411846747067e-05,gene/protein
regulation of inflammatory response,8.20411846747067e-05,biological_process
regulation of NIK/NF-kappaB signaling,8.20411846747067e-05,biological_process
Vitamin B2 (riboflavin) metabolism,8.20411846747067e-05,pathway
senescence-associated heterochromatin focus assembly,8.20411846747067e-05,biological_process
negative regulation of chromatin silencing,8.20411846747067e-05,biological_process
nuclear transport,8.20411846747067e-05,biological_process
roof of mouth development,8.20411846747067e-05,biological_process
face morphogenesis,8.20411846747067e-05,biological_process
ruffle organization,8.20411846747067e-05,biological_process
negative regulation of interleukin-10 production,8.20411846747067e-05,biological_process
GDF2,8.20411846747067e-05,gene/protein
MYBL2,8.20411846747067e-05,gene/protein
GPM6A,8.20411846747067e-05,gene/protein
FGF3,8.20411846747067e-05,gene/protein
FGF4,8.20411846747067e-05,gene/protein
FOXM1,8.20411846747067e-05,gene/protein
SUMOylation of transcription cofactors,8.20411846747067e-05,pathway
single strand break repair,8.20411846747067e-05,biological_process
FBXO7,8.20411846747067e-05,gene/protein
negative regulation of protein acetylation,8.20411846747067e-05,biological_process
UV-damage excision repair,8.20411846747067e-05,biological_process
negative regulation of TOR signaling,8.20411846747067e-05,biological_process
RETREG1,8.20411846747067e-05,gene/protein
mannose metabolic process,8.20411846747067e-05,biological_process
Defective HK1 causes hexokinase deficiency (HK deficiency),8.20411846747067e-05,pathway
APOBEC3G mediated resistance to HIV-1 infection,8.20411846747067e-05,pathway
IL1A,8.20411846747067e-05,gene/protein
MEFV,8.20411846747067e-05,gene/protein
DUT,8.20411846747067e-05,gene/protein
ZNF148,8.20411846747067e-05,gene/protein
NFIC,8.20411846747067e-05,gene/protein
CXCL2,8.20411846747067e-05,gene/protein
APBA2,8.20411846747067e-05,gene/protein
DDX1,8.20411846747067e-05,gene/protein
AGTR2,8.20411846747067e-05,gene/protein
CLCN4,8.20411846747067e-05,gene/protein
DLG3,8.20411846747067e-05,gene/protein
ECM1,8.20411846747067e-05,gene/protein
TIRAP,8.20411846747067e-05,gene/protein
Abnormality of the auditory canal,8.20411846747067e-05,effect/phenotype
MYD88,8.20411846747067e-05,gene/protein
GFI1,8.20411846747067e-05,gene/protein
CD200,8.20411846747067e-05,gene/protein
establishment of integrated proviral latency,8.20411846747067e-05,biological_process
regulation of leukocyte proliferation,8.20411846747067e-05,biological_process
UBR3,8.20411846747067e-05,gene/protein
NXPH2,8.20411846747067e-05,gene/protein
bicarbonate transport,8.20411846747067e-05,biological_process
positive regulation of cytokine production involved in immune response,8.20411846747067e-05,biological_process
oxygen transport,8.20411846747067e-05,biological_process
NDUFAF5,8.20411846747067e-05,gene/protein
phosphatidic acid biosynthetic process,8.20411846747067e-05,biological_process
positive regulation of epidermal growth factor receptor signaling pathway,8.20411846747067e-05,biological_process
SPIRE2,8.20411846747067e-05,gene/protein
DGKH,8.20411846747067e-05,gene/protein
TWIST1,8.20411846747067e-05,gene/protein
FKBP11,8.20411846747067e-05,gene/protein
BATF2,8.20411846747067e-05,gene/protein
HLA-DRB3,8.20411846747067e-05,gene/protein
FOXA3,8.20411846747067e-05,gene/protein
LMO2,8.20411846747067e-05,gene/protein
PSMB7,8.20411846747067e-05,gene/protein
UBE3C,8.20411846747067e-05,gene/protein
PSMB4,8.20411846747067e-05,gene/protein
PSMB2,8.20411846747067e-05,gene/protein
HSD17B10,8.20411846747067e-05,gene/protein
TXNL1,8.20411846747067e-05,gene/protein
MMP10,8.20411846747067e-05,gene/protein
DLD,8.20411846747067e-05,gene/protein
MMP14,8.20411846747067e-05,gene/protein
CXorf56,8.20411846747067e-05,gene/protein
FTSJ1,8.20411846747067e-05,gene/protein
PAK3,8.20411846747067e-05,gene/protein
SLC9A7,8.20411846747067e-05,gene/protein
CAMSAP1,8.20411846747067e-05,gene/protein
FBL,8.20411846747067e-05,gene/protein
FNTB,8.20411846747067e-05,gene/protein
FANCE,8.20411846747067e-05,gene/protein
COL13A1,8.20411846747067e-05,gene/protein
GTF2F2,8.20411846747067e-05,gene/protein
CHD1,8.20411846747067e-05,gene/protein
PRMT2,8.20411846747067e-05,gene/protein
ECH1,8.20411846747067e-05,gene/protein
FGFR2,8.20411846747067e-05,gene/protein
PAX2,8.20411846747067e-05,gene/protein
APOD,8.20411846747067e-05,gene/protein
CD33,8.20411846747067e-05,gene/protein
ARX,8.20411846747067e-05,gene/protein
ZFAND5,8.20411846747067e-05,gene/protein
ARR3,8.20411846747067e-05,gene/protein
AGA,8.20411846747067e-05,gene/protein
CDK5RAP3,8.20411846747067e-05,gene/protein
DNA unwinding involved in DNA replication,8.20411846747067e-05,biological_process
ECHDC1,8.20411846747067e-05,gene/protein
protein autoprocessing,8.20411846747067e-05,biological_process
nucleoside triphosphate catabolic process,8.20411846747067e-05,biological_process
PNPO,8.20411846747067e-05,gene/protein
S100P,8.20411846747067e-05,gene/protein
response to muramyl dipeptide,8.20411846747067e-05,biological_process
TERF2,8.20411846747067e-05,gene/protein
PHF3,8.20411846747067e-05,gene/protein
ARHGEF10,8.20411846747067e-05,gene/protein
ATXN3L,8.20411846747067e-05,gene/protein
PANX2,8.20411846747067e-05,gene/protein
H3C13,8.20411846747067e-05,gene/protein
KCND1,8.20411846747067e-05,gene/protein
CXCL9,8.20411846747067e-05,gene/protein
BRS3,8.20411846747067e-05,gene/protein
VWA5A,8.20411846747067e-05,gene/protein
PTCHD1,8.20411846747067e-05,gene/protein
RAB39B,8.20411846747067e-05,gene/protein
NDC80,8.20411846747067e-05,gene/protein
RTP3,8.20411846747067e-05,gene/protein
ANGPTL6,8.20411846747067e-05,gene/protein
CDCA3,8.20411846747067e-05,gene/protein
PLVAP,8.20411846747067e-05,gene/protein
CLEC4M,8.20411846747067e-05,gene/protein
GPR158,8.20411846747067e-05,gene/protein
SEPTIN1,8.20411846747067e-05,gene/protein
DAO,8.20411846747067e-05,gene/protein
ENO2,8.20411846747067e-05,gene/protein
DNAH6,8.20411846747067e-05,gene/protein
regulation of cellular response to heat,8.20411846747067e-05,biological_process
protein destabilization,8.20411846747067e-05,biological_process
positive regulation of MHC class II biosynthetic process,8.20411846747067e-05,biological_process
intrinsic apoptotic signaling pathway in response to DNA damage by p53 class mediator,8.20411846747067e-05,biological_process
"negative regulation of DNA damage response, signal transduction by p53 class mediator",8.20411846747067e-05,biological_process
tRNA methylation,8.20411846747067e-05,biological_process
ETFA,8.20411846747067e-05,gene/protein
CYP1A1,8.20411846747067e-05,gene/protein
LETM1,8.20411846747067e-05,gene/protein
LIFR,8.20411846747067e-05,gene/protein
LPA,8.20411846747067e-05,gene/protein
IDH1,8.20411846747067e-05,gene/protein
IFNA1,8.20411846747067e-05,gene/protein
KIF18A,8.20411846747067e-05,gene/protein
HSD3B2,8.20411846747067e-05,gene/protein
KIF11,8.20411846747067e-05,gene/protein
KDM1A,8.20411846747067e-05,gene/protein
Vpr-mediated nuclear import of PICs,8.20411846747067e-05,pathway
Integration of provirus,8.20411846747067e-05,pathway
CNBD1,8.20411846747067e-05,gene/protein
2-LTR circle formation,8.20411846747067e-05,pathway
CLPB,8.20411846747067e-05,gene/protein
Vitamin B5 (pantothenate) metabolism,8.20411846747067e-05,pathway
negative regulation of glycogen biosynthetic process,8.20411846747067e-05,biological_process
insulin processing,8.20411846747067e-05,biological_process
Regional abnormality of skin,8.20411846747067e-05,effect/phenotype
Spotty hypopigmentation,8.20411846747067e-05,immune_effect/phenotype
Abnormal hair whorl,8.20411846747067e-05,effect/phenotype
Broad hallux,8.20411846747067e-05,effect/phenotype
Hypointensity of cerebral white matter on MRI,8.20411846747067e-05,effect/phenotype
High-frequency hearing impairment,8.20411846747067e-05,effect/phenotype
Hypoplasia of the maxilla,8.20411846747067e-05,effect/phenotype
ALG13,8.20411846747067e-05,gene/protein
TSPAN7,8.20411846747067e-05,gene/protein
ZNF711,8.20411846747067e-05,gene/protein
RBMX,8.20411846747067e-05,gene/protein
ZNF41,8.20411846747067e-05,gene/protein
CEP19,8.20411846747067e-05,gene/protein
CCR9,8.20411846747067e-05,gene/protein
TLR5,8.20411846747067e-05,gene/protein
Abnormality of musculoskeletal physiology,8.20411846747067e-05,effect/phenotype
UPF3B,8.20411846747067e-05,gene/protein
DNASE1L3,8.20411846747067e-05,gene/protein
CYP4A11,8.20411846747067e-05,gene/protein
MAGEA6,8.20411846747067e-05,gene/protein
cellular response to resveratrol,8.20411846747067e-05,biological_process
flavone metabolic process,8.20411846747067e-05,biological_process
LINC02875,8.20411846747067e-05,gene/protein
SYP,8.20411846747067e-05,gene/protein
FRMPD4,8.20411846747067e-05,gene/protein
ZNF81,8.20411846747067e-05,gene/protein
CENPE,8.20411846747067e-05,gene/protein
IQSEC2,8.20411846747067e-05,gene/protein
SMS,8.20411846747067e-05,gene/protein
CRHBP,8.20411846747067e-05,gene/protein
CETP,8.20411846747067e-05,gene/protein
CCN1,8.20411846747067e-05,gene/protein
ACE,8.20411846747067e-05,gene/protein
CSPG4,8.20411846747067e-05,gene/protein
TEDC2,8.20411846747067e-05,gene/protein
CDKN3,8.20411846747067e-05,gene/protein
CENPF,8.20411846747067e-05,gene/protein
KDM5C,8.20411846747067e-05,gene/protein
IL1RAPL1,8.20411846747067e-05,gene/protein
Periorbital fullness,8.20411846747067e-05,effect/phenotype
COL15A1,8.20411846747067e-05,gene/protein
CENPA,8.20411846747067e-05,gene/protein
NONO,8.20411846747067e-05,gene/protein
GABRD,8.20411846747067e-05,gene/protein
MAGEA1,8.20411846747067e-05,gene/protein
KCNN2,8.20411846747067e-05,gene/protein
ITIH3,8.20411846747067e-05,gene/protein
FGF19,8.20411846747067e-05,gene/protein
GRIA3,8.20411846747067e-05,gene/protein
RPL10,8.20411846747067e-05,gene/protein
CUL4B,8.20411846747067e-05,gene/protein
AP1S2,8.20411846747067e-05,gene/protein
ATRX,8.20411846747067e-05,gene/protein
ZDHHC9,8.20411846747067e-05,gene/protein
NEXMIF,8.20411846747067e-05,gene/protein
NPC1,8.20411846747067e-05,gene/protein
BCHE,8.20411846747067e-05,gene/protein
Low frustration tolerance,8.20411846747067e-05,effect/phenotype
riboflavin metabolic process,8.20411846747067e-05,biological_process
inorganic diphosphate transport,8.20411846747067e-05,biological_process
cellular phosphate ion homeostasis,8.20411846747067e-05,biological_process
enkephalin processing,8.20411846747067e-05,biological_process
MBNL3,8.20411846747067e-05,gene/protein
NAA50,8.20411846747067e-05,gene/protein
RET signaling,8.20411846747067e-05,pathway
Depressed nasal tip,8.20411846747067e-05,effect/phenotype
Dandy-Walker malformation,8.20411846747067e-05,effect/phenotype
Decreased muscle mass,8.20411846747067e-05,effect/phenotype
Severe postnatal growth retardation,8.20411846747067e-05,effect/phenotype
EEG abnormality,8.20411846747067e-05,effect/phenotype
Developmental regression,8.20411846747067e-05,effect/phenotype
Abnormality of the basal ganglia,8.20411846747067e-05,effect/phenotype
Hypoplasia of the musculature,8.20411846747067e-05,effect/phenotype
Large forehead,8.20411846747067e-05,effect/phenotype
Prominent coccyx,8.20411846747067e-05,effect/phenotype
Long palm,8.20411846747067e-05,effect/phenotype
Broad columella,8.20411846747067e-05,effect/phenotype
Thick nasal alae,8.20411846747067e-05,effect/phenotype
2-3 toe syndactyly,8.20411846747067e-05,effect/phenotype
ETFDH,8.20411846747067e-05,gene/protein
PLAG1,8.20411846747067e-05,gene/protein
MAGEA3,8.20411846747067e-05,gene/protein
FAAH,8.20411846747067e-05,gene/protein
ACSL1,8.20411846747067e-05,gene/protein
CS,8.20411846747067e-05,gene/protein
HTR2A,8.20411846747067e-05,gene/protein
ENTPD6,8.20411846747067e-05,gene/protein
CARTPT,8.20411846747067e-05,gene/protein
COX7C,8.20411846747067e-05,gene/protein
FBN1,8.20411846747067e-05,gene/protein
ZFHX3,8.20411846747067e-05,gene/protein
ECHS1,8.20411846747067e-05,gene/protein
ARHGDIA,8.20411846747067e-05,gene/protein
GFPT1,8.20411846747067e-05,gene/protein
HADH,8.20411846747067e-05,gene/protein
BBS9,8.20411846747067e-05,gene/protein
COL3A1,8.20411846747067e-05,gene/protein
IDO1,8.20411846747067e-05,gene/protein
CPB2,8.20411846747067e-05,gene/protein
CNR1,8.20411846747067e-05,gene/protein
CA3,8.20411846747067e-05,gene/protein
CTSS,8.20411846747067e-05,gene/protein
Self-injurious behavior,8.20411846747067e-05,effect/phenotype
Hypoplastic nasal bridge,8.20411846747067e-05,effect/phenotype
Apneic episodes in infancy,8.20411846747067e-05,effect/phenotype
Developmental cataract,8.20411846747067e-05,effect/phenotype
Triphalangeal thumb,8.20411846747067e-05,effect/phenotype
Almond-shaped palpebral fissure,8.20411846747067e-05,effect/phenotype
Plagiocephaly,8.20411846747067e-05,effect/phenotype
Diastema,8.20411846747067e-05,effect/phenotype
Abnormality of dental morphology,8.20411846747067e-05,effect/phenotype
Incomprehensible speech,8.20411846747067e-05,effect/phenotype
Abnormal parotid gland morphology,8.20411846747067e-05,effect/phenotype
Sacral dimple,8.20411846747067e-05,effect/phenotype
ALDH1L1,8.20411846747067e-05,gene/protein
MYT1L,8.20411846747067e-05,gene/protein
MIR184,8.20411846747067e-05,gene/protein
MIR21,8.20411846747067e-05,gene/protein
LACTB,8.20411846747067e-05,gene/protein
SUCLA2,8.20411846747067e-05,gene/protein
ZFR2,8.20411846747067e-05,gene/protein
PMCH,8.20411846747067e-05,gene/protein
SUCLG2,8.20411846747067e-05,gene/protein
VLDLR,8.20411846747067e-05,gene/protein
SDC3,8.20411846747067e-05,gene/protein
KCNMA1,8.20411846747067e-05,gene/protein
MKS1,8.20411846747067e-05,gene/protein
BBS7,8.20411846747067e-05,gene/protein
FGGY,8.20411846747067e-05,gene/protein
Abnormal blood glucose concentration,8.20411846747067e-05,effect/phenotype
ADRB3,8.20411846747067e-05,gene/protein
SDCCAG8,8.20411846747067e-05,gene/protein
Meckel diverticulum,8.20411846747067e-05,effect/phenotype
Long palpebral fissure,8.20411846747067e-05,effect/phenotype
Small fontanelle,8.20411846747067e-05,effect/phenotype
Growth abnormality,8.20411846747067e-05,effect/phenotype
Narrow palm,8.20411846747067e-05,effect/phenotype
Abnormal hair pattern,8.20411846747067e-05,effect/phenotype
Cough,8.20411846747067e-05,effect/phenotype
Shock,8.20411846747067e-05,effect/phenotype
Abnormality of the spleen,8.20411846747067e-05,effect/phenotype
Septic arthritis,8.20411846747067e-05,effect/phenotype
Acute infectious pneumonia,8.20411846747067e-05,effect/phenotype
Carbuncle,8.20411846747067e-05,effect/phenotype
Increased LDL cholesterol concentration,8.20411846747067e-05,effect/phenotype
LCMT2,8.20411846747067e-05,gene/protein
CRTAP,8.20411846747067e-05,gene/protein
VPS36,8.20411846747067e-05,gene/protein
C2orf69,8.20411846747067e-05,gene/protein
UCP3,8.20411846747067e-05,gene/protein
PEX11A,8.20411846747067e-05,gene/protein
SLC38A9,8.20411846747067e-05,gene/protein
FLCN,8.20411846747067e-05,gene/protein
SIRT3,8.20411846747067e-05,gene/protein
ALDH6A1,8.20411846747067e-05,gene/protein
DCXR,8.20411846747067e-05,gene/protein
CALB1,8.20411846747067e-05,gene/protein
negative regulation of ATPase-coupled calcium transmembrane transporter activity,8.20411846747067e-05,biological_process
positive regulation of histone H3-K9 methylation,8.20411846747067e-05,biological_process
TBC1D5,8.20411846747067e-05,gene/protein
endocytic recycling,8.20411846747067e-05,biological_process
VPS25,8.20411846747067e-05,gene/protein
Short palm,8.20411846747067e-05,effect/phenotype
Facial asymmetry,8.20411846747067e-05,effect/phenotype
Nail dysplasia,8.20411846747067e-05,effect/phenotype
Poor speech,8.20411846747067e-05,effect/phenotype
Narrow face,8.20411846747067e-05,effect/phenotype
SNX10,8.20411846747067e-05,gene/protein
TBC1D4,8.20411846747067e-05,gene/protein
SLC40A1,8.20411846747067e-05,gene/protein
ANXA7,8.20411846747067e-05,gene/protein
LINGO2,8.20411846747067e-05,gene/protein
MMUT,8.20411846747067e-05,gene/protein
ACADM,8.20411846747067e-05,gene/protein
GADL1,8.20411846747067e-05,gene/protein
MIR29A,8.20411846747067e-05,gene/protein
ACOT1,8.20411846747067e-05,gene/protein
HULC,8.20411846747067e-05,gene/protein
MALAT1,8.20411846747067e-05,gene/protein
TTLL9,8.20411846747067e-05,gene/protein
PRICKLE2,8.20411846747067e-05,gene/protein
DACT2,8.20411846747067e-05,gene/protein
ADAMTS17,8.20411846747067e-05,gene/protein
Eczema,8.20411846747067e-05,effect/phenotype
Decreased HDL cholesterol concentration,8.20411846747067e-05,effect/phenotype
Parotitis,8.20411846747067e-05,effect/phenotype
Osteomyelitis leading to amputation due to slow healing fractures,8.20411846747067e-05,effect/phenotype
Mandibular osteomyelitis,8.20411846747067e-05,effect/phenotype
Clinodactyly of the 2nd toe,8.20411846747067e-05,effect/phenotype
Shortening of all distal phalanges of the fingers,8.20411846747067e-05,effect/phenotype
Moderate sensorineural hearing impairment,8.20411846747067e-05,effect/phenotype
Mild neurosensory hearing impairment,8.20411846747067e-05,effect/phenotype
Sparse body hair,8.20411846747067e-05,effect/phenotype
Widened subarachnoid space,8.20411846747067e-05,effect/phenotype
Increased serum lactate,8.20411846747067e-05,effect/phenotype
MAPK6/MAPK4 signaling,8.20411846747067e-05,pathway
POLD1,8.20411846747067e-05,gene/protein
PARP2,8.20411846747067e-05,gene/protein
NEAT1,8.20411846747067e-05,gene/protein
Down-sloping shoulders,8.20411846747067e-05,effect/phenotype
Generalized myoclonic seizure,8.20411846747067e-05,effect/phenotype
Generalized non-motor (absence) seizure,8.20411846747067e-05,effect/phenotype
Urinary incontinence,8.20411846747067e-05,effect/phenotype
Status epilepticus,8.20411846747067e-05,effect/phenotype
Supernumerary nipple,8.20411846747067e-05,effect/phenotype
Congenital hip dislocation,8.20411846747067e-05,effect/phenotype
HSD11B2,8.20411846747067e-05,gene/protein
BSCL2,8.20411846747067e-05,gene/protein
Defective CFTR causes cystic fibrosis,8.20411846747067e-05,pathway
UTP4,8.20411846747067e-05,gene/protein
TGFBR3,8.20411846747067e-05,gene/protein
NMNAT1,8.20411846747067e-05,gene/protein
SOST,8.20411846747067e-05,gene/protein
FKBP15,8.20411846747067e-05,gene/protein
Premature coronary artery atherosclerosis,8.20411846747067e-05,effect/phenotype
Visual loss,8.20411846747067e-05,effect/phenotype
Misalignment of teeth,8.20411846747067e-05,effect/phenotype
Aggressive behavior,8.20411846747067e-05,effect/phenotype
Visual field defect,8.20411846747067e-05,effect/phenotype
Posterior subcapsular cataract,8.20411846747067e-05,effect/phenotype
Attenuation of retinal blood vessels,8.20411846747067e-05,effect/phenotype
Immotile cilia,8.20411846747067e-05,effect/phenotype
Furrowed tongue,8.20411846747067e-05,effect/phenotype
ACP5,8.20411846747067e-05,gene/protein
ACHE,8.20411846747067e-05,gene/protein
NOS1,8.20411846747067e-05,gene/protein
AQP7,8.20411846747067e-05,gene/protein
ADH1B,8.20411846747067e-05,gene/protein
Short digit,8.20411846747067e-05,effect/phenotype
Thickened ears,8.20411846747067e-05,effect/phenotype
Toe syndactyly,8.20411846747067e-05,effect/phenotype
cellular response to follicle-stimulating hormone stimulus,8.20411846747067e-05,biological_process
Cross-presentation of soluble exogenous antigens (endosomes),8.20411846747067e-05,pathway
Autodegradation of Cdh1 by Cdh1:APC/C,8.20411846747067e-05,pathway
SCF-beta-TrCP mediated degradation of Emi1,8.20411846747067e-05,pathway
APC/C:Cdc20 mediated degradation of Securin,8.20411846747067e-05,pathway
APC/C:Cdh1 mediated degradation of Cdc20 and other APC/C:Cdh1 targeted proteins in late mitosis/early G1,8.20411846747067e-05,pathway
Cdc20:Phospho-APC/C mediated degradation of Cyclin A,8.20411846747067e-05,pathway
Vpu mediated degradation of CD4,8.20411846747067e-05,pathway
Vif-mediated degradation of APOBEC3G,8.20411846747067e-05,pathway
Degradation of beta-catenin by the destruction complex,8.20411846747067e-05,pathway
ER-Phagosome pathway,8.20411846747067e-05,pathway
FAM107A,8.20411846747067e-05,gene/protein
CYP1B1,8.20411846747067e-05,gene/protein
Large fontanelles,8.20411846747067e-05,effect/phenotype
Camptodactyly of finger,8.20411846747067e-05,effect/phenotype
Non-midline cleft lip,8.20411846747067e-05,effect/phenotype
UCP1,8.20411846747067e-05,gene/protein
GAS7,8.20411846747067e-05,gene/protein
KIF15,8.20411846747067e-05,gene/protein
AKR1B10,8.20411846747067e-05,gene/protein
LRRC59,8.20411846747067e-05,gene/protein
PPP1R1A,8.20411846747067e-05,gene/protein
KMT2B,8.20411846747067e-05,gene/protein
APCS,8.20411846747067e-05,gene/protein
ADAMTS1,8.20411846747067e-05,gene/protein
DEPDC5,8.20411846747067e-05,gene/protein
INMT,8.20411846747067e-05,gene/protein
GINS1,8.20411846747067e-05,gene/protein
CHRM2,8.20411846747067e-05,gene/protein
VPS29,8.20411846747067e-05,gene/protein
FAM102B,8.20411846747067e-05,gene/protein
respiratory electron transport chain,8.20411846747067e-05,biological_process
EHD3,8.20411846747067e-05,gene/protein
DLGAP5,8.20411846747067e-05,gene/protein
KIF4A,8.20411846747067e-05,gene/protein
PCLAF,8.20411846747067e-05,gene/protein
KBTBD11,8.20411846747067e-05,gene/protein
ARHGAP11A,8.20411846747067e-05,gene/protein
APOF,8.20411846747067e-05,gene/protein
ASF1B,8.20411846747067e-05,gene/protein
ESM1,8.20411846747067e-05,gene/protein
MT1A,8.20411846747067e-05,gene/protein
ADAMTS13,8.20411846747067e-05,gene/protein
LRRC1,8.20411846747067e-05,gene/protein
SFRP1,8.20411846747067e-05,gene/protein
RRM1,8.20411846747067e-05,gene/protein
DEPDC1,8.20411846747067e-05,gene/protein
MKKS,8.20411846747067e-05,gene/protein
ZWINT,8.20411846747067e-05,gene/protein
Lower limb hypertonia,8.20411846747067e-05,effect/phenotype
Progressive spastic paraplegia,8.20411846747067e-05,effect/phenotype
Restlessness,8.20411846747067e-05,effect/phenotype
Patchy alopecia,8.20411846747067e-05,effect/phenotype
Hyperactive patellar reflex,8.20411846747067e-05,effect/phenotype
Arnold-Chiari type I malformation,8.20411846747067e-05,effect/phenotype
Confetti-like hypopigmented macules,8.20411846747067e-05,immune_effect/phenotype
Bilateral cryptorchidism,8.20411846747067e-05,effect/phenotype
Anterior pituitary hypoplasia,8.20411846747067e-05,effect/phenotype
Infantile constant exotropia,8.20411846747067e-05,effect/phenotype
Abnormal cardiac ventricular function,8.20411846747067e-05,effect/phenotype
ADH4,8.20411846747067e-05,gene/protein
ADRA1A,8.20411846747067e-05,gene/protein
ADRA2B,8.20411846747067e-05,gene/protein
RND3,8.20411846747067e-05,gene/protein
CDK14,8.20411846747067e-05,gene/protein
TYMS,8.20411846747067e-05,gene/protein
TONSL,8.20411846747067e-05,gene/protein
TGM3,8.20411846747067e-05,gene/protein
CCNA1,8.20411846747067e-05,gene/protein
APLN,8.20411846747067e-05,gene/protein
MKI67,8.20411846747067e-05,gene/protein
CDCA8,8.20411846747067e-05,gene/protein
ZDHHC2,8.20411846747067e-05,gene/protein
YTHDF2,8.20411846747067e-05,gene/protein
PYGL,8.20411846747067e-05,gene/protein
COLEC10,8.20411846747067e-05,gene/protein
DNAJC6,8.20411846747067e-05,gene/protein
UHRF1,8.20411846747067e-05,gene/protein
TACC3,8.20411846747067e-05,gene/protein
HJURP,8.20411846747067e-05,gene/protein
Small nail,8.20411846747067e-05,effect/phenotype
Round face,8.20411846747067e-05,effect/phenotype
Ebstein anomaly of the tricuspid valve,8.20411846747067e-05,effect/phenotype
Rocker bottom foot,8.20411846747067e-05,effect/phenotype
Tetraparesis,8.20411846747067e-05,effect/phenotype
Shawl scrotum,8.20411846747067e-05,effect/phenotype
Abnormality of earlobe,8.20411846747067e-05,effect/phenotype
Nasolacrimal duct obstruction,8.20411846747067e-05,effect/phenotype
Broad chin,8.20411846747067e-05,effect/phenotype
Macular atrophy,8.20411846747067e-05,effect/phenotype
Undetectable light- and dark-adapted electroretinogram,8.20411846747067e-05,effect/phenotype
Macular edema,8.20411846747067e-05,effect/phenotype
positive regulation of muscle tissue development,8.20411846747067e-05,biological_process
positive regulation of progesterone biosynthetic process,8.20411846747067e-05,biological_process
response to muscle activity,8.20411846747067e-05,biological_process
TCF19,8.20411846747067e-05,gene/protein
EXO1,8.20411846747067e-05,gene/protein
ARID1A,8.20411846747067e-05,gene/protein
PLXDC1,8.20411846747067e-05,gene/protein
AADAT,8.20411846747067e-05,gene/protein
HAO2,8.20411846747067e-05,gene/protein
CSMD1,8.20411846747067e-05,gene/protein
ARID1B,8.20411846747067e-05,gene/protein
NUSAP1,8.20411846747067e-05,gene/protein
PDK4,8.20411846747067e-05,gene/protein
SSX1,8.20411846747067e-05,gene/protein
SCF(Skp2)-mediated degradation of p27/p21,8.20411846747067e-05,pathway
RNA splicing,8.20411846747067e-05,biological_process
galactose metabolic process,8.20411846747067e-05,biological_process
Alacrima,8.20411846747067e-05,effect/phenotype
Trigonocephaly,8.20411846747067e-05,effect/phenotype
Overlapping toe,8.20411846747067e-05,effect/phenotype
STAB2,8.20411846747067e-05,gene/protein
CARD14,8.20411846747067e-05,gene/protein
BLOC1S6,8.20411846747067e-05,gene/protein
Abnormality of redox activity,8.20411846747067e-05,effect/phenotype
AP3B1,8.20411846747067e-05,gene/protein
ARF1,8.20411846747067e-05,gene/protein
PYY,8.20411846747067e-05,gene/protein
NDUFB11,8.20411846747067e-05,gene/protein
CTLA4,8.20411846747067e-05,gene/protein
THY1,8.20411846747067e-05,gene/protein
VIPR1,8.20411846747067e-05,gene/protein
TALDO1,8.20411846747067e-05,gene/protein
TST,8.20411846747067e-05,gene/protein
MT1E,8.20411846747067e-05,gene/protein
TH,8.20411846747067e-05,gene/protein
PRC1,8.20411846747067e-05,gene/protein
"Intellectual disability, progressive",8.20411846747067e-05,effect/phenotype
Talipes calcaneovarus,8.20411846747067e-05,effect/phenotype
Spastic diplegia,8.20411846747067e-05,effect/phenotype
Tricuspid regurgitation,8.20411846747067e-05,effect/phenotype
Pseudobulbar paralysis,8.20411846747067e-05,effect/phenotype
Caesarian section,8.20411846747067e-05,effect/phenotype
Sparse hair,8.20411846747067e-05,effect/phenotype
Contractures of the large joints,8.20411846747067e-05,effect/phenotype
Severe muscular hypotonia,8.20411846747067e-05,effect/phenotype
Equinovarus deformity,8.20411846747067e-05,effect/phenotype
"Intellectual disability, profound",8.20411846747067e-05,effect/phenotype
Abnormality of chromosome segregation,8.20411846747067e-05,effect/phenotype
Hernia of the abdominal wall,8.20411846747067e-05,effect/phenotype
Sleep-wake cycle disturbance,8.20411846747067e-05,effect/phenotype
AKR1C3,8.20411846747067e-05,gene/protein
LPL,8.20411846747067e-05,gene/protein
PRKAR2B,8.20411846747067e-05,gene/protein
PLIN1,8.20411846747067e-05,gene/protein
CYP26B1,8.20411846747067e-05,gene/protein
APCDD1,8.20411846747067e-05,gene/protein
PPM1L,8.20411846747067e-05,gene/protein
VPS13B,8.20411846747067e-05,gene/protein
BBS12,8.20411846747067e-05,gene/protein
RMST,8.20411846747067e-05,gene/protein
NEGR1,8.20411846747067e-05,gene/protein
ZNF169,8.20411846747067e-05,gene/protein
RIOK3,8.20411846747067e-05,gene/protein
SLC25A38,8.20411846747067e-05,gene/protein
NPY5R,8.20411846747067e-05,gene/protein
PACS1,8.20411846747067e-05,gene/protein
LDLR,8.20411846747067e-05,gene/protein
Poor coordination,8.20411846747067e-05,effect/phenotype
LBP,8.20411846747067e-05,gene/protein
positive regulation of cellular respiration,8.20411846747067e-05,biological_process
POLR3E,8.20411846747067e-05,gene/protein
NPY1R,8.20411846747067e-05,gene/protein
CD302,8.20411846747067e-05,gene/protein
EIF3G,8.20411846747067e-05,gene/protein
CREB3L3,8.20411846747067e-05,gene/protein
forebrain development,8.20411846747067e-05,biological_process
cellular response to ionomycin,8.20411846747067e-05,biological_process
EAF2,8.20411846747067e-05,gene/protein
CLTRN,8.20411846747067e-05,gene/protein
DEPDC1B,8.20411846747067e-05,gene/protein
PTH1R,8.20411846747067e-05,gene/protein
MCM10,8.20411846747067e-05,gene/protein
HCRTR2,8.20411846747067e-05,gene/protein
Prominent protruding coccyx,8.20411846747067e-05,effect/phenotype
regulation of potassium ion transport,8.20411846747067e-05,biological_process
PFKFB2,8.20411846747067e-05,gene/protein
PFKFB1,8.20411846747067e-05,gene/protein
zymogen activation,8.20411846747067e-05,biological_process
positive regulation of interferon-gamma-mediated signaling pathway,8.20411846747067e-05,biological_process
Sparse and thin eyebrow,8.20411846747067e-05,effect/phenotype
Disproportionate short stature,8.20411846747067e-05,effect/phenotype
ZNF746,8.20411846747067e-05,gene/protein
cellular response to thyroid hormone stimulus,8.20411846747067e-05,biological_process
response to norepinephrine,8.20411846747067e-05,biological_process
positive regulation of glomerular visceral epithelial cell apoptotic process,8.20411846747067e-05,biological_process
digestion,8.20411846747067e-05,biological_process
mRNA processing,8.20411846747067e-05,biological_process
Mucosal telangiectasiae,8.20411846747067e-05,effect/phenotype
positive regulation of mitochondrial DNA metabolic process,8.20411846747067e-05,biological_process
cellular response to nitrite,8.20411846747067e-05,biological_process
